date,hr,wind_speed,wind_dir
2023-07-17,1,19.2,197.0
2023-07-17,2,16.1,190.0
2023-07-17,3,18.3,202.0
2023-07-17,4,12.0,189.0
2023-07-17,5,7.9,177.0
2023-07-17,6,3.1,135.0
2023-07-17,7,1.3,146.0
2023-07-17,8,1.9,68.0
2023-07-17,9,2.5,172.0
2023-07-17,10,5.8,277.0
2023-07-17,11,9.7,231.0
2023-07-17,12,27.5,223.0
2023-07-17,13,26.8,237.0
2023-07-17,14,26.1,244.0
2023-07-17,15,28.2,264.0
2023-07-17,16,40.5,252.0
2023-07-17,17,58.2,249.0
2023-07-17,18,38.5,251.0
2023-07-17,19,43.1,228.0
2023-07-17,20,40.4,230.0
2023-07-17,21,37.1,238.0
2023-07-17,22,32.2,216.0
2023-07-17,23,28.4,216.0
2023-07-17,24,25.2,211.0
2023-07-18,1,25.9,209.0
2023-07-18,2,23.2,213.0
2023-07-18,3,22.2,207.0
2023-07-18,4,22.4,210.0
2023-07-18,5,23.9,198.0
2023-07-18,6,24.0,199.0
2023-07-18,7,24.6,201.0
2023-07-18,8,23.9,203.0
2023-07-18,9,25.8,220.0
2023-07-18,10,25.6,219.0
2023-07-18,11,23.8,219.0
2023-07-18,12,21.7,222.0
2023-07-18,13,20.4,225.0
2023-07-18,14,22.7,229.0
2023-07-18,15,28.7,231.0
2023-07-18,16,32.2,241.0
2023-07-18,17,33.3,242.0
2023-07-18,18,34.8,237.0
2023-07-18,19,31.7,238.0
2023-07-18,20,30.2,232.0
2023-07-18,21,30.6,229.0
2023-07-18,22,35.4,225.0
2023-07-18,23,37.0,229.0
2023-07-18,24,33.4,229.0
2023-07-19,1,33.2,229.0
2023-07-19,2,31.3,235.0
2023-07-19,3,26.7,233.0
2023-07-19,4,10.4,268.0
2023-07-19,5,2.2,279.0
2023-07-19,6,7.9,223.0
2023-07-19,7,6.9,261.0
2023-07-19,8,2.6,196.0
2023-07-19,9,6.9,317.0
2023-07-19,10,5.1,352.0
2023-07-19,11,3.7,191.0
2023-07-19,12,10.7,213.0
2023-07-19,13,12.8,230.0
2023-07-19,14,11.3,243.0
2023-07-19,15,10.3,258.0
2023-07-19,16,8.6,272.0
2023-07-19,17,6.0,295.0
2023-07-19,18,5.9,349.0
2023-07-19,19,11.8,31.0
2023-07-19,20,16.1,40.0
2023-07-19,21,24.8,60.0
2023-07-19,22,26.7,95.0
2023-07-19,23,20.6,117.0
2023-07-19,24,20.7,129.0
2023-07-20,1,19.6,137.0
2023-07-20,2,20.0,208.0
2023-07-20,3,21.4,200.0
2023-07-20,4,23.9,198.0
2023-07-20,5,17.1,202.0
2023-07-20,6,11.6,196.0
2023-07-20,7,8.7,150.0
2023-07-20,8,9.1,171.0
2023-07-20,9,5.7,198.0
2023-07-20,10,6.6,221.0
2023-07-20,11,13.3,221.0
2023-07-20,12,14.3,225.0
2023-07-20,13,13.0,224.0
2023-07-20,14,10.7,222.0
2023-07-20,15,11.8,232.0
2023-07-20,16,27.1,281.0
2023-07-20,17,8.4,277.0
2023-07-20,18,12.7,255.0
2023-07-20,19,26.9,250.0
2023-07-20,20,24.7,249.0
2023-07-20,21,12.6,243.0
2023-07-20,22,12.2,326.0
2023-07-20,23,28.2,55.0
2023-07-20,24,23.8,89.0
2023-07-21,1,13.8,123.0
2023-07-21,2,10.2,148.0
2023-07-21,3,6.3,114.0
2023-07-21,4,5.4,138.0
2023-07-21,5,3.1,216.0
2023-07-21,6,2.5,352.0
2023-07-21,7,6.6,81.0
2023-07-21,8,7.2,87.0
2023-07-21,9,3.1,69.0
2023-07-21,10,6.8,335.0
2023-07-21,11,8.0,324.0
2023-07-21,12,4.4,325.0
2023-07-21,13,3.3,283.0
2023-07-21,14,6.2,260.0
2023-07-21,15,10.0,255.0
2023-07-21,16,12.6,250.0
2023-07-21,17,17.1,245.0
2023-07-21,18,18.1,247.0
2023-07-21,19,22.9,225.0
2023-07-21,20,24.9,214.0
2023-07-21,21,25.0,210.0
2023-07-21,22,15.5,228.0
2023-07-21,23,3.8,229.0
2023-07-21,24,8.4,97.0
2023-07-22,1,23.2,106.0
2023-07-22,2,21.3,146.0
2023-07-22,3,11.9,151.0
2023-07-22,4,9.8,152.0
2023-07-22,5,4.8,207.0
2023-07-22,6,4.5,284.0
2023-07-22,7,1.8,37.0
2023-07-22,8,2.6,74.0
2023-07-22,9,5.7,342.0
2023-07-22,10,6.6,351.0
2023-07-22,11,6.3,347.0
2023-07-22,12,3.4,342.0
2023-07-22,13,2.7,293.0
2023-07-22,14,6.9,231.0
2023-07-22,15,10.2,219.0
2023-07-22,16,12.3,218.0
2023-07-22,17,16.6,229.0
2023-07-22,18,18.7,247.0
2023-07-22,19,16.0,234.0
2023-07-22,20,14.7,239.0
2023-07-22,21,12.3,177.0
2023-07-22,22,25.8,155.0
2023-07-22,23,28.6,174.0
2023-07-22,24,20.9,191.0
2023-07-23,1,20.9,179.0
2023-07-23,2,26.0,177.0
2023-07-23,3,21.3,192.0
2023-07-23,4,10.0,201.0
2023-07-23,5,4.1,195.0
2023-07-23,6,0.8,333.0
2023-07-23,7,5.3,28.0
2023-07-23,8,7.2,53.0
2023-07-23,9,4.0,117.0
2023-07-23,10,4.1,315.0
2023-07-23,11,2.9,300.0
2023-07-23,12,7.1,221.0
2023-07-23,13,13.8,219.0
2023-07-23,14,14.6,218.0
2023-07-23,15,14.8,219.0
2023-07-23,16,17.3,222.0
2023-07-23,17,32.0,199.0
2023-07-23,18,24.9,162.0
2023-07-23,19,19.2,172.0
2023-07-23,20,22.2,167.0
2023-07-23,21,28.6,138.0
2023-07-23,22,29.1,138.0
2023-07-23,23,28.7,141.0
2023-07-23,24,34.6,133.0
2023-07-24,1,25.8,147.0
2023-07-24,2,21.0,168.0
2023-07-24,3,5.6,220.0
2023-07-24,4,18.4,93.0
2023-07-24,5,23.9,79.0
2023-07-24,6,15.1,62.0
2023-07-24,7,4.8,132.0
2023-07-24,8,1.0,225.0
2023-07-24,9,18.3,313.0
2023-07-24,10,14.8,89.0
2023-07-24,11,8.7,85.0
2023-07-24,12,4.6,225.0
2023-07-24,13,21.1,197.0
2023-07-24,14,28.4,218.0
2023-07-24,15,22.0,198.0
2023-07-24,16,24.5,194.0
2023-07-24,17,26.3,222.0
2023-07-24,18,27.6,221.0
2023-07-24,19,16.1,207.0
2023-07-24,20,19.7,230.0
2023-07-24,21,36.9,260.0
2023-07-24,22,41.7,277.0
2023-07-24,23,13.1,217.0
2023-07-24,24,24.8,140.0
2023-07-25,1,10.2,129.0
2023-07-25,2,3.4,162.0
2023-07-25,3,5.1,188.0
2023-07-25,4,3.3,174.0
2023-07-25,5,1.8,11.0
2023-07-25,6,4.1,105.0
2023-07-25,7,6.1,130.0
2023-07-25,8,5.4,127.0
2023-07-25,9,1.3,214.0
2023-07-25,10,6.0,253.0
2023-07-25,11,17.8,227.0
2023-07-25,12,25.3,220.0
2023-07-25,13,29.4,221.0
2023-07-25,14,30.3,225.0
2023-07-25,15,29.9,230.0
2023-07-25,16,29.6,233.0
2023-07-25,17,32.0,236.0
2023-07-25,18,33.1,239.0
2023-07-25,19,32.3,239.0
2023-07-25,20,36.1,243.0
2023-07-25,21,31.7,236.0
2023-07-25,22,24.3,218.0
2023-07-25,23,20.4,225.0
2023-07-25,24,12.3,232.0
2023-07-26,1,9.8,188.0
2023-07-26,2,12.3,185.0
2023-07-26,3,8.4,170.0
2023-07-26,4,1.3,214.0
2023-07-26,5,1.6,27.0
2023-07-26,6,3.1,144.0
2023-07-26,7,7.2,162.0
2023-07-26,8,1.1,270.0
2023-07-26,9,0.4,180.0
2023-07-26,10,2.8,220.0
2023-07-26,11,8.7,222.0
2023-07-26,12,17.1,224.0
2023-07-26,13,24.2,228.0
2023-07-26,14,26.0,227.0
2023-07-26,15,27.3,222.0
2023-07-26,16,31.1,235.0
2023-07-26,17,39.0,240.0
2023-07-26,18,38.8,249.0
2023-07-26,19,38.5,246.0
2023-07-26,20,35.6,243.0
2023-07-26,21,31.1,235.0
2023-07-26,22,26.8,228.0
2023-07-26,23,23.1,219.0
2023-07-26,24,16.8,222.0
2023-07-27,1,15.5,205.0
2023-07-27,2,24.1,170.0
2023-07-27,3,11.2,184.0
2023-07-27,4,13.4,153.0
2023-07-27,5,4.4,145.0
2023-07-27,6,2.4,243.0
2023-07-27,7,16.2,1.0
2023-07-27,8,12.6,77.0
2023-07-27,9,8.9,137.0
2023-07-27,10,3.3,13.0
2023-07-27,11,23.7,132.0
2023-07-27,12,21.5,157.0
2023-07-27,13,23.3,189.0
2023-07-27,14,22.1,202.0
2023-07-27,15,33.1,217.0
2023-07-27,16,35.7,217.0
2023-07-27,17,35.9,213.0
2023-07-27,18,37.7,228.0
2023-07-27,19,32.6,235.0
2023-07-27,20,30.8,227.0
2023-07-27,21,25.1,215.0
2023-07-27,22,23.0,212.0
2023-07-27,23,21.1,243.0
2023-07-27,24,16.7,213.0
2023-07-28,1,17.7,193.0
2023-07-28,2,20.1,195.0
2023-07-28,3,23.5,201.0
2023-07-28,4,12.7,278.0
2023-07-28,5,6.2,306.0
2023-07-28,6,3.0,14.0
2023-07-28,7,2.8,320.0
2023-07-28,8,5.1,4.0
2023-07-28,9,5.2,344.0
2023-07-28,10,8.0,342.0
2023-07-28,11,7.7,319.0
2023-07-28,12,5.0,300.0
2023-07-28,13,12.3,232.0
2023-07-28,14,21.9,224.0
2023-07-28,15,30.9,230.0
2023-07-28,16,30.0,224.0
2023-07-28,17,27.5,223.0
2023-07-28,18,40.5,228.0
2023-07-28,19,36.4,228.0
2023-07-28,20,33.8,241.0
2023-07-28,21,20.4,261.0
2023-07-28,22,23.1,301.0
2023-07-28,23,8.9,317.0
2023-07-28,24,9.5,115.0
2023-07-29,1,12.0,129.0
2023-07-29,2,6.8,155.0
2023-07-29,3,2.4,153.0
2023-07-29,4,6.3,149.0
2023-07-29,5,10.4,360.0
2023-07-29,6,6.1,3.0
2023-07-29,7,9.4,360.0
2023-07-29,8,9.5,37.0
2023-07-29,9,9.5,29.0
2023-07-29,10,8.4,31.0
2023-07-29,11,6.9,6.0
2023-07-29,12,5.8,353.0
2023-07-29,13,2.3,309.0
2023-07-29,14,3.2,297.0
2023-07-29,15,4.9,324.0
2023-07-29,16,4.6,321.0
2023-07-29,17,4.1,255.0
2023-07-29,18,6.6,221.0
2023-07-29,19,5.0,159.0
2023-07-29,20,1.0,315.0
2023-07-29,21,18.5,299.0
2023-07-29,22,23.2,41.0
2023-07-29,23,26.0,87.0
2023-07-29,24,14.9,122.0
2023-07-30,1,15.7,148.0
2023-07-30,2,16.9,146.0
2023-07-30,3,8.5,348.0
2023-07-30,4,8.8,35.0
2023-07-30,5,0.8,27.0
2023-07-30,6,7.7,221.0
2023-07-30,7,11.0,203.0
2023-07-30,8,6.7,324.0
2023-07-30,9,4.0,360.0
2023-07-30,10,3.9,304.0
2023-07-30,11,6.0,245.0
2023-07-30,12,12.7,215.0
2023-07-30,13,15.3,227.0
2023-07-30,14,17.6,229.0
2023-07-30,15,19.9,226.0
2023-07-30,16,21.7,230.0
2023-07-30,17,21.1,227.0
2023-07-30,18,21.4,243.0
2023-07-30,19,24.2,274.0
2023-07-30,20,27.5,264.0
2023-07-30,21,26.1,250.0
2023-07-30,22,22.8,264.0
2023-07-30,23,19.8,280.0
2023-07-30,24,13.4,234.0
2023-07-31,1,14.7,211.0
2023-07-31,2,14.2,204.0
2023-07-31,3,9.7,222.0
2023-07-31,4,0.7,360.0
2023-07-31,5,4.2,20.0
2023-07-31,6,4.7,23.0
2023-07-31,7,5.6,50.0
2023-07-31,8,18.0,26.0
2023-07-31,9,7.3,11.0
2023-07-31,10,5.8,22.0
2023-07-31,11,3.9,292.0
2023-07-31,12,3.3,276.0
2023-07-31,13,12.1,240.0
2023-07-31,14,22.3,182.0
2023-07-31,15,19.4,190.0
2023-07-31,16,36.2,163.0
2023-07-31,17,15.8,180.0
2023-07-31,18,15.9,176.0
2023-07-31,19,18.8,200.0
2023-07-31,20,40.1,152.0
2023-07-31,21,28.2,148.0
2023-07-31,22,34.3,147.0
2023-07-31,23,39.2,144.0
2023-07-31,24,38.9,149.0
2023-08-01,1,36.7,154.0
2023-08-01,2,28.7,168.0
2023-08-01,3,17.8,172.0
2023-08-01,4,6.1,180.0
2023-08-01,5,10.4,2.0
2023-08-01,6,4.4,81.0
2023-08-01,7,7.2,90.0
2023-08-01,8,9.0,106.0
2023-08-01,9,7.6,115.0
2023-08-01,10,2.9,150.0
2023-08-01,11,5.3,208.0
2023-08-01,12,7.4,231.0
2023-08-01,13,9.3,234.0
2023-08-01,14,10.5,239.0
2023-08-01,15,10.9,236.0
2023-08-01,16,13.0,231.0
2023-08-01,17,32.7,238.0
2023-08-01,18,15.3,240.0
2023-08-01,19,17.7,237.0
2023-08-01,20,21.0,239.0
2023-08-01,21,18.8,227.0
2023-08-01,22,23.0,205.0
2023-08-01,23,20.1,207.0
2023-08-01,24,29.7,173.0
2023-08-02,1,26.4,166.0
2023-08-02,2,24.0,167.0
2023-08-02,3,19.8,180.0
2023-08-02,4,12.3,201.0
2023-08-02,5,9.2,291.0
2023-08-02,6,5.0,249.0
2023-08-02,7,15.1,198.0
2023-08-02,8,14.2,210.0
2023-08-02,9,10.3,209.0
2023-08-02,10,10.0,240.0
2023-08-02,11,11.4,246.0
2023-08-02,12,8.6,248.0
2023-08-02,13,6.3,239.0
2023-08-02,14,9.2,239.0
2023-08-02,15,6.1,310.0
2023-08-02,16,6.9,6.0
2023-08-02,17,12.6,20.0
2023-08-02,18,13.7,23.0
2023-08-02,19,19.5,34.0
2023-08-02,20,20.5,31.0
2023-08-02,21,21.2,32.0
2023-08-02,22,19.0,25.0
2023-08-02,23,17.4,27.0
2023-08-02,24,14.8,39.0
2023-08-03,1,7.2,72.0
2023-08-03,2,4.0,27.0
2023-08-03,3,0.8,153.0
2023-08-03,4,5.7,235.0
2023-08-03,5,5.0,249.0
2023-08-03,6,12.3,95.0
2023-08-03,7,12.0,131.0
2023-08-03,8,6.0,25.0
2023-08-03,9,15.1,40.0
2023-08-03,10,7.7,79.0
2023-08-03,11,5.0,21.0
2023-08-03,12,9.4,342.0
2023-08-03,13,7.8,34.0
2023-08-03,14,11.2,69.0
2023-08-03,15,14.8,346.0
2023-08-03,16,1.3,56.0
2023-08-03,17,11.4,281.0
2023-08-03,18,4.6,321.0
2023-08-03,19,1.3,56.0
2023-08-03,20,4.2,200.0
2023-08-03,21,11.9,177.0
2023-08-03,22,15.9,198.0
2023-08-03,23,17.4,218.0
2023-08-03,24,14.3,208.0
2023-08-04,1,21.2,190.0
2023-08-04,2,21.4,193.0
2023-08-04,3,18.3,202.0
2023-08-04,4,16.8,211.0
2023-08-04,5,15.8,223.0
2023-08-04,6,15.6,236.0
2023-08-04,7,11.3,233.0
2023-08-04,8,9.9,226.0
2023-08-04,9,13.8,213.0
2023-08-04,10,18.4,219.0
2023-08-04,11,15.6,218.0
2023-08-04,12,13.8,223.0
2023-08-04,13,11.3,243.0
2023-08-04,14,12.0,277.0
2023-08-04,15,14.7,335.0
2023-08-04,16,7.2,3.0
2023-08-04,17,6.1,3.0
2023-08-04,18,4.2,301.0
2023-08-04,19,5.4,222.0
2023-08-04,20,2.9,263.0
2023-08-04,21,13.0,360.0
2023-08-04,22,20.7,17.0
2023-08-04,23,14.3,51.0
2023-08-04,24,8.3,85.0
2023-08-05,1,2.3,108.0
2023-08-05,2,4.3,336.0
2023-08-05,3,8.0,352.0
2023-08-05,4,7.6,360.0
2023-08-05,5,8.9,14.0
2023-08-05,6,5.2,34.0
2023-08-05,7,2.9,60.0
2023-08-05,8,4.1,38.0
2023-08-05,9,5.3,62.0
2023-08-05,10,3.9,22.0
2023-08-05,11,3.3,354.0
2023-08-05,12,2.7,337.0
2023-08-05,13,1.8,281.0
2023-08-05,14,2.5,270.0
2023-08-05,15,3.4,238.0
2023-08-05,16,6.4,232.0
2023-08-05,17,10.0,229.0
2023-08-05,18,14.1,232.0
2023-08-05,19,19.1,250.0
2023-08-05,20,16.9,281.0
2023-08-05,21,13.3,308.0
2023-08-05,22,8.3,358.0
2023-08-05,23,17.7,5.0
2023-08-05,24,19.8,19.0
2023-08-06,1,15.8,49.0
2023-08-06,2,11.5,49.0
2023-08-06,3,11.4,11.0
2023-08-06,4,14.5,6.0
2023-08-06,5,14.3,18.0
2023-08-06,6,12.5,18.0
2023-08-06,7,10.0,26.0
2023-08-06,8,8.2,41.0
2023-08-06,9,6.5,19.0
2023-08-06,10,6.7,344.0
2023-08-06,11,5.6,333.0
2023-08-06,12,7.4,299.0
2023-08-06,13,6.1,230.0
2023-08-06,14,7.7,208.0
2023-08-06,15,14.2,201.0
2023-08-06,16,10.8,268.0
2023-08-06,17,16.3,186.0
2023-08-06,18,12.3,201.0
2023-08-06,19,8.4,230.0
2023-08-06,20,11.9,245.0
2023-08-06,21,16.4,255.0
2023-08-06,22,16.5,254.0
2023-08-06,23,15.2,256.0
2023-08-06,24,5.6,297.0
2023-08-07,1,10.3,216.0
2023-08-07,2,13.3,199.0
2023-08-07,3,15.3,207.0
2023-08-07,4,16.7,213.0
2023-08-07,5,20.9,212.0
2023-08-07,6,25.8,210.0
2023-08-07,7,25.4,207.0
2023-08-07,8,23.3,207.0
2023-08-07,9,24.8,204.0
2023-08-07,10,21.3,210.0
2023-08-07,11,19.9,215.0
2023-08-07,12,18.9,222.0
2023-08-07,13,20.0,231.0
2023-08-07,14,21.8,232.0
2023-08-07,15,22.4,237.0
2023-08-07,16,23.7,234.0
2023-08-07,17,26.1,231.0
2023-08-07,18,26.6,245.0
2023-08-07,19,32.3,239.0
2023-08-07,20,19.7,249.0
2023-08-07,21,22.3,252.0
2023-08-07,22,22.2,241.0
2023-08-07,23,20.4,216.0
2023-08-07,24,22.4,206.0
2023-08-08,1,22.8,201.0
2023-08-08,2,22.0,201.0
2023-08-08,3,24.1,200.0
2023-08-08,4,33.4,223.0
2023-08-08,5,37.2,218.0
2023-08-08,6,26.7,224.0
2023-08-08,7,18.0,196.0
2023-08-08,8,24.6,201.0
2023-08-08,9,23.6,211.0
2023-08-08,10,21.0,215.0
2023-08-08,11,19.9,221.0
2023-08-08,12,20.2,219.0
2023-08-08,13,16.9,214.0
2023-08-08,14,16.5,224.0
2023-08-08,15,15.6,241.0
2023-08-08,16,14.0,247.0
2023-08-08,17,14.8,256.0
2023-08-08,18,12.6,250.0
2023-08-08,19,10.7,222.0
2023-08-08,20,10.5,211.0
2023-08-08,21,15.6,172.0
2023-08-08,22,21.9,171.0
2023-08-08,23,21.7,173.0
2023-08-08,24,15.9,175.0
2023-08-09,1,13.3,178.0
2023-08-09,2,15.1,168.0
2023-08-09,3,13.0,166.0
2023-08-09,4,9.2,169.0
2023-08-09,5,9.3,167.0
2023-08-09,6,8.6,158.0
2023-08-09,7,1.1,18.0
2023-08-09,8,2.0,315.0
2023-08-09,9,4.0,280.0
2023-08-09,10,1.1,288.0
2023-08-09,11,3.3,167.0
2023-08-09,12,10.0,206.0
2023-08-09,13,14.9,217.0
2023-08-09,14,18.5,217.0
2023-08-09,15,19.2,214.0
2023-08-09,16,18.4,211.0
2023-08-09,17,17.8,222.0
2023-08-09,18,22.9,240.0
2023-08-09,19,20.8,240.0
2023-08-09,20,16.6,229.0
2023-08-09,21,30.1,208.0
2023-08-09,22,34.0,186.0
2023-08-09,23,34.4,175.0
2023-08-09,24,30.2,168.0
2023-08-10,1,22.0,177.0
2023-08-10,2,18.7,191.0
2023-08-10,3,19.8,192.0
2023-08-10,4,12.2,194.0
2023-08-10,5,6.3,193.0
2023-08-10,6,6.1,230.0
2023-08-10,7,16.5,216.0
2023-08-10,8,21.1,210.0
2023-08-10,9,24.9,211.0
2023-08-10,10,21.7,209.0
2023-08-10,11,20.6,209.0
2023-08-10,12,21.0,218.0
2023-08-10,13,29.1,228.0
2023-08-10,14,37.1,240.0
2023-08-10,15,40.4,248.0
2023-08-10,16,40.2,243.0
2023-08-10,17,40.0,241.0
2023-08-10,18,39.3,240.0
2023-08-10,19,37.4,238.0
2023-08-10,20,38.2,227.0
2023-08-10,21,38.1,214.0
2023-08-10,22,38.0,209.0
2023-08-10,23,33.3,211.0
2023-08-10,24,31.2,207.0
2023-08-11,1,29.1,206.0
2023-08-11,2,33.1,197.0
2023-08-11,3,32.3,202.0
2023-08-11,4,27.5,207.0
2023-08-11,5,25.5,213.0
2023-08-11,6,25.2,214.0
2023-08-11,7,21.1,213.0
2023-08-11,8,18.8,209.0
2023-08-11,9,18.5,209.0
2023-08-11,10,14.9,212.0
2023-08-11,11,14.1,220.0
2023-08-11,12,12.3,232.0
2023-08-11,13,12.0,231.0
2023-08-11,14,16.2,233.0
2023-08-11,15,18.6,227.0
2023-08-11,16,17.6,221.0
2023-08-11,17,22.5,219.0
2023-08-11,18,26.6,221.0
2023-08-11,19,34.4,217.0
2023-08-11,20,32.1,223.0
2023-08-11,21,36.2,226.0
2023-08-11,22,38.5,217.0
2023-08-11,23,37.2,213.0
2023-08-11,24,32.2,214.0
2023-08-12,1,29.4,203.0
2023-08-12,2,31.3,195.0
2023-08-12,3,32.7,199.0
2023-08-12,4,29.5,205.0
2023-08-12,5,25.4,207.0
2023-08-12,6,22.4,222.0
2023-08-12,7,23.1,214.0
2023-08-12,8,24.1,207.0
2023-08-12,9,20.9,216.0
2023-08-12,10,14.0,228.0
2023-08-12,11,13.0,219.0
2023-08-12,12,13.3,213.0
2023-08-12,13,15.4,217.0
2023-08-12,14,18.9,230.0
2023-08-12,15,22.2,234.0
2023-08-12,16,22.6,233.0
2023-08-12,17,27.1,234.0
2023-08-12,18,28.3,233.0
2023-08-12,19,23.8,231.0
2023-08-12,20,26.3,221.0
2023-08-12,21,30.1,205.0
2023-08-12,22,38.6,202.0
2023-08-12,23,32.5,211.0
2023-08-12,24,27.9,216.0
2023-08-13,1,29.1,216.0
2023-08-13,2,25.2,224.0
2023-08-13,3,8.0,280.0
2023-08-13,4,11.9,2.0
2023-08-13,5,18.8,20.0
2023-08-13,6,23.5,23.0
2023-08-13,7,19.8,27.0
2023-08-13,8,20.8,26.0
2023-08-13,9,23.0,20.0
2023-08-13,10,20.7,20.0
2023-08-13,11,22.4,24.0
2023-08-13,12,22.1,28.0
2023-08-13,13,20.6,27.0
2023-08-13,14,19.3,21.0
2023-08-13,15,17.5,14.0
2023-08-13,16,18.5,8.0
2023-08-13,17,21.2,10.0
2023-08-13,18,22.1,16.0
2023-08-13,19,21.3,28.0
2023-08-13,20,21.6,37.0
2023-08-13,21,21.5,59.0
2023-08-13,22,24.6,58.0
2023-08-13,23,26.6,41.0
2023-08-13,24,29.4,36.0
2023-08-14,1,26.2,32.0
2023-08-14,2,24.2,28.0
2023-08-14,3,21.4,27.0
2023-08-14,4,18.9,21.0
2023-08-14,5,14.9,32.0
2023-08-14,6,10.2,39.0
2023-08-14,7,11.5,46.0
2023-08-14,8,14.1,52.0
2023-08-14,9,14.4,58.0
2023-08-14,10,11.8,31.0
2023-08-14,11,13.4,31.0
2023-08-14,12,12.8,52.0
2023-08-14,13,10.0,64.0
2023-08-14,14,7.0,69.0
2023-08-14,15,3.5,66.0
2023-08-14,16,2.1,59.0
2023-08-14,17,1.0,45.0
2023-08-14,18,0.8,207.0
2023-08-14,19,1.8,270.0
2023-08-14,20,1.6,333.0
2023-08-14,21,5.4,42.0
2023-08-14,22,13.0,76.0
2023-08-14,23,12.6,95.0
2023-08-14,24,5.8,97.0
2023-08-15,1,4.0,90.0
2023-08-15,2,2.2,90.0
2023-08-15,3,2.9,90.0
2023-08-15,4,2.7,337.0
2023-08-15,5,6.7,344.0
2023-08-15,6,6.9,354.0
2023-08-15,7,3.4,18.0
2023-08-15,8,3.2,360.0
2023-08-15,9,2.6,16.0
2023-08-15,10,2.9,353.0
2023-08-15,11,4.3,318.0
2023-08-15,12,3.4,302.0
2023-08-15,13,2.3,231.0
2023-08-15,14,3.6,225.0
2023-08-15,15,4.5,209.0
2023-08-15,16,3.9,202.0
2023-08-15,17,6.0,197.0
2023-08-15,18,8.8,199.0
2023-08-15,19,13.7,215.0
2023-08-15,20,15.1,208.0
2023-08-15,21,22.1,186.0
2023-08-15,22,27.1,184.0
2023-08-15,23,23.6,187.0
2023-08-15,24,22.9,173.0
2023-08-16,1,23.1,178.0
2023-08-16,2,23.8,182.0
2023-08-16,3,21.5,203.0
2023-08-16,4,25.0,205.0
2023-08-16,5,16.9,218.0
2023-08-16,6,8.2,247.0
2023-08-16,7,4.9,306.0
2023-08-16,8,3.6,135.0
2023-08-16,9,3.3,167.0
2023-08-16,10,3.9,202.0
2023-08-16,11,10.3,216.0
2023-08-16,12,12.0,224.0
2023-08-16,13,8.3,236.0
2023-08-16,14,6.1,225.0
2023-08-16,15,5.6,207.0
2023-08-16,16,4.0,175.0
2023-08-16,17,6.9,137.0
2023-08-16,18,10.9,124.0
2023-08-16,19,11.4,156.0
2023-08-16,20,13.0,161.0
2023-08-16,21,14.0,145.0
2023-08-16,22,14.1,177.0
2023-08-16,23,23.2,168.0
2023-08-16,24,25.3,147.0
2023-08-17,1,24.2,155.0
2023-08-17,2,15.0,170.0
2023-08-17,3,2.6,196.0
2023-08-17,4,1.1,90.0
2023-08-17,5,1.5,104.0
2023-08-17,6,3.7,331.0
2023-08-17,7,1.1,90.0
2023-08-17,8,3.3,77.0
2023-08-17,9,1.8,11.0
2023-08-17,10,4.7,23.0
2023-08-17,11,3.6,323.0
2023-08-17,12,5.1,262.0
2023-08-17,13,8.1,225.0
2023-08-17,14,12.5,221.0
2023-08-17,15,13.8,219.0
2023-08-17,16,29.5,218.0
2023-08-17,17,25.1,212.0
2023-08-17,18,26.8,204.0
2023-08-17,19,32.2,220.0
2023-08-17,20,28.8,209.0
2023-08-17,21,27.6,220.0
2023-08-17,22,27.7,210.0
2023-08-17,23,33.9,178.0
2023-08-17,24,26.8,202.0
2023-08-18,1,18.3,190.0
2023-08-18,2,18.4,169.0
2023-08-18,3,17.6,165.0
2023-08-18,4,16.0,172.0
2023-08-18,5,17.6,179.0
2023-08-18,6,16.2,184.0
2023-08-18,7,20.6,196.0
2023-08-18,8,21.2,201.0
2023-08-18,9,21.6,206.0
2023-08-18,10,21.8,211.0
2023-08-18,11,27.9,213.0
2023-08-18,12,28.9,220.0
2023-08-18,13,30.5,225.0
2023-08-18,14,30.5,232.0
2023-08-18,15,36.8,230.0
2023-08-18,16,37.3,230.0
2023-08-18,17,37.5,229.0
2023-08-18,18,36.1,234.0
2023-08-18,19,36.2,243.0
2023-08-18,20,35.5,246.0
2023-08-18,21,29.7,237.0
2023-08-18,22,25.8,210.0
2023-08-18,23,24.7,193.0
2023-08-18,24,23.2,204.0
2023-08-19,1,19.5,208.0
2023-08-19,2,19.5,168.0
2023-08-19,3,21.4,155.0
2023-08-19,4,22.6,172.0
2023-08-19,5,17.0,186.0
2023-08-19,6,16.6,178.0
2023-08-19,7,11.3,158.0
2023-08-19,8,11.0,148.0
2023-08-19,9,10.0,154.0
2023-08-19,10,3.4,162.0
2023-08-19,11,4.1,195.0
2023-08-19,12,10.3,209.0
2023-08-19,13,11.8,203.0
2023-08-19,14,14.8,209.0
2023-08-19,15,21.1,200.0
2023-08-19,16,25.5,188.0
2023-08-19,17,15.5,216.0
2023-08-19,18,11.3,217.0
2023-08-19,19,18.1,173.0
2023-08-19,20,20.1,165.0
2023-08-19,21,21.1,155.0
2023-08-19,22,17.6,152.0
2023-08-19,23,16.3,137.0
2023-08-19,24,23.0,122.0
2023-08-20,1,22.1,136.0
2023-08-20,2,18.8,148.0
2023-08-20,3,10.1,145.0
2023-08-20,4,4.7,32.0
2023-08-20,5,13.0,28.0
2023-08-20,6,10.8,60.0
2023-08-20,7,3.6,180.0
2023-08-20,8,7.8,202.0
2023-08-20,9,9.7,202.0
2023-08-20,10,2.5,225.0
2023-08-20,11,20.8,67.0
2023-08-20,12,13.5,99.0
2023-08-20,13,7.1,75.0
2023-08-20,14,2.6,56.0
2023-08-20,15,4.8,333.0
2023-08-20,16,4.2,340.0
2023-08-20,17,4.4,55.0
2023-08-20,18,7.3,79.0
2023-08-20,19,5.9,79.0
2023-08-20,20,10.5,84.0
2023-08-20,21,12.6,95.0
2023-08-20,22,10.1,63.0
2023-08-20,23,13.5,48.0
2023-08-20,24,14.8,39.0
2023-08-21,1,16.4,9.0
2023-08-21,2,14.8,26.0
2023-08-21,3,15.3,15.0
2023-08-21,4,17.9,25.0
2023-08-21,5,14.7,31.0
2023-08-21,6,15.8,30.0
2023-08-21,7,16.9,61.0
2023-08-21,8,12.6,53.0
2023-08-21,9,6.1,45.0
2023-08-21,10,4.0,170.0
2023-08-21,11,9.7,180.0
2023-08-21,12,12.6,204.0
2023-08-21,13,41.2,198.0
2023-08-21,14,46.0,203.0
2023-08-21,15,40.2,195.0
2023-08-21,16,38.3,185.0
2023-08-21,17,36.4,188.0
2023-08-21,18,35.2,188.0
2023-08-21,19,35.5,193.0
2023-08-21,20,31.1,152.0
2023-08-21,21,36.4,159.0
2023-08-21,22,41.5,171.0
2023-08-21,23,39.0,164.0
2023-08-21,24,36.9,167.0
2023-08-22,1,32.0,179.0
2023-08-22,2,20.2,191.0
2023-08-22,3,18.0,177.0
2023-08-22,4,19.1,179.0
2023-08-22,5,15.6,172.0
2023-08-22,6,11.7,169.0
2023-08-22,7,18.8,187.0
2023-08-22,8,20.5,182.0
2023-08-22,9,22.1,164.0
2023-08-22,10,12.6,183.0
2023-08-22,11,13.0,185.0
2023-08-22,12,18.1,187.0
2023-08-22,13,29.7,209.0
2023-08-22,14,31.6,204.0
2023-08-22,15,32.5,206.0
2023-08-22,16,18.9,188.0
2023-08-22,17,29.7,199.0
2023-08-22,18,22.9,196.0
2023-08-22,19,23.0,170.0
2023-08-22,20,23.7,160.0
2023-08-22,21,26.6,167.0
2023-08-22,22,24.9,169.0
2023-08-22,23,20.9,176.0
2023-08-22,24,17.7,175.0
2023-08-23,1,16.9,179.0
2023-08-23,2,11.5,180.0
2023-08-23,3,12.5,342.0
2023-08-23,4,9.4,18.0
2023-08-23,5,3.0,76.0
2023-08-23,6,2.2,180.0
2023-08-23,7,6.3,193.0
2023-08-23,8,6.7,196.0
2023-08-23,9,4.4,189.0
2023-08-23,10,1.6,243.0
2023-08-23,11,4.0,260.0
2023-08-23,12,7.7,242.0
2023-08-23,13,13.8,231.0
2023-08-23,14,17.8,225.0
2023-08-23,15,18.3,225.0
2023-08-23,16,15.8,227.0
2023-08-23,17,14.9,233.0
2023-08-23,18,14.9,238.0
2023-08-23,19,14.8,231.0
2023-08-23,20,11.6,244.0
2023-08-23,21,9.7,272.0
2023-08-23,22,10.1,272.0
2023-08-23,23,4.0,275.0
2023-08-23,24,4.2,121.0
2023-08-24,1,6.2,100.0
2023-08-24,2,4.9,73.0
2023-08-24,3,3.8,49.0
2023-08-24,4,2.6,16.0
2023-08-24,5,2.1,329.0
2023-08-24,6,2.2,351.0
2023-08-24,7,2.7,23.0
2023-08-24,8,4.9,36.0
2023-08-24,9,4.7,9.0
2023-08-24,10,9.4,337.0
2023-08-24,11,7.4,346.0
2023-08-24,12,6.9,351.0
2023-08-24,13,3.7,349.0
2023-08-24,14,2.8,220.0
2023-08-24,15,5.4,222.0
2023-08-24,16,5.6,243.0
2023-08-24,17,5.6,255.0
2023-08-24,18,6.0,245.0
2023-08-24,19,11.3,189.0
2023-08-24,20,11.5,160.0
2023-08-24,21,7.4,133.0
2023-08-24,22,14.2,24.0
2023-08-24,23,14.3,51.0
2023-08-24,24,5.8,68.0
2023-08-25,1,1.5,14.0
2023-08-25,2,3.9,22.0
2023-08-25,3,3.9,68.0
2023-08-25,4,4.8,48.0
2023-08-25,5,2.4,63.0
2023-08-25,6,1.8,323.0
2023-08-25,7,6.6,112.0
2023-08-25,8,7.7,118.0
2023-08-25,9,4.9,107.0
2023-08-25,10,2.5,45.0
2023-08-25,11,3.7,349.0
2023-08-25,12,1.8,217.0
2023-08-25,13,10.1,174.0
2023-08-25,14,13.0,174.0
2023-08-25,15,13.1,171.0
2023-08-25,16,13.2,169.0
2023-08-25,17,12.4,170.0
2023-08-25,18,10.8,180.0
2023-08-25,19,15.1,181.0
2023-08-25,20,14.8,180.0
2023-08-25,21,21.7,169.0
2023-08-25,22,17.4,156.0
2023-08-25,23,14.2,150.0
2023-08-25,24,10.2,122.0
2023-08-26,1,5.2,65.0
2023-08-26,2,4.7,81.0
2023-08-26,3,17.1,141.0
2023-08-26,4,21.1,157.0
2023-08-26,5,15.2,149.0
2023-08-26,6,10.2,132.0
2023-08-26,7,14.2,60.0
2023-08-26,8,7.2,72.0
2023-08-26,9,6.4,52.0
2023-08-26,10,7.2,18.0
2023-08-26,11,8.8,348.0
2023-08-26,12,8.2,345.0
2023-08-26,13,8.0,297.0
2023-08-26,14,2.3,198.0
2023-08-26,15,1.8,169.0
2023-08-26,16,2.6,164.0
2023-08-26,17,5.5,191.0
2023-08-26,18,11.2,184.0
2023-08-26,19,11.4,252.0
2023-08-26,20,7.1,246.0
2023-08-26,21,11.5,184.0
2023-08-26,22,17.6,191.0
2023-08-26,23,6.1,230.0
2023-08-26,24,0.8,207.0
2023-08-27,1,2.8,50.0
2023-08-27,2,7.1,66.0
2023-08-27,3,5.9,76.0
2023-08-27,4,4.1,45.0
2023-08-27,5,8.0,27.0
2023-08-27,6,7.1,41.0
2023-08-27,7,7.1,24.0
2023-08-27,8,6.7,36.0
2023-08-27,9,4.2,20.0
2023-08-27,10,6.4,333.0
2023-08-27,11,6.5,341.0
2023-08-27,12,5.5,337.0
2023-08-27,13,4.9,343.0
2023-08-27,14,3.3,6.0
2023-08-27,15,2.9,263.0
2023-08-27,16,12.0,303.0
2023-08-27,17,16.2,307.0
2023-08-27,18,15.8,315.0
2023-08-27,19,10.3,324.0
2023-08-27,20,13.2,349.0
2023-08-27,21,18.8,3.0
2023-08-27,22,9.7,39.0
2023-08-27,23,5.9,104.0
2023-08-27,24,7.0,102.0
2023-08-28,1,3.3,96.0
2023-08-28,2,4.3,95.0
2023-08-28,3,4.1,45.0
2023-08-28,4,6.6,45.0
2023-08-28,5,9.8,36.0
2023-08-28,6,8.9,47.0
2023-08-28,7,10.6,24.0
2023-08-28,8,13.3,33.0
2023-08-28,9,11.7,43.0
2023-08-28,10,9.0,29.0
2023-08-28,11,8.7,5.0
2023-08-28,12,8.8,9.0
2023-08-28,13,7.2,6.0
2023-08-28,14,4.7,356.0
2023-08-28,15,4.2,329.0
2023-08-28,16,4.5,331.0
2023-08-28,17,4.8,347.0
2023-08-28,18,6.6,9.0
2023-08-28,19,4.2,70.0
2023-08-28,20,8.4,70.0
2023-08-28,21,14.6,70.0
2023-08-28,22,20.6,94.0
2023-08-28,23,18.3,110.0
2023-08-28,24,20.4,126.0
2023-08-29,1,22.3,129.0
2023-08-29,2,22.5,131.0
2023-08-29,3,21.2,130.0
2023-08-29,4,19.1,133.0
2023-08-29,5,14.0,125.0
2023-08-29,6,7.9,106.0
2023-08-29,7,6.9,51.0
2023-08-29,8,8.6,75.0
2023-08-29,9,10.1,92.0
2023-08-29,10,9.1,97.0
2023-08-29,11,4.8,63.0
2023-08-29,12,11.4,145.0
2023-08-29,13,18.8,168.0
2023-08-29,14,18.8,185.0
2023-08-29,15,20.3,186.0
2023-08-29,16,23.7,197.0
2023-08-29,17,25.1,188.0
2023-08-29,18,29.5,200.0
2023-08-29,19,41.7,192.0
2023-08-29,20,42.7,202.0
2023-08-29,21,28.9,191.0
2023-08-29,22,35.2,222.0
2023-08-29,23,31.1,227.0
2023-08-29,24,36.1,205.0
2023-08-30,1,37.9,213.0
2023-08-30,2,36.5,211.0
2023-08-30,3,34.3,208.0
2023-08-30,4,35.4,201.0
2023-08-30,5,38.2,204.0
2023-08-30,6,38.6,207.0
2023-08-30,7,40.4,206.0
2023-08-30,8,40.4,206.0
2023-08-30,9,38.0,207.0
2023-08-30,10,39.3,210.0
2023-08-30,11,37.9,212.0
2023-08-30,12,39.3,217.0
2023-08-30,13,41.4,219.0
2023-08-30,14,42.3,226.0
2023-08-30,15,42.3,227.0
2023-08-30,16,41.8,228.0
2023-08-30,17,40.1,233.0
2023-08-30,18,38.7,234.0
2023-08-30,19,38.3,230.0
2023-08-30,20,35.5,229.0
2023-08-30,21,31.6,229.0
2023-08-30,22,30.7,220.0
2023-08-30,23,29.5,210.0
2023-08-30,24,29.7,201.0
2023-08-31,1,32.2,202.0
2023-08-31,2,33.9,202.0
2023-08-31,3,32.3,202.0
2023-08-31,4,31.1,204.0
2023-08-31,5,29.3,206.0
2023-08-31,6,28.2,208.0
2023-08-31,7,26.4,206.0
2023-08-31,8,23.7,206.0
2023-08-31,9,19.0,209.0
2023-08-31,10,13.4,211.0
2023-08-31,11,13.9,211.0
2023-08-31,12,12.5,219.0
2023-08-31,13,11.5,219.0
2023-08-31,14,9.9,224.0
2023-08-31,15,9.4,223.0
2023-08-31,16,12.3,218.0
2023-08-31,17,13.2,215.0
2023-08-31,18,7.1,221.0
2023-08-31,19,0.5,315.0
2023-08-31,20,9.5,9.0
2023-08-31,21,22.2,25.0
2023-08-31,22,24.7,43.0
2023-08-31,23,20.9,44.0
2023-08-31,24,17.6,121.0
2023-09-01,1,20.6,134.0
2023-09-01,2,7.6,109.0
2023-09-01,3,6.9,81.0
2023-09-01,4,9.0,90.0
2023-09-01,5,5.7,125.0
2023-09-01,6,5.1,129.0
2023-09-01,7,7.4,133.0
2023-09-01,8,25.0,157.0
2023-09-01,9,33.7,160.0
2023-09-01,10,32.1,167.0
2023-09-01,11,35.9,174.0
2023-09-01,12,41.0,190.0
2023-09-01,13,41.0,198.0
2023-09-01,14,34.4,201.0
2023-09-01,15,45.2,195.0
2023-09-01,16,32.9,186.0
2023-09-01,17,27.4,190.0
2023-09-01,18,31.4,195.0
2023-09-01,19,29.3,186.0
2023-09-01,20,23.2,164.0
2023-09-01,21,22.6,158.0
2023-09-01,22,24.0,150.0
2023-09-01,23,24.1,142.0
2023-09-01,24,22.9,138.0
2023-09-02,1,23.5,131.0
2023-09-02,2,23.0,131.0
2023-09-02,3,22.7,134.0
2023-09-02,4,20.7,145.0
2023-09-02,5,21.1,150.0
2023-09-02,6,22.0,148.0
2023-09-02,7,17.7,156.0
2023-09-02,8,15.3,156.0
2023-09-02,9,17.4,153.0
2023-09-02,10,13.5,151.0
2023-09-02,11,19.2,193.0
2023-09-02,12,22.2,212.0
2023-09-02,13,22.2,216.0
2023-09-02,14,19.2,218.0
2023-09-02,15,18.2,218.0
2023-09-02,16,15.8,215.0
2023-09-02,17,15.3,214.0
2023-09-02,18,15.1,205.0
2023-09-02,19,17.7,204.0
2023-09-02,20,17.4,218.0
2023-09-02,21,18.8,216.0
2023-09-02,22,19.6,174.0
2023-09-02,23,22.1,173.0
2023-09-02,24,21.6,165.0
2023-09-03,1,20.3,157.0
2023-09-03,2,19.0,153.0
2023-09-03,3,18.7,155.0
2023-09-03,4,16.6,153.0
2023-09-03,5,15.9,152.0
2023-09-03,6,10.8,154.0
2023-09-03,7,5.5,191.0
2023-09-03,8,4.3,114.0
2023-09-03,9,5.4,138.0
2023-09-03,10,24.2,335.0
2023-09-03,11,17.7,5.0
2023-09-03,12,8.3,2.0
2023-09-03,13,5.2,254.0
2023-09-03,14,12.8,212.0
2023-09-03,15,22.8,215.0
2023-09-03,16,36.0,229.0
2023-09-03,17,19.5,218.0
2023-09-03,18,19.0,233.0
2023-09-03,19,11.5,229.0
2023-09-03,20,14.8,186.0
2023-09-03,21,21.3,174.0
2023-09-03,22,0.8,243.0
2023-09-03,23,12.8,101.0
2023-09-03,24,7.1,246.0
2023-09-04,1,14.3,252.0
2023-09-04,2,24.1,250.0
2023-09-04,3,17.1,240.0
2023-09-04,4,14.8,227.0
2023-09-04,5,22.2,209.0
2023-09-04,6,25.0,208.0
2023-09-04,7,22.3,214.0
2023-09-04,8,27.4,203.0
2023-09-04,9,24.8,213.0
2023-09-04,10,24.7,214.0
2023-09-04,11,20.0,218.0
2023-09-04,12,19.8,233.0
2023-09-04,13,18.6,279.0
2023-09-04,14,15.9,283.0
2023-09-04,15,13.4,256.0
2023-09-04,16,17.2,250.0
2023-09-04,17,16.6,252.0
2023-09-04,18,8.4,277.0
2023-09-04,19,14.9,233.0
2023-09-04,20,20.4,226.0
2023-09-04,21,18.7,182.0
2023-09-04,22,17.0,197.0
2023-09-04,23,15.5,193.0
2023-09-04,24,17.1,198.0
2023-09-05,1,12.5,198.0
2023-09-05,2,10.5,196.0
2023-09-05,3,14.6,196.0
2023-09-05,4,14.6,196.0
2023-09-05,5,12.1,192.0
2023-09-05,6,7.6,177.0
2023-09-05,7,11.0,161.0
2023-09-05,8,11.6,144.0
2023-09-05,9,8.8,145.0
2023-09-05,10,2.3,162.0
2023-09-05,11,1.9,158.0
2023-09-05,12,6.2,187.0
2023-09-05,13,8.7,204.0
2023-09-05,14,10.0,229.0
2023-09-05,15,13.2,235.0
2023-09-05,16,15.1,230.0
2023-09-05,17,16.1,228.0
2023-09-05,18,15.5,226.0
2023-09-05,19,11.8,203.0
2023-09-05,20,13.1,212.0
2023-09-05,21,17.1,224.0
2023-09-05,22,15.2,211.0
2023-09-05,23,11.4,191.0
2023-09-05,24,19.2,210.0
2023-09-06,1,16.6,204.0
2023-09-06,2,10.8,210.0
2023-09-06,3,5.5,191.0
2023-09-06,4,2.2,171.0
2023-09-06,5,2.5,82.0
2023-09-06,6,5.1,86.0
2023-09-06,7,1.1,72.0
2023-09-06,8,2.8,40.0
2023-09-06,9,2.6,16.0
2023-09-06,10,6.0,335.0
2023-09-06,11,6.3,347.0
2023-09-06,12,7.2,354.0
2023-09-06,13,4.7,328.0
2023-09-06,14,5.4,262.0
2023-09-06,15,11.6,234.0
2023-09-06,16,15.3,227.0
2023-09-06,17,17.6,223.0
2023-09-06,18,19.5,219.0
2023-09-06,19,23.0,209.0
2023-09-06,20,27.5,185.0
2023-09-06,21,19.8,179.0
2023-09-06,22,17.2,200.0
2023-09-06,23,16.0,203.0
2023-09-06,24,12.9,198.0
2023-09-07,1,9.3,193.0
2023-09-07,2,7.6,180.0
2023-09-07,3,7.6,183.0
2023-09-07,4,6.2,201.0
2023-09-07,5,5.6,195.0
2023-09-07,6,4.7,189.0
2023-09-07,7,6.5,180.0
2023-09-07,8,3.5,204.0
2023-09-07,9,1.6,297.0
2023-09-07,10,3.5,336.0
2023-09-07,11,4.6,321.0
2023-09-07,12,3.0,256.0
2023-09-07,13,9.4,230.0
2023-09-07,14,14.8,229.0
2023-09-07,15,16.1,219.0
2023-09-07,16,17.4,214.0
2023-09-07,17,19.5,214.0
2023-09-07,18,20.7,211.0
2023-09-07,19,22.6,211.0
2023-09-07,20,20.7,197.0
2023-09-07,21,25.1,196.0
2023-09-07,22,15.5,181.0
2023-09-07,23,15.6,151.0
2023-09-07,24,22.2,144.0
2023-09-08,1,23.9,146.0
2023-09-08,2,24.2,147.0
2023-09-08,3,19.0,153.0
2023-09-08,4,12.4,158.0
2023-09-08,5,5.0,30.0
2023-09-08,6,4.6,72.0
2023-09-08,7,1.0,225.0
2023-09-08,8,7.7,323.0
2023-09-08,9,2.5,278.0
2023-09-08,10,5.3,242.0
2023-09-08,11,6.6,209.0
2023-09-08,12,12.5,226.0
2023-09-08,13,16.1,228.0
2023-09-08,14,18.6,227.0
2023-09-08,15,21.8,231.0
2023-09-08,16,22.5,238.0
2023-09-08,17,25.2,233.0
2023-09-08,18,22.7,226.0
2023-09-08,19,25.2,224.0
2023-09-08,20,20.2,211.0
2023-09-08,21,16.8,203.0
2023-09-08,22,17.7,209.0
2023-09-08,23,16.6,204.0
2023-09-08,24,18.3,200.0
2023-09-09,1,21.2,195.0
2023-09-09,2,18.6,202.0
2023-09-09,3,22.4,204.0
2023-09-09,4,7.0,291.0
2023-09-09,5,3.8,17.0
2023-09-09,6,2.5,135.0
2023-09-09,7,8.2,285.0
2023-09-09,8,3.1,324.0
2023-09-09,9,1.8,349.0
2023-09-09,10,6.5,326.0
2023-09-09,11,7.2,333.0
2023-09-09,12,4.4,325.0
2023-09-09,13,4.7,274.0
2023-09-09,14,6.9,261.0
2023-09-09,15,11.5,256.0
2023-09-09,16,14.0,247.0
2023-09-09,17,16.8,247.0
2023-09-09,18,18.5,249.0
2023-09-09,19,19.1,250.0
2023-09-09,20,15.0,235.0
2023-09-09,21,16.6,229.0
2023-09-09,22,15.3,225.0
2023-09-09,23,13.0,194.0
2023-09-09,24,7.1,319.0
2023-09-10,1,8.0,36.0
2023-09-10,2,5.5,23.0
2023-09-10,3,3.1,36.0
2023-09-10,4,7.2,354.0
2023-09-10,5,10.2,10.0
2023-09-10,6,10.7,12.0
2023-09-10,7,6.9,9.0
2023-09-10,8,6.9,9.0
2023-09-10,9,5.4,360.0
2023-09-10,10,6.8,360.0
2023-09-10,11,6.6,351.0
2023-09-10,12,5.6,345.0
2023-09-10,13,4.8,333.0
2023-09-10,14,4.6,288.0
2023-09-10,15,4.7,266.0
2023-09-10,16,5.2,295.0
2023-09-10,17,6.0,327.0
2023-09-10,18,6.9,9.0
2023-09-10,19,2.3,18.0
2023-09-10,20,8.2,75.0
2023-09-10,21,17.3,42.0
2023-09-10,22,16.6,42.0
2023-09-10,23,12.3,97.0
2023-09-10,24,13.8,118.0
2023-09-11,1,12.5,102.0
2023-09-11,2,7.6,109.0
2023-09-11,3,4.6,72.0
2023-09-11,4,5.2,34.0
2023-09-11,5,4.8,42.0
2023-09-11,6,5.4,42.0
2023-09-11,7,4.6,72.0
2023-09-11,8,3.3,96.0
2023-09-11,9,1.9,68.0
2023-09-11,10,3.4,18.0
2023-09-11,11,5.9,349.0
2023-09-11,12,7.5,343.0
2023-09-11,13,3.9,326.0
2023-09-11,14,3.3,276.0
2023-09-11,15,4.7,266.0
2023-09-11,16,5.8,277.0
2023-09-11,17,4.4,279.0
2023-09-11,18,3.9,236.0
2023-09-11,19,14.5,194.0
2023-09-11,20,20.3,193.0
2023-09-11,21,23.9,187.0
2023-09-11,22,20.2,176.0
2023-09-11,23,10.8,159.0
2023-09-11,24,6.4,133.0
2023-09-12,1,11.6,150.0
2023-09-12,2,15.7,164.0
2023-09-12,3,10.5,174.0
2023-09-12,4,11.5,160.0
2023-09-12,5,2.3,141.0
2023-09-12,6,10.2,350.0
2023-09-12,7,0.8,117.0
2023-09-12,8,4.3,132.0
2023-09-12,9,2.2,90.0
2023-09-12,10,3.1,21.0
2023-09-12,11,5.3,332.0
2023-09-12,12,6.0,327.0
2023-09-12,13,3.3,264.0
2023-09-12,14,7.1,240.0
2023-09-12,15,9.4,230.0
2023-09-12,16,10.8,233.0
2023-09-12,17,10.8,244.0
2023-09-12,18,10.5,243.0
2023-09-12,19,8.9,243.0
2023-09-12,20,12.9,210.0
2023-09-12,21,21.5,203.0
2023-09-12,22,17.9,210.0
2023-09-12,23,12.0,229.0
2023-09-12,24,11.7,225.0
2023-09-13,1,11.4,208.0
2023-09-13,2,12.8,202.0
2023-09-13,3,18.1,211.0
2023-09-13,4,19.2,206.0
2023-09-13,5,18.9,204.0
2023-09-13,6,15.8,225.0
2023-09-13,7,22.1,210.0
2023-09-13,8,15.8,180.0
2023-09-13,9,12.2,242.0
2023-09-13,10,8.7,222.0
2023-09-13,11,11.1,209.0
2023-09-13,12,19.6,224.0
2023-09-13,13,22.2,222.0
2023-09-13,14,23.2,228.0
2023-09-13,15,21.7,243.0
2023-09-13,16,19.4,248.0
2023-09-13,17,16.3,315.0
2023-09-13,18,10.2,288.0
2023-09-13,19,15.7,250.0
2023-09-13,20,9.8,294.0
2023-09-13,21,17.2,20.0
2023-09-13,22,10.4,90.0
2023-09-13,23,4.3,85.0
2023-09-13,24,9.5,9.0
2023-09-14,1,14.2,21.0
2023-09-14,2,15.8,12.0
2023-09-14,3,19.5,5.0
2023-09-14,4,15.6,19.0
2023-09-14,5,13.4,27.0
2023-09-14,6,13.9,21.0
2023-09-14,7,15.4,21.0
2023-09-14,8,14.0,29.0
2023-09-14,9,13.7,23.0
2023-09-14,10,10.2,18.0
2023-09-14,11,8.8,9.0
2023-09-14,12,10.2,8.0
2023-09-14,13,10.8,2.0
2023-09-14,14,12.3,357.0
2023-09-14,15,12.1,348.0
2023-09-14,16,12.0,351.0
2023-09-14,17,10.9,351.0
2023-09-14,18,10.6,350.0
2023-09-14,19,9.1,353.0
2023-09-14,20,11.7,34.0
2023-09-14,21,17.8,69.0
2023-09-14,22,13.0,87.0
2023-09-14,23,8.6,92.0
2023-09-14,24,7.9,344.0
2023-09-15,1,9.5,11.0
2023-09-15,2,9.6,20.0
2023-09-15,3,8.8,12.0
2023-09-15,4,12.3,355.0
2023-09-15,5,13.0,5.0
2023-09-15,6,9.1,9.0
2023-09-15,7,4.3,48.0
2023-09-15,8,2.7,67.0
2023-09-15,9,1.4,90.0
2023-09-15,10,2.5,8.0
2023-09-15,11,5.4,340.0
2023-09-15,12,6.0,335.0
2023-09-15,13,3.6,323.0
2023-09-15,14,3.6,315.0
2023-09-15,15,4.2,301.0
2023-09-15,16,4.6,315.0
2023-09-15,17,3.1,324.0
2023-09-15,18,3.7,331.0
2023-09-15,19,5.4,340.0
2023-09-15,20,11.4,18.0
2023-09-15,21,14.6,50.0
2023-09-15,22,13.4,96.0
2023-09-15,23,8.9,137.0
2023-09-15,24,5.4,172.0
2023-09-16,1,3.3,167.0
2023-09-16,2,1.4,180.0
2023-09-16,3,1.1,18.0
2023-09-16,4,2.0,45.0
2023-09-16,5,5.1,356.0
2023-09-16,6,4.7,356.0
2023-09-16,7,3.4,18.0
2023-09-16,8,2.3,18.0
2023-09-16,9,1.6,333.0
2023-09-16,10,4.6,342.0
2023-09-16,11,5.4,352.0
2023-09-16,12,5.6,345.0
2023-09-16,13,3.1,306.0
2023-09-16,14,6.1,242.0
2023-09-16,15,8.5,242.0
2023-09-16,16,10.2,238.0
2023-09-16,17,12.5,229.0
2023-09-16,18,12.7,223.0
2023-09-16,19,11.2,220.0
2023-09-16,20,9.3,196.0
2023-09-16,21,8.4,200.0
2023-09-16,22,10.4,194.0
2023-09-16,23,14.4,158.0
2023-09-16,24,15.8,159.0
2023-09-17,1,16.3,166.0
2023-09-17,2,14.5,166.0
2023-09-17,3,6.5,161.0
2023-09-17,4,2.3,219.0
2023-09-17,5,5.5,328.0
2023-09-17,6,7.6,341.0
2023-09-17,7,3.1,54.0
2023-09-17,8,4.7,99.0
2023-09-17,9,3.6,127.0
2023-09-17,10,2.4,117.0
2023-09-17,11,4.3,336.0
2023-09-17,12,8.1,328.0
2023-09-17,13,5.4,290.0
2023-09-17,14,10.0,240.0
2023-09-17,15,15.9,232.0
2023-09-17,16,17.3,228.0
2023-09-17,17,18.0,233.0
2023-09-17,18,17.9,230.0
2023-09-17,19,20.2,219.0
2023-09-17,20,22.7,181.0
2023-09-17,21,27.4,178.0
2023-09-17,22,29.5,182.0
2023-09-17,23,26.8,197.0
2023-09-17,24,22.9,187.0
2023-09-18,1,20.3,186.0
2023-09-18,2,22.2,193.0
2023-09-18,3,22.9,199.0
2023-09-18,4,22.6,211.0
2023-09-18,5,23.2,210.0
2023-09-18,6,22.4,206.0
2023-09-18,7,15.0,215.0
2023-09-18,8,7.5,215.0
2023-09-18,9,6.7,216.0
2023-09-18,10,6.8,252.0
2023-09-18,11,0.7,180.0
2023-09-18,12,10.8,165.0
2023-09-18,13,11.0,218.0
2023-09-18,14,14.9,233.0
2023-09-18,15,16.9,243.0
2023-09-18,16,18.1,249.0
2023-09-18,17,20.6,243.0
2023-09-18,18,26.6,293.0
2023-09-18,19,24.1,260.0
2023-09-18,20,13.3,268.0
2023-09-18,21,15.8,227.0
2023-09-18,22,24.4,225.0
2023-09-18,23,23.9,236.0
2023-09-18,24,18.8,234.0
2023-09-19,1,15.8,207.0
2023-09-19,2,23.8,195.0
2023-09-19,3,28.2,203.0
2023-09-19,4,26.4,206.0
2023-09-19,5,25.0,208.0
2023-09-19,6,21.4,213.0
2023-09-19,7,23.4,205.0
2023-09-19,8,24.3,205.0
2023-09-19,9,24.5,206.0
2023-09-19,10,24.5,210.0
2023-09-19,11,19.5,219.0
2023-09-19,12,20.9,224.0
2023-09-19,13,23.7,222.0
2023-09-19,14,25.5,225.0
2023-09-19,15,27.8,230.0
2023-09-19,16,30.1,233.0
2023-09-19,17,29.1,228.0
2023-09-19,18,32.9,229.0
2023-09-19,19,34.3,231.0
2023-09-19,20,34.2,222.0
2023-09-19,21,35.7,215.0
2023-09-19,22,36.0,214.0
2023-09-19,23,34.9,218.0
2023-09-19,24,30.3,212.0
2023-09-20,1,27.7,206.0
2023-09-20,2,29.8,205.0
2023-09-20,3,31.2,202.0
2023-09-20,4,31.6,201.0
2023-09-20,5,30.6,201.0
2023-09-20,6,29.6,201.0
2023-09-20,7,27.3,203.0
2023-09-20,8,25.6,200.0
2023-09-20,9,22.6,197.0
2023-09-20,10,17.3,201.0
2023-09-20,11,13.2,215.0
2023-09-20,12,13.3,218.0
2023-09-20,13,12.7,225.0
2023-09-20,14,12.7,223.0
2023-09-20,15,13.8,223.0
2023-09-20,16,27.8,190.0
2023-09-20,17,15.3,204.0
2023-09-20,18,32.3,166.0
2023-09-20,19,21.7,191.0
2023-09-20,20,28.5,136.0
2023-09-20,21,22.4,138.0
2023-09-20,22,33.3,142.0
2023-09-20,23,3.0,104.0
2023-09-20,24,13.3,311.0
2023-09-21,1,7.3,11.0
2023-09-21,2,14.2,7.0
2023-09-21,3,16.4,15.0
2023-09-21,4,16.9,20.0
2023-09-21,5,19.1,47.0
2023-09-21,6,12.2,45.0
2023-09-21,7,38.3,211.0
2023-09-21,8,32.2,204.0
2023-09-21,9,26.4,191.0
2023-09-21,10,25.3,197.0
2023-09-21,11,19.7,195.0
2023-09-21,12,10.5,207.0
2023-09-21,13,8.2,221.0
2023-09-21,14,3.4,212.0
2023-09-21,15,2.4,333.0
2023-09-21,16,3.9,22.0
2023-09-21,17,8.3,18.0
2023-09-21,18,11.5,14.0
2023-09-21,19,13.2,61.0
2023-09-21,20,17.3,43.0
2023-09-21,21,18.6,47.0
2023-09-21,22,13.2,45.0
2023-09-21,23,12.3,15.0
2023-09-21,24,11.6,7.0
2023-09-22,1,13.7,27.0
2023-09-22,2,9.7,39.0
2023-09-22,3,8.7,24.0
2023-09-22,4,11.0,41.0
2023-09-22,5,12.4,64.0
2023-09-22,6,5.9,52.0
2023-09-22,7,6.6,68.0
2023-09-22,8,4.1,75.0
2023-09-22,9,13.4,211.0
2023-09-22,10,23.6,199.0
2023-09-22,11,31.2,201.0
2023-09-22,12,29.1,216.0
2023-09-22,13,33.2,212.0
2023-09-22,14,32.7,214.0
2023-09-22,15,30.6,222.0
2023-09-22,16,33.2,220.0
2023-09-22,17,27.4,218.0
2023-09-22,18,29.5,224.0
2023-09-22,19,24.5,230.0
2023-09-22,20,20.6,207.0
2023-09-22,21,21.0,193.0
2023-09-22,22,23.1,194.0
2023-09-22,23,20.4,189.0
2023-09-22,24,19.7,188.0
2023-09-23,1,15.4,191.0
2023-09-23,2,14.9,187.0
2023-09-23,3,19.1,183.0
2023-09-23,4,17.8,188.0
2023-09-23,5,9.2,201.0
2023-09-23,6,7.8,214.0
2023-09-23,7,14.5,210.0
2023-09-23,8,11.5,200.0
2023-09-23,9,8.0,198.0
2023-09-23,10,2.6,214.0
2023-09-23,11,2.8,310.0
2023-09-23,12,4.7,247.0
2023-09-23,13,9.2,239.0
2023-09-23,14,11.1,234.0
2023-09-23,15,12.2,236.0
2023-09-23,16,12.6,239.0
2023-09-23,17,11.8,243.0
2023-09-23,18,9.8,246.0
2023-09-23,19,4.0,260.0
2023-09-23,20,3.3,13.0
2023-09-23,21,7.7,49.0
2023-09-23,22,11.0,79.0
2023-09-23,23,13.0,96.0
2023-09-23,24,9.6,103.0
2023-09-24,1,8.7,138.0
2023-09-24,2,9.4,157.0
2023-09-24,3,5.6,140.0
2023-09-24,4,2.6,56.0
2023-09-24,5,3.9,22.0
2023-09-24,6,4.7,9.0
2023-09-24,7,2.6,16.0
2023-09-24,8,3.8,17.0
2023-09-24,9,5.1,8.0
2023-09-24,10,3.5,24.0
2023-09-24,11,6.3,347.0
2023-09-24,12,9.1,342.0
2023-09-24,13,7.6,341.0
2023-09-24,14,5.1,309.0
2023-09-24,15,6.1,267.0
2023-09-24,16,8.7,228.0
2023-09-24,17,12.3,220.0
2023-09-24,18,12.2,223.0
2023-09-24,19,8.4,239.0
2023-09-24,20,2.2,270.0
2023-09-24,21,10.9,146.0
2023-09-24,22,18.7,161.0
2023-09-24,23,20.8,157.0
2023-09-24,24,16.1,151.0
2023-09-25,1,8.4,140.0
2023-09-25,2,4.0,100.0
2023-09-25,3,3.7,79.0
2023-09-25,4,4.7,122.0
2023-09-25,5,4.6,129.0
2023-09-25,6,2.9,60.0
2023-09-25,7,3.7,79.0
2023-09-25,8,3.7,61.0
2023-09-25,9,4.4,35.0
2023-09-25,10,4.9,36.0
2023-09-25,11,6.3,336.0
2023-09-25,12,9.5,331.0
2023-09-25,13,6.2,324.0
2023-09-25,14,5.7,235.0
2023-09-25,15,17.5,199.0
2023-09-25,16,25.4,196.0
2023-09-25,17,22.0,195.0
2023-09-25,18,23.3,200.0
2023-09-25,19,18.8,200.0
2023-09-25,20,18.1,193.0
2023-09-25,21,18.5,173.0
2023-09-25,22,21.3,156.0
2023-09-25,23,22.6,158.0
2023-09-25,24,23.8,160.0
2023-09-26,1,23.6,159.0
2023-09-26,2,18.9,156.0
2023-09-26,3,18.5,151.0
2023-09-26,4,14.2,153.0
2023-09-26,5,9.4,148.0
2023-09-26,6,4.8,132.0
2023-09-26,7,5.0,180.0
2023-09-26,8,3.0,256.0
2023-09-26,9,3.6,174.0
2023-09-26,10,7.6,180.0
2023-09-26,11,9.2,211.0
2023-09-26,12,11.5,256.0
2023-09-26,13,17.8,225.0
2023-09-26,14,23.2,221.0
2023-09-26,15,23.5,220.0
2023-09-26,16,24.5,229.0
2023-09-26,17,24.4,239.0
2023-09-26,18,20.5,248.0
2023-09-26,19,21.4,257.0
2023-09-26,20,19.3,256.0
2023-09-26,21,13.0,226.0
2023-09-26,22,12.5,192.0
2023-09-26,23,8.1,201.0
2023-09-26,24,3.8,221.0
2023-09-27,1,5.3,208.0
2023-09-27,2,9.8,163.0
2023-09-27,3,8.2,157.0
2023-09-27,4,2.9,187.0
2023-09-27,5,3.9,214.0
2023-09-27,6,5.2,236.0
2023-09-27,7,6.5,214.0
2023-09-27,8,7.7,208.0
2023-09-27,9,11.4,235.0
2023-09-27,10,12.3,232.0
2023-09-27,11,9.2,244.0
2023-09-27,12,12.4,244.0
2023-09-27,13,17.9,230.0
2023-09-27,14,22.1,224.0
2023-09-27,15,26.1,232.0
2023-09-27,16,29.8,233.0
2023-09-27,17,32.6,232.0
2023-09-27,18,31.2,234.0
2023-09-27,19,29.5,246.0
2023-09-27,20,26.0,236.0
2023-09-27,21,22.4,213.0
2023-09-27,22,26.0,202.0
2023-09-27,23,28.0,200.0
2023-09-27,24,29.3,199.0
2023-09-28,1,29.1,202.0
2023-09-28,2,27.2,204.0
2023-09-28,3,24.2,221.0
2023-09-28,4,24.4,214.0
2023-09-28,5,25.1,205.0
2023-09-28,6,23.9,203.0
2023-09-28,7,22.7,203.0
2023-09-28,8,21.0,202.0
2023-09-28,9,19.0,207.0
2023-09-28,10,18.0,213.0
2023-09-28,11,13.9,217.0
2023-09-28,12,15.3,219.0
2023-09-28,13,16.6,228.0
2023-09-28,14,17.7,232.0
2023-09-28,15,16.9,230.0
2023-09-28,16,16.3,225.0
2023-09-28,17,17.8,223.0
2023-09-28,18,17.3,222.0
2023-09-28,19,18.3,216.0
2023-09-28,20,20.3,203.0
2023-09-28,21,21.7,192.0
2023-09-28,22,21.8,189.0
2023-09-28,23,20.7,197.0
2023-09-28,24,20.5,204.0
2023-09-29,1,23.4,205.0
2023-09-29,2,24.2,205.0
2023-09-29,3,25.9,205.0
2023-09-29,4,25.3,206.0
2023-09-29,5,24.2,203.0
2023-09-29,6,25.1,196.0
2023-09-29,7,21.6,198.0
2023-09-29,8,15.2,211.0
2023-09-29,9,9.6,236.0
2023-09-29,10,6.5,276.0
2023-09-29,11,4.7,328.0
2023-09-29,12,4.0,333.0
2023-09-29,13,3.4,328.0
2023-09-29,14,2.6,344.0
2023-09-29,15,1.0,315.0
2023-09-29,16,3.3,257.0
2023-09-29,17,6.2,249.0
2023-09-29,18,5.8,270.0
2023-09-29,19,9.5,29.0
2023-09-29,20,18.7,34.0
2023-09-29,21,21.7,42.0
2023-09-29,22,18.9,40.0
2023-09-29,23,16.3,28.0
2023-09-29,24,14.5,30.0
2023-09-30,1,19.9,5.0
2023-09-30,2,23.1,15.0
2023-09-30,3,23.1,51.0
2023-09-30,4,16.2,53.0
2023-09-30,5,13.5,46.0
2023-09-30,6,12.4,30.0
2023-09-30,7,4.6,129.0
2023-09-30,8,6.2,159.0
2023-09-30,9,6.6,139.0
2023-09-30,10,7.2,143.0
2023-09-30,11,10.7,166.0
2023-09-30,12,8.4,220.0
2023-09-30,13,18.1,215.0
2023-09-30,14,26.3,203.0
2023-09-30,15,27.2,208.0
2023-09-30,16,27.3,198.0
2023-09-30,17,25.1,192.0
2023-09-30,18,26.3,181.0
2023-09-30,19,13.1,196.0
2023-09-30,20,10.5,196.0
2023-09-30,21,4.4,171.0
2023-09-30,22,8.0,162.0
2023-09-30,23,24.8,204.0
2023-09-30,24,4.7,157.0
2023-10-01,1,1.8,37.0
2023-10-01,2,6.6,261.0
2023-10-01,3,14.8,236.0
2023-10-01,4,21.5,218.0
2023-10-01,5,30.1,214.0
2023-10-01,6,25.1,201.0
2023-10-01,7,22.2,200.0
2023-10-01,8,29.5,202.0
2023-10-01,9,23.3,197.0
2023-10-01,10,13.7,203.0
2023-10-01,11,8.0,306.0
2023-10-01,12,5.9,11.0
2023-10-01,13,2.5,135.0
2023-10-01,14,8.5,192.0
2023-10-01,15,23.7,156.0
2023-10-01,16,21.1,171.0
2023-10-01,17,26.0,176.0
2023-10-01,18,18.5,207.0
2023-10-01,19,17.2,209.0
2023-10-01,20,12.6,273.0
2023-10-01,21,14.5,293.0
2023-10-01,22,9.4,310.0
2023-10-01,23,6.8,342.0
2023-10-01,24,5.6,27.0
2023-10-02,1,5.9,11.0
2023-10-02,2,7.9,30.0
2023-10-02,3,12.1,37.0
2023-10-02,4,10.4,14.0
2023-10-02,5,3.1,324.0
2023-10-02,6,3.1,324.0
2023-10-02,7,3.1,21.0
2023-10-02,8,5.7,35.0
2023-10-02,9,4.7,4.0
2023-10-02,10,3.0,346.0
2023-10-02,11,5.9,317.0
2023-10-02,12,8.7,287.0
2023-10-02,13,11.3,248.0
2023-10-02,14,8.5,208.0
2023-10-02,15,10.9,224.0
2023-10-02,16,13.3,232.0
2023-10-02,17,19.4,222.0
2023-10-02,18,25.0,224.0
2023-10-02,19,17.1,219.0
2023-10-02,20,23.2,208.0
2023-10-02,21,24.9,198.0
2023-10-02,22,27.0,199.0
2023-10-02,23,28.8,206.0
2023-10-02,24,30.9,212.0
2023-10-03,1,31.3,210.0
2023-10-03,2,33.4,210.0
2023-10-03,3,34.5,212.0
2023-10-03,4,34.2,209.0
2023-10-03,5,31.0,213.0
2023-10-03,6,30.2,218.0
2023-10-03,7,29.7,219.0
2023-10-03,8,29.8,215.0
2023-10-03,9,30.2,216.0
2023-10-03,10,30.7,216.0
2023-10-03,11,30.3,223.0
2023-10-03,12,30.1,227.0
2023-10-03,13,25.5,228.0
2023-10-03,14,22.2,222.0
2023-10-03,15,22.1,206.0
2023-10-03,16,24.8,213.0
2023-10-03,17,23.4,203.0
2023-10-03,18,26.2,201.0
2023-10-03,19,26.4,204.0
2023-10-03,20,28.3,198.0
2023-10-03,21,28.5,201.0
2023-10-03,22,20.0,210.0
2023-10-03,23,20.6,207.0
2023-10-03,24,27.8,217.0
2023-10-04,1,25.4,219.0
2023-10-04,2,20.1,213.0
2023-10-04,3,19.7,208.0
2023-10-04,4,20.4,212.0
2023-10-04,5,21.3,217.0
2023-10-04,6,20.4,222.0
2023-10-04,7,18.1,221.0
2023-10-04,8,18.8,223.0
2023-10-04,9,20.4,225.0
2023-10-04,10,21.9,221.0
2023-10-04,11,22.9,225.0
2023-10-04,12,22.7,228.0
2023-10-04,13,22.2,227.0
2023-10-04,14,23.4,223.0
2023-10-04,15,23.4,225.0
2023-10-04,16,20.9,228.0
2023-10-04,17,19.1,221.0
2023-10-04,18,18.2,214.0
2023-10-04,19,21.9,203.0
2023-10-04,20,21.4,205.0
2023-10-04,21,23.5,207.0
2023-10-04,22,24.4,202.0
2023-10-04,23,25.7,200.0
2023-10-04,24,25.4,198.0
2023-10-05,1,24.4,199.0
2023-10-05,2,22.1,206.0
2023-10-05,3,20.0,214.0
2023-10-05,4,18.5,217.0
2023-10-05,5,16.8,215.0
2023-10-05,6,15.9,208.0
2023-10-05,7,16.5,212.0
2023-10-05,8,11.5,212.0
2023-10-05,9,10.7,200.0
2023-10-05,10,8.9,212.0
2023-10-05,11,5.9,223.0
2023-10-05,12,9.2,219.0
2023-10-05,13,9.4,223.0
2023-10-05,14,10.9,214.0
2023-10-05,15,10.7,220.0
2023-10-05,16,9.2,225.0
2023-10-05,17,7.7,233.0
2023-10-05,18,8.7,218.0
2023-10-05,19,14.8,186.0
2023-10-05,20,13.8,200.0
2023-10-05,21,9.5,217.0
2023-10-05,22,11.6,206.0
2023-10-05,23,11.0,191.0
2023-10-05,24,8.4,187.0
2023-10-06,1,3.9,202.0
2023-10-06,2,2.3,18.0
2023-10-06,3,3.3,49.0
2023-10-06,4,3.1,69.0
2023-10-06,5,4.6,39.0
2023-10-06,6,6.3,31.0
2023-10-06,7,3.4,18.0
2023-10-06,8,9.7,31.0
2023-10-06,9,8.9,32.0
2023-10-06,10,10.0,38.0
2023-10-06,11,9.1,34.0
2023-10-06,12,8.4,10.0
2023-10-06,13,8.2,15.0
2023-10-06,14,8.4,10.0
2023-10-06,15,8.3,5.0
2023-10-06,16,7.6,3.0
2023-10-06,17,7.9,357.0
2023-10-06,18,9.0,355.0
2023-10-06,19,12.6,360.0
2023-10-06,20,12.2,14.0
2023-10-06,21,10.1,35.0
2023-10-06,22,7.3,79.0
2023-10-06,23,4.0,90.0
2023-10-06,24,5.1,45.0
2023-10-07,1,7.7,49.0
2023-10-07,2,9.7,59.0
2023-10-07,3,9.4,67.0
2023-10-07,4,8.7,66.0
2023-10-07,5,7.6,59.0
2023-10-07,6,6.5,56.0
2023-10-07,7,8.4,47.0
2023-10-07,8,7.4,43.0
2023-10-07,9,6.6,22.0
2023-10-07,10,6.0,17.0
2023-10-07,11,4.7,360.0
2023-10-07,12,6.4,333.0
2023-10-07,13,7.9,336.0
2023-10-07,14,5.8,338.0
2023-10-07,15,2.3,321.0
2023-10-07,16,2.5,262.0
2023-10-07,17,3.5,246.0
2023-10-07,18,4.2,239.0
2023-10-07,19,3.4,238.0
2023-10-07,20,1.8,180.0
2023-10-07,21,3.9,124.0
2023-10-07,22,7.3,101.0
2023-10-07,23,8.7,97.0
2023-10-07,24,9.7,94.0
2023-10-08,1,7.6,95.0
2023-10-08,2,4.0,100.0
2023-10-08,3,1.6,63.0
2023-10-08,4,3.3,347.0
2023-10-08,5,4.4,351.0
2023-10-08,6,3.6,6.0
2023-10-08,7,2.9,7.0
2023-10-08,8,4.1,345.0
2023-10-08,9,6.2,339.0
2023-10-08,10,7.0,348.0
2023-10-08,11,5.9,346.0
2023-10-08,12,6.0,335.0
2023-10-08,13,4.7,328.0
2023-10-08,14,3.3,283.0
2023-10-08,15,4.5,241.0
2023-10-08,16,6.6,225.0
2023-10-08,17,7.4,219.0
2023-10-08,18,8.2,209.0
2023-10-08,19,12.7,188.0
2023-10-08,20,12.7,195.0
2023-10-08,21,10.7,194.0
2023-10-08,22,6.5,174.0
2023-10-08,23,6.4,137.0
2023-10-08,24,7.7,152.0
2023-10-09,1,9.7,149.0
2023-10-09,2,5.2,146.0
2023-10-09,3,1.8,281.0
2023-10-09,4,3.3,347.0
2023-10-09,5,5.0,21.0
2023-10-09,6,4.3,360.0
2023-10-09,7,2.5,45.0
2023-10-09,8,1.0,45.0
2023-10-09,9,3.1,339.0
2023-10-09,10,5.2,348.0
2023-10-09,11,7.2,357.0
2023-10-09,12,10.6,336.0
2023-10-09,13,9.5,335.0
2023-10-09,14,5.3,332.0
2023-10-09,15,4.0,270.0
2023-10-09,16,7.0,235.0
2023-10-09,17,9.7,219.0
2023-10-09,18,11.5,212.0
2023-10-09,19,16.4,206.0
2023-10-09,20,18.7,210.0
2023-10-09,21,21.2,181.0
2023-10-09,22,21.7,165.0
2023-10-09,23,16.2,167.0
2023-10-09,24,10.7,147.0
2023-10-10,1,10.4,146.0
2023-10-10,2,4.5,194.0
2023-10-10,3,4.9,287.0
2023-10-10,4,7.4,203.0
2023-10-10,5,18.8,197.0
2023-10-10,6,25.3,210.0
2023-10-10,7,20.5,202.0
2023-10-10,8,19.1,192.0
2023-10-10,9,7.7,217.0
2023-10-10,10,2.5,45.0
2023-10-10,11,5.6,310.0
2023-10-10,12,7.1,315.0
2023-10-10,13,3.5,246.0
2023-10-10,14,19.3,217.0
2023-10-10,15,25.2,224.0
2023-10-10,16,27.5,225.0
2023-10-10,17,29.5,226.0
2023-10-10,18,31.0,248.0
2023-10-10,19,14.0,247.0
2023-10-10,20,14.5,226.0
2023-10-10,21,19.9,202.0
2023-10-10,22,21.1,223.0
2023-10-10,23,26.0,223.0
2023-10-10,24,19.1,234.0
2023-10-11,1,23.2,216.0
2023-10-11,2,27.9,202.0
2023-10-11,3,27.6,192.0
2023-10-11,4,28.4,200.0
2023-10-11,5,28.8,208.0
2023-10-11,6,26.3,210.0
2023-10-11,7,27.2,206.0
2023-10-11,8,27.6,202.0
2023-10-11,9,28.4,209.0
2023-10-11,10,23.0,220.0
2023-10-11,11,22.7,226.0
2023-10-11,12,21.9,229.0
2023-10-11,13,21.7,230.0
2023-10-11,14,21.0,231.0
2023-10-11,15,25.2,228.0
2023-10-11,16,25.5,226.0
2023-10-11,17,22.7,234.0
2023-10-11,18,31.6,229.0
2023-10-11,19,25.3,220.0
2023-10-11,20,27.4,219.0
2023-10-11,21,30.2,202.0
2023-10-11,22,30.4,202.0
2023-10-11,23,30.4,204.0
2023-10-11,24,26.1,203.0
2023-10-12,1,19.6,206.0
2023-10-12,2,20.0,210.0
2023-10-12,3,19.2,206.0
2023-10-12,4,21.6,208.0
2023-10-12,5,20.7,215.0
2023-10-12,6,15.8,229.0
2023-10-12,7,16.0,314.0
2023-10-12,8,21.9,318.0
2023-10-12,9,16.8,298.0
2023-10-12,10,12.4,280.0
2023-10-12,11,10.8,274.0
2023-10-12,12,15.8,317.0
2023-10-12,13,15.0,312.0
2023-10-12,14,14.5,305.0
2023-10-12,15,13.2,287.0
2023-10-12,16,16.1,320.0
2023-10-12,17,21.4,353.0
2023-10-12,18,18.5,331.0
2023-10-12,19,21.6,334.0
2023-10-12,20,20.7,340.0
2023-10-12,21,18.8,355.0
2023-10-12,22,18.7,2.0
2023-10-12,23,17.2,16.0
2023-10-12,24,14.7,25.0
2023-10-13,1,11.8,31.0
2023-10-13,2,6.7,16.0
2023-10-13,3,10.6,332.0
2023-10-13,4,5.5,349.0
2023-10-13,5,3.3,77.0
2023-10-13,6,5.4,90.0
2023-10-13,7,5.2,115.0
2023-10-13,8,4.8,138.0
2023-10-13,9,0.5,135.0
2023-10-13,10,2.7,23.0
2023-10-13,11,5.8,338.0
2023-10-13,12,4.5,331.0
2023-10-13,13,1.4,270.0
2023-10-13,14,2.2,261.0
2023-10-13,15,3.3,257.0
2023-10-13,16,7.2,233.0
2023-10-13,17,7.9,210.0
2023-10-13,18,10.6,198.0
2023-10-13,19,10.6,208.0
2023-10-13,20,10.0,210.0
2023-10-13,21,9.4,176.0
2023-10-13,22,12.3,159.0
2023-10-13,23,11.6,158.0
2023-10-13,24,8.9,153.0
2023-10-14,1,9.3,144.0
2023-10-14,2,11.8,140.0
2023-10-14,3,17.3,144.0
2023-10-14,4,15.7,148.0
2023-10-14,5,12.6,156.0
2023-10-14,6,10.3,151.0
2023-10-14,7,16.6,156.0
2023-10-14,8,13.2,163.0
2023-10-14,9,9.5,151.0
2023-10-14,10,10.2,148.0
2023-10-14,11,7.7,131.0
2023-10-14,12,3.1,306.0
2023-10-14,13,4.4,261.0
2023-10-14,14,8.0,243.0
2023-10-14,15,10.2,231.0
2023-10-14,16,11.0,218.0
2023-10-14,17,11.7,225.0
2023-10-14,18,10.2,222.0
2023-10-14,19,7.4,223.0
2023-10-14,20,5.9,223.0
2023-10-14,21,5.1,184.0
2023-10-14,22,7.2,127.0
2023-10-14,23,8.5,126.0
2023-10-14,24,9.0,143.0
2023-10-15,1,9.4,148.0
2023-10-15,2,7.7,152.0
2023-10-15,3,4.6,135.0
2023-10-15,4,1.8,37.0
2023-10-15,5,5.1,356.0
2023-10-15,6,6.4,16.0
2023-10-15,7,3.8,17.0
2023-10-15,8,3.3,49.0
2023-10-15,9,3.2,360.0
2023-10-15,10,6.6,351.0
2023-10-15,11,5.8,353.0
2023-10-15,12,6.6,338.0
2023-10-15,13,9.6,340.0
2023-10-15,14,8.8,341.0
2023-10-15,15,7.0,339.0
2023-10-15,16,2.4,333.0
2023-10-15,17,2.6,254.0
2023-10-15,18,3.8,253.0
2023-10-15,19,4.6,231.0
2023-10-15,20,1.6,333.0
2023-10-15,21,9.1,83.0
2023-10-15,22,13.0,96.0
2023-10-15,23,9.0,88.0
2023-10-15,24,5.1,82.0
2023-10-16,1,4.2,70.0
2023-10-16,2,4.9,36.0
2023-10-16,3,4.2,31.0
2023-10-16,4,4.0,5.0
2023-10-16,5,5.4,360.0
2023-10-16,6,6.5,3.0
2023-10-16,7,4.2,20.0
2023-10-16,8,4.0,27.0
2023-10-16,9,4.7,4.0
2023-10-16,10,5.1,4.0
2023-10-16,11,5.8,360.0
2023-10-16,12,7.6,341.0
2023-10-16,13,7.9,336.0
2023-10-16,14,6.3,329.0
2023-10-16,15,5.7,305.0
2023-10-16,16,6.5,273.0
2023-10-16,17,6.9,242.0
2023-10-16,18,9.2,222.0
2023-10-16,19,9.8,234.0
2023-10-16,20,7.9,204.0
2023-10-16,21,11.2,176.0
2023-10-16,22,14.2,173.0
2023-10-16,23,14.3,170.0
2023-10-16,24,12.7,172.0
2023-10-17,1,10.9,174.0
2023-10-17,2,7.0,192.0
2023-10-17,3,5.9,194.0
2023-10-17,4,7.7,221.0
2023-10-17,5,12.0,213.0
2023-10-17,6,20.9,207.0
2023-10-17,7,33.8,211.0
2023-10-17,8,35.9,208.0
2023-10-17,9,35.8,205.0
2023-10-17,10,33.6,206.0
2023-10-17,11,32.5,208.0
2023-10-17,12,33.0,212.0
2023-10-17,13,33.9,213.0
2023-10-17,14,34.5,220.0
2023-10-17,15,37.7,227.0
2023-10-17,16,39.8,235.0
2023-10-17,17,38.2,241.0
2023-10-17,18,35.8,238.0
2023-10-17,19,34.1,224.0
2023-10-17,20,34.2,217.0
2023-10-17,21,34.4,211.0
2023-10-17,22,35.6,203.0
2023-10-17,23,34.2,202.0
2023-10-17,24,33.6,203.0
2023-10-18,1,30.5,203.0
2023-10-18,2,29.8,207.0
2023-10-18,3,26.9,206.0
2023-10-18,4,25.9,205.0
2023-10-18,5,26.0,202.0
2023-10-18,6,22.3,203.0
2023-10-18,7,20.1,216.0
2023-10-18,8,18.4,211.0
2023-10-18,9,17.7,219.0
2023-10-18,10,10.9,224.0
2023-10-18,11,9.2,191.0
2023-10-18,12,11.8,211.0
2023-10-18,13,12.2,214.0
2023-10-18,14,11.3,217.0
2023-10-18,15,12.0,226.0
2023-10-18,16,13.3,232.0
2023-10-18,17,12.5,231.0
2023-10-18,18,12.0,229.0
2023-10-18,19,14.3,221.0
2023-10-18,20,18.5,201.0
2023-10-18,21,18.4,197.0
2023-10-18,22,13.8,189.0
2023-10-18,23,10.6,170.0
2023-10-18,24,8.2,165.0
2023-10-19,1,4.7,157.0
2023-10-19,2,3.0,104.0
2023-10-19,3,3.0,104.0
2023-10-19,4,1.4,90.0
2023-10-19,5,3.1,339.0
2023-10-19,6,4.2,340.0
2023-10-19,7,3.0,346.0
2023-10-19,8,2.9,353.0
2023-10-19,9,3.5,24.0
2023-10-19,10,4.6,18.0
2023-10-19,11,6.2,7.0
2023-10-19,12,7.7,349.0
2023-10-19,13,6.2,353.0
2023-10-19,14,3.7,349.0
2023-10-19,15,1.8,270.0
2023-10-19,16,4.7,238.0
2023-10-19,17,7.7,229.0
2023-10-19,18,9.7,219.0
2023-10-19,19,14.0,215.0
2023-10-19,20,9.2,225.0
2023-10-19,21,3.4,162.0
2023-10-19,22,6.4,133.0
2023-10-19,23,8.8,171.0
2023-10-19,24,8.5,192.0
2023-10-20,1,5.2,196.0
2023-10-20,2,3.6,180.0
2023-10-20,3,2.5,188.0
2023-10-20,4,1.5,346.0
2023-10-20,5,2.9,360.0
2023-10-20,6,2.1,31.0
2023-10-20,7,1.3,304.0
2023-10-20,8,1.0,315.0
2023-10-20,9,5.5,349.0
2023-10-20,10,11.3,7.0
2023-10-20,11,9.9,19.0
2023-10-20,12,5.6,345.0
2023-10-20,13,4.7,328.0
2023-10-20,14,4.0,280.0
2023-10-20,15,6.2,249.0
2023-10-20,16,8.3,236.0
2023-10-20,17,10.0,221.0
2023-10-20,18,10.3,216.0
2023-10-20,19,11.5,221.0
2023-10-20,20,6.6,225.0
2023-10-20,21,4.0,185.0
2023-10-20,22,4.1,142.0
2023-10-20,23,3.0,104.0
2023-10-20,24,2.4,117.0
2023-10-21,1,1.5,194.0
2023-10-21,2,1.8,233.0
2023-10-21,3,2.5,278.0
2023-10-21,4,4.1,315.0
2023-10-21,5,5.2,335.0
2023-10-21,6,5.1,352.0
2023-10-21,7,3.5,336.0
2023-10-21,8,4.1,315.0
2023-10-21,9,6.4,317.0
2023-10-21,10,6.3,336.0
2023-10-21,11,5.9,349.0
2023-10-21,12,5.5,328.0
2023-10-21,13,3.4,288.0
2023-10-21,14,6.5,236.0
2023-10-21,15,11.5,231.0
2023-10-21,16,13.0,228.0
2023-10-21,17,13.0,224.0
2023-10-21,18,13.5,226.0
2023-10-21,19,14.6,213.0
2023-10-21,20,18.2,210.0
2023-10-21,21,17.4,193.0
2023-10-21,22,14.5,187.0
2023-10-21,23,17.8,201.0
2023-10-21,24,21.1,205.0
2023-10-22,1,21.4,200.0
2023-10-22,2,20.6,199.0
2023-10-22,3,16.3,205.0
2023-10-22,4,12.4,206.0
2023-10-22,5,7.3,200.0
2023-10-22,6,1.1,252.0
2023-10-22,7,3.9,326.0
2023-10-22,8,4.1,15.0
2023-10-22,9,3.6,6.0
2023-10-22,10,4.1,15.0
2023-10-22,11,4.8,13.0
2023-10-22,12,7.7,349.0
2023-10-22,13,8.9,346.0
2023-10-22,14,9.4,342.0
2023-10-22,15,8.2,337.0
2023-10-22,16,8.6,338.0
2023-10-22,17,9.0,358.0
2023-10-22,18,7.6,19.0
2023-10-22,19,1.8,37.0
2023-10-22,20,4.3,48.0
2023-10-22,21,5.9,104.0
2023-10-22,22,7.0,159.0
2023-10-22,23,4.0,190.0
2023-10-22,24,1.8,259.0
2023-10-23,1,3.3,354.0
2023-10-23,2,4.8,318.0
2023-10-23,3,18.6,342.0
2023-10-23,4,10.9,224.0
2023-10-23,5,2.7,247.0
2023-10-23,6,2.7,67.0
2023-10-23,7,3.9,124.0
2023-10-23,8,8.2,232.0
2023-10-23,9,20.9,226.0
2023-10-23,10,19.4,198.0
2023-10-23,11,11.5,219.0
2023-10-23,12,5.2,236.0
2023-10-23,13,3.6,225.0
2023-10-23,14,4.8,228.0
2023-10-23,15,7.1,246.0
2023-10-23,16,12.0,237.0
2023-10-23,17,15.1,230.0
2023-10-23,18,20.6,224.0
2023-10-23,19,20.4,234.0
2023-10-23,20,25.4,232.0
2023-10-23,21,28.5,205.0
2023-10-23,22,30.0,193.0
2023-10-23,23,29.8,205.0
2023-10-23,24,33.4,200.0
2023-10-24,1,34.5,200.0
2023-10-24,2,34.2,202.0
2023-10-24,3,32.1,205.0
2023-10-24,4,32.4,203.0
2023-10-24,5,32.9,203.0
2023-10-24,6,31.6,206.0
2023-10-24,7,29.6,207.0
2023-10-24,8,31.1,205.0
2023-10-24,9,31.2,206.0
2023-10-24,10,30.9,206.0
2023-10-24,11,31.5,211.0
2023-10-24,12,30.2,213.0
2023-10-24,13,32.2,214.0
2023-10-24,14,32.6,217.0
2023-10-24,15,31.8,218.0
2023-10-24,16,30.3,222.0
2023-10-24,17,27.7,218.0
2023-10-24,18,27.3,214.0
2023-10-24,19,24.2,217.0
2023-10-24,20,22.4,204.0
2023-10-24,21,23.1,184.0
2023-10-24,22,20.5,170.0
2023-10-24,23,22.3,166.0
2023-10-24,24,30.3,170.0
2023-10-25,1,34.6,172.0
2023-10-25,2,36.3,169.0
2023-10-25,3,36.9,174.0
2023-10-25,4,33.8,180.0
2023-10-25,5,30.5,194.0
2023-10-25,6,24.5,206.0
2023-10-25,7,23.4,227.0
2023-10-25,8,15.8,207.0
2023-10-25,9,12.6,182.0
2023-10-25,10,15.4,217.0
2023-10-25,11,24.5,216.0
2023-10-25,12,27.8,221.0
2023-10-25,13,31.4,220.0
2023-10-25,14,27.2,208.0
2023-10-25,15,23.9,201.0
2023-10-25,16,17.9,189.0
2023-10-25,17,15.4,191.0
2023-10-25,18,16.1,200.0
2023-10-25,19,20.4,206.0
2023-10-25,20,25.9,181.0
2023-10-25,21,24.9,177.0
2023-10-25,22,25.6,176.0
2023-10-25,23,26.4,166.0
2023-10-25,24,20.4,159.0
2023-10-26,1,24.9,175.0
2023-10-26,2,30.0,176.0
2023-10-26,3,29.6,196.0
2023-10-26,4,44.1,223.0
2023-10-26,5,39.8,210.0
2023-10-26,6,44.5,213.0
2023-10-26,7,41.2,214.0
2023-10-26,8,37.6,210.0
2023-10-26,9,43.0,205.0
2023-10-26,10,45.4,211.0
2023-10-26,11,51.9,216.0
2023-10-26,12,46.6,227.0
2023-10-26,13,29.5,261.0
2023-10-26,14,8.6,272.0
2023-10-26,15,11.6,248.0
2023-10-26,16,4.5,209.0
2023-10-26,17,11.8,211.0
2023-10-26,18,21.7,223.0
2023-10-26,19,32.9,217.0
2023-10-26,20,28.1,213.0
2023-10-26,21,30.9,216.0
2023-10-26,22,25.6,206.0
2023-10-26,23,25.0,195.0
2023-10-26,24,25.2,190.0
2023-10-27,1,23.9,187.0
2023-10-27,2,21.7,187.0
2023-10-27,3,20.2,191.0
2023-10-27,4,19.2,188.0
2023-10-27,5,17.7,185.0
2023-10-27,6,12.9,193.0
2023-10-27,7,6.3,211.0
2023-10-27,8,4.3,246.0
2023-10-27,9,1.8,323.0
2023-10-27,10,3.1,21.0
2023-10-27,11,2.9,360.0
2023-10-27,12,2.5,278.0
2023-10-27,13,7.0,235.0
2023-10-27,14,11.0,232.0
2023-10-27,15,13.8,229.0
2023-10-27,16,19.7,239.0
2023-10-27,17,19.7,239.0
2023-10-27,18,22.1,240.0
2023-10-27,19,19.2,240.0
2023-10-27,20,10.2,225.0
2023-10-27,21,10.8,206.0
2023-10-27,22,13.5,196.0
2023-10-27,23,13.0,194.0
2023-10-27,24,12.6,204.0
2023-10-28,1,10.4,284.0
2023-10-28,2,15.1,357.0
2023-10-28,3,10.6,24.0
2023-10-28,4,11.2,4.0
2023-10-28,5,14.1,6.0
2023-10-28,6,15.8,12.0
2023-10-28,7,17.7,17.0
2023-10-28,8,13.7,2.0
2023-10-28,9,15.4,349.0
2023-10-28,10,17.7,356.0
2023-10-28,11,18.4,358.0
2023-10-28,12,18.0,1.0
2023-10-28,13,17.6,360.0
2023-10-28,14,17.3,356.0
2023-10-28,15,18.9,352.0
2023-10-28,16,18.9,351.0
2023-10-28,17,17.5,351.0
2023-10-28,18,17.9,351.0
2023-10-28,19,18.3,350.0
2023-10-28,20,22.0,360.0
2023-10-28,21,24.5,357.0
2023-10-28,22,22.3,2.0
2023-10-28,23,19.4,10.0
2023-10-28,24,20.3,7.0
2023-10-29,1,22.8,6.0
2023-10-29,2,23.3,8.0
2023-10-29,3,22.7,10.0
2023-10-29,4,21.8,13.0
2023-10-29,5,21.2,15.0
2023-10-29,6,21.5,18.0
2023-10-29,7,21.5,21.0
2023-10-29,8,19.5,25.0
2023-10-29,9,18.2,25.0
2023-10-29,10,18.0,26.0
2023-10-29,11,12.7,25.0
2023-10-29,12,12.6,20.0
2023-10-29,13,12.3,21.0
2023-10-29,14,9.5,11.0
2023-10-29,15,8.8,351.0
2023-10-29,16,8.3,342.0
2023-10-29,17,6.2,339.0
2023-10-29,18,4.6,342.0
2023-10-29,19,2.4,27.0
2023-10-29,20,5.6,140.0
2023-10-29,21,7.2,153.0
2023-10-29,22,7.9,177.0
2023-10-29,23,8.8,192.0
2023-10-29,24,8.7,197.0
2023-10-30,1,7.9,196.0
2023-10-30,2,5.5,191.0
2023-10-30,3,4.3,180.0
2023-10-30,4,2.2,171.0
2023-10-30,5,1.9,112.0
2023-10-30,6,1.3,56.0
2023-10-30,7,1.8,11.0
2023-10-30,8,2.3,342.0
2023-10-30,9,4.4,9.0
2023-10-30,10,4.7,23.0
2023-10-30,11,4.0,10.0
2023-10-30,12,2.5,360.0
2023-10-30,13,2.5,225.0
2023-10-30,14,4.8,228.0
2023-10-30,15,4.8,243.0
2023-10-30,16,3.7,259.0
2023-10-30,17,1.5,256.0
2023-10-30,18,0.8,207.0
2023-10-30,19,2.1,211.0
2023-10-30,20,6.0,25.0
2023-10-30,21,6.9,43.0
2023-10-30,22,7.3,70.0
2023-10-30,23,5.4,70.0
2023-10-30,24,4.2,31.0
2023-10-31,1,4.6,18.0
2023-10-31,2,4.3,24.0
2023-10-31,3,4.0,27.0
2023-10-31,4,4.0,27.0
2023-10-31,5,4.5,14.0
2023-10-31,6,5.5,11.0
2023-10-31,7,6.2,10.0
2023-10-31,8,4.8,13.0
2023-10-31,9,6.6,13.0
2023-10-31,10,6.3,31.0
2023-10-31,11,6.2,10.0
2023-10-31,12,6.6,351.0
2023-10-31,13,6.1,360.0
2023-10-31,14,5.1,356.0
2023-10-31,15,4.7,337.0
2023-10-31,16,4.9,324.0
2023-10-31,17,5.8,330.0
2023-10-31,18,8.8,341.0
2023-10-31,19,14.8,359.0
2023-10-31,20,18.3,32.0
2023-10-31,21,15.5,44.0
2023-10-31,22,11.8,31.0
2023-10-31,23,7.7,11.0
2023-10-31,24,6.1,360.0
2023-11-01,1,6.6,347.0
2023-11-01,2,6.1,3.0
2023-11-01,3,6.1,360.0
2023-11-01,4,5.5,23.0
2023-11-01,5,6.5,360.0
2023-11-01,6,5.8,360.0
2023-11-01,7,5.0,360.0
2023-11-01,8,5.1,352.0
2023-11-01,9,6.6,351.0
2023-11-01,10,5.2,16.0
2023-11-01,11,4.7,4.0
2023-11-01,12,9.0,331.0
2023-11-01,13,4.0,355.0
2023-11-01,14,1.8,307.0
2023-11-01,15,4.9,253.0
2023-11-01,16,7.9,227.0
2023-11-01,17,9.9,226.0
2023-11-01,18,12.4,240.0
2023-11-01,19,11.4,257.0
2023-11-01,20,6.3,257.0
2023-11-01,21,2.3,231.0
2023-11-01,22,1.1,342.0
2023-11-01,23,4.7,86.0
2023-11-01,24,2.4,117.0
2023-11-02,1,1.0,45.0
2023-11-02,2,2.0,225.0
2023-11-02,3,3.9,202.0
2023-11-02,4,4.2,211.0
2023-11-02,5,4.3,222.0
2023-11-02,6,3.6,225.0
2023-11-02,7,3.7,241.0
2023-11-02,8,7.1,240.0
2023-11-02,9,3.1,249.0
2023-11-02,10,8.4,280.0
2023-11-02,11,8.8,199.0
2023-11-02,12,12.7,209.0
2023-11-02,13,7.5,235.0
2023-11-02,14,13.8,229.0
2023-11-02,15,21.6,224.0
2023-11-02,16,19.6,226.0
2023-11-02,17,17.9,218.0
2023-11-02,18,22.2,212.0
2023-11-02,19,27.1,205.0
2023-11-02,20,22.9,217.0
2023-11-02,21,18.8,234.0
2023-11-02,22,26.1,208.0
2023-11-02,23,33.2,209.0
2023-11-02,24,34.0,208.0
2023-11-03,1,33.4,209.0
2023-11-03,2,33.1,211.0
2023-11-03,3,30.9,209.0
2023-11-03,4,30.9,208.0
2023-11-03,5,29.5,210.0
2023-11-03,6,27.8,211.0
2023-11-03,7,26.1,213.0
2023-11-03,8,28.6,211.0
2023-11-03,9,25.0,207.0
2023-11-03,10,23.2,208.0
2023-11-03,11,22.3,218.0
2023-11-03,12,23.2,221.0
2023-11-03,13,22.7,224.0
2023-11-03,14,23.7,228.0
2023-11-03,15,22.1,224.0
2023-11-03,16,25.0,230.0
2023-11-03,17,29.5,237.0
2023-11-03,18,26.1,240.0
2023-11-03,19,20.8,233.0
2023-11-03,20,25.7,214.0
2023-11-03,21,24.2,210.0
2023-11-03,22,24.7,209.0
2023-11-03,23,24.3,205.0
2023-11-03,24,22.5,202.0
2023-11-04,1,22.2,205.0
2023-11-04,2,22.2,207.0
2023-11-04,3,20.6,209.0
2023-11-04,4,16.3,205.0
2023-11-04,5,12.3,201.0
2023-11-04,6,4.8,228.0
2023-11-04,7,4.2,340.0
2023-11-04,8,2.2,9.0
2023-11-04,9,4.6,342.0
2023-11-04,10,9.0,358.0
2023-11-04,11,7.7,11.0
2023-11-04,12,12.0,339.0
2023-11-04,13,11.5,340.0
2023-11-04,14,9.5,351.0
2023-11-04,15,10.3,348.0
2023-11-04,16,10.1,358.0
2023-11-04,17,8.4,20.0
2023-11-04,18,9.9,19.0
2023-11-04,19,12.2,24.0
2023-11-04,20,10.6,10.0
2023-11-04,21,17.0,4.0
2023-11-04,22,14.2,16.0
2023-11-04,23,15.9,4.0
2023-11-04,24,11.5,360.0
2023-11-05,1,8.0,5.0
2023-11-05,2,15.2,166.0
2023-11-05,3,26.4,185.0
2023-11-05,4,32.0,199.0
2023-11-05,5,29.0,207.0
2023-11-05,6,29.8,215.0
2023-11-05,7,32.4,201.0
2023-11-05,8,40.8,202.0
2023-11-05,9,44.3,198.0
2023-11-05,10,39.3,206.0
2023-11-05,11,33.1,222.0
2023-11-05,12,30.9,221.0
2023-11-05,13,36.0,217.0
2023-11-05,14,38.7,224.0
2023-11-05,15,39.5,232.0
2023-11-05,16,39.0,235.0
2023-11-05,17,35.2,233.0
2023-11-05,18,31.4,228.0
2023-11-05,19,25.4,219.0
2023-11-05,20,25.5,213.0
2023-11-05,21,25.9,207.0
2023-11-05,22,25.5,203.0
2023-11-05,23,23.5,198.0
2023-11-05,24,19.5,185.0
2023-11-06,1,16.6,178.0
2023-11-06,2,13.7,194.0
2023-11-06,3,15.1,180.0
2023-11-06,4,19.9,167.0
2023-11-06,5,21.1,166.0
2023-11-06,6,21.3,161.0
2023-11-06,7,18.0,179.0
2023-11-06,8,15.9,186.0
2023-11-06,9,12.6,156.0
2023-11-06,10,16.4,171.0
2023-11-06,11,11.2,186.0
2023-11-06,12,12.6,143.0
2023-11-06,13,20.3,192.0
2023-11-06,14,30.4,201.0
2023-11-06,15,27.4,190.0
2023-11-06,16,15.5,177.0
2023-11-06,17,4.3,132.0
2023-11-06,18,17.0,287.0
2023-11-06,19,21.7,230.0
2023-11-06,20,32.4,209.0
2023-11-06,21,36.7,204.0
2023-11-06,22,35.9,206.0
2023-11-06,23,31.6,215.0
2023-11-06,24,36.1,210.0
2023-11-07,1,36.6,210.0
2023-11-07,2,37.4,206.0
2023-11-07,3,34.6,208.0
2023-11-07,4,29.5,213.0
2023-11-07,5,27.4,213.0
2023-11-07,6,27.2,217.0
2023-11-07,7,23.4,226.0
2023-11-07,8,26.5,223.0
2023-11-07,9,25.3,221.0
2023-11-07,10,25.6,218.0
2023-11-07,11,26.0,224.0
2023-11-07,12,32.1,228.0
2023-11-07,13,31.2,234.0
2023-11-07,14,30.9,229.0
2023-11-07,15,30.9,238.0
2023-11-07,16,29.8,238.0
2023-11-07,17,30.6,240.0
2023-11-07,18,29.3,236.0
2023-11-07,19,28.7,219.0
2023-11-07,20,33.0,209.0
2023-11-07,21,32.9,209.0
2023-11-07,22,32.4,206.0
2023-11-07,23,32.7,201.0
2023-11-07,24,32.3,199.0
2023-11-08,1,30.6,201.0
2023-11-08,2,30.0,204.0
2023-11-08,3,28.8,206.0
2023-11-08,4,28.2,203.0
2023-11-08,5,26.1,203.0
2023-11-08,6,25.0,208.0
2023-11-08,7,23.4,209.0
2023-11-08,8,23.8,207.0
2023-11-08,9,22.6,205.0
2023-11-08,10,23.8,207.0
2023-11-08,11,20.7,211.0
2023-11-08,12,19.4,215.0
2023-11-08,13,17.6,215.0
2023-11-08,14,15.5,222.0
2023-11-08,15,12.6,239.0
2023-11-08,16,14.8,236.0
2023-11-08,17,18.6,234.0
2023-11-08,18,20.6,226.0
2023-11-08,19,21.0,215.0
2023-11-08,20,24.7,201.0
2023-11-08,21,24.4,202.0
2023-11-08,22,24.0,206.0
2023-11-08,23,23.4,203.0
2023-11-08,24,23.7,202.0
2023-11-09,1,24.5,200.0
2023-11-09,2,24.8,199.0
2023-11-09,3,23.0,200.0
2023-11-09,4,20.9,201.0
2023-11-09,5,18.9,204.0
2023-11-09,6,16.1,209.0
2023-11-09,7,13.0,214.0
2023-11-09,8,7.4,219.0
2023-11-09,9,5.0,249.0
2023-11-09,10,2.3,342.0
2023-11-09,11,2.5,352.0
2023-11-09,12,1.9,292.0
2023-11-09,13,7.0,235.0
2023-11-09,14,12.1,233.0
2023-11-09,15,12.7,235.0
2023-11-09,16,12.6,239.0
2023-11-09,17,12.6,243.0
2023-11-09,18,12.4,244.0
2023-11-09,19,12.3,265.0
2023-11-09,20,5.9,284.0
2023-11-09,21,2.9,7.0
2023-11-09,22,6.5,34.0
2023-11-09,23,10.1,27.0
2023-11-09,24,6.3,24.0
2023-11-10,1,6.1,360.0
2023-11-10,2,4.0,360.0
2023-11-10,3,4.4,351.0
2023-11-10,4,4.7,4.0
2023-11-10,5,2.5,8.0
2023-11-10,6,2.3,342.0
2023-11-10,7,7.1,345.0
2023-11-10,8,5.1,352.0
2023-11-10,9,5.1,352.0
2023-11-10,10,4.2,340.0
2023-11-10,11,2.3,18.0
2023-11-10,12,5.5,328.0
2023-11-10,13,6.9,309.0
2023-11-10,14,8.8,282.0
2023-11-10,15,10.0,232.0
2023-11-10,16,14.5,222.0
2023-11-10,17,17.6,221.0
2023-11-10,18,13.6,238.0
2023-11-10,19,12.0,229.0
2023-11-10,20,6.5,199.0
2023-11-10,21,11.3,211.0
2023-11-10,22,11.5,219.0
2023-11-10,23,11.5,212.0
2023-11-10,24,14.6,200.0
2023-11-11,1,18.2,207.0
2023-11-11,2,18.7,205.0
2023-11-11,3,16.5,203.0
2023-11-11,4,14.8,206.0
2023-11-11,5,15.1,205.0
2023-11-11,6,14.0,209.0
2023-11-11,7,12.3,212.0
2023-11-11,8,14.0,206.0
2023-11-11,9,13.6,212.0
2023-11-11,10,11.3,217.0
2023-11-11,11,9.9,224.0
2023-11-11,12,8.6,237.0
2023-11-11,13,15.1,218.0
2023-11-11,14,23.7,216.0
2023-11-11,15,30.8,223.0
2023-11-11,16,32.4,222.0
2023-11-11,17,32.7,221.0
2023-11-11,18,31.8,218.0
2023-11-11,19,31.4,208.0
2023-11-11,20,33.2,195.0
2023-11-11,21,34.9,194.0
2023-11-11,22,30.3,198.0
2023-11-11,23,24.1,215.0
2023-11-11,24,23.5,216.0
2023-11-12,1,25.6,212.0
2023-11-12,2,27.3,211.0
2023-11-12,3,27.5,212.0
2023-11-12,4,26.3,209.0
2023-11-12,5,24.0,206.0
2023-11-12,6,20.4,201.0
2023-11-12,7,15.2,194.0
2023-11-12,8,5.9,191.0
2023-11-12,9,1.8,360.0
2023-11-12,10,5.4,8.0
2023-11-12,11,5.2,16.0
2023-11-12,12,5.7,342.0
2023-11-12,13,10.0,334.0
2023-11-12,14,10.1,343.0
2023-11-12,15,9.3,347.0
2023-11-12,16,7.9,360.0
2023-11-12,17,7.2,357.0
2023-11-12,18,10.8,360.0
2023-11-12,19,12.9,23.0
2023-11-12,20,9.8,54.0
2023-11-12,21,5.4,82.0
2023-11-12,22,3.3,49.0
2023-11-12,23,2.9,7.0
2023-11-12,24,1.3,56.0
2023-11-13,1,6.9,152.0
2023-11-13,2,6.5,177.0
2023-11-13,3,3.8,287.0
2023-11-13,4,2.8,310.0
2023-11-13,5,1.1,342.0
2023-11-13,6,0.5,225.0
2023-11-13,7,4.8,167.0
2023-11-13,8,8.1,167.0
2023-11-13,9,9.6,167.0
2023-11-13,10,8.5,168.0
2023-11-13,11,6.5,177.0
2023-11-13,12,5.3,208.0
2023-11-13,13,6.6,279.0
2023-11-13,14,8.4,250.0
2023-11-13,15,13.2,223.0
2023-11-13,16,15.1,220.0
2023-11-13,17,17.3,223.0
2023-11-13,18,17.1,219.0
2023-11-13,19,17.7,197.0
2023-11-13,20,19.2,186.0
2023-11-13,21,20.2,184.0
2023-11-13,22,18.7,191.0
2023-11-13,23,14.1,199.0
2023-11-13,24,10.7,192.0
2023-11-14,1,8.7,185.0
2023-11-14,2,7.9,183.0
2023-11-14,3,7.6,175.0
2023-11-14,4,5.8,176.0
2023-11-14,5,0.8,153.0
2023-11-14,6,4.6,321.0
2023-11-14,7,5.8,338.0
2023-11-14,8,2.7,337.0
2023-11-14,9,1.0,315.0
2023-11-14,10,1.5,315.0
2023-11-14,11,1.1,162.0
2023-11-14,12,2.9,240.0
2023-11-14,13,7.1,300.0
2023-11-14,14,6.5,270.0
2023-11-14,15,10.6,235.0
2023-11-14,16,14.5,222.0
2023-11-14,17,19.4,223.0
2023-11-14,18,18.1,221.0
2023-11-14,19,19.9,215.0
2023-11-14,20,19.5,196.0
2023-11-14,21,23.1,177.0
2023-11-14,22,24.9,176.0
2023-11-14,23,21.8,172.0
2023-11-14,24,17.5,171.0
2023-11-15,1,16.5,169.0
2023-11-15,2,14.2,173.0
2023-11-15,3,10.6,170.0
2023-11-15,4,8.4,173.0
2023-11-15,5,5.2,168.0
2023-11-15,6,1.3,146.0
2023-11-15,7,0.0,270.0
2023-11-15,8,4.1,195.0
2023-11-15,9,2.6,214.0
2023-11-15,10,3.2,333.0
2023-11-15,11,3.3,13.0
2023-11-15,12,1.5,315.0
2023-11-15,13,6.6,311.0
2023-11-15,14,7.0,305.0
2023-11-15,15,6.9,276.0
2023-11-15,16,8.0,252.0
2023-11-15,17,11.0,229.0
2023-11-15,18,11.5,226.0
2023-11-15,19,14.8,193.0
2023-11-15,20,26.8,173.0
2023-11-15,21,27.4,180.0
2023-11-15,22,22.6,194.0
2023-11-15,23,16.0,216.0
2023-11-15,24,11.2,222.0
2023-11-16,1,8.5,216.0
2023-11-16,2,10.4,200.0
2023-11-16,3,14.0,192.0
2023-11-16,4,16.1,196.0
2023-11-16,5,13.4,207.0
2023-11-16,6,3.8,221.0
2023-11-16,7,7.7,191.0
2023-11-16,8,22.6,209.0
2023-11-16,9,16.6,229.0
2023-11-16,10,15.5,228.0
2023-11-16,11,23.7,222.0
2023-11-16,12,26.6,216.0
2023-11-16,13,33.0,219.0
2023-11-16,14,33.9,222.0
2023-11-16,15,32.8,225.0
2023-11-16,16,31.3,225.0
2023-11-16,17,29.5,225.0
2023-11-16,18,27.8,221.0
2023-11-16,19,26.6,221.0
2023-11-16,20,26.9,215.0
2023-11-16,21,28.5,206.0
2023-11-16,22,29.9,206.0
2023-11-16,23,28.0,204.0
2023-11-16,24,26.2,201.0
2023-11-17,1,25.3,200.0
2023-11-17,2,23.1,201.0
2023-11-17,3,20.5,204.0
2023-11-17,4,18.0,209.0
2023-11-17,5,13.2,215.0
2023-11-17,6,9.4,227.0
2023-11-17,7,7.4,223.0
2023-11-17,8,4.5,194.0
2023-11-17,9,2.5,188.0
2023-11-17,10,3.3,6.0
2023-11-17,11,4.7,351.0
2023-11-17,12,4.9,324.0
2023-11-17,13,4.2,340.0
2023-11-17,14,3.9,338.0
2023-11-17,15,4.9,324.0
2023-11-17,16,4.9,306.0
2023-11-17,17,4.7,293.0
2023-11-17,18,5.9,349.0
2023-11-17,19,9.4,18.0
2023-11-17,20,5.6,50.0
2023-11-17,21,12.5,33.0
2023-11-17,22,16.5,36.0
2023-11-17,23,11.3,31.0
2023-11-17,24,9.1,34.0
2023-11-18,1,7.6,31.0
2023-11-18,2,6.4,16.0
2023-11-18,3,9.1,7.0
2023-11-18,4,10.5,16.0
2023-11-18,5,9.0,16.0
2023-11-18,6,8.0,18.0
2023-11-18,7,8.0,27.0
2023-11-18,8,6.8,32.0
2023-11-18,9,6.2,21.0
2023-11-18,10,6.6,13.0
2023-11-18,11,6.4,16.0
2023-11-18,12,6.8,360.0
2023-11-18,13,10.7,340.0
2023-11-18,14,10.1,343.0
2023-11-18,15,8.9,346.0
2023-11-18,16,6.8,335.0
2023-11-18,17,4.1,308.0
2023-11-18,18,1.9,202.0
2023-11-18,19,4.0,185.0
2023-11-18,20,20.9,199.0
2023-11-18,21,14.1,195.0
2023-11-18,22,11.2,176.0
2023-11-18,23,13.7,177.0
2023-11-18,24,16.2,176.0
2023-11-19,1,11.2,184.0
2023-11-19,2,8.6,182.0
2023-11-19,3,8.7,175.0
2023-11-19,4,7.4,157.0
2023-11-19,5,6.1,152.0
2023-11-19,6,4.5,166.0
2023-11-19,7,1.5,194.0
2023-11-19,8,4.0,95.0
2023-11-19,9,0.8,27.0
2023-11-19,10,4.3,336.0
2023-11-19,11,2.1,239.0
2023-11-19,12,8.0,207.0
2023-11-19,13,15.9,213.0
2023-11-19,14,15.8,221.0
2023-11-19,15,15.5,228.0
2023-11-19,16,15.3,229.0
2023-11-19,17,23.0,209.0
2023-11-19,18,38.3,204.0
2023-11-19,19,38.8,207.0
2023-11-19,20,28.9,213.0
2023-11-19,21,26.4,209.0
2023-11-19,22,22.7,207.0
2023-11-19,23,21.5,211.0
2023-11-19,24,21.5,211.0
2023-11-20,1,22.7,209.0
2023-11-20,2,25.8,207.0
2023-11-20,3,24.6,205.0
2023-11-20,4,23.5,205.0
2023-11-20,5,20.2,202.0
2023-11-20,6,18.1,201.0
2023-11-20,7,20.3,205.0
2023-11-20,8,23.7,208.0
2023-11-20,9,22.5,207.0
2023-11-20,10,21.5,201.0
2023-11-20,11,19.7,204.0
2023-11-20,12,18.7,208.0
2023-11-20,13,16.6,214.0
2023-11-20,14,13.8,223.0
2023-11-20,15,10.5,221.0
2023-11-20,16,9.7,222.0
2023-11-20,17,8.9,207.0
2023-11-20,18,7.9,180.0
2023-11-20,19,11.2,178.0
2023-11-20,20,10.0,154.0
2023-11-20,21,7.4,141.0
2023-11-20,22,5.6,140.0
2023-11-20,23,5.0,180.0
2023-11-20,24,8.6,195.0
2023-11-21,1,10.0,195.0
2023-11-21,2,8.2,195.0
2023-11-21,3,5.2,168.0
2023-11-21,4,7.1,135.0
2023-11-21,5,8.0,126.0
2023-11-21,6,5.6,117.0
2023-11-21,7,3.6,90.0
2023-11-21,8,6.8,65.0
2023-11-21,9,7.7,41.0
2023-11-21,10,12.1,30.0
2023-11-21,11,10.7,42.0
2023-11-21,12,5.8,356.0
2023-11-21,13,6.0,343.0
2023-11-21,14,5.8,330.0
2023-11-21,15,3.8,311.0
2023-11-21,16,0.8,243.0
2023-11-21,17,2.1,149.0
2023-11-21,18,2.1,31.0
2023-11-21,19,6.1,357.0
2023-11-21,20,11.6,16.0
2023-11-21,21,13.6,37.0
2023-11-21,22,12.9,30.0
2023-11-21,23,10.9,8.0
2023-11-21,24,13.7,360.0
2023-11-22,1,9.0,360.0
2023-11-22,2,7.2,360.0
2023-11-22,3,4.0,350.0
2023-11-22,4,7.1,336.0
2023-11-22,5,5.9,346.0
2023-11-22,6,7.4,346.0
2023-11-22,7,2.3,18.0
2023-11-22,8,3.7,331.0
2023-11-22,9,5.8,7.0
2023-11-22,10,2.8,40.0
2023-11-22,11,3.3,347.0
2023-11-22,12,2.9,330.0
2023-11-22,13,6.4,322.0
2023-11-22,14,4.0,270.0
2023-11-22,15,7.1,255.0
2023-11-22,16,7.4,247.0
2023-11-22,17,7.6,262.0
2023-11-22,18,6.6,279.0
2023-11-22,19,6.4,313.0
2023-11-22,20,13.6,12.0
2023-11-22,21,12.1,27.0
2023-11-22,22,8.7,30.0
2023-11-22,23,10.0,15.0
2023-11-22,24,8.9,32.0
2023-11-23,1,10.1,17.0
2023-11-23,2,12.5,33.0
2023-11-23,3,11.7,34.0
2023-11-23,4,11.9,25.0
2023-11-23,5,14.8,23.0
2023-11-23,6,14.8,39.0
2023-11-23,7,12.0,39.0
2023-11-23,8,14.6,33.0
2023-11-23,9,15.7,16.0
2023-11-23,10,15.6,26.0
2023-11-23,11,15.0,27.0
2023-11-23,12,13.0,46.0
2023-11-23,13,9.6,34.0
2023-11-23,14,11.1,13.0
2023-11-23,15,13.8,20.0
2023-11-23,16,14.0,26.0
2023-11-23,17,18.2,30.0
2023-11-23,18,16.8,28.0
2023-11-23,19,18.2,34.0
2023-11-23,20,24.1,32.0
2023-11-23,21,24.8,28.0
2023-11-23,22,25.0,27.0
2023-11-23,23,26.2,27.0
2023-11-23,24,26.6,27.0
2023-11-24,1,26.1,26.0
2023-11-24,2,26.6,25.0
2023-11-24,3,25.5,23.0
2023-11-24,4,24.3,21.0
2023-11-24,5,23.0,17.0
2023-11-24,6,22.4,11.0
2023-11-24,7,22.5,7.0
2023-11-24,8,22.7,1.0
2023-11-24,9,24.2,5.0
2023-11-24,10,23.6,8.0
2023-11-24,11,24.3,7.0
2023-11-24,12,19.8,360.0
2023-11-24,13,20.5,2.0
2023-11-24,14,17.7,4.0
2023-11-24,15,13.8,9.0
2023-11-24,16,14.3,12.0
2023-11-24,17,16.0,9.0
2023-11-24,18,15.3,8.0
2023-11-24,19,14.1,3.0
2023-11-24,20,21.9,343.0
2023-11-24,21,25.5,344.0
2023-11-24,22,27.3,351.0
2023-11-24,23,24.9,355.0
2023-11-24,24,20.2,359.0
2023-11-25,1,14.8,1.0
2023-11-25,2,12.2,360.0
2023-11-25,3,11.5,4.0
2023-11-25,4,9.4,4.0
2023-11-25,5,7.9,3.0
2023-11-25,6,5.2,12.0
2023-11-25,7,2.5,360.0
2023-11-25,8,7.2,3.0
2023-11-25,9,7.3,20.0
2023-11-25,10,4.9,73.0
2023-11-25,11,0.8,117.0
2023-11-25,12,1.8,90.0
2023-11-25,13,1.4,90.0
2023-11-25,14,2.3,198.0
2023-11-25,15,6.2,216.0
2023-11-25,16,9.3,216.0
2023-11-25,17,11.0,218.0
2023-11-25,18,13.3,213.0
2023-11-25,19,16.2,217.0
2023-11-25,20,13.9,217.0
2023-11-25,21,13.7,203.0
2023-11-25,22,14.5,199.0
2023-11-25,23,13.4,200.0
2023-11-25,24,12.5,198.0
2023-11-26,1,12.3,195.0
2023-11-26,2,13.3,199.0
2023-11-26,3,11.7,198.0
2023-11-26,4,9.7,202.0
2023-11-26,5,7.4,209.0
2023-11-26,6,6.2,216.0
2023-11-26,7,2.9,210.0
2023-11-26,8,4.7,90.0
2023-11-26,9,6.3,66.0
2023-11-26,10,5.1,51.0
2023-11-26,11,3.8,17.0
2023-11-26,12,2.9,30.0
2023-11-26,13,2.3,51.0
2023-11-26,14,2.5,180.0
2023-11-26,15,4.3,222.0
2023-11-26,16,6.0,213.0
2023-11-26,17,6.9,208.0
2023-11-26,18,7.3,200.0
2023-11-26,19,7.2,217.0
2023-11-26,20,5.6,230.0
2023-11-26,21,3.9,236.0
2023-11-26,22,2.6,236.0
2023-11-26,23,1.5,14.0
2023-11-26,24,3.4,32.0
2023-11-27,1,7.5,35.0
2023-11-27,2,6.1,50.0
2023-11-27,3,3.6,37.0
2023-11-27,4,4.1,15.0
2023-11-27,5,8.0,18.0
2023-11-27,6,10.4,20.0
2023-11-27,7,9.0,16.0
2023-11-27,8,8.0,8.0
2023-11-27,9,8.3,355.0
2023-11-27,10,7.6,3.0
2023-11-27,11,6.9,354.0
2023-11-27,12,5.8,356.0
2023-11-27,13,3.7,11.0
2023-11-27,14,2.2,360.0
2023-11-27,15,1.1,342.0
2023-11-27,16,0.7,270.0
2023-11-27,17,1.6,243.0
2023-11-27,18,2.3,219.0
2023-11-27,19,2.4,297.0
2023-11-27,20,6.7,16.0
2023-11-27,21,11.3,17.0
2023-11-27,22,12.8,22.0
2023-11-27,23,12.4,17.0
2023-11-27,24,11.3,17.0
2023-11-28,1,11.4,13.0
2023-11-28,2,10.8,15.0
2023-11-28,3,9.0,16.0
2023-11-28,4,8.5,12.0
2023-11-28,5,8.8,12.0
2023-11-28,6,8.7,7.0
2023-11-28,7,8.6,2.0
2023-11-28,8,8.7,355.0
2023-11-28,9,11.2,2.0
2023-11-28,10,11.9,360.0
2023-11-28,11,10.8,358.0
2023-11-28,12,9.0,358.0
2023-11-28,13,7.2,360.0
2023-11-28,14,6.1,360.0
2023-11-28,15,5.8,7.0
2023-11-28,16,5.4,8.0
2023-11-28,17,6.1,28.0
2023-11-28,18,8.2,23.0
2023-11-28,19,11.9,14.0
2023-11-28,20,15.8,24.0
2023-11-28,21,16.6,27.0
2023-11-28,22,15.6,23.0
2023-11-28,23,12.6,20.0
2023-11-28,24,9.0,2.0
2023-11-29,1,6.5,357.0
2023-11-29,2,4.8,347.0
2023-11-29,3,3.4,328.0
2023-11-29,4,3.1,324.0
2023-11-29,5,3.5,336.0
2023-11-29,6,4.5,346.0
2023-11-29,7,5.7,342.0
2023-11-29,8,4.9,343.0
2023-11-29,9,5.0,339.0
2023-11-29,10,7.5,343.0
2023-11-29,11,8.4,350.0
2023-11-29,12,6.2,350.0
2023-11-29,13,3.3,347.0
2023-11-29,14,1.8,307.0
2023-11-29,15,4.2,211.0
2023-11-29,16,6.8,212.0
2023-11-29,17,7.4,231.0
2023-11-29,18,7.9,246.0
2023-11-29,19,8.0,252.0
2023-11-29,20,5.8,240.0
2023-11-29,21,4.2,211.0
2023-11-29,22,5.8,187.0
2023-11-29,23,5.5,191.0
2023-11-29,24,4.2,200.0
2023-11-30,1,4.1,195.0
2023-11-30,2,3.7,191.0
2023-11-30,3,3.6,180.0
2023-11-30,4,4.7,184.0
2023-11-30,5,6.8,205.0
2023-11-30,6,8.3,214.0
2023-11-30,7,8.2,209.0
2023-11-30,8,6.1,220.0
2023-11-30,9,6.6,202.0
2023-11-30,10,7.3,200.0
2023-11-30,11,6.4,223.0
2023-11-30,12,5.9,232.0
2023-11-30,13,7.2,217.0
2023-11-30,14,10.4,214.0
2023-11-30,15,13.0,214.0
2023-11-30,16,15.2,211.0
2023-11-30,17,17.3,216.0
2023-11-30,18,16.0,216.0
2023-11-30,19,13.0,219.0
2023-11-30,20,13.0,214.0
2023-11-30,21,13.0,208.0
2023-11-30,22,12.3,201.0
2023-11-30,23,12.5,198.0
2023-11-30,24,12.8,202.0
2023-12-01,1,11.6,206.0
2023-12-01,2,11.0,203.0
2023-12-01,3,10.3,209.0
2023-12-01,4,5.9,227.0
2023-12-01,5,3.3,264.0
2023-12-01,6,2.2,261.0
2023-12-01,7,3.6,264.0
2023-12-01,8,1.5,256.0
2023-12-01,9,1.3,214.0
2023-12-01,10,3.8,253.0
2023-12-01,11,2.9,240.0
2023-12-01,12,6.1,242.0
2023-12-01,13,8.7,228.0
2023-12-01,14,18.5,209.0
2023-12-01,15,30.5,219.0
2023-12-01,16,35.3,230.0
2023-12-01,17,35.4,223.0
2023-12-01,18,35.7,217.0
2023-12-01,19,35.9,213.0
2023-12-01,20,33.5,210.0
2023-12-01,21,33.5,212.0
2023-12-01,22,35.0,214.0
2023-12-01,23,34.3,212.0
2023-12-01,24,34.6,218.0
2023-12-02,1,33.2,217.0
2023-12-02,2,33.3,216.0
2023-12-02,3,32.8,213.0
2023-12-02,4,29.8,215.0
2023-12-02,5,34.3,208.0
2023-12-02,6,36.9,207.0
2023-12-02,7,38.4,210.0
2023-12-02,8,34.2,210.0
2023-12-02,9,31.2,214.0
2023-12-02,10,29.1,207.0
2023-12-02,11,29.7,213.0
2023-12-02,12,33.4,210.0
2023-12-02,13,36.7,208.0
2023-12-02,14,36.7,206.0
2023-12-02,15,38.1,211.0
2023-12-02,16,36.3,210.0
2023-12-02,17,39.1,208.0
2023-12-02,18,41.7,211.0
2023-12-02,19,47.4,216.0
2023-12-02,20,48.6,220.0
2023-12-02,21,50.7,226.0
2023-12-02,22,46.0,230.0
2023-12-02,23,40.3,235.0
2023-12-02,24,31.6,240.0
2023-12-03,1,28.1,239.0
2023-12-03,2,29.0,232.0
2023-12-03,3,30.3,225.0
2023-12-03,4,31.4,217.0
2023-12-03,5,28.6,214.0
2023-12-03,6,27.7,210.0
2023-12-03,7,28.3,207.0
2023-12-03,8,26.3,203.0
2023-12-03,9,25.1,207.0
2023-12-03,10,22.4,206.0
2023-12-03,11,23.3,207.0
2023-12-03,12,26.6,213.0
2023-12-03,13,27.6,216.0
2023-12-03,14,25.2,214.0
2023-12-03,15,22.5,215.0
2023-12-03,16,18.7,205.0
2023-12-03,17,23.8,209.0
2023-12-03,18,30.5,213.0
2023-12-03,19,32.3,213.0
2023-12-03,20,30.0,213.0
2023-12-03,21,32.8,213.0
2023-12-03,22,32.4,217.0
2023-12-03,23,34.9,215.0
2023-12-03,24,32.2,214.0
2023-12-04,1,32.6,211.0
2023-12-04,2,36.9,207.0
2023-12-04,3,40.6,210.0
2023-12-04,4,40.9,211.0
2023-12-04,5,40.4,214.0
2023-12-04,6,36.9,216.0
2023-12-04,7,38.3,215.0
2023-12-04,8,39.3,213.0
2023-12-04,9,40.0,216.0
2023-12-04,10,38.0,218.0
2023-12-04,11,35.8,220.0
2023-12-04,12,29.9,220.0
2023-12-04,13,27.7,224.0
2023-12-04,14,28.6,229.0
2023-12-04,15,29.5,227.0
2023-12-04,16,28.0,222.0
2023-12-04,17,25.7,222.0
2023-12-04,18,21.8,211.0
2023-12-04,19,27.6,204.0
2023-12-04,20,27.7,201.0
2023-12-04,21,28.8,200.0
2023-12-04,22,28.7,202.0
2023-12-04,23,27.7,201.0
2023-12-04,24,24.3,205.0
2023-12-05,1,19.9,212.0
2023-12-05,2,15.0,224.0
2023-12-05,3,9.5,233.0
2023-12-05,4,10.1,235.0
2023-12-05,5,9.0,241.0
2023-12-05,6,5.6,297.0
2023-12-05,7,7.9,360.0
2023-12-05,8,4.7,4.0
2023-12-05,9,2.7,337.0
2023-12-05,10,4.1,322.0
2023-12-05,11,4.0,333.0
2023-12-05,12,4.2,340.0
2023-12-05,13,7.7,332.0
2023-12-05,14,8.1,339.0
2023-12-05,15,5.6,345.0
2023-12-05,16,5.4,323.0
2023-12-05,17,5.7,325.0
2023-12-05,18,6.8,328.0
2023-12-05,19,11.4,336.0
2023-12-05,20,9.3,16.0
2023-12-05,21,6.8,25.0
2023-12-05,22,6.8,3.0
2023-12-05,23,9.5,351.0
2023-12-05,24,9.0,5.0
2023-12-06,1,5.8,7.0
2023-12-06,2,4.7,360.0
2023-12-06,3,2.3,18.0
2023-12-06,4,3.0,14.0
2023-12-06,5,4.4,9.0
2023-12-06,6,4.2,20.0
2023-12-06,7,5.8,7.0
2023-12-06,8,9.7,356.0
2023-12-06,9,11.5,2.0
2023-12-06,10,10.4,14.0
2023-12-06,11,10.6,10.0
2023-12-06,12,9.8,6.0
2023-12-06,13,9.3,344.0
2023-12-06,14,11.4,332.0
2023-12-06,15,11.9,335.0
2023-12-06,16,10.2,342.0
2023-12-06,17,7.9,344.0
2023-12-06,18,5.0,339.0
2023-12-06,19,2.2,351.0
2023-12-06,20,9.6,200.0
2023-12-06,21,8.6,202.0
2023-12-06,22,3.9,236.0
2023-12-06,23,3.8,311.0
2023-12-06,24,3.8,17.0
2023-12-07,1,1.8,101.0
2023-12-07,2,6.4,153.0
2023-12-07,3,21.3,217.0
2023-12-07,4,39.9,206.0
2023-12-07,5,39.4,198.0
2023-12-07,6,38.6,201.0
2023-12-07,7,42.2,211.0
2023-12-07,8,44.8,212.0
2023-12-07,9,42.9,210.0
2023-12-07,10,44.7,213.0
2023-12-07,11,47.2,218.0
2023-12-07,12,44.7,220.0
2023-12-07,13,48.1,223.0
2023-12-07,14,46.4,222.0
2023-12-07,15,48.4,227.0
2023-12-07,16,42.1,232.0
2023-12-07,17,37.8,230.0
2023-12-07,18,35.2,223.0
2023-12-07,19,36.1,212.0
2023-12-07,20,36.7,215.0
2023-12-07,21,31.8,213.0
2023-12-07,22,31.4,208.0
2023-12-07,23,30.8,206.0
2023-12-07,24,28.0,206.0
2023-12-08,1,22.7,207.0
2023-12-08,2,19.7,208.0
2023-12-08,3,21.6,204.0
2023-12-08,4,23.7,202.0
2023-12-08,5,24.7,209.0
2023-12-08,6,25.8,216.0
2023-12-08,7,23.3,218.0
2023-12-08,8,30.3,223.0
2023-12-08,9,27.8,214.0
2023-12-08,10,28.2,207.0
2023-12-08,11,27.0,214.0
2023-12-08,12,21.3,217.0
2023-12-08,13,19.4,228.0
2023-12-08,14,19.0,237.0
2023-12-08,15,18.6,255.0
2023-12-08,16,20.2,270.0
2023-12-08,17,19.2,275.0
2023-12-08,18,15.2,266.0
2023-12-08,19,15.6,255.0
2023-12-08,20,14.5,263.0
2023-12-08,21,10.3,258.0
2023-12-08,22,9.5,261.0
2023-12-08,23,8.9,249.0
2023-12-08,24,14.2,207.0
2023-12-09,1,22.9,199.0
2023-12-09,2,25.6,204.0
2023-12-09,3,24.6,212.0
2023-12-09,4,23.2,210.0
2023-12-09,5,23.5,207.0
2023-12-09,6,21.6,204.0
2023-12-09,7,19.2,206.0
2023-12-09,8,16.7,205.0
2023-12-09,9,17.4,202.0
2023-12-09,10,18.8,200.0
2023-12-09,11,17.8,201.0
2023-12-09,12,16.6,198.0
2023-12-09,13,17.9,210.0
2023-12-09,14,16.1,207.0
2023-12-09,15,14.3,198.0
2023-12-09,16,13.8,200.0
2023-12-09,17,13.6,197.0
2023-12-09,18,13.6,191.0
2023-12-09,19,13.7,175.0
2023-12-09,20,16.4,154.0
2023-12-09,21,15.8,168.0
2023-12-09,22,19.7,165.0
2023-12-09,23,18.6,171.0
2023-12-09,24,17.3,178.0
2023-12-10,1,17.3,179.0
2023-12-10,2,14.0,181.0
2023-12-10,3,12.6,182.0
2023-12-10,4,15.5,184.0
2023-12-10,5,14.1,186.0
2023-12-10,6,12.6,183.0
2023-12-10,7,9.4,178.0
2023-12-10,8,6.5,177.0
2023-12-10,9,2.5,172.0
2023-12-10,10,2.2,189.0
2023-12-10,11,3.0,194.0
2023-12-10,12,3.5,204.0
2023-12-10,13,6.5,199.0
2023-12-10,14,7.1,210.0
2023-12-10,15,7.2,186.0
2023-12-10,16,9.1,173.0
2023-12-10,17,5.0,180.0
2023-12-10,18,4.0,175.0
2023-12-10,19,2.6,236.0
2023-12-10,20,6.8,357.0
2023-12-10,21,6.1,3.0
2023-12-10,22,6.5,19.0
2023-12-10,23,9.7,358.0
2023-12-10,24,10.5,8.0
2023-12-11,1,11.1,13.0
2023-12-11,2,12.9,13.0
2023-12-11,3,12.1,12.0
2023-12-11,4,11.9,360.0
2023-12-11,5,10.8,358.0
2023-12-11,6,9.7,2.0
2023-12-11,7,10.4,360.0
2023-12-11,8,13.4,8.0
2023-12-11,9,12.7,7.0
2023-12-11,10,10.8,15.0
2023-12-11,11,9.7,15.0
2023-12-11,12,10.5,4.0
2023-12-11,13,9.5,11.0
2023-12-11,14,7.3,33.0
2023-12-11,15,6.6,45.0
2023-12-11,16,5.7,35.0
2023-12-11,17,4.8,42.0
2023-12-11,18,3.3,84.0
2023-12-11,19,1.8,101.0
2023-12-11,20,8.1,13.0
2023-12-11,21,10.5,22.0
2023-12-11,22,13.2,22.0
2023-12-11,23,15.6,29.0
2023-12-11,24,15.7,37.0
2023-12-12,1,14.7,36.0
2023-12-12,2,13.7,30.0
2023-12-12,3,13.8,28.0
2023-12-12,4,14.3,28.0
2023-12-12,5,14.3,25.0
2023-12-12,6,13.5,25.0
2023-12-12,7,13.0,34.0
2023-12-12,8,14.5,35.0
2023-12-12,9,16.1,24.0
2023-12-12,10,16.3,18.0
2023-12-12,11,13.7,14.0
2023-12-12,12,13.4,8.0
2023-12-12,13,11.4,13.0
2023-12-12,14,9.3,13.0
2023-12-12,15,10.2,8.0
2023-12-12,16,10.8,15.0
2023-12-12,17,10.7,20.0
2023-12-12,18,11.1,25.0
2023-12-12,19,10.0,30.0
2023-12-12,20,13.5,9.0
2023-12-12,21,14.8,14.0
2023-12-12,22,13.4,20.0
2023-12-12,23,13.7,14.0
2023-12-12,24,14.4,13.0
2023-12-13,1,14.1,13.0
2023-12-13,2,10.2,18.0
2023-12-13,3,5.5,349.0
2023-12-13,4,10.5,344.0
2023-12-13,5,8.6,15.0
2023-12-13,6,3.6,6.0
2023-12-13,7,6.4,16.0
2023-12-13,8,11.8,50.0
2023-12-13,9,10.9,44.0
2023-12-13,10,14.1,38.0
2023-12-13,11,12.0,39.0
2023-12-13,12,9.9,33.0
2023-12-13,13,6.1,28.0
2023-12-13,14,3.7,11.0
2023-12-13,15,3.6,6.0
2023-12-13,16,3.1,45.0
2023-12-13,17,3.2,90.0
2023-12-13,18,2.2,90.0
2023-12-13,19,2.5,360.0
2023-12-13,20,4.4,55.0
2023-12-13,21,2.3,39.0
2023-12-13,22,1.3,56.0
2023-12-13,23,1.1,18.0
2023-12-13,24,1.6,297.0
2023-12-14,1,3.7,259.0
2023-12-14,2,3.9,214.0
2023-12-14,3,3.7,209.0
2023-12-14,4,3.4,212.0
2023-12-14,5,2.9,210.0
2023-12-14,6,4.4,235.0
2023-12-14,7,6.9,231.0
2023-12-14,8,8.1,212.0
2023-12-14,9,3.7,209.0
2023-12-14,10,2.6,34.0
2023-12-14,11,5.1,8.0
2023-12-14,12,4.3,355.0
2023-12-14,13,2.3,72.0
2023-12-14,14,1.6,207.0
2023-12-14,15,4.3,175.0
2023-12-14,16,3.3,174.0
2023-12-14,17,4.4,189.0
2023-12-14,18,5.7,215.0
2023-12-14,19,6.8,238.0
2023-12-14,20,2.7,157.0
2023-12-14,21,0.8,333.0
2023-12-14,22,1.8,79.0
2023-12-14,23,4.4,325.0
2023-12-14,24,7.0,35.0
2023-12-15,1,5.7,35.0
2023-12-15,2,4.7,4.0
2023-12-15,3,3.7,29.0
2023-12-15,4,6.4,38.0
2023-12-15,5,6.3,13.0
2023-12-15,6,7.2,27.0
2023-12-15,7,5.6,75.0
2023-12-15,8,3.0,14.0
2023-12-15,9,7.3,20.0
2023-12-15,10,6.8,357.0
2023-12-15,11,7.5,343.0
2023-12-15,12,2.3,18.0
2023-12-15,13,1.3,34.0
2023-12-15,14,2.6,16.0
2023-12-15,15,6.2,339.0
2023-12-15,16,4.9,17.0
2023-12-15,17,2.9,360.0
2023-12-15,18,8.2,52.0
2023-12-15,19,11.2,21.0
2023-12-15,20,12.6,27.0
2023-12-15,21,12.4,36.0
2023-12-15,22,14.5,44.0
2023-12-15,23,12.4,30.0
2023-12-15,24,9.4,4.0
2023-12-16,1,9.7,358.0
2023-12-16,2,8.7,7.0
2023-12-16,3,7.8,13.0
2023-12-16,4,5.2,12.0
2023-12-16,5,4.3,5.0
2023-12-16,6,4.7,360.0
2023-12-16,7,3.6,354.0
2023-12-16,8,5.4,340.0
2023-12-16,9,8.8,351.0
2023-12-16,10,10.2,352.0
2023-12-16,11,8.3,342.0
2023-12-16,12,7.7,332.0
2023-12-16,13,5.6,333.0
2023-12-16,14,4.5,331.0
2023-12-16,15,2.8,320.0
2023-12-16,16,2.9,300.0
2023-12-16,17,5.3,298.0
2023-12-16,18,8.0,297.0
2023-12-16,19,6.6,299.0
2023-12-16,20,0.4,270.0
2023-12-16,21,3.8,17.0
2023-12-16,22,3.1,36.0
2023-12-16,23,1.5,45.0
2023-12-16,24,4.1,195.0
2023-12-17,1,4.8,222.0
2023-12-17,2,3.3,257.0
2023-12-17,3,4.0,350.0
2023-12-17,4,6.5,34.0
2023-12-17,5,4.2,110.0
2023-12-17,6,1.5,256.0
2023-12-17,7,5.4,360.0
2023-12-17,8,5.3,28.0
2023-12-17,9,7.3,33.0
2023-12-17,10,5.5,32.0
2023-12-17,11,6.2,7.0
2023-12-17,12,7.3,11.0
2023-12-17,13,5.5,11.0
2023-12-17,14,4.5,14.0
2023-12-17,15,5.2,25.0
2023-12-17,16,5.1,8.0
2023-12-17,17,4.7,9.0
2023-12-17,18,7.5,17.0
2023-12-17,19,13.6,22.0
2023-12-17,20,18.1,31.0
2023-12-17,21,19.7,35.0
2023-12-17,22,17.6,26.0
2023-12-17,23,15.8,27.0
2023-12-17,24,15.0,24.0
2023-12-18,1,11.7,18.0
2023-12-18,2,9.2,21.0
2023-12-18,3,9.8,17.0
2023-12-18,4,11.4,11.0
2023-12-18,5,11.5,4.0
2023-12-18,6,11.6,355.0
2023-12-18,7,10.8,2.0
2023-12-18,8,10.1,6.0
2023-12-18,9,9.7,2.0
2023-12-18,10,7.6,355.0
2023-12-18,11,7.6,352.0
2023-12-18,12,8.0,355.0
2023-12-18,13,11.3,343.0
2023-12-18,14,10.7,340.0
2023-12-18,15,8.1,347.0
2023-12-18,16,8.0,350.0
2023-12-18,17,7.9,344.0
2023-12-18,18,7.9,336.0
2023-12-18,19,5.5,337.0
2023-12-18,20,6.5,360.0
2023-12-18,21,8.3,18.0
2023-12-18,22,3.4,58.0
2023-12-18,23,7.0,325.0
2023-12-18,24,5.8,330.0
2023-12-19,1,8.7,5.0
2023-12-19,2,10.9,6.0
2023-12-19,3,8.1,13.0
2023-12-19,4,5.4,20.0
2023-12-19,5,5.0,360.0
2023-12-19,6,4.7,360.0
2023-12-19,7,3.9,22.0
2023-12-19,8,5.8,356.0
2023-12-19,9,8.7,343.0
2023-12-19,10,7.9,360.0
2023-12-19,11,7.7,349.0
2023-12-19,12,5.9,11.0
2023-12-19,13,6.2,353.0
2023-12-19,14,9.0,337.0
2023-12-19,15,8.6,327.0
2023-12-19,16,4.8,333.0
2023-12-19,17,4.5,346.0
2023-12-19,18,8.3,18.0
2023-12-19,19,11.0,38.0
2023-12-19,20,10.1,27.0
2023-12-19,21,6.9,39.0
2023-12-19,22,4.9,36.0
2023-12-19,23,5.1,39.0
2023-12-19,24,4.3,24.0
2023-12-20,1,5.2,16.0
2023-12-20,2,5.1,4.0
2023-12-20,3,6.2,350.0
2023-12-20,4,7.2,3.0
2023-12-20,5,5.9,14.0
2023-12-20,6,5.8,7.0
2023-12-20,7,6.5,6.0
2023-12-20,8,5.1,4.0
2023-12-20,9,7.2,3.0
2023-12-20,10,6.5,6.0
2023-12-20,11,5.2,16.0
2023-12-20,12,3.9,22.0
2023-12-20,13,5.4,356.0
2023-12-20,14,6.5,354.0
2023-12-20,15,5.8,360.0
2023-12-20,16,5.9,346.0
2023-12-20,17,5.9,349.0
2023-12-20,18,4.8,13.0
2023-12-20,19,4.3,24.0
2023-12-20,20,5.2,25.0
2023-12-20,21,5.4,20.0
2023-12-20,22,6.5,357.0
2023-12-20,23,8.0,355.0
2023-12-20,24,7.6,360.0
2023-12-21,1,5.8,4.0
2023-12-21,2,4.2,20.0
2023-12-21,3,3.3,41.0
2023-12-21,4,1.8,37.0
2023-12-21,5,1.1,90.0
2023-12-21,6,3.5,336.0
2023-12-21,7,6.6,351.0
2023-12-21,8,5.9,11.0
2023-12-21,9,5.2,16.0
2023-12-21,10,6.5,360.0
2023-12-21,11,5.8,353.0
2023-12-21,12,8.7,355.0
2023-12-21,13,4.0,360.0
2023-12-21,14,3.2,333.0
2023-12-21,15,2.3,309.0
2023-12-21,16,2.4,243.0
2023-12-21,17,3.3,264.0
2023-12-21,18,5.4,290.0
2023-12-21,19,6.3,336.0
2023-12-21,20,9.0,16.0
2023-12-21,21,10.7,20.0
2023-12-21,22,10.1,17.0
2023-12-21,23,7.4,14.0
2023-12-21,24,2.9,353.0
2023-12-22,1,3.5,336.0
2023-12-22,2,4.4,351.0
2023-12-22,3,6.8,357.0
2023-12-22,4,7.3,9.0
2023-12-22,5,4.0,355.0
2023-12-22,6,4.3,355.0
2023-12-22,7,6.9,6.0
2023-12-22,8,7.6,3.0
2023-12-22,9,6.6,351.0
2023-12-22,10,5.1,4.0
2023-12-22,11,4.9,17.0
2023-12-22,12,4.7,9.0
2023-12-22,13,7.4,337.0
2023-12-22,14,8.1,339.0
2023-12-22,15,6.8,328.0
2023-12-22,16,6.7,324.0
2023-12-22,17,6.0,327.0
2023-12-22,18,5.6,333.0
2023-12-22,19,6.6,347.0
2023-12-22,20,3.3,41.0
2023-12-22,21,1.3,34.0
2023-12-22,22,1.4,180.0
2023-12-22,23,5.8,187.0
2023-12-22,24,8.7,185.0
2023-12-23,1,9.8,188.0
2023-12-23,2,8.8,192.0
2023-12-23,3,10.0,210.0
2023-12-23,4,19.7,211.0
2023-12-23,5,26.4,206.0
2023-12-23,6,34.9,206.0
2023-12-23,7,40.6,210.0
2023-12-23,8,44.1,211.0
2023-12-23,9,42.3,216.0
2023-12-23,10,37.7,212.0
2023-12-23,11,33.7,207.0
2023-12-23,12,34.6,211.0
2023-12-23,13,33.0,216.0
2023-12-23,14,29.4,220.0
2023-12-23,15,29.0,223.0
2023-12-23,16,20.1,243.0
2023-12-23,17,13.2,287.0
2023-12-23,18,13.8,303.0
2023-12-23,19,10.9,297.0
2023-12-23,20,15.3,297.0
2023-12-23,21,18.3,313.0
2023-12-23,22,14.2,324.0
2023-12-23,23,12.1,323.0
2023-12-23,24,8.3,326.0
2023-12-24,1,2.1,301.0
2023-12-24,2,4.9,197.0
2023-12-24,3,9.3,208.0
2023-12-24,4,13.0,219.0
2023-12-24,5,16.8,215.0
2023-12-24,6,17.7,213.0
2023-12-24,7,16.4,209.0
2023-12-24,8,12.0,213.0
2023-12-24,9,11.8,211.0
2023-12-24,10,8.7,218.0
2023-12-24,11,6.4,218.0
2023-12-24,12,6.9,208.0
2023-12-24,13,8.1,212.0
2023-12-24,14,8.5,216.0
2023-12-24,15,6.9,208.0
2023-12-24,16,5.2,205.0
2023-12-24,17,4.2,200.0
2023-12-24,18,6.6,221.0
2023-12-24,19,6.3,211.0
2023-12-24,20,0.4,90.0
2023-12-24,21,5.4,86.0
2023-12-24,22,11.2,92.0
2023-12-24,23,12.6,87.0
2023-12-24,24,12.7,83.0
2023-12-25,1,7.9,87.0
2023-12-25,2,3.6,96.0
2023-12-25,3,5.8,86.0
2023-12-25,4,7.5,55.0
2023-12-25,5,6.7,36.0
2023-12-25,6,4.7,58.0
2023-12-25,7,4.6,72.0
2023-12-25,8,7.8,34.0
2023-12-25,9,8.4,47.0
2023-12-25,10,8.7,48.0
2023-12-25,11,6.0,25.0
2023-12-25,12,3.5,24.0
2023-12-25,13,4.5,29.0
2023-12-25,14,4.7,23.0
2023-12-25,15,2.2,351.0
2023-12-25,16,1.5,284.0
2023-12-25,17,1.9,248.0
2023-12-25,18,1.8,270.0
2023-12-25,19,1.8,307.0
2023-12-25,20,4.2,31.0
2023-12-25,21,8.1,21.0
2023-12-25,22,7.6,25.0
2023-12-25,23,7.7,41.0
2023-12-25,24,6.8,32.0
2023-12-26,1,5.8,360.0
2023-12-26,2,3.7,11.0
2023-12-26,3,5.2,65.0
2023-12-26,4,7.5,73.0
2023-12-26,5,5.2,34.0
2023-12-26,6,7.0,348.0
2023-12-26,7,5.1,8.0
2023-12-26,8,4.9,54.0
2023-12-26,9,6.1,360.0
2023-12-26,10,7.5,17.0
2023-12-26,11,8.0,36.0
2023-12-26,12,7.1,330.0
2023-12-26,13,4.0,333.0
2023-12-26,14,3.2,27.0
2023-12-26,15,3.3,96.0
2023-12-26,16,4.7,113.0
2023-12-26,17,2.2,99.0
2023-12-26,18,2.3,39.0
2023-12-26,19,4.5,76.0
2023-12-26,20,6.9,6.0
2023-12-26,21,9.2,48.0
2023-12-26,22,15.0,10.0
2023-12-26,23,10.8,30.0
2023-12-26,24,9.2,39.0
2023-12-27,1,8.2,41.0
2023-12-27,2,6.8,360.0
2023-12-27,3,4.1,15.0
2023-12-27,4,5.0,21.0
2023-12-27,5,9.3,77.0
2023-12-27,6,12.5,72.0
2023-12-27,7,12.0,339.0
2023-12-27,8,11.3,27.0
2023-12-27,9,11.6,16.0
2023-12-27,10,9.7,356.0
2023-12-27,11,11.9,2.0
2023-12-27,12,9.7,2.0
2023-12-27,13,9.1,7.0
2023-12-27,14,8.7,24.0
2023-12-27,15,9.2,26.0
2023-12-27,16,9.6,20.0
2023-12-27,17,9.8,17.0
2023-12-27,18,12.3,32.0
2023-12-27,19,16.1,29.0
2023-12-27,20,17.6,41.0
2023-12-27,21,16.0,44.0
2023-12-27,22,14.5,27.0
2023-12-27,23,14.0,23.0
2023-12-27,24,13.0,14.0
2023-12-28,1,13.3,358.0
2023-12-28,2,10.7,14.0
2023-12-28,3,7.5,17.0
2023-12-28,4,6.7,16.0
2023-12-28,5,8.5,348.0
2023-12-28,6,9.4,2.0
2023-12-28,7,11.3,9.0
2023-12-28,8,10.2,350.0
2023-12-28,9,8.7,17.0
2023-12-28,10,10.0,13.0
2023-12-28,11,10.1,2.0
2023-12-28,12,9.4,353.0
2023-12-28,13,7.2,357.0
2023-12-28,14,3.6,45.0
2023-12-28,15,2.4,27.0
2023-12-28,16,3.0,14.0
2023-12-28,17,4.6,45.0
2023-12-28,18,5.1,4.0
2023-12-28,19,9.9,10.0
2023-12-28,20,12.2,19.0
2023-12-28,21,14.8,34.0
2023-12-28,22,12.4,36.0
2023-12-28,23,11.3,31.0
2023-12-28,24,8.7,7.0
2023-12-29,1,11.4,11.0
2023-12-29,2,7.3,33.0
2023-12-29,3,5.6,27.0
2023-12-29,4,5.8,22.0
2023-12-29,5,8.3,358.0
2023-12-29,6,8.4,10.0
2023-12-29,7,9.2,11.0
2023-12-29,8,10.7,14.0
2023-12-29,9,10.4,360.0
2023-12-29,10,11.5,358.0
2023-12-29,11,9.4,358.0
2023-12-29,12,8.3,5.0
2023-12-29,13,7.2,357.0
2023-12-29,14,8.1,347.0
2023-12-29,15,6.6,351.0
2023-12-29,16,7.3,351.0
2023-12-29,17,8.5,348.0
2023-12-29,18,11.9,357.0
2023-12-29,19,14.9,20.0
2023-12-29,20,16.4,26.0
2023-12-29,21,14.0,26.0
2023-12-29,22,10.0,21.0
2023-12-29,23,7.6,8.0
2023-12-29,24,7.6,357.0
2023-12-30,1,8.6,2.0
2023-12-30,2,8.2,15.0
2023-12-30,3,7.1,15.0
2023-12-30,4,5.9,11.0
2023-12-30,5,4.8,13.0
2023-12-30,6,5.0,21.0
2023-12-30,7,5.2,16.0
2023-12-30,8,6.6,29.0
2023-12-30,9,6.2,21.0
2023-12-30,10,7.3,9.0
2023-12-30,11,7.6,357.0
2023-12-30,12,7.9,360.0
2023-12-30,13,9.1,353.0
2023-12-30,14,9.9,341.0
2023-12-30,15,9.0,337.0
2023-12-30,16,9.9,350.0
2023-12-30,17,10.9,354.0
2023-12-30,18,13.0,6.0
2023-12-30,19,13.5,16.0
2023-12-30,20,14.3,12.0
2023-12-30,21,11.8,12.0
2023-12-30,22,8.5,12.0
2023-12-30,23,6.8,3.0
2023-12-30,24,6.9,354.0
2023-12-31,1,6.9,351.0
2023-12-31,2,6.6,351.0
2023-12-31,3,5.4,360.0
2023-12-31,4,3.7,11.0
2023-12-31,5,2.5,360.0
2023-12-31,6,4.1,322.0
2023-12-31,7,4.3,312.0
2023-12-31,8,2.8,230.0
2023-12-31,9,5.0,210.0
2023-12-31,10,9.2,211.0
2023-12-31,11,12.2,208.0
2023-12-31,12,8.6,202.0
2023-12-31,13,4.7,212.0
2023-12-31,14,4.4,215.0
2023-12-31,15,5.6,230.0
2023-12-31,16,6.9,227.0
2023-12-31,17,6.9,227.0
2023-12-31,18,7.6,225.0
2023-12-31,19,8.2,221.0
2023-12-31,20,5.4,217.0
2023-12-31,21,2.6,214.0
2023-12-31,22,1.3,326.0
2023-12-31,23,1.8,79.0
2023-12-31,24,2.2,81.0
2024-01-01,1,2.9,83.0
2024-01-01,2,4.5,61.0
2024-01-01,3,4.8,42.0
2024-01-01,4,4.7,32.0
2024-01-01,5,5.0,30.0
2024-01-01,6,4.7,32.0
2024-01-01,7,5.7,18.0
2024-01-01,8,5.5,11.0
2024-01-01,9,4.4,9.0
2024-01-01,10,4.8,13.0
2024-01-01,11,5.0,30.0
2024-01-01,12,4.0,360.0
2024-01-01,13,3.2,360.0
2024-01-01,14,3.0,346.0
2024-01-01,15,2.2,360.0
2024-01-01,16,1.3,34.0
2024-01-01,17,2.3,18.0
2024-01-01,18,3.9,34.0
2024-01-01,19,5.5,23.0
2024-01-01,20,10.4,34.0
2024-01-01,21,10.2,42.0
2024-01-01,22,9.6,34.0
2024-01-01,23,8.1,32.0
2024-01-01,24,7.6,19.0
2024-01-02,1,7.4,29.0
2024-01-02,2,7.0,55.0
2024-01-02,3,5.5,58.0
2024-01-02,4,5.6,45.0
2024-01-02,5,4.8,48.0
2024-01-02,6,3.8,17.0
2024-01-02,7,6.9,351.0
2024-01-02,8,9.1,9.0
2024-01-02,9,10.0,15.0
2024-01-02,10,8.4,31.0
2024-01-02,11,6.1,360.0
2024-01-02,12,6.8,357.0
2024-01-02,13,3.6,360.0
2024-01-02,14,4.8,333.0
2024-01-02,15,4.8,333.0
2024-01-02,16,4.3,336.0
2024-01-02,17,5.2,344.0
2024-01-02,18,6.8,357.0
2024-01-02,19,7.9,16.0
2024-01-02,20,10.9,27.0
2024-01-02,21,13.7,27.0
2024-01-02,22,10.5,22.0
2024-01-02,23,6.4,16.0
2024-01-02,24,3.6,6.0
2024-01-03,1,1.9,22.0
2024-01-03,2,2.6,16.0
2024-01-03,3,4.5,346.0
2024-01-03,4,6.9,6.0
2024-01-03,5,6.2,10.0
2024-01-03,6,5.8,7.0
2024-01-03,7,6.5,19.0
2024-01-03,8,5.6,45.0
2024-01-03,9,7.6,19.0
2024-01-03,10,10.7,14.0
2024-01-03,11,11.5,14.0
2024-01-03,12,9.8,17.0
2024-01-03,13,9.4,2.0
2024-01-03,14,10.8,4.0
2024-01-03,15,10.1,6.0
2024-01-03,16,11.2,4.0
2024-01-03,17,11.5,2.0
2024-01-03,18,14.1,356.0
2024-01-03,19,15.9,5.0
2024-01-03,20,11.3,7.0
2024-01-03,21,8.2,23.0
2024-01-03,22,9.3,36.0
2024-01-03,23,7.2,27.0
2024-01-03,24,7.8,22.0
2024-01-04,1,5.3,62.0
2024-01-04,2,4.7,94.0
2024-01-04,3,5.4,160.0
2024-01-04,4,14.7,211.0
2024-01-04,5,19.2,218.0
2024-01-04,6,16.4,209.0
2024-01-04,7,16.3,205.0
2024-01-04,8,13.2,209.0
2024-01-04,9,13.6,212.0
2024-01-04,10,14.1,212.0
2024-01-04,11,13.0,208.0
2024-01-04,12,12.9,207.0
2024-01-04,13,13.0,219.0
2024-01-04,14,13.8,227.0
2024-01-04,15,13.6,230.0
2024-01-04,16,12.2,227.0
2024-01-04,17,13.1,217.0
2024-01-04,18,15.4,213.0
2024-01-04,19,20.3,205.0
2024-01-04,20,26.5,224.0
2024-01-04,21,25.0,224.0
2024-01-04,22,23.8,215.0
2024-01-04,23,22.7,213.0
2024-01-04,24,24.2,213.0
2024-01-05,1,26.3,216.0
2024-01-05,2,24.7,211.0
2024-01-05,3,25.3,208.0
2024-01-05,4,26.9,210.0
2024-01-05,5,24.9,214.0
2024-01-05,6,22.9,213.0
2024-01-05,7,20.1,216.0
2024-01-05,8,19.4,220.0
2024-01-05,9,18.9,231.0
2024-01-05,10,15.7,238.0
2024-01-05,11,10.8,249.0
2024-01-05,12,8.4,263.0
2024-01-05,13,5.4,270.0
2024-01-05,14,5.8,248.0
2024-01-05,15,6.6,225.0
2024-01-05,16,10.5,239.0
2024-01-05,17,14.1,232.0
2024-01-05,18,17.8,222.0
2024-01-05,19,22.2,209.0
2024-01-05,20,23.0,212.0
2024-01-05,21,24.5,208.0
2024-01-05,22,26.9,208.0
2024-01-05,23,31.4,204.0
2024-01-05,24,31.5,202.0
2024-01-06,1,30.8,206.0
2024-01-06,2,28.9,201.0
2024-01-06,3,27.6,192.0
2024-01-06,4,28.2,197.0
2024-01-06,5,28.2,203.0
2024-01-06,6,29.2,210.0
2024-01-06,7,27.7,212.0
2024-01-06,8,29.0,215.0
2024-01-06,9,22.3,211.0
2024-01-06,10,21.9,200.0
2024-01-06,11,19.4,191.0
2024-01-06,12,17.7,185.0
2024-01-06,13,21.3,184.0
2024-01-06,14,22.4,175.0
2024-01-06,15,22.8,164.0
2024-01-06,16,24.7,167.0
2024-01-06,17,22.8,168.0
2024-01-06,18,22.7,169.0
2024-01-06,19,24.9,169.0
2024-01-06,20,18.4,186.0
2024-01-06,21,16.6,182.0
2024-01-06,22,15.5,177.0
2024-01-06,23,15.5,176.0
2024-01-06,24,16.9,180.0
2024-01-07,1,17.7,184.0
2024-01-07,2,15.7,191.0
2024-01-07,3,14.2,196.0
2024-01-07,4,11.4,193.0
2024-01-07,5,8.7,210.0
2024-01-07,6,9.9,213.0
2024-01-07,7,11.0,199.0
2024-01-07,8,4.3,228.0
2024-01-07,9,1.6,243.0
2024-01-07,10,3.4,288.0
2024-01-07,11,3.8,287.0
2024-01-07,12,6.5,326.0
2024-01-07,13,6.0,303.0
2024-01-07,14,9.5,295.0
2024-01-07,15,12.2,304.0
2024-01-07,16,11.6,300.0
2024-01-07,17,10.6,294.0
2024-01-07,18,8.7,277.0
2024-01-07,19,12.9,234.0
2024-01-07,20,12.9,240.0
2024-01-07,21,10.1,276.0
2024-01-07,22,12.0,316.0
2024-01-07,23,16.2,347.0
2024-01-07,24,13.0,358.0
2024-01-08,1,7.2,27.0
2024-01-08,2,4.3,85.0
2024-01-08,3,3.9,158.0
2024-01-08,4,5.7,198.0
2024-01-08,5,7.2,186.0
2024-01-08,6,10.6,198.0
2024-01-08,7,14.5,203.0
2024-01-08,8,15.1,205.0
2024-01-08,9,17.1,205.0
2024-01-08,10,17.6,206.0
2024-01-08,11,16.3,205.0
2024-01-08,12,17.6,208.0
2024-01-08,13,18.0,209.0
2024-01-08,14,19.2,210.0
2024-01-08,15,21.1,213.0
2024-01-08,16,22.1,210.0
2024-01-08,17,22.8,218.0
2024-01-08,18,22.0,220.0
2024-01-08,19,20.7,220.0
2024-01-08,20,19.4,211.0
2024-01-08,21,18.4,184.0
2024-01-08,22,24.4,194.0
2024-01-08,23,27.7,205.0
2024-01-08,24,28.8,204.0
2024-01-09,1,29.1,207.0
2024-01-09,2,28.0,209.0
2024-01-09,3,25.0,207.0
2024-01-09,4,22.8,201.0
2024-01-09,5,21.6,191.0
2024-01-09,6,22.3,181.0
2024-01-09,7,21.6,180.0
2024-01-09,8,20.5,178.0
2024-01-09,9,19.8,182.0
2024-01-09,10,21.8,188.0
2024-01-09,11,23.5,184.0
2024-01-09,12,28.6,199.0
2024-01-09,13,32.3,197.0
2024-01-09,14,30.9,192.0
2024-01-09,15,27.1,197.0
2024-01-09,16,27.0,201.0
2024-01-09,17,38.4,210.0
2024-01-09,18,48.9,210.0
2024-01-09,19,46.2,214.0
2024-01-09,20,44.0,225.0
2024-01-09,21,40.5,225.0
2024-01-09,22,39.7,224.0
2024-01-09,23,37.4,225.0
2024-01-09,24,37.2,218.0
2024-01-10,1,39.9,217.0
2024-01-10,2,41.8,216.0
2024-01-10,3,42.4,217.0
2024-01-10,4,42.0,214.0
2024-01-10,5,41.2,211.0
2024-01-10,6,40.3,213.0
2024-01-10,7,42.3,211.0
2024-01-10,8,41.6,213.0
2024-01-10,9,39.8,218.0
2024-01-10,10,37.6,209.0
2024-01-10,11,28.1,199.0
2024-01-10,12,32.0,194.0
2024-01-10,13,31.6,187.0
2024-01-10,14,31.8,202.0
2024-01-10,15,43.4,216.0
2024-01-10,16,46.8,226.0
2024-01-10,17,39.0,238.0
2024-01-10,18,32.4,233.0
2024-01-10,19,29.5,226.0
2024-01-10,20,27.7,215.0
2024-01-10,21,29.5,215.0
2024-01-10,22,28.9,216.0
2024-01-10,23,28.7,210.0
2024-01-10,24,27.0,211.0
2024-01-11,1,24.3,209.0
2024-01-11,2,24.7,209.0
2024-01-11,3,23.5,209.0
2024-01-11,4,23.4,205.0
2024-01-11,5,21.4,207.0
2024-01-11,6,19.6,212.0
2024-01-11,7,19.2,208.0
2024-01-11,8,23.4,209.0
2024-01-11,9,24.5,208.0
2024-01-11,10,26.3,205.0
2024-01-11,11,25.6,209.0
2024-01-11,12,31.6,207.0
2024-01-11,13,33.8,211.0
2024-01-11,14,34.4,221.0
2024-01-11,15,30.8,218.0
2024-01-11,16,34.9,229.0
2024-01-11,17,39.9,236.0
2024-01-11,18,38.9,234.0
2024-01-11,19,39.0,227.0
2024-01-11,20,37.4,223.0
2024-01-11,21,38.7,223.0
2024-01-11,22,38.7,219.0
2024-01-11,23,41.4,213.0
2024-01-11,24,44.3,216.0
2024-01-12,1,47.2,222.0
2024-01-12,2,46.7,220.0
2024-01-12,3,46.7,220.0
2024-01-12,4,46.7,220.0
2024-01-12,5,47.9,224.0
2024-01-12,6,48.7,229.0
2024-01-12,7,46.8,233.0
2024-01-12,8,50.9,241.0
2024-01-12,9,52.3,247.0
2024-01-12,10,48.8,244.0
2024-01-12,11,37.3,239.0
2024-01-12,12,29.8,227.0
2024-01-12,13,28.4,231.0
2024-01-12,14,32.1,247.0
2024-01-12,15,32.1,245.0
2024-01-12,16,40.8,258.0
2024-01-12,17,33.0,263.0
2024-01-12,18,28.0,254.0
2024-01-12,19,26.6,270.0
2024-01-12,20,10.0,15.0
2024-01-12,21,10.5,41.0
2024-01-12,22,8.4,31.0
2024-01-12,23,7.4,43.0
2024-01-12,24,11.5,58.0
2024-01-13,1,23.7,44.0
2024-01-13,2,21.3,37.0
2024-01-13,3,18.0,33.0
2024-01-13,4,15.3,41.0
2024-01-13,5,15.3,47.0
2024-01-13,6,12.7,43.0
2024-01-13,7,8.0,36.0
2024-01-13,8,7.7,49.0
2024-01-13,9,4.8,48.0
2024-01-13,10,7.0,69.0
2024-01-13,11,5.1,51.0
2024-01-13,12,5.2,34.0
2024-01-13,13,2.5,360.0
2024-01-13,14,0.4,360.0
2024-01-13,15,1.1,252.0
2024-01-13,16,0.7,270.0
2024-01-13,17,4.1,315.0
2024-01-13,18,11.1,347.0
2024-01-13,19,18.4,359.0
2024-01-13,20,21.0,13.0
2024-01-13,21,18.3,15.0
2024-01-13,22,17.2,16.0
2024-01-13,23,19.6,13.0
2024-01-13,24,19.2,23.0
2024-01-14,1,17.0,21.0
2024-01-14,2,15.8,21.0
2024-01-14,3,15.0,21.0
2024-01-14,4,11.1,29.0
2024-01-14,5,7.4,39.0
2024-01-14,6,4.8,13.0
2024-01-14,7,2.9,300.0
2024-01-14,8,7.8,257.0
2024-01-14,9,3.3,283.0
2024-01-14,10,1.8,191.0
2024-01-14,11,2.2,189.0
2024-01-14,12,2.3,252.0
2024-01-14,13,3.9,214.0
2024-01-14,14,5.8,202.0
2024-01-14,15,3.9,214.0
2024-01-14,16,5.1,231.0
2024-01-14,17,8.7,240.0
2024-01-14,18,13.0,242.0
2024-01-14,19,11.6,240.0
2024-01-14,20,10.4,236.0
2024-01-14,21,16.8,242.0
2024-01-14,22,19.6,238.0
2024-01-14,23,20.5,232.0
2024-01-14,24,17.9,230.0
2024-01-15,1,14.5,235.0
2024-01-15,2,10.7,250.0
2024-01-15,3,8.0,288.0
2024-01-15,4,5.4,307.0
2024-01-15,5,5.2,258.0
2024-01-15,6,5.5,328.0
2024-01-15,7,11.6,5.0
2024-01-15,8,30.2,33.0
2024-01-15,9,33.7,35.0
2024-01-15,10,32.8,36.0
2024-01-15,11,25.3,40.0
2024-01-15,12,20.7,39.0
2024-01-15,13,17.4,27.0
2024-01-15,14,17.8,21.0
2024-01-15,15,17.2,29.0
2024-01-15,16,14.3,43.0
2024-01-15,17,8.7,42.0
2024-01-15,18,4.7,23.0
2024-01-15,19,6.0,343.0
2024-01-15,20,7.9,3.0
2024-01-15,21,7.0,21.0
2024-01-15,22,4.0,27.0
2024-01-15,23,3.3,6.0
2024-01-15,24,3.6,6.0
2024-01-16,1,3.4,32.0
2024-01-16,2,4.7,32.0
2024-01-16,3,4.8,27.0
2024-01-16,4,5.4,42.0
2024-01-16,5,5.9,38.0
2024-01-16,6,7.0,21.0
2024-01-16,7,9.2,31.0
2024-01-16,8,6.8,25.0
2024-01-16,9,7.8,22.0
2024-01-16,10,10.1,17.0
2024-01-16,11,8.5,12.0
2024-01-16,12,10.1,2.0
2024-01-16,13,9.8,354.0
2024-01-16,14,8.3,5.0
2024-01-16,15,7.0,12.0
2024-01-16,16,7.3,9.0
2024-01-16,17,8.6,360.0
2024-01-16,18,9.9,10.0
2024-01-16,19,12.3,21.0
2024-01-16,20,15.7,20.0
2024-01-16,21,17.2,16.0
2024-01-16,22,16.2,12.0
2024-01-16,23,16.3,8.0
2024-01-16,24,15.6,8.0
2024-01-17,1,13.4,14.0
2024-01-17,2,13.7,5.0
2024-01-17,3,15.5,4.0
2024-01-17,4,15.5,13.0
2024-01-17,5,16.9,358.0
2024-01-17,6,13.8,7.0
2024-01-17,7,14.8,1.0
2024-01-17,8,15.5,355.0
2024-01-17,9,13.0,5.0
2024-01-17,10,9.8,28.0
2024-01-17,11,9.9,10.0
2024-01-17,12,7.0,35.0
2024-01-17,13,2.2,99.0
2024-01-17,14,4.7,261.0
2024-01-17,15,5.0,240.0
2024-01-17,16,9.0,241.0
2024-01-17,17,13.3,237.0
2024-01-17,18,12.6,243.0
2024-01-17,19,15.6,220.0
2024-01-17,20,32.4,212.0
2024-01-17,21,40.8,212.0
2024-01-17,22,44.9,220.0
2024-01-17,23,44.0,213.0
2024-01-17,24,45.5,219.0
2024-01-18,1,47.7,222.0
2024-01-18,2,50.2,224.0
2024-01-18,3,53.2,226.0
2024-01-18,4,51.9,226.0
2024-01-18,5,47.9,224.0
2024-01-18,6,42.8,226.0
2024-01-18,7,39.5,226.0
2024-01-18,8,37.2,228.0
2024-01-18,9,34.4,229.0
2024-01-18,10,30.3,222.0
2024-01-18,11,25.0,221.0
2024-01-18,12,14.8,223.0
2024-01-18,13,16.0,226.0
2024-01-18,14,19.1,224.0
2024-01-18,15,22.1,224.0
2024-01-18,16,26.8,222.0
2024-01-18,17,24.3,220.0
2024-01-18,18,19.4,215.0
2024-01-18,19,21.8,214.0
2024-01-18,20,17.4,210.0
2024-01-18,21,13.1,217.0
2024-01-18,22,6.6,225.0
2024-01-18,23,1.6,333.0
2024-01-18,24,3.0,14.0
2024-01-19,1,4.0,355.0
2024-01-19,2,2.5,45.0
2024-01-19,3,4.6,39.0
2024-01-19,4,6.4,16.0
2024-01-19,5,9.3,13.0
2024-01-19,6,11.9,14.0
2024-01-19,7,8.8,12.0
2024-01-19,8,9.0,360.0
2024-01-19,9,7.8,13.0
2024-01-19,10,9.0,2.0
2024-01-19,11,11.4,11.0
2024-01-19,12,10.2,10.0
2024-01-19,13,10.0,15.0
2024-01-19,14,9.1,34.0
2024-01-19,15,8.8,12.0
2024-01-19,16,6.3,24.0
2024-01-19,17,8.2,41.0
2024-01-19,18,11.8,27.0
2024-01-19,19,15.1,25.0
2024-01-19,20,19.1,22.0
2024-01-19,21,17.6,23.0
2024-01-19,22,18.4,12.0
2024-01-19,23,18.0,16.0
2024-01-19,24,16.9,16.0
2024-01-20,1,15.2,14.0
2024-01-20,2,15.0,11.0
2024-01-20,3,14.8,18.0
2024-01-20,4,13.4,24.0
2024-01-20,5,11.9,25.0
2024-01-20,6,10.6,24.0
2024-01-20,7,9.0,16.0
2024-01-20,8,6.4,27.0
2024-01-20,9,6.9,354.0
2024-01-20,10,7.3,351.0
2024-01-20,11,7.6,341.0
2024-01-20,12,5.5,328.0
2024-01-20,13,3.9,304.0
2024-01-20,14,4.7,270.0
2024-01-20,15,7.3,259.0
2024-01-20,16,11.6,240.0
2024-01-20,17,17.1,221.0
2024-01-20,18,19.1,221.0
2024-01-20,19,18.6,223.0
2024-01-20,20,16.6,207.0
2024-01-20,21,14.8,206.0
2024-01-20,22,13.4,211.0
2024-01-20,23,13.7,207.0
2024-01-20,24,11.4,215.0
2024-01-21,1,8.7,204.0
2024-01-21,2,6.8,198.0
2024-01-21,3,4.8,207.0
2024-01-21,4,3.8,229.0
2024-01-21,5,1.6,297.0
2024-01-21,6,4.4,9.0
2024-01-21,7,3.4,18.0
2024-01-21,8,3.1,36.0
2024-01-21,9,3.7,29.0
2024-01-21,10,6.8,3.0
2024-01-21,11,8.4,7.0
2024-01-21,12,7.6,352.0
2024-01-21,13,6.3,347.0
2024-01-21,14,3.9,338.0
2024-01-21,15,3.5,294.0
2024-01-21,16,4.1,232.0
2024-01-21,17,8.2,218.0
2024-01-21,18,15.5,208.0
2024-01-21,19,17.1,215.0
2024-01-21,20,13.5,209.0
2024-01-21,21,11.1,216.0
2024-01-21,22,10.2,219.0
2024-01-21,23,7.9,196.0
2024-01-21,24,3.3,229.0
2024-01-22,1,3.6,307.0
2024-01-22,2,3.8,311.0
2024-01-22,3,0.8,297.0
2024-01-22,4,2.3,129.0
2024-01-22,5,1.3,146.0
2024-01-22,6,0.8,153.0
2024-01-22,7,2.7,337.0
2024-01-22,8,4.5,76.0
2024-01-22,9,7.6,121.0
2024-01-22,10,5.2,168.0
2024-01-22,11,4.6,162.0
2024-01-22,12,3.1,144.0
2024-01-22,13,3.7,299.0
2024-01-22,14,2.9,353.0
2024-01-22,15,1.5,256.0
2024-01-22,16,5.8,240.0
2024-01-22,17,9.6,214.0
2024-01-22,18,9.8,197.0
2024-01-22,19,4.3,185.0
2024-01-22,20,3.3,96.0
2024-01-22,21,9.1,171.0
2024-01-22,22,15.9,175.0
2024-01-22,23,16.6,167.0
2024-01-22,24,14.4,176.0
2024-01-23,1,7.6,177.0
2024-01-23,2,2.8,130.0
2024-01-23,3,3.7,101.0
2024-01-23,4,1.8,127.0
2024-01-23,5,1.3,124.0
2024-01-23,6,2.5,90.0
2024-01-23,7,2.2,99.0
2024-01-23,8,3.6,45.0
2024-01-23,9,3.6,354.0
2024-01-23,10,4.6,342.0
2024-01-23,11,3.4,342.0
2024-01-23,12,3.3,354.0
2024-01-23,13,5.0,330.0
2024-01-23,14,7.2,333.0
2024-01-23,15,5.8,353.0
2024-01-23,16,4.0,355.0
2024-01-23,17,2.2,351.0
2024-01-23,18,0.4,360.0
2024-01-23,19,2.9,210.0
2024-01-23,20,9.7,211.0
2024-01-23,21,15.3,231.0
2024-01-23,22,17.4,220.0
2024-01-23,23,17.1,202.0
2024-01-23,24,16.8,203.0
2024-01-24,1,18.6,212.0
2024-01-24,2,20.9,216.0
2024-01-24,3,19.6,212.0
2024-01-24,4,16.4,206.0
2024-01-24,5,15.9,208.0
2024-01-24,6,16.3,215.0
2024-01-24,7,14.2,216.0
2024-01-24,8,16.0,189.0
2024-01-24,9,20.4,188.0
2024-01-24,10,20.7,193.0
2024-01-24,11,18.0,200.0
2024-01-24,12,15.3,204.0
2024-01-24,13,15.3,204.0
2024-01-24,14,13.8,208.0
2024-01-24,15,18.2,219.0
2024-01-24,16,15.4,217.0
2024-01-24,17,16.4,206.0
2024-01-24,18,13.6,220.0
2024-01-24,19,15.9,231.0
2024-01-24,20,16.1,214.0
2024-01-24,21,16.3,198.0
2024-01-24,22,15.5,184.0
2024-01-24,23,13.0,177.0
2024-01-24,24,9.5,171.0
2024-01-25,1,5.1,176.0
2024-01-25,2,1.5,166.0
2024-01-25,3,2.3,141.0
2024-01-25,4,5.8,112.0
2024-01-25,5,4.0,95.0
2024-01-25,6,2.9,90.0
2024-01-25,7,2.4,153.0
2024-01-25,8,0.4,90.0
2024-01-25,9,3.3,319.0
2024-01-25,10,6.2,353.0
2024-01-25,11,6.7,344.0
2024-01-25,12,5.2,344.0
2024-01-25,13,2.5,352.0
2024-01-25,14,0.4,270.0
2024-01-25,15,4.7,238.0
2024-01-25,16,9.5,233.0
2024-01-25,17,12.8,232.0
2024-01-25,18,16.1,230.0
2024-01-25,19,17.9,230.0
2024-01-25,20,15.1,218.0
2024-01-25,21,16.1,228.0
2024-01-25,22,17.9,232.0
2024-01-25,23,21.0,231.0
2024-01-25,24,20.1,216.0
2024-01-26,1,19.6,216.0
2024-01-26,2,20.1,213.0
2024-01-26,3,20.4,212.0
2024-01-26,4,19.4,215.0
2024-01-26,5,20.1,223.0
2024-01-26,6,18.6,223.0
2024-01-26,7,20.2,229.0
2024-01-26,8,19.6,221.0
2024-01-26,9,17.1,222.0
2024-01-26,10,13.4,216.0
2024-01-26,11,15.3,210.0
2024-01-26,12,14.3,205.0
2024-01-26,13,12.2,204.0
2024-01-26,14,14.5,222.0
2024-01-26,15,12.6,217.0
2024-01-26,16,14.1,218.0
2024-01-26,17,13.8,221.0
2024-01-26,18,13.4,234.0
2024-01-26,19,12.8,254.0
2024-01-26,20,9.8,276.0
2024-01-26,21,5.2,335.0
2024-01-26,22,6.9,9.0
2024-01-26,23,9.7,51.0
2024-01-26,24,11.2,45.0
2024-01-27,1,8.7,45.0
2024-01-27,2,6.2,7.0
2024-01-27,3,2.3,51.0
2024-01-27,4,1.4,270.0
2024-01-27,5,2.9,270.0
2024-01-27,6,2.1,301.0
2024-01-27,7,3.3,311.0
2024-01-27,8,1.6,333.0
2024-01-27,9,4.0,355.0
2024-01-27,10,3.9,22.0
2024-01-27,11,4.0,10.0
2024-01-27,12,5.7,342.0
2024-01-27,13,2.6,344.0
2024-01-27,14,3.3,347.0
2024-01-27,15,4.0,333.0
2024-01-27,16,3.8,343.0
2024-01-27,17,5.0,330.0
2024-01-27,18,4.4,9.0
2024-01-27,19,8.7,7.0
2024-01-27,20,14.5,7.0
2024-01-27,21,12.5,12.0
2024-01-27,22,13.4,20.0
2024-01-27,23,14.2,21.0
2024-01-27,24,12.0,16.0
2024-01-28,1,10.1,27.0
2024-01-28,2,8.0,27.0
2024-01-28,3,8.0,355.0
2024-01-28,4,7.5,35.0
2024-01-28,5,11.3,22.0
2024-01-28,6,13.1,351.0
2024-01-28,7,9.7,360.0
2024-01-28,8,10.1,27.0
2024-01-28,9,9.6,13.0
2024-01-28,10,8.6,2.0
2024-01-28,11,9.7,2.0
2024-01-28,12,9.7,2.0
2024-01-28,13,5.5,349.0
2024-01-28,14,4.0,350.0
2024-01-28,15,2.1,329.0
2024-01-28,16,1.8,233.0
2024-01-28,17,0.0,270.0
2024-01-28,18,4.3,318.0
2024-01-28,19,6.0,343.0
2024-01-28,20,5.4,37.0
2024-01-28,21,7.0,35.0
2024-01-28,22,12.0,9.0
2024-01-28,23,14.0,23.0
2024-01-28,24,9.6,56.0
2024-01-29,1,6.2,10.0
2024-01-29,2,6.9,43.0
2024-01-29,3,8.6,33.0
2024-01-29,4,5.5,23.0
2024-01-29,5,8.3,358.0
2024-01-29,6,10.4,20.0
2024-01-29,7,10.3,36.0
2024-01-29,8,8.9,58.0
2024-01-29,9,7.9,24.0
2024-01-29,10,11.7,9.0
2024-01-29,11,10.5,27.0
2024-01-29,12,8.0,18.0
2024-01-29,13,7.2,27.0
2024-01-29,14,8.3,34.0
2024-01-29,15,7.4,39.0
2024-01-29,16,6.3,59.0
2024-01-29,17,5.5,67.0
2024-01-29,18,4.9,73.0
2024-01-29,19,5.8,60.0
2024-01-29,20,9.7,51.0
2024-01-29,21,11.8,50.0
2024-01-29,22,11.2,48.0
2024-01-29,23,11.3,27.0
2024-01-29,24,12.7,15.0
2024-01-30,1,12.6,24.0
2024-01-30,2,12.2,34.0
2024-01-30,3,8.7,30.0
2024-01-30,4,6.8,25.0
2024-01-30,5,6.6,29.0
2024-01-30,6,5.6,40.0
2024-01-30,7,5.1,51.0
2024-01-30,8,6.0,33.0
2024-01-30,9,10.1,356.0
2024-01-30,10,9.0,358.0
2024-01-30,11,7.6,352.0
2024-01-30,12,7.1,336.0
2024-01-30,13,4.8,333.0
2024-01-30,14,3.1,339.0
2024-01-30,15,3.6,360.0
2024-01-30,16,3.6,354.0
2024-01-30,17,3.3,354.0
2024-01-30,18,4.0,5.0
2024-01-30,19,6.4,27.0
2024-01-30,20,9.8,62.0
2024-01-30,21,10.4,76.0
2024-01-30,22,7.2,63.0
2024-01-30,23,5.0,30.0
2024-01-30,24,2.9,30.0
2024-01-31,1,8.0,333.0
2024-01-31,2,7.7,349.0
2024-01-31,3,6.1,360.0
2024-01-31,4,5.6,50.0
2024-01-31,5,6.3,103.0
2024-01-31,6,3.8,131.0
2024-01-31,7,13.7,333.0
2024-01-31,8,11.5,2.0
2024-01-31,9,7.8,13.0
2024-01-31,10,5.8,30.0
2024-01-31,11,3.9,56.0
2024-01-31,12,5.2,16.0
2024-01-31,13,10.3,348.0
2024-01-31,14,9.7,345.0
2024-01-31,15,7.6,335.0
2024-01-31,16,5.9,322.0
2024-01-31,17,3.6,315.0
2024-01-31,18,4.0,360.0
2024-01-31,19,8.2,29.0
2024-01-31,20,4.7,81.0
2024-01-31,21,6.2,144.0
2024-01-31,22,8.2,142.0
2024-01-31,23,9.4,130.0
2024-01-31,24,9.2,132.0
2024-02-01,1,9.2,132.0
2024-02-01,2,8.7,142.0
2024-02-01,3,12.5,139.0
2024-02-01,4,18.1,136.0
2024-02-01,5,19.9,135.0
2024-02-01,6,18.6,133.0
2024-02-01,7,20.0,129.0
2024-02-01,8,22.7,134.0
2024-02-01,9,18.4,130.0
2024-02-01,10,12.7,125.0
2024-02-01,11,10.6,125.0
2024-02-01,12,11.2,130.0
2024-02-01,13,12.7,137.0
2024-02-01,14,15.7,148.0
2024-02-01,15,16.0,149.0
2024-02-01,16,17.7,167.0
2024-02-01,17,21.7,168.0
2024-02-01,18,24.4,166.0
2024-02-01,19,24.2,165.0
2024-02-01,20,20.4,148.0
2024-02-01,21,18.7,140.0
2024-02-01,22,16.3,139.0
2024-02-01,23,11.1,144.0
2024-02-01,24,1.1,162.0
2024-02-02,1,3.3,311.0
2024-02-02,2,3.4,72.0
2024-02-02,3,2.8,40.0
2024-02-02,4,7.6,8.0
2024-02-02,5,10.8,30.0
2024-02-02,6,9.9,19.0
2024-02-02,7,6.9,39.0
2024-02-02,8,2.2,171.0
2024-02-02,9,4.3,95.0
2024-02-02,10,1.6,153.0
2024-02-02,11,1.8,307.0
2024-02-02,12,1.8,307.0
2024-02-02,13,6.8,238.0
2024-02-02,14,15.3,227.0
2024-02-02,15,18.7,218.0
2024-02-02,16,19.9,215.0
2024-02-02,17,19.5,210.0
2024-02-02,18,22.9,206.0
2024-02-02,19,22.1,202.0
2024-02-02,20,23.5,203.0
2024-02-02,21,26.6,210.0
2024-02-02,22,26.7,212.0
2024-02-02,23,26.9,210.0
2024-02-02,24,28.2,208.0
2024-02-03,1,30.4,206.0
2024-02-03,2,30.9,205.0
2024-02-03,3,30.4,204.0
2024-02-03,4,30.1,206.0
2024-02-03,5,29.9,207.0
2024-02-03,6,30.6,205.0
2024-02-03,7,32.5,205.0
2024-02-03,8,32.6,211.0
2024-02-03,9,32.3,213.0
2024-02-03,10,31.8,213.0
2024-02-03,11,30.9,212.0
2024-02-03,12,31.7,212.0
2024-02-03,13,32.1,215.0
2024-02-03,14,32.4,220.0
2024-02-03,15,32.8,224.0
2024-02-03,16,31.8,218.0
2024-02-03,17,33.2,221.0
2024-02-03,18,29.7,219.0
2024-02-03,19,30.9,222.0
2024-02-03,20,30.1,222.0
2024-02-03,21,31.4,222.0
2024-02-03,22,30.6,221.0
2024-02-03,23,30.8,217.0
2024-02-03,24,31.9,214.0
2024-02-04,1,32.4,215.0
2024-02-04,2,32.3,215.0
2024-02-04,3,31.6,215.0
2024-02-04,4,31.3,213.0
2024-02-04,5,33.7,210.0
2024-02-04,6,34.5,214.0
2024-02-04,7,31.1,212.0
2024-02-04,8,29.5,207.0
2024-02-04,9,31.9,210.0
2024-02-04,10,31.0,211.0
2024-02-04,11,27.9,210.0
2024-02-04,12,23.2,204.0
2024-02-04,13,19.7,198.0
2024-02-04,14,21.1,189.0
2024-02-04,15,18.4,180.0
2024-02-04,16,18.2,188.0
2024-02-04,17,18.8,187.0
2024-02-04,18,18.0,181.0
2024-02-04,19,14.5,157.0
2024-02-04,20,13.3,147.0
2024-02-04,21,11.5,141.0
2024-02-04,22,8.7,107.0
2024-02-04,23,7.8,103.0
2024-02-04,24,6.3,103.0
2024-02-05,1,7.3,110.0
2024-02-05,2,12.5,134.0
2024-02-05,3,15.8,150.0
2024-02-05,4,12.9,153.0
2024-02-05,5,6.2,187.0
2024-02-05,6,5.0,249.0
2024-02-05,7,4.9,343.0
2024-02-05,8,2.9,210.0
2024-02-05,9,8.4,230.0
2024-02-05,10,4.0,260.0
2024-02-05,11,3.8,17.0
2024-02-05,12,8.2,15.0
2024-02-05,13,2.2,270.0
2024-02-05,14,4.3,275.0
2024-02-05,15,8.8,199.0
2024-02-05,16,15.9,167.0
2024-02-05,17,9.8,152.0
2024-02-05,18,15.2,202.0
2024-02-05,19,15.5,181.0
2024-02-05,20,24.8,154.0
2024-02-05,21,26.4,163.0
2024-02-05,22,23.3,160.0
2024-02-05,23,22.2,153.0
2024-02-05,24,16.5,170.0
2024-02-06,1,12.6,143.0
2024-02-06,2,8.7,135.0
2024-02-06,3,4.7,122.0
2024-02-06,4,5.4,90.0
2024-02-06,5,6.8,115.0
2024-02-06,6,4.6,51.0
2024-02-06,7,6.9,43.0
2024-02-06,8,4.6,45.0
2024-02-06,9,9.2,149.0
2024-02-06,10,12.4,144.0
2024-02-06,11,4.0,153.0
2024-02-06,12,2.8,140.0
2024-02-06,13,7.5,125.0
2024-02-06,14,4.3,132.0
2024-02-06,15,6.5,354.0
2024-02-06,16,8.2,345.0
2024-02-06,17,10.7,346.0
2024-02-06,18,15.2,355.0
2024-02-06,19,17.0,356.0
2024-02-06,20,16.8,23.0
2024-02-06,21,15.5,25.0
2024-02-06,22,11.4,28.0
2024-02-06,23,8.1,45.0
2024-02-06,24,11.8,40.0
2024-02-07,1,15.2,36.0
2024-02-07,2,8.4,25.0
2024-02-07,3,6.2,280.0
2024-02-07,4,7.2,233.0
2024-02-07,5,11.0,221.0
2024-02-07,6,14.0,224.0
2024-02-07,7,16.9,209.0
2024-02-07,8,23.5,216.0
2024-02-07,9,21.0,218.0
2024-02-07,10,18.6,216.0
2024-02-07,11,18.9,204.0
2024-02-07,12,22.9,206.0
2024-02-07,13,28.4,213.0
2024-02-07,14,29.6,220.0
2024-02-07,15,29.3,225.0
2024-02-07,16,30.1,230.0
2024-02-07,17,28.4,234.0
2024-02-07,18,26.0,227.0
2024-02-07,19,25.7,217.0
2024-02-07,20,27.0,211.0
2024-02-07,21,31.0,211.0
2024-02-07,22,34.7,211.0
2024-02-07,23,35.1,209.0
2024-02-07,24,33.2,209.0
2024-02-08,1,31.9,205.0
2024-02-08,2,31.7,206.0
2024-02-08,3,31.9,207.0
2024-02-08,4,30.3,207.0
2024-02-08,5,30.1,206.0
2024-02-08,6,29.5,207.0
2024-02-08,7,28.5,206.0
2024-02-08,8,25.1,201.0
2024-02-08,9,24.6,198.0
2024-02-08,10,25.3,195.0
2024-02-08,11,23.9,191.0
2024-02-08,12,25.3,197.0
2024-02-08,13,29.4,211.0
2024-02-08,14,29.4,221.0
2024-02-08,15,25.7,223.0
2024-02-08,16,25.5,225.0
2024-02-08,17,23.7,229.0
2024-02-08,18,22.9,222.0
2024-02-08,19,20.9,201.0
2024-02-08,20,26.7,183.0
2024-02-08,21,25.5,188.0
2024-02-08,22,24.2,191.0
2024-02-08,23,24.9,198.0
2024-02-08,24,25.6,204.0
2024-02-09,1,24.8,208.0
2024-02-09,2,24.3,207.0
2024-02-09,3,25.1,205.0
2024-02-09,4,24.5,206.0
2024-02-09,5,22.2,212.0
2024-02-09,6,21.3,219.0
2024-02-09,7,18.2,219.0
2024-02-09,8,21.8,202.0
2024-02-09,9,20.9,207.0
2024-02-09,10,20.3,203.0
2024-02-09,11,20.1,207.0
2024-02-09,12,21.3,214.0
2024-02-09,13,20.4,212.0
2024-02-09,14,19.7,215.0
2024-02-09,15,19.0,217.0
2024-02-09,16,17.7,218.0
2024-02-09,17,15.0,215.0
2024-02-09,18,12.5,213.0
2024-02-09,19,9.4,212.0
2024-02-09,20,5.1,176.0
2024-02-09,21,1.1,90.0
2024-02-09,22,2.9,30.0
2024-02-09,23,0.7,90.0
2024-02-09,24,1.5,256.0
2024-02-10,1,2.9,240.0
2024-02-10,2,3.6,225.0
2024-02-10,3,4.1,232.0
2024-02-10,4,4.1,225.0
2024-02-10,5,4.8,228.0
2024-02-10,6,6.1,298.0
2024-02-10,7,7.5,343.0
2024-02-10,8,6.5,360.0
2024-02-10,9,9.4,358.0
2024-02-10,10,5.6,27.0
2024-02-10,11,0.4,270.0
2024-02-10,12,1.8,191.0
2024-02-10,13,1.4,270.0
2024-02-10,14,2.3,288.0
2024-02-10,15,7.2,297.0
2024-02-10,16,11.5,284.0
2024-02-10,17,14.2,277.0
2024-02-10,18,14.9,278.0
2024-02-10,19,13.8,285.0
2024-02-10,20,8.3,272.0
2024-02-10,21,6.9,231.0
2024-02-10,22,12.4,216.0
2024-02-10,23,16.8,211.0
2024-02-10,24,20.1,204.0
2024-02-11,1,21.3,202.0
2024-02-11,2,22.7,195.0
2024-02-11,3,23.1,194.0
2024-02-11,4,21.9,200.0
2024-02-11,5,20.0,198.0
2024-02-11,6,20.0,198.0
2024-02-11,7,16.5,191.0
2024-02-11,8,14.5,199.0
2024-02-11,9,12.8,196.0
2024-02-11,10,12.8,196.0
2024-02-11,11,12.9,198.0
2024-02-11,12,13.7,203.0
2024-02-11,13,13.5,209.0
2024-02-11,14,12.4,210.0
2024-02-11,15,11.1,209.0
2024-02-11,16,11.9,215.0
2024-02-11,17,13.1,217.0
2024-02-11,18,12.6,207.0
2024-02-11,19,10.5,211.0
2024-02-11,20,4.3,180.0
2024-02-11,21,6.6,315.0
2024-02-11,22,8.1,339.0
2024-02-11,23,4.7,351.0
2024-02-11,24,5.8,7.0
2024-02-12,1,4.1,15.0
2024-02-12,2,5.2,25.0
2024-02-12,3,5.2,25.0
2024-02-12,4,5.4,340.0
2024-02-12,5,2.9,330.0
2024-02-12,6,4.5,331.0
2024-02-12,7,4.9,343.0
2024-02-12,8,3.1,324.0
2024-02-12,9,2.3,321.0
2024-02-12,10,3.1,315.0
2024-02-12,11,1.8,281.0
2024-02-12,12,1.3,214.0
2024-02-12,13,5.3,208.0
2024-02-12,14,10.4,214.0
2024-02-12,15,13.0,208.0
2024-02-12,16,13.5,209.0
2024-02-12,17,11.8,207.0
2024-02-12,18,13.3,221.0
2024-02-12,19,10.1,207.0
2024-02-12,20,5.1,219.0
2024-02-12,21,2.9,270.0
2024-02-12,22,7.0,348.0
2024-02-12,23,6.2,10.0
2024-02-12,24,0.4,90.0
2024-02-13,1,5.2,205.0
2024-02-13,2,7.5,215.0
2024-02-13,3,6.7,216.0
2024-02-13,4,2.7,247.0
2024-02-13,5,4.6,342.0
2024-02-13,6,3.3,6.0
2024-02-13,7,1.3,146.0
2024-02-13,8,3.4,238.0
2024-02-13,9,3.1,315.0
2024-02-13,10,8.0,350.0
2024-02-13,11,7.6,8.0
2024-02-13,12,5.9,11.0
2024-02-13,13,3.6,6.0
2024-02-13,14,2.8,40.0
2024-02-13,15,2.2,99.0
2024-02-13,16,2.2,180.0
2024-02-13,17,1.3,56.0
2024-02-13,18,3.1,36.0
2024-02-13,19,2.6,56.0
2024-02-13,20,2.6,34.0
2024-02-13,21,6.3,13.0
2024-02-13,22,8.0,36.0
2024-02-13,23,5.9,38.0
2024-02-13,24,3.2,90.0
2024-02-14,1,4.0,170.0
2024-02-14,2,4.3,180.0
2024-02-14,3,2.2,261.0
2024-02-14,4,6.1,315.0
2024-02-14,5,2.3,252.0
2024-02-14,6,8.8,192.0
2024-02-14,7,12.4,202.0
2024-02-14,8,9.9,213.0
2024-02-14,9,10.1,207.0
2024-02-14,10,13.2,209.0
2024-02-14,11,15.6,218.0
2024-02-14,12,16.8,222.0
2024-02-14,13,17.1,221.0
2024-02-14,14,17.8,228.0
2024-02-14,15,20.5,231.0
2024-02-14,16,19.6,234.0
2024-02-14,17,22.2,228.0
2024-02-14,18,22.8,219.0
2024-02-14,19,17.3,211.0
2024-02-14,20,13.4,174.0
2024-02-14,21,16.3,175.0
2024-02-14,22,20.4,171.0
2024-02-14,23,18.4,179.0
2024-02-14,24,19.1,180.0
2024-02-15,1,20.4,201.0
2024-02-15,2,26.3,213.0
2024-02-15,3,26.9,208.0
2024-02-15,4,27.8,197.0
2024-02-15,5,28.2,199.0
2024-02-15,6,32.2,202.0
2024-02-15,7,35.9,199.0
2024-02-15,8,40.1,213.0
2024-02-15,9,38.2,212.0
2024-02-15,10,36.7,215.0
2024-02-15,11,37.2,216.0
2024-02-15,12,38.0,222.0
2024-02-15,13,35.7,227.0
2024-02-15,14,37.7,228.0
2024-02-15,15,34.1,231.0
2024-02-15,16,34.5,238.0
2024-02-15,17,36.5,239.0
2024-02-15,18,33.8,234.0
2024-02-15,19,33.4,228.0
2024-02-15,20,30.8,223.0
2024-02-15,21,32.1,213.0
2024-02-15,22,30.7,211.0
2024-02-15,23,31.1,212.0
2024-02-15,24,35.3,207.0
2024-02-16,1,35.1,208.0
2024-02-16,2,35.7,211.0
2024-02-16,3,34.6,219.0
2024-02-16,4,32.2,216.0
2024-02-16,5,34.8,219.0
2024-02-16,6,36.2,221.0
2024-02-16,7,37.9,225.0
2024-02-16,8,35.7,223.0
2024-02-16,9,26.4,231.0
2024-02-16,10,12.5,288.0
2024-02-16,11,23.5,349.0
2024-02-16,12,26.3,358.0
2024-02-16,13,28.4,1.0
2024-02-16,14,28.8,1.0
2024-02-16,15,27.0,2.0
2024-02-16,16,25.9,359.0
2024-02-16,17,25.3,349.0
2024-02-16,18,25.4,353.0
2024-02-16,19,23.9,348.0
2024-02-16,20,22.7,357.0
2024-02-16,21,19.9,6.0
2024-02-16,22,19.8,12.0
2024-02-16,23,15.8,17.0
2024-02-16,24,12.4,17.0
2024-02-17,1,13.0,14.0
2024-02-17,2,10.6,24.0
2024-02-17,3,7.1,24.0
2024-02-17,4,6.4,27.0
2024-02-17,5,7.6,25.0
2024-02-17,6,8.9,32.0
2024-02-17,7,9.5,25.0
2024-02-17,8,12.7,29.0
2024-02-17,9,9.5,25.0
2024-02-17,10,6.2,7.0
2024-02-17,11,5.8,338.0
2024-02-17,12,7.0,21.0
2024-02-17,13,6.3,31.0
2024-02-17,14,6.3,13.0
2024-02-17,15,9.5,37.0
2024-02-17,16,6.8,18.0
2024-02-17,17,9.8,62.0
2024-02-17,18,8.6,57.0
2024-02-17,19,10.7,48.0
2024-02-17,20,15.8,24.0
2024-02-17,21,17.4,22.0
2024-02-17,22,17.6,47.0
2024-02-17,23,14.9,20.0
2024-02-17,24,9.9,46.0
2024-02-18,1,11.0,349.0
2024-02-18,2,10.9,27.0
2024-02-18,3,7.2,6.0
2024-02-18,4,8.8,348.0
2024-02-18,5,6.0,25.0
2024-02-18,6,3.4,32.0
2024-02-18,7,1.9,22.0
2024-02-18,8,4.3,355.0
2024-02-18,9,5.2,16.0
2024-02-18,10,8.0,350.0
2024-02-18,11,9.2,339.0
2024-02-18,12,10.6,332.0
2024-02-18,13,8.3,326.0
2024-02-18,14,4.8,297.0
2024-02-18,15,6.3,246.0
2024-02-18,16,10.2,225.0
2024-02-18,17,14.8,221.0
2024-02-18,18,15.3,223.0
2024-02-18,19,15.9,213.0
2024-02-18,20,11.4,242.0
2024-02-18,21,3.6,354.0
2024-02-18,22,3.0,104.0
2024-02-18,23,4.0,117.0
2024-02-18,24,3.6,180.0
2024-02-19,1,3.4,238.0
2024-02-19,2,3.1,126.0
2024-02-19,3,3.1,159.0
2024-02-19,4,3.6,354.0
2024-02-19,5,9.7,356.0
2024-02-19,6,10.6,10.0
2024-02-19,7,12.2,19.0
2024-02-19,8,10.2,10.0
2024-02-19,9,9.7,4.0
2024-02-19,10,9.0,360.0
2024-02-19,11,8.6,15.0
2024-02-19,12,8.7,7.0
2024-02-19,13,12.2,336.0
2024-02-19,14,8.0,8.0
2024-02-19,15,6.1,357.0
2024-02-19,16,7.9,309.0
2024-02-19,17,14.6,254.0
2024-02-19,18,13.8,227.0
2024-02-19,19,8.6,178.0
2024-02-19,20,2.2,81.0
2024-02-19,21,7.2,264.0
2024-02-19,22,8.4,239.0
2024-02-19,23,4.5,256.0
2024-02-19,24,3.1,159.0
2024-02-20,1,6.3,156.0
2024-02-20,2,8.2,195.0
2024-02-20,3,1.9,248.0
2024-02-20,4,1.6,207.0
2024-02-20,5,3.3,193.0
2024-02-20,6,3.0,194.0
2024-02-20,7,1.8,191.0
2024-02-20,8,10.9,163.0
2024-02-20,9,6.3,156.0
2024-02-20,10,2.3,18.0
2024-02-20,11,4.8,13.0
2024-02-20,12,3.9,338.0
2024-02-20,13,4.7,270.0
2024-02-20,14,7.4,231.0
2024-02-20,15,13.3,221.0
2024-02-20,16,18.9,220.0
2024-02-20,17,16.5,226.0
2024-02-20,18,12.0,229.0
2024-02-20,19,8.3,236.0
2024-02-20,20,13.9,190.0
2024-02-20,21,16.2,181.0
2024-02-20,22,14.2,171.0
2024-02-20,23,9.0,175.0
2024-02-20,24,3.7,151.0
2024-02-21,1,2.2,99.0
2024-02-21,2,1.8,79.0
2024-02-21,3,6.8,18.0
2024-02-21,4,7.7,11.0
2024-02-21,5,6.8,3.0
2024-02-21,6,8.0,355.0
2024-02-21,7,9.7,356.0
2024-02-21,8,10.8,358.0
2024-02-21,9,9.5,29.0
2024-02-21,10,7.1,41.0
2024-02-21,11,4.7,23.0
2024-02-21,12,5.0,339.0
2024-02-21,13,4.0,360.0
2024-02-21,14,0.7,90.0
2024-02-21,15,2.8,220.0
2024-02-21,16,6.9,231.0
2024-02-21,17,13.0,242.0
2024-02-21,18,18.1,247.0
2024-02-21,19,18.4,235.0
2024-02-21,20,17.6,226.0
2024-02-21,21,19.5,205.0
2024-02-21,22,24.4,196.0
2024-02-21,23,30.4,206.0
2024-02-21,24,32.9,205.0
2024-02-22,1,31.9,210.0
2024-02-22,2,30.4,211.0
2024-02-22,3,29.1,211.0
2024-02-22,4,26.3,213.0
2024-02-22,5,24.6,215.0
2024-02-22,6,23.5,216.0
2024-02-22,7,21.8,218.0
2024-02-22,8,22.0,215.0
2024-02-22,9,20.2,219.0
2024-02-22,10,19.4,222.0
2024-02-22,11,19.4,223.0
2024-02-22,12,20.6,223.0
2024-02-22,13,20.9,222.0
2024-02-22,14,20.9,226.0
2024-02-22,15,20.7,229.0
2024-02-22,16,18.9,230.0
2024-02-22,17,16.5,234.0
2024-02-22,18,16.1,241.0
2024-02-22,19,13.0,256.0
2024-02-22,20,10.7,230.0
2024-02-22,21,7.4,227.0
2024-02-22,22,14.9,200.0
2024-02-22,23,17.2,206.0
2024-02-22,24,15.7,212.0
2024-02-23,1,16.3,208.0
2024-02-23,2,16.4,213.0
2024-02-23,3,15.9,213.0
2024-02-23,4,16.1,207.0
2024-02-23,5,15.8,210.0
2024-02-23,6,12.8,212.0
2024-02-23,7,9.1,214.0
2024-02-23,8,8.1,225.0
2024-02-23,9,7.4,227.0
2024-02-23,10,3.7,209.0
2024-02-23,11,1.1,180.0
2024-02-23,12,4.3,222.0
2024-02-23,13,8.5,216.0
2024-02-23,14,15.5,222.0
2024-02-23,15,17.1,229.0
2024-02-23,16,18.4,230.0
2024-02-23,17,19.3,246.0
2024-02-23,18,14.4,270.0
2024-02-23,19,8.1,302.0
2024-02-23,20,2.2,270.0
2024-02-23,21,2.1,211.0
2024-02-23,22,7.2,198.0
2024-02-23,23,8.1,201.0
2024-02-23,24,11.5,200.0
2024-02-24,1,14.7,197.0
2024-02-24,2,15.5,198.0
2024-02-24,3,14.1,195.0
2024-02-24,4,11.6,202.0
2024-02-24,5,9.8,208.0
2024-02-24,6,10.3,209.0
2024-02-24,7,9.3,208.0
2024-02-24,8,16.9,209.0
2024-02-24,9,17.4,210.0
2024-02-24,10,16.4,206.0
2024-02-24,11,12.6,207.0
2024-02-24,12,9.3,208.0
2024-02-24,13,14.8,206.0
2024-02-24,14,21.8,211.0
2024-02-24,15,23.6,219.0
2024-02-24,16,23.5,216.0
2024-02-24,17,25.2,211.0
2024-02-24,18,28.4,204.0
2024-02-24,19,30.6,198.0
2024-02-24,20,28.7,192.0
2024-02-24,21,28.0,188.0
2024-02-24,22,27.6,192.0
2024-02-24,23,27.2,195.0
2024-02-24,24,29.8,203.0
2024-02-25,1,29.9,207.0
2024-02-25,2,29.5,210.0
2024-02-25,3,27.6,213.0
2024-02-25,4,27.0,217.0
2024-02-25,5,27.7,215.0
2024-02-25,6,28.8,212.0
2024-02-25,7,28.9,211.0
2024-02-25,8,32.7,212.0
2024-02-25,9,31.8,213.0
2024-02-25,10,30.7,211.0
2024-02-25,11,27.7,210.0
2024-02-25,12,27.3,214.0
2024-02-25,13,31.7,216.0
2024-02-25,14,39.0,218.0
2024-02-25,15,37.5,221.0
2024-02-25,16,36.0,220.0
2024-02-25,17,37.9,225.0
2024-02-25,18,35.6,219.0
2024-02-25,19,33.4,188.0
2024-02-25,20,36.1,197.0
2024-02-25,21,37.2,202.0
2024-02-25,22,38.0,206.0
2024-02-25,23,37.4,205.0
2024-02-25,24,36.0,203.0
2024-02-26,1,34.6,205.0
2024-02-26,2,34.4,211.0
2024-02-26,3,34.6,218.0
2024-02-26,4,36.1,213.0
2024-02-26,5,37.7,218.0
2024-02-26,6,37.5,217.0
2024-02-26,7,36.8,214.0
2024-02-26,8,40.0,213.0
2024-02-26,9,42.5,214.0
2024-02-26,10,43.4,215.0
2024-02-26,11,40.5,218.0
2024-02-26,12,40.7,219.0
2024-02-26,13,48.9,226.0
2024-02-26,14,53.3,228.0
2024-02-26,15,49.1,230.0
2024-02-26,16,43.1,227.0
2024-02-26,17,46.6,212.0
2024-02-26,18,46.8,210.0
2024-02-26,19,40.5,209.0
2024-02-26,20,40.0,209.0
2024-02-26,21,39.4,219.0
2024-02-26,22,43.0,223.0
2024-02-26,23,41.5,223.0
2024-02-26,24,40.0,225.0
2024-02-27,1,41.3,227.0
2024-02-27,2,36.9,232.0
2024-02-27,3,33.5,242.0
2024-02-27,4,22.7,243.0
2024-02-27,5,23.9,217.0
2024-02-27,6,27.5,207.0
2024-02-27,7,30.6,200.0
2024-02-27,8,31.7,199.0
2024-02-27,9,33.2,214.0
2024-02-27,10,31.0,219.0
2024-02-27,11,33.4,222.0
2024-02-27,12,31.7,220.0
2024-02-27,13,25.5,241.0
2024-02-27,14,24.2,265.0
2024-02-27,15,24.8,270.0
2024-02-27,16,28.7,277.0
2024-02-27,17,32.8,273.0
2024-02-27,18,35.1,276.0
2024-02-27,19,31.8,266.0
2024-02-27,20,24.9,259.0
2024-02-27,21,19.3,246.0
2024-02-27,22,30.9,230.0
2024-02-27,23,31.4,228.0
2024-02-27,24,30.6,217.0
2024-02-28,1,32.4,212.0
2024-02-28,2,33.4,210.0
2024-02-28,3,32.4,206.0
2024-02-28,4,30.9,206.0
2024-02-28,5,29.0,208.0
2024-02-28,6,26.1,206.0
2024-02-28,7,24.3,201.0
2024-02-28,8,22.1,196.0
2024-02-28,9,22.0,185.0
2024-02-28,10,24.5,177.0
2024-02-28,11,20.6,176.0
2024-02-28,12,22.1,174.0
2024-02-28,13,22.7,176.0
2024-02-28,14,22.3,183.0
2024-02-28,15,20.5,191.0
2024-02-28,16,19.7,201.0
2024-02-28,17,19.1,200.0
2024-02-28,18,20.2,196.0
2024-02-28,19,20.2,184.0
2024-02-28,20,23.2,167.0
2024-02-28,21,23.7,163.0
2024-02-28,22,22.7,162.0
2024-02-28,23,19.4,165.0
2024-02-28,24,15.5,162.0
2024-02-29,1,11.4,162.0
2024-02-29,2,8.9,153.0
2024-02-29,3,8.5,144.0
2024-02-29,4,9.8,144.0
2024-02-29,5,8.2,139.0
2024-02-29,6,7.2,143.0
2024-02-29,7,6.4,153.0
2024-02-29,8,6.2,159.0
2024-02-29,9,1.1,288.0
2024-02-29,10,1.8,323.0
2024-02-29,11,0.8,207.0
2024-02-29,12,2.4,297.0
2024-02-29,13,9.1,198.0
2024-02-29,14,20.0,187.0
2024-02-29,15,29.6,183.0
2024-02-29,16,30.6,181.0
2024-02-29,17,31.8,184.0
2024-02-29,18,32.4,180.0
2024-02-29,19,34.9,172.0
2024-02-29,20,40.7,172.0
2024-02-29,21,42.9,176.0
2024-02-29,22,36.9,199.0
2024-02-29,23,25.9,201.0
2024-02-29,24,29.5,189.0
2024-03-01,1,42.7,186.0
2024-03-01,2,40.9,206.0
2024-03-01,3,36.0,221.0
2024-03-01,4,29.6,221.0
2024-03-01,5,25.8,207.0
2024-03-01,6,25.7,233.0
2024-03-01,7,24.0,223.0
2024-03-01,8,33.7,230.0
2024-03-01,9,36.4,197.0
2024-03-01,10,35.7,199.0
2024-03-01,11,29.3,201.0
2024-03-01,12,28.0,204.0
2024-03-01,13,28.5,206.0
2024-03-01,14,25.9,181.0
2024-03-01,15,25.6,206.0
2024-03-01,16,25.0,192.0
2024-03-01,17,21.7,192.0
2024-03-01,18,19.1,184.0
2024-03-01,19,17.5,172.0
2024-03-01,20,17.3,121.0
2024-03-01,21,15.8,107.0
2024-03-01,22,5.6,75.0
2024-03-01,23,16.0,126.0
2024-03-01,24,26.4,156.0
2024-03-02,1,31.7,172.0
2024-03-02,2,25.9,171.0
2024-03-02,3,22.6,166.0
2024-03-02,4,26.7,166.0
2024-03-02,5,23.4,170.0
2024-03-02,6,20.0,128.0
2024-03-02,7,30.3,150.0
2024-03-02,8,44.2,150.0
2024-03-02,9,39.8,171.0
2024-03-02,10,33.6,197.0
2024-03-02,11,28.1,237.0
2024-03-02,12,24.9,252.0
2024-03-02,13,25.9,215.0
2024-03-02,14,40.8,235.0
2024-03-02,15,39.4,220.0
2024-03-02,16,31.4,202.0
2024-03-02,17,34.9,211.0
2024-03-02,18,31.8,200.0
2024-03-02,19,31.4,200.0
2024-03-02,20,31.3,188.0
2024-03-02,21,36.8,196.0
2024-03-02,22,37.9,209.0
2024-03-02,23,38.2,208.0
2024-03-02,24,40.1,208.0
2024-03-03,1,38.6,202.0
2024-03-03,2,38.8,205.0
2024-03-03,3,34.6,202.0
2024-03-03,4,30.0,193.0
2024-03-03,5,26.7,185.0
2024-03-03,6,18.8,185.0
2024-03-03,7,10.8,206.0
2024-03-03,8,7.3,213.0
2024-03-03,9,2.6,74.0
2024-03-03,10,14.5,27.0
2024-03-03,11,12.4,8.0
2024-03-03,12,9.7,15.0
2024-03-03,13,4.7,302.0
2024-03-03,14,4.8,312.0
2024-03-03,15,4.2,239.0
2024-03-03,16,9.8,208.0
2024-03-03,17,15.8,215.0
2024-03-03,18,17.1,219.0
2024-03-03,19,18.9,219.0
2024-03-03,20,16.1,209.0
2024-03-03,21,17.7,204.0
2024-03-03,22,23.7,206.0
2024-03-03,23,26.9,205.0
2024-03-03,24,30.6,205.0
2024-03-04,1,30.9,206.0
2024-03-04,2,23.8,209.0
2024-03-04,3,16.3,202.0
2024-03-04,4,10.4,200.0
2024-03-04,5,6.1,208.0
2024-03-04,6,5.4,233.0
2024-03-04,7,0.8,63.0
2024-03-04,8,2.8,140.0
2024-03-04,9,3.3,131.0
2024-03-04,10,0.5,45.0
2024-03-04,11,1.8,127.0
2024-03-04,12,10.1,176.0
2024-03-04,13,22.4,204.0
2024-03-04,14,36.2,215.0
2024-03-04,15,41.6,238.0
2024-03-04,16,35.9,234.0
2024-03-04,17,38.2,232.0
2024-03-04,18,37.8,229.0
2024-03-04,19,34.2,220.0
2024-03-04,20,32.2,216.0
2024-03-04,21,30.3,212.0
2024-03-04,22,31.2,206.0
2024-03-04,23,33.2,204.0
2024-03-04,24,30.4,206.0
2024-03-05,1,28.7,205.0
2024-03-05,2,25.0,198.0
2024-03-05,3,20.6,196.0
2024-03-05,4,17.1,188.0
2024-03-05,5,15.0,170.0
2024-03-05,6,13.7,157.0
2024-03-05,7,8.2,157.0
2024-03-05,8,13.4,149.0
2024-03-05,9,13.7,153.0
2024-03-05,10,17.6,179.0
2024-03-05,11,18.8,197.0
2024-03-05,12,22.7,200.0
2024-03-05,13,25.4,201.0
2024-03-05,14,27.4,203.0
2024-03-05,15,27.7,203.0
2024-03-05,16,29.6,212.0
2024-03-05,17,32.4,206.0
2024-03-05,18,34.9,208.0
2024-03-05,19,35.7,208.0
2024-03-05,20,36.6,203.0
2024-03-05,21,37.8,201.0
2024-03-05,22,37.7,209.0
2024-03-05,23,36.4,212.0
2024-03-05,24,35.0,214.0
2024-03-06,1,35.9,218.0
2024-03-06,2,32.9,221.0
2024-03-06,3,33.1,217.0
2024-03-06,4,34.3,216.0
2024-03-06,5,33.6,218.0
2024-03-06,6,32.4,221.0
2024-03-06,7,28.8,227.0
2024-03-06,8,27.9,234.0
2024-03-06,9,27.7,238.0
2024-03-06,10,25.2,236.0
2024-03-06,11,24.5,237.0
2024-03-06,12,20.9,238.0
2024-03-06,13,18.1,239.0
2024-03-06,14,18.1,235.0
2024-03-06,15,20.6,234.0
2024-03-06,16,22.0,235.0
2024-03-06,17,22.2,227.0
2024-03-06,18,20.3,213.0
2024-03-06,19,18.9,201.0
2024-03-06,20,11.4,193.0
2024-03-06,21,11.5,200.0
2024-03-06,22,16.9,207.0
2024-03-06,23,19.6,206.0
2024-03-06,24,20.1,213.0
2024-03-07,1,15.8,229.0
2024-03-07,2,13.9,260.0
2024-03-07,3,12.6,268.0
2024-03-07,4,9.5,245.0
2024-03-07,5,9.4,230.0
2024-03-07,6,8.9,238.0
2024-03-07,7,6.7,254.0
2024-03-07,8,5.1,274.0
2024-03-07,9,8.4,317.0
2024-03-07,10,7.8,338.0
2024-03-07,11,3.9,338.0
2024-03-07,12,1.8,323.0
2024-03-07,13,4.0,243.0
2024-03-07,14,4.8,243.0
2024-03-07,15,5.2,254.0
2024-03-07,16,6.2,249.0
2024-03-07,17,7.1,240.0
2024-03-07,18,9.4,227.0
2024-03-07,19,16.1,214.0
2024-03-07,20,18.1,226.0
2024-03-07,21,19.3,233.0
2024-03-07,22,16.0,224.0
2024-03-07,23,16.1,207.0
2024-03-07,24,16.7,199.0
2024-03-08,1,18.8,192.0
2024-03-08,2,18.2,198.0
2024-03-08,3,14.5,199.0
2024-03-08,4,9.7,202.0
2024-03-08,5,6.6,209.0
2024-03-08,6,4.1,225.0
2024-03-08,7,2.0,225.0
2024-03-08,8,3.9,56.0
2024-03-08,9,5.8,360.0
2024-03-08,10,5.8,356.0
2024-03-08,11,3.6,354.0
2024-03-08,12,3.7,331.0
2024-03-08,13,2.5,315.0
2024-03-08,14,1.8,307.0
2024-03-08,15,3.0,256.0
2024-03-08,16,5.4,250.0
2024-03-08,17,4.8,222.0
2024-03-08,18,4.5,209.0
2024-03-08,19,4.6,198.0
2024-03-08,20,3.1,54.0
2024-03-08,21,6.3,59.0
2024-03-08,22,9.5,37.0
2024-03-08,23,13.1,37.0
2024-03-08,24,11.6,30.0
2024-03-09,1,12.1,23.0
2024-03-09,2,11.6,22.0
2024-03-09,3,12.4,30.0
2024-03-09,4,12.9,23.0
2024-03-09,5,12.4,22.0
2024-03-09,6,9.8,28.0
2024-03-09,7,9.1,18.0
2024-03-09,8,10.0,26.0
2024-03-09,9,9.4,360.0
2024-03-09,10,11.6,353.0
2024-03-09,11,11.6,355.0
2024-03-09,12,9.1,353.0
2024-03-09,13,8.5,348.0
2024-03-09,14,7.3,349.0
2024-03-09,15,6.6,351.0
2024-03-09,16,6.7,344.0
2024-03-09,17,5.9,349.0
2024-03-09,18,5.6,15.0
2024-03-09,19,7.3,20.0
2024-03-09,20,10.9,34.0
2024-03-09,21,8.2,23.0
2024-03-09,22,10.1,17.0
2024-03-09,23,7.1,60.0
2024-03-09,24,3.1,111.0
2024-03-10,1,3.7,191.0
2024-03-10,2,1.9,202.0
2024-03-10,3,0.8,117.0
2024-03-10,4,2.4,117.0
2024-03-10,5,1.3,304.0
2024-03-10,6,5.6,345.0
2024-03-10,7,4.6,18.0
2024-03-10,8,3.3,186.0
2024-03-10,9,0.8,243.0
2024-03-10,10,1.6,207.0
2024-03-10,11,2.7,293.0
2024-03-10,12,3.6,270.0
2024-03-10,13,9.3,298.0
2024-03-10,14,9.0,275.0
2024-03-10,15,12.8,212.0
2024-03-10,16,22.6,197.0
2024-03-10,17,22.8,201.0
2024-03-10,18,22.2,200.0
2024-03-10,19,22.5,193.0
2024-03-10,20,24.5,183.0
2024-03-10,21,26.4,174.0
2024-03-10,22,21.6,177.0
2024-03-10,23,13.4,185.0
2024-03-10,24,7.6,188.0
2024-03-11,1,5.4,188.0
2024-03-11,2,2.6,214.0
2024-03-11,3,1.1,180.0
2024-03-11,4,1.9,158.0
2024-03-11,5,2.7,203.0
2024-03-11,6,1.1,198.0
2024-03-11,7,6.2,353.0
2024-03-11,8,5.2,344.0
2024-03-11,9,8.2,345.0
2024-03-11,10,9.9,341.0
2024-03-11,11,6.2,339.0
2024-03-11,12,5.6,255.0
2024-03-11,13,15.1,218.0
2024-03-11,14,22.5,212.0
2024-03-11,15,23.2,210.0
2024-03-11,16,21.6,210.0
2024-03-11,17,23.8,219.0
2024-03-11,18,24.5,229.0
2024-03-11,19,19.4,230.0
2024-03-11,20,14.3,236.0
2024-03-11,21,15.1,208.0
2024-03-11,22,23.5,165.0
2024-03-11,23,24.2,169.0
2024-03-11,24,25.2,171.0
2024-03-12,1,24.8,167.0
2024-03-12,2,22.5,167.0
2024-03-12,3,21.7,168.0
2024-03-12,4,21.4,173.0
2024-03-12,5,20.2,196.0
2024-03-12,6,20.2,215.0
2024-03-12,7,23.8,209.0
2024-03-12,8,27.1,202.0
2024-03-12,9,27.7,206.0
2024-03-12,10,29.1,202.0
2024-03-12,11,29.0,207.0
2024-03-12,12,31.8,213.0
2024-03-12,13,33.0,220.0
2024-03-12,14,29.7,218.0
2024-03-12,15,27.1,216.0
2024-03-12,16,24.7,209.0
2024-03-12,17,25.4,219.0
2024-03-12,18,25.6,218.0
2024-03-12,19,27.7,206.0
2024-03-12,20,26.1,195.0
2024-03-12,21,27.2,204.0
2024-03-12,22,30.5,199.0
2024-03-12,23,32.0,201.0
2024-03-12,24,31.7,205.0
2024-03-13,1,30.1,205.0
2024-03-13,2,28.8,209.0
2024-03-13,3,28.5,209.0
2024-03-13,4,31.3,204.0
2024-03-13,5,32.5,205.0
2024-03-13,6,30.1,206.0
2024-03-13,7,27.4,213.0
2024-03-13,8,29.6,212.0
2024-03-13,9,26.8,213.0
2024-03-13,10,29.0,218.0
2024-03-13,11,29.2,218.0
2024-03-13,12,25.7,217.0
2024-03-13,13,23.6,214.0
2024-03-13,14,18.4,215.0
2024-03-13,15,15.7,217.0
2024-03-13,16,12.0,224.0
2024-03-13,17,7.2,233.0
2024-03-13,18,0.7,90.0
2024-03-13,19,5.9,47.0
2024-03-13,20,4.7,58.0
2024-03-13,21,5.6,50.0
2024-03-13,22,3.2,27.0
2024-03-13,23,18.2,346.0
2024-03-13,24,27.6,8.0
2024-03-14,1,27.9,11.0
2024-03-14,2,27.8,13.0
2024-03-14,3,28.0,13.0
2024-03-14,4,27.9,15.0
2024-03-14,5,28.6,15.0
2024-03-14,6,30.6,12.0
2024-03-14,7,28.5,16.0
2024-03-14,8,28.8,9.0
2024-03-14,9,27.9,11.0
2024-03-14,10,25.8,12.0
2024-03-14,11,21.5,18.0
2024-03-14,12,24.2,18.0
2024-03-14,13,23.3,17.0
2024-03-14,14,20.3,20.0
2024-03-14,15,19.6,20.0
2024-03-14,16,19.1,16.0
2024-03-14,17,19.1,11.0
2024-03-14,18,21.1,8.0
2024-03-14,19,23.5,4.0
2024-03-14,20,23.8,356.0
2024-03-14,21,27.3,352.0
2024-03-14,22,27.8,10.0
2024-03-14,23,24.0,17.0
2024-03-14,24,21.1,20.0
2024-03-15,1,20.4,14.0
2024-03-15,2,18.9,13.0
2024-03-15,3,17.4,13.0
2024-03-15,4,17.0,17.0
2024-03-15,5,16.0,23.0
2024-03-15,6,14.7,31.0
2024-03-15,7,15.0,35.0
2024-03-15,8,19.3,29.0
2024-03-15,9,18.7,38.0
2024-03-15,10,18.0,37.0
2024-03-15,11,13.9,31.0
2024-03-15,12,14.3,34.0
2024-03-15,13,13.3,33.0
2024-03-15,14,13.0,28.0
2024-03-15,15,16.6,24.0
2024-03-15,16,18.4,23.0
2024-03-15,17,18.5,24.0
2024-03-15,18,15.5,31.0
2024-03-15,19,10.5,38.0
2024-03-15,20,15.5,48.0
2024-03-15,21,19.2,62.0
2024-03-15,22,22.1,60.0
2024-03-15,23,16.4,50.0
2024-03-15,24,13.5,29.0
2024-03-16,1,18.0,16.0
2024-03-16,2,9.8,354.0
2024-03-16,3,6.2,324.0
2024-03-16,4,8.8,341.0
2024-03-16,5,12.4,17.0
2024-03-16,6,11.7,56.0
2024-03-16,7,12.5,51.0
2024-03-16,8,17.3,42.0
2024-03-16,9,14.5,48.0
2024-03-16,10,11.7,47.0
2024-03-16,11,7.0,21.0
2024-03-16,12,5.9,14.0
2024-03-16,13,2.5,8.0
2024-03-16,14,1.5,256.0
2024-03-16,15,1.9,202.0
2024-03-16,16,0.0,270.0
2024-03-16,17,2.6,16.0
2024-03-16,18,4.2,20.0
2024-03-16,19,3.4,18.0
2024-03-16,20,7.0,145.0
2024-03-16,21,4.7,148.0
2024-03-16,22,4.8,138.0
2024-03-16,23,4.8,13.0
2024-03-16,24,13.4,354.0
2024-03-17,1,16.9,20.0
2024-03-17,2,17.3,17.0
2024-03-17,3,10.1,17.0
2024-03-17,4,5.1,39.0
2024-03-17,5,2.5,82.0
2024-03-17,6,6.0,33.0
2024-03-17,7,6.4,43.0
2024-03-17,8,13.4,31.0
2024-03-17,9,13.9,31.0
2024-03-17,10,13.7,23.0
2024-03-17,11,10.0,15.0
2024-03-17,12,10.6,18.0
2024-03-17,13,11.1,25.0
2024-03-17,14,11.3,31.0
2024-03-17,15,12.4,26.0
2024-03-17,16,13.1,21.0
2024-03-17,17,14.6,16.0
2024-03-17,18,14.3,12.0
2024-03-17,19,11.5,2.0
2024-03-17,20,5.2,65.0
2024-03-17,21,6.0,107.0
2024-03-17,22,0.8,243.0
2024-03-17,23,1.9,22.0
2024-03-17,24,1.8,217.0
2024-03-18,1,3.4,288.0
2024-03-18,2,2.5,352.0
2024-03-18,3,3.7,151.0
2024-03-18,4,5.7,198.0
2024-03-18,5,2.9,210.0
2024-03-18,6,1.9,158.0
2024-03-18,7,0.0,270.0
2024-03-18,8,6.1,332.0
2024-03-18,9,7.1,336.0
2024-03-18,10,2.6,16.0
2024-03-18,11,3.0,14.0
2024-03-18,12,3.9,326.0
2024-03-18,13,2.1,239.0
2024-03-18,14,5.2,205.0
2024-03-18,15,7.1,210.0
2024-03-18,16,7.5,215.0
2024-03-18,17,7.1,221.0
2024-03-18,18,7.7,221.0
2024-03-18,19,9.4,220.0
2024-03-18,20,13.8,186.0
2024-03-18,21,11.9,183.0
2024-03-18,22,9.0,182.0
2024-03-18,23,5.9,194.0
2024-03-18,24,6.6,193.0
2024-03-19,1,5.8,184.0
2024-03-19,2,4.0,175.0
2024-03-19,3,0.7,180.0
2024-03-19,4,1.1,108.0
2024-03-19,5,1.1,18.0
2024-03-19,6,1.8,349.0
2024-03-19,7,1.8,349.0
2024-03-19,8,1.8,307.0
2024-03-19,9,7.5,343.0
2024-03-19,10,3.7,29.0
2024-03-19,11,1.6,63.0
2024-03-19,12,1.0,315.0
2024-03-19,13,4.2,211.0
2024-03-19,14,8.7,210.0
2024-03-19,15,10.4,214.0
2024-03-19,16,11.9,215.0
2024-03-19,17,13.6,220.0
2024-03-19,18,14.0,228.0
2024-03-19,19,12.9,234.0
2024-03-19,20,12.3,165.0
2024-03-19,21,18.7,157.0
2024-03-19,22,14.8,176.0
2024-03-19,23,8.1,193.0
2024-03-19,24,5.8,180.0
2024-03-20,1,4.3,180.0
2024-03-20,2,4.3,180.0
2024-03-20,3,5.1,184.0
2024-03-20,4,2.9,210.0
2024-03-20,5,1.8,233.0
2024-03-20,6,1.8,259.0
2024-03-20,7,1.6,297.0
2024-03-20,8,2.1,301.0
2024-03-20,9,1.1,360.0
2024-03-20,10,1.1,342.0
2024-03-20,11,2.6,326.0
2024-03-20,12,3.0,256.0
2024-03-20,13,9.6,214.0
2024-03-20,14,15.0,215.0
2024-03-20,15,16.9,218.0
2024-03-20,16,18.3,225.0
2024-03-20,17,18.2,236.0
2024-03-20,18,18.7,242.0
2024-03-20,19,17.9,236.0
2024-03-20,20,19.4,170.0
2024-03-20,21,28.9,169.0
2024-03-20,22,24.0,188.0
2024-03-20,23,22.5,187.0
2024-03-20,24,22.0,195.0
2024-03-21,1,24.3,204.0
2024-03-21,2,26.5,201.0
2024-03-21,3,26.4,206.0
2024-03-21,4,22.4,210.0
2024-03-21,5,16.9,209.0
2024-03-21,6,15.9,208.0
2024-03-21,7,22.6,209.0
2024-03-21,8,36.1,205.0
2024-03-21,9,37.4,206.0
2024-03-21,10,39.1,207.0
2024-03-21,11,38.0,207.0
2024-03-21,12,38.5,215.0
2024-03-21,13,38.2,225.0
2024-03-21,14,42.9,240.0
2024-03-21,15,46.4,241.0
2024-03-21,16,48.5,245.0
2024-03-21,17,44.7,248.0
2024-03-21,18,42.8,250.0
2024-03-21,19,38.8,251.0
2024-03-21,20,33.6,253.0
2024-03-21,21,33.3,242.0
2024-03-21,22,29.2,231.0
2024-03-21,23,24.7,209.0
2024-03-21,24,28.5,206.0
2024-03-22,1,29.0,207.0
2024-03-22,2,28.8,208.0
2024-03-22,3,28.5,206.0
2024-03-22,4,26.0,199.0
2024-03-22,5,26.9,200.0
2024-03-22,6,24.6,201.0
2024-03-22,7,21.0,202.0
2024-03-22,8,17.3,203.0
2024-03-22,9,12.4,206.0
2024-03-22,10,7.1,221.0
2024-03-22,11,4.0,270.0
2024-03-22,12,8.2,229.0
2024-03-22,13,10.9,224.0
2024-03-22,14,10.3,216.0
2024-03-22,15,16.2,217.0
2024-03-22,16,18.2,210.0
2024-03-22,17,20.0,214.0
2024-03-22,18,19.7,215.0
2024-03-22,19,19.5,192.0
2024-03-22,20,18.0,143.0
2024-03-22,21,17.3,144.0
2024-03-22,22,17.9,146.0
2024-03-22,23,13.7,162.0
2024-03-22,24,10.3,168.0
2024-03-23,1,16.6,167.0
2024-03-23,2,15.9,155.0
2024-03-23,3,23.6,141.0
2024-03-23,4,20.8,150.0
2024-03-23,5,14.8,151.0
2024-03-23,6,12.4,154.0
2024-03-23,7,21.2,165.0
2024-03-23,8,9.4,162.0
2024-03-23,9,15.0,138.0
2024-03-23,10,16.1,124.0
2024-03-23,11,13.0,114.0
2024-03-23,12,21.4,160.0
2024-03-23,13,35.0,183.0
2024-03-23,14,36.4,191.0
2024-03-23,15,39.9,202.0
2024-03-23,16,38.4,226.0
2024-03-23,17,32.3,235.0
2024-03-23,18,31.4,221.0
2024-03-23,19,28.4,195.0
2024-03-23,20,26.5,187.0
2024-03-23,21,32.0,206.0
2024-03-23,22,31.5,202.0
2024-03-23,23,30.9,208.0
2024-03-23,24,29.7,201.0
2024-03-24,1,33.7,207.0
2024-03-24,2,32.7,208.0
2024-03-24,3,32.7,207.0
2024-03-24,4,33.8,208.0
2024-03-24,5,33.4,209.0
2024-03-24,6,30.0,215.0
2024-03-24,7,29.5,213.0
2024-03-24,8,25.6,218.0
2024-03-24,9,24.3,212.0
2024-03-24,10,21.3,210.0
2024-03-24,11,19.2,214.0
2024-03-24,12,17.8,223.0
2024-03-24,13,15.2,301.0
2024-03-24,14,19.0,335.0
2024-03-24,15,20.2,344.0
2024-03-24,16,20.3,348.0
2024-03-24,17,18.8,356.0
2024-03-24,18,21.1,17.0
2024-03-24,19,17.3,21.0
2024-03-24,20,15.3,43.0
2024-03-24,21,12.3,75.0
2024-03-24,22,9.4,67.0
2024-03-24,23,5.2,25.0
2024-03-24,24,2.8,310.0
2024-03-25,1,7.6,245.0
2024-03-25,2,7.9,219.0
2024-03-25,3,9.5,205.0
2024-03-25,4,13.1,201.0
2024-03-25,5,15.6,199.0
2024-03-25,6,17.4,210.0
2024-03-25,7,18.6,212.0
2024-03-25,8,18.7,205.0
2024-03-25,9,18.3,212.0
2024-03-25,10,14.8,225.0
2024-03-25,11,17.4,236.0
2024-03-25,12,15.1,245.0
2024-03-25,13,13.4,250.0
2024-03-25,14,9.9,251.0
2024-03-25,15,8.2,221.0
2024-03-25,16,9.6,214.0
2024-03-25,17,9.0,254.0
2024-03-25,18,10.5,278.0
2024-03-25,19,5.8,266.0
2024-03-25,20,12.1,190.0
2024-03-25,21,14.8,179.0
2024-03-25,22,11.4,191.0
2024-03-25,23,6.5,183.0
2024-03-25,24,1.8,169.0
2024-03-26,1,5.6,165.0
2024-03-26,2,12.3,183.0
2024-03-26,3,16.6,202.0
2024-03-26,4,13.4,211.0
2024-03-26,5,15.5,202.0
2024-03-26,6,21.5,203.0
2024-03-26,7,24.2,205.0
2024-03-26,8,25.5,199.0
2024-03-26,9,25.6,200.0
2024-03-26,10,21.9,207.0
2024-03-26,11,24.6,212.0
2024-03-26,12,22.2,209.0
2024-03-26,13,21.8,211.0
2024-03-26,14,19.4,220.0
2024-03-26,15,17.4,232.0
2024-03-26,16,17.9,242.0
2024-03-26,17,14.6,260.0
2024-03-26,18,11.6,248.0
2024-03-26,19,18.2,214.0
2024-03-26,20,14.8,241.0
2024-03-26,21,19.2,218.0
2024-03-26,22,35.2,200.0
2024-03-26,23,30.0,203.0
2024-03-26,24,28.9,199.0
2024-03-27,1,31.4,202.0
2024-03-27,2,31.1,204.0
2024-03-27,3,30.0,204.0
2024-03-27,4,28.7,202.0
2024-03-27,5,28.7,202.0
2024-03-27,6,28.8,200.0
2024-03-27,7,28.0,198.0
2024-03-27,8,29.0,200.0
2024-03-27,9,28.9,201.0
2024-03-27,10,27.5,202.0
2024-03-27,11,27.4,208.0
2024-03-27,12,28.2,212.0
2024-03-27,13,34.4,232.0
2024-03-27,14,33.6,232.0
2024-03-27,15,31.4,217.0
2024-03-27,16,32.3,211.0
2024-03-27,17,33.3,202.0
2024-03-27,18,34.1,208.0
2024-03-27,19,28.4,195.0
2024-03-27,20,24.7,188.0
2024-03-27,21,32.6,164.0
2024-03-27,22,34.4,164.0
2024-03-27,23,31.9,166.0
2024-03-27,24,32.8,181.0
2024-03-28,1,24.3,188.0
2024-03-28,2,23.3,160.0
2024-03-28,3,25.0,155.0
2024-03-28,4,25.4,162.0
2024-03-28,5,25.7,160.0
2024-03-28,6,22.6,143.0
2024-03-28,7,25.2,170.0
2024-03-28,8,29.7,157.0
2024-03-28,9,35.3,177.0
2024-03-28,10,32.7,188.0
2024-03-28,11,34.0,206.0
2024-03-28,12,37.2,216.0
2024-03-28,13,38.0,197.0
2024-03-28,14,36.7,200.0
2024-03-28,15,38.1,217.0
2024-03-28,16,42.5,223.0
2024-03-28,17,38.7,224.0
2024-03-28,18,37.5,222.0
2024-03-28,19,31.4,217.0
2024-03-28,20,32.4,204.0
2024-03-28,21,29.6,204.0
2024-03-28,22,28.6,195.0
2024-03-28,23,30.7,202.0
2024-03-28,24,28.6,201.0
2024-03-29,1,28.7,198.0
2024-03-29,2,28.3,198.0
2024-03-29,3,27.2,200.0
2024-03-29,4,25.8,199.0
2024-03-29,5,23.8,195.0
2024-03-29,6,19.4,191.0
2024-03-29,7,13.8,189.0
2024-03-29,8,18.9,194.0
2024-03-29,9,15.3,207.0
2024-03-29,10,8.7,222.0
2024-03-29,11,7.9,210.0
2024-03-29,12,13.0,214.0
2024-03-29,13,14.8,221.0
2024-03-29,14,14.3,223.0
2024-03-29,15,13.7,215.0
2024-03-29,16,11.8,220.0
2024-03-29,17,9.7,222.0
2024-03-29,18,7.6,225.0
2024-03-29,19,4.6,219.0
2024-03-29,20,10.7,135.0
2024-03-29,21,16.0,126.0
2024-03-29,22,12.5,108.0
2024-03-29,23,10.1,88.0
2024-03-29,24,15.0,73.0
2024-03-30,1,15.3,75.0
2024-03-30,2,16.3,62.0
2024-03-30,3,14.8,61.0
2024-03-30,4,15.3,56.0
2024-03-30,5,10.5,82.0
2024-03-30,6,11.2,105.0
2024-03-30,7,6.3,66.0
2024-03-30,8,2.5,90.0
2024-03-30,9,4.3,42.0
2024-03-30,10,6.2,36.0
2024-03-30,11,5.8,22.0
2024-03-30,12,4.0,10.0
2024-03-30,13,1.8,281.0
2024-03-30,14,8.1,225.0
2024-03-30,15,9.1,214.0
2024-03-30,16,9.4,212.0
2024-03-30,17,10.5,218.0
2024-03-30,18,9.1,214.0
2024-03-30,19,9.4,198.0
2024-03-30,20,11.0,142.0
2024-03-30,21,7.9,150.0
2024-03-30,22,7.6,149.0
2024-03-30,23,4.3,138.0
2024-03-30,24,4.1,52.0
2024-03-31,1,4.0,360.0
2024-03-31,2,3.2,27.0
2024-03-31,3,6.4,16.0
2024-03-31,4,4.9,17.0
2024-03-31,5,5.3,28.0
2024-03-31,6,5.9,52.0
2024-03-31,7,8.2,61.0
2024-03-31,8,11.6,36.0
2024-03-31,9,12.8,22.0
2024-03-31,10,13.8,15.0
2024-03-31,11,14.5,14.0
2024-03-31,12,15.0,24.0
2024-03-31,13,13.3,19.0
2024-03-31,14,14.0,23.0
2024-03-31,15,8.7,38.0
2024-03-31,16,1.8,79.0
2024-03-31,17,8.2,218.0
2024-03-31,18,15.9,218.0
2024-03-31,19,23.5,220.0
2024-03-31,20,11.7,223.0
2024-03-31,21,10.7,222.0
2024-03-31,22,2.8,220.0
2024-03-31,23,2.2,9.0
2024-03-31,24,7.4,14.0
2024-04-01,1,16.2,3.0
2024-04-01,2,22.3,9.0
2024-04-01,3,19.7,8.0
2024-04-01,4,18.5,7.0
2024-04-01,5,15.6,7.0
2024-04-01,6,13.1,21.0
2024-04-01,7,7.6,59.0
2024-04-01,8,6.5,71.0
2024-04-01,9,5.6,207.0
2024-04-01,10,7.6,205.0
2024-04-01,11,6.2,201.0
2024-04-01,12,8.4,230.0
2024-04-01,13,11.7,252.0
2024-04-01,14,10.6,280.0
2024-04-01,15,10.2,302.0
2024-04-01,16,9.3,332.0
2024-04-01,17,8.4,340.0
2024-04-01,18,11.7,326.0
2024-04-01,19,15.4,303.0
2024-04-01,20,5.8,187.0
2024-04-01,21,14.3,198.0
2024-04-01,22,19.5,203.0
2024-04-01,23,25.9,207.0
2024-04-01,24,24.6,201.0
2024-04-02,1,21.9,207.0
2024-04-02,2,21.3,204.0
2024-04-02,3,19.9,202.0
2024-04-02,4,17.6,206.0
2024-04-02,5,15.6,214.0
2024-04-02,6,14.2,216.0
2024-04-02,7,9.7,222.0
2024-04-02,8,7.8,236.0
2024-04-02,9,7.5,235.0
2024-04-02,10,5.7,235.0
2024-04-02,11,6.1,225.0
2024-04-02,12,11.5,221.0
2024-04-02,13,13.3,218.0
2024-04-02,14,13.4,216.0
2024-04-02,15,14.5,222.0
2024-04-02,16,15.9,232.0
2024-04-02,17,18.0,241.0
2024-04-02,18,17.9,240.0
2024-04-02,19,17.9,236.0
2024-04-02,20,18.6,234.0
2024-04-02,21,20.5,211.0
2024-04-02,22,23.9,173.0
2024-04-02,23,19.5,177.0
2024-04-02,24,16.9,180.0
2024-04-03,1,16.9,179.0
2024-04-03,2,13.4,175.0
2024-04-03,3,8.4,173.0
2024-04-03,4,4.7,171.0
2024-04-03,5,5.3,152.0
2024-04-03,6,4.7,157.0
2024-04-03,7,3.5,156.0
2024-04-03,8,2.5,135.0
2024-04-03,9,2.0,45.0
2024-04-03,10,1.8,79.0
2024-04-03,11,4.6,321.0
2024-04-03,12,4.1,225.0
2024-04-03,13,10.2,203.0
2024-04-03,14,16.0,194.0
2024-04-03,15,20.1,190.0
2024-04-03,16,22.9,187.0
2024-04-03,17,24.6,185.0
2024-04-03,18,26.6,178.0
2024-04-03,19,27.2,169.0
2024-04-03,20,27.6,163.0
2024-04-03,21,29.5,156.0
2024-04-03,22,31.7,154.0
2024-04-03,23,34.6,155.0
2024-04-03,24,36.9,148.0
2024-04-04,1,38.2,144.0
2024-04-04,2,37.7,144.0
2024-04-04,3,35.5,145.0
2024-04-04,4,32.4,151.0
2024-04-04,5,23.8,155.0
2024-04-04,6,9.4,274.0
2024-04-04,7,5.2,282.0
2024-04-04,8,7.6,172.0
2024-04-04,9,12.3,165.0
2024-04-04,10,14.2,153.0
2024-04-04,11,15.5,149.0
2024-04-04,12,32.8,163.0
2024-04-04,13,35.0,171.0
2024-04-04,14,35.3,178.0
2024-04-04,15,36.8,176.0
2024-04-04,16,38.6,176.0
2024-04-04,17,40.2,174.0
2024-04-04,18,39.1,170.0
2024-04-04,19,32.9,170.0
2024-04-04,20,32.0,172.0
2024-04-04,21,27.6,151.0
2024-04-04,22,37.3,149.0
2024-04-04,23,35.9,152.0
2024-04-04,24,34.7,149.0
2024-04-05,1,39.5,148.0
2024-04-05,2,37.5,146.0
2024-04-05,3,34.9,149.0
2024-04-05,4,32.5,149.0
2024-04-05,5,32.1,157.0
2024-04-05,6,30.7,162.0
2024-04-05,7,29.5,162.0
2024-04-05,8,26.9,172.0
2024-04-05,9,24.1,182.0
2024-04-05,10,15.2,187.0
2024-04-05,11,12.3,201.0
2024-04-05,12,13.0,214.0
2024-04-05,13,16.9,209.0
2024-04-05,14,18.5,237.0
2024-04-05,15,32.6,217.0
2024-04-05,16,31.1,228.0
2024-04-05,17,35.6,216.0
2024-04-05,18,31.6,197.0
2024-04-05,19,32.3,213.0
2024-04-05,20,27.2,224.0
2024-04-05,21,16.1,214.0
2024-04-05,22,16.6,193.0
2024-04-05,23,15.6,199.0
2024-04-05,24,18.4,208.0
2024-04-06,1,18.3,202.0
2024-04-06,2,22.6,197.0
2024-04-06,3,23.2,210.0
2024-04-06,4,26.9,215.0
2024-04-06,5,27.1,216.0
2024-04-06,6,27.6,216.0
2024-04-06,7,31.3,225.0
2024-04-06,8,22.4,204.0
2024-04-06,9,28.2,205.0
2024-04-06,10,29.3,222.0
2024-04-06,11,29.9,230.0
2024-04-06,12,30.2,234.0
2024-04-06,13,27.8,233.0
2024-04-06,14,23.6,236.0
2024-04-06,15,20.7,239.0
2024-04-06,16,22.7,245.0
2024-04-06,17,28.8,246.0
2024-04-06,18,26.5,248.0
2024-04-06,19,29.1,244.0
2024-04-06,20,26.3,237.0
2024-04-06,21,31.1,229.0
2024-04-06,22,32.6,224.0
2024-04-06,23,36.8,214.0
2024-04-06,24,38.2,216.0
2024-04-07,1,36.6,212.0
2024-04-07,2,35.6,210.0
2024-04-07,3,33.8,209.0
2024-04-07,4,32.4,210.0
2024-04-07,5,32.4,210.0
2024-04-07,6,32.5,211.0
2024-04-07,7,32.1,213.0
2024-04-07,8,29.4,211.0
2024-04-07,9,27.5,212.0
2024-04-07,10,27.4,215.0
2024-04-07,11,23.7,223.0
2024-04-07,12,18.9,220.0
2024-04-07,13,17.4,220.0
2024-04-07,14,12.4,234.0
2024-04-07,15,12.5,237.0
2024-04-07,16,17.6,242.0
2024-04-07,17,18.5,249.0
2024-04-07,18,16.9,254.0
2024-04-07,19,17.4,257.0
2024-04-07,20,12.0,263.0
2024-04-07,21,12.2,242.0
2024-04-07,22,20.7,221.0
2024-04-07,23,30.6,201.0
2024-04-07,24,28.3,211.0
2024-04-08,1,25.1,204.0
2024-04-08,2,22.4,206.0
2024-04-08,3,21.4,209.0
2024-04-08,4,23.0,209.0
2024-04-08,5,22.6,211.0
2024-04-08,6,21.3,210.0
2024-04-08,7,20.3,213.0
2024-04-08,8,21.1,207.0
2024-04-08,9,19.5,208.0
2024-04-08,10,18.0,213.0
2024-04-08,11,12.6,217.0
2024-04-08,12,8.4,220.0
2024-04-08,13,8.4,223.0
2024-04-08,14,10.8,233.0
2024-04-08,15,11.9,245.0
2024-04-08,16,12.1,247.0
2024-04-08,17,13.2,248.0
2024-04-08,18,15.4,254.0
2024-04-08,19,18.5,241.0
2024-04-08,20,18.8,227.0
2024-04-08,21,21.6,206.0
2024-04-08,22,26.8,191.0
2024-04-08,23,25.1,188.0
2024-04-08,24,26.6,193.0
2024-04-09,1,27.5,207.0
2024-04-09,2,27.5,202.0
2024-04-09,3,27.4,199.0
2024-04-09,4,28.6,201.0
2024-04-09,5,28.8,200.0
2024-04-09,6,27.3,203.0
2024-04-09,7,25.3,204.0
2024-04-09,8,24.0,206.0
2024-04-09,9,20.0,210.0
2024-04-09,10,15.5,216.0
2024-04-09,11,21.1,223.0
2024-04-09,12,19.9,222.0
2024-04-09,13,18.6,224.0
2024-04-09,14,18.3,227.0
2024-04-09,15,21.9,240.0
2024-04-09,16,20.6,243.0
2024-04-09,17,21.4,250.0
2024-04-09,18,21.6,252.0
2024-04-09,19,20.9,241.0
2024-04-09,20,15.1,237.0
2024-04-09,21,14.7,202.0
2024-04-09,22,34.4,187.0
2024-04-09,23,31.7,209.0
2024-04-09,24,32.2,202.0
2024-04-10,1,33.3,196.0
2024-04-10,2,32.5,195.0
2024-04-10,3,31.7,201.0
2024-04-10,4,30.6,207.0
2024-04-10,5,27.0,207.0
2024-04-10,6,20.6,207.0
2024-04-10,7,15.8,201.0
2024-04-10,8,14.2,196.0
2024-04-10,9,11.5,200.0
2024-04-10,10,7.4,203.0
2024-04-10,11,5.7,215.0
2024-04-10,12,1.5,14.0
2024-04-10,13,1.0,315.0
2024-04-10,14,4.8,257.0
2024-04-10,15,7.3,259.0
2024-04-10,16,11.3,248.0
2024-04-10,17,14.0,247.0
2024-04-10,18,15.4,259.0
2024-04-10,19,12.0,277.0
2024-04-10,20,6.9,261.0
2024-04-10,21,12.2,182.0
2024-04-10,22,30.5,172.0
2024-04-10,23,26.0,185.0
2024-04-10,24,23.2,192.0
2024-04-11,1,20.3,200.0
2024-04-11,2,18.0,196.0
2024-04-11,3,18.2,198.0
2024-04-11,4,17.3,203.0
2024-04-11,5,15.7,200.0
2024-04-11,6,13.6,197.0
2024-04-11,7,12.1,192.0
2024-04-11,8,9.1,187.0
2024-04-11,9,5.8,187.0
2024-04-11,10,3.5,204.0
2024-04-11,11,6.0,237.0
2024-04-11,12,11.3,217.0
2024-04-11,13,15.6,218.0
2024-04-11,14,16.8,223.0
2024-04-11,15,16.8,225.0
2024-04-11,16,16.5,224.0
2024-04-11,17,16.8,215.0
2024-04-11,18,17.1,208.0
2024-04-11,19,18.4,192.0
2024-04-11,20,27.4,147.0
2024-04-11,21,31.0,157.0
2024-04-11,22,36.5,146.0
2024-04-11,23,35.6,148.0
2024-04-11,24,34.3,155.0
2024-04-12,1,31.7,154.0
2024-04-12,2,28.5,154.0
2024-04-12,3,23.0,151.0
2024-04-12,4,20.5,149.0
2024-04-12,5,5.5,122.0
2024-04-12,6,4.2,31.0
2024-04-12,7,1.5,45.0
2024-04-12,8,2.6,164.0
2024-04-12,9,5.2,164.0
2024-04-12,10,5.9,191.0
2024-04-12,11,4.7,238.0
2024-04-12,12,11.8,203.0
2024-04-12,13,12.9,198.0
2024-04-12,14,11.1,193.0
2024-04-12,15,17.3,179.0
2024-04-12,16,21.6,179.0
2024-04-12,17,22.8,192.0
2024-04-12,18,27.7,181.0
2024-04-12,19,18.0,183.0
2024-04-12,20,15.0,169.0
2024-04-12,21,21.9,126.0
2024-04-12,22,29.0,136.0
2024-04-12,23,34.0,148.0
2024-04-12,24,34.3,155.0
2024-04-13,1,29.8,165.0
2024-04-13,2,18.1,173.0
2024-04-13,3,13.3,180.0
2024-04-13,4,9.6,193.0
2024-04-13,5,9.0,182.0
2024-04-13,6,8.8,189.0
2024-04-13,7,6.6,189.0
2024-04-13,8,0.4,360.0
2024-04-13,9,3.9,202.0
2024-04-13,10,5.5,203.0
2024-04-13,11,6.9,231.0
2024-04-13,12,12.2,223.0
2024-04-13,13,13.8,219.0
2024-04-13,14,17.8,212.0
2024-04-13,15,20.4,189.0
2024-04-13,16,24.1,179.0
2024-04-13,17,25.6,179.0
2024-04-13,18,23.9,175.0
2024-04-13,19,23.1,166.0
2024-04-13,20,20.9,156.0
2024-04-13,21,21.6,143.0
2024-04-13,22,20.1,147.0
2024-04-13,23,21.6,150.0
2024-04-13,24,20.4,131.0
2024-04-14,1,19.2,116.0
2024-04-14,2,22.7,113.0
2024-04-14,3,23.9,121.0
2024-04-14,4,18.7,128.0
2024-04-14,5,12.1,117.0
2024-04-14,6,7.2,108.0
2024-04-14,7,1.5,104.0
2024-04-14,8,2.3,309.0
2024-04-14,9,3.3,96.0
2024-04-14,10,4.7,94.0
2024-04-14,11,3.0,284.0
2024-04-14,12,14.5,194.0
2024-04-14,13,22.0,190.0
2024-04-14,14,25.2,190.0
2024-04-14,15,24.9,190.0
2024-04-14,16,24.3,188.0
2024-04-14,17,28.0,193.0
2024-04-14,18,27.6,197.0
2024-04-14,19,28.6,194.0
2024-04-14,20,25.5,225.0
2024-04-14,21,20.0,236.0
2024-04-14,22,18.2,219.0
2024-04-14,23,22.4,199.0
2024-04-14,24,26.6,193.0
2024-04-15,1,20.0,206.0
2024-04-15,2,12.3,232.0
2024-04-15,3,5.8,210.0
2024-04-15,4,8.0,80.0
2024-04-15,5,6.4,16.0
2024-04-15,6,5.2,236.0
2024-04-15,7,29.6,214.0
2024-04-15,8,24.3,212.0
2024-04-15,9,24.3,220.0
2024-04-15,10,20.2,221.0
2024-04-15,11,18.1,235.0
2024-04-15,12,14.8,247.0
2024-04-15,13,11.6,265.0
2024-04-15,14,14.0,312.0
2024-04-15,15,20.6,314.0
2024-04-15,16,22.2,306.0
2024-04-15,17,22.3,256.0
2024-04-15,18,22.3,219.0
2024-04-15,19,20.5,214.0
2024-04-15,20,13.7,235.0
2024-04-15,21,20.8,217.0
2024-04-15,22,23.5,198.0
2024-04-15,23,27.2,198.0
2024-04-15,24,27.4,208.0
2024-04-16,1,27.5,207.0
2024-04-16,2,28.2,205.0
2024-04-16,3,28.8,200.0
2024-04-16,4,28.4,202.0
2024-04-16,5,30.9,209.0
2024-04-16,6,30.6,210.0
2024-04-16,7,32.1,200.0
2024-04-16,8,30.5,203.0
2024-04-16,9,31.8,203.0
2024-04-16,10,31.7,208.0
2024-04-16,11,32.6,211.0
2024-04-16,12,33.7,214.0
2024-04-16,13,34.5,217.0
2024-04-16,14,35.3,220.0
2024-04-16,15,38.4,225.0
2024-04-16,16,38.2,223.0
2024-04-16,17,41.8,224.0
2024-04-16,18,46.1,227.0
2024-04-16,19,47.9,225.0
2024-04-16,20,46.8,224.0
2024-04-16,21,46.6,227.0
2024-04-16,22,45.4,229.0
2024-04-16,23,42.3,226.0
2024-04-16,24,39.6,217.0
2024-04-17,1,36.6,220.0
2024-04-17,2,34.2,220.0
2024-04-17,3,33.0,220.0
2024-04-17,4,31.4,228.0
2024-04-17,5,32.1,235.0
2024-04-17,6,31.5,237.0
2024-04-17,7,31.9,236.0
2024-04-17,8,23.9,264.0
2024-04-17,9,16.4,322.0
2024-04-17,10,10.6,332.0
2024-04-17,11,16.1,336.0
2024-04-17,12,10.6,332.0
2024-04-17,13,2.7,293.0
2024-04-17,14,3.4,288.0
2024-04-17,15,7.2,217.0
2024-04-17,16,17.4,210.0
2024-04-17,17,19.8,182.0
2024-04-17,18,9.2,206.0
2024-04-17,19,12.5,311.0
2024-04-17,20,19.9,4.0
2024-04-17,21,26.5,15.0
2024-04-17,22,19.3,14.0
2024-04-17,23,16.4,9.0
2024-04-17,24,18.5,21.0
2024-04-18,1,25.4,16.0
2024-04-18,2,26.4,26.0
2024-04-18,3,24.7,21.0
2024-04-18,4,23.0,17.0
2024-04-18,5,22.3,18.0
2024-04-18,6,21.0,22.0
2024-04-18,7,19.2,28.0
2024-04-18,8,19.1,32.0
2024-04-18,9,14.4,37.0
2024-04-18,10,12.6,27.0
2024-04-18,11,11.8,23.0
2024-04-18,12,12.2,28.0
2024-04-18,13,9.9,33.0
2024-04-18,14,6.8,32.0
2024-04-18,15,4.1,52.0
2024-04-18,16,4.3,95.0
2024-04-18,17,5.8,120.0
2024-04-18,18,5.7,125.0
2024-04-18,19,5.5,122.0
2024-04-18,20,8.0,98.0
2024-04-18,21,14.8,94.0
2024-04-18,22,18.1,97.0
2024-04-18,23,16.5,100.0
2024-04-18,24,11.7,108.0
2024-04-19,1,10.6,80.0
2024-04-19,2,12.1,63.0
2024-04-19,3,12.6,59.0
2024-04-19,4,12.5,49.0
2024-04-19,5,12.8,32.0
2024-04-19,6,14.8,23.0
2024-04-19,7,16.3,22.0
2024-04-19,8,19.3,29.0
2024-04-19,9,17.9,30.0
2024-04-19,10,13.9,17.0
2024-04-19,11,14.0,18.0
2024-04-19,12,14.5,27.0
2024-04-19,13,14.4,32.0
2024-04-19,14,10.5,38.0
2024-04-19,15,8.9,40.0
2024-04-19,16,9.2,39.0
2024-04-19,17,10.7,40.0
2024-04-19,18,10.8,37.0
2024-04-19,19,11.8,27.0
2024-04-19,20,14.7,36.0
2024-04-19,21,26.1,55.0
2024-04-19,22,27.5,64.0
2024-04-19,23,22.1,78.0
2024-04-19,24,16.0,76.0
2024-04-20,1,13.6,73.0
2024-04-20,2,16.7,33.0
2024-04-20,3,18.5,33.0
2024-04-20,4,16.9,38.0
2024-04-20,5,15.1,28.0
2024-04-20,6,16.5,23.0
2024-04-20,7,16.3,25.0
2024-04-20,8,17.9,30.0
2024-04-20,9,15.0,27.0
2024-04-20,10,10.3,12.0
2024-04-20,11,7.6,5.0
2024-04-20,12,6.1,360.0
2024-04-20,13,3.3,354.0
2024-04-20,14,3.4,302.0
2024-04-20,15,5.8,292.0
2024-04-20,16,6.2,291.0
2024-04-20,17,4.2,290.0
2024-04-20,18,6.2,306.0
2024-04-20,19,9.2,321.0
2024-04-20,20,4.4,351.0
2024-04-20,21,10.2,39.0
2024-04-20,22,24.4,98.0
2024-04-20,23,24.8,116.0
2024-04-20,24,21.0,128.0
2024-04-21,1,20.6,134.0
2024-04-21,2,17.1,141.0
2024-04-21,3,12.5,147.0
2024-04-21,4,10.2,148.0
2024-04-21,5,2.5,98.0
2024-04-21,6,2.5,8.0
2024-04-21,7,1.8,360.0
2024-04-21,8,3.6,127.0
2024-04-21,9,2.9,150.0
2024-04-21,10,2.8,140.0
2024-04-21,11,1.3,304.0
2024-04-21,12,11.2,201.0
2024-04-21,13,20.0,210.0
2024-04-21,14,32.1,225.0
2024-04-21,15,37.2,224.0
2024-04-21,16,43.7,238.0
2024-04-21,17,49.9,243.0
2024-04-21,18,49.7,244.0
2024-04-21,19,47.1,247.0
2024-04-21,20,43.1,249.0
2024-04-21,21,41.8,241.0
2024-04-21,22,41.6,232.0
2024-04-21,23,38.2,232.0
2024-04-21,24,36.2,227.0
2024-04-22,1,36.2,221.0
2024-04-22,2,33.7,221.0
2024-04-22,3,32.2,220.0
2024-04-22,4,26.8,220.0
2024-04-22,5,22.1,217.0
2024-04-22,6,18.2,218.0
2024-04-22,7,19.3,213.0
2024-04-22,8,11.6,216.0
2024-04-22,9,11.5,212.0
2024-04-22,10,14.2,216.0
2024-04-22,11,14.6,218.0
2024-04-22,12,15.5,216.0
2024-04-22,13,17.8,216.0
2024-04-22,14,19.9,221.0
2024-04-22,15,21.9,226.0
2024-04-22,16,23.5,230.0
2024-04-22,17,24.0,234.0
2024-04-22,18,24.4,236.0
2024-04-22,19,24.6,235.0
2024-04-22,20,23.2,224.0
2024-04-22,21,23.2,210.0
2024-04-22,22,26.1,204.0
2024-04-22,23,25.3,200.0
2024-04-22,24,28.0,196.0
2024-04-23,1,26.2,198.0
2024-04-23,2,24.1,194.0
2024-04-23,3,24.9,194.0
2024-04-23,4,24.6,198.0
2024-04-23,5,18.8,209.0
2024-04-23,6,13.2,223.0
2024-04-23,7,8.5,216.0
2024-04-23,8,9.2,201.0
2024-04-23,9,3.9,214.0
2024-04-23,10,3.3,311.0
2024-04-23,11,3.7,281.0
2024-04-23,12,2.5,262.0
2024-04-23,13,3.7,241.0
2024-04-23,14,6.2,234.0
2024-04-23,15,7.7,233.0
2024-04-23,16,9.2,239.0
2024-04-23,17,10.6,242.0
2024-04-23,18,12.1,240.0
2024-04-23,19,10.8,240.0
2024-04-23,20,6.8,252.0
2024-04-23,21,4.6,252.0
2024-04-23,22,2.2,189.0
2024-04-23,23,11.2,159.0
2024-04-23,24,11.8,149.0
2024-04-24,1,11.7,137.0
2024-04-24,2,6.9,133.0
2024-04-24,3,1.4,90.0
2024-04-24,4,4.8,347.0
2024-04-24,5,9.7,345.0
2024-04-24,6,7.6,3.0
2024-04-24,7,2.9,360.0
2024-04-24,8,2.1,329.0
2024-04-24,9,4.6,309.0
2024-04-24,10,4.0,333.0
2024-04-24,11,5.4,323.0
2024-04-24,12,4.7,274.0
2024-04-24,13,6.0,245.0
2024-04-24,14,6.6,241.0
2024-04-24,15,7.7,229.0
2024-04-24,16,7.9,231.0
2024-04-24,17,12.7,223.0
2024-04-24,18,34.9,199.0
2024-04-24,19,19.6,221.0
2024-04-24,20,19.8,205.0
2024-04-24,21,19.6,167.0
2024-04-24,22,25.2,161.0
2024-04-24,23,22.3,157.0
2024-04-24,24,18.7,205.0
2024-04-25,1,16.3,202.0
2024-04-25,2,16.8,211.0
2024-04-25,3,9.1,173.0
2024-04-25,4,12.3,177.0
2024-04-25,5,21.5,211.0
2024-04-25,6,25.7,202.0
2024-04-25,7,26.1,203.0
2024-04-25,8,15.4,196.0
2024-04-25,9,12.7,205.0
2024-04-25,10,19.3,213.0
2024-04-25,11,19.5,219.0
2024-04-25,12,19.6,224.0
2024-04-25,13,22.0,232.0
2024-04-25,14,23.1,231.0
2024-04-25,15,20.4,238.0
2024-04-25,16,24.7,236.0
2024-04-25,17,26.7,235.0
2024-04-25,18,21.2,260.0
2024-04-25,19,15.6,334.0
2024-04-25,20,10.3,25.0
2024-04-25,21,9.7,141.0
2024-04-25,22,23.2,213.0
2024-04-25,23,34.0,220.0
2024-04-25,24,30.7,219.0
2024-04-26,1,29.1,211.0
2024-04-26,2,28.4,209.0
2024-04-26,3,28.5,208.0
2024-04-26,4,26.4,209.0
2024-04-26,5,23.6,218.0
2024-04-26,6,28.9,213.0
2024-04-26,7,30.4,211.0
2024-04-26,8,30.4,211.0
2024-04-26,9,28.2,212.0
2024-04-26,10,27.2,217.0
2024-04-26,11,24.5,223.0
2024-04-26,12,18.3,225.0
2024-04-26,13,12.3,230.0
2024-04-26,14,8.0,216.0
2024-04-26,15,3.8,221.0
2024-04-26,16,4.1,225.0
2024-04-26,17,3.1,234.0
2024-04-26,18,2.4,27.0
2024-04-26,19,9.9,10.0
2024-04-26,20,12.5,39.0
2024-04-26,21,16.8,47.0
2024-04-26,22,14.8,72.0
2024-04-26,23,8.9,27.0
2024-04-26,24,17.2,20.0
2024-04-27,1,19.6,14.0
2024-04-27,2,18.4,12.0
2024-04-27,3,20.4,9.0
2024-04-27,4,15.3,9.0
2024-04-27,5,8.7,5.0
2024-04-27,6,6.9,6.0
2024-04-27,7,0.8,27.0
2024-04-27,8,7.4,14.0
2024-04-27,9,5.5,328.0
2024-04-27,10,3.4,342.0
2024-04-27,11,2.2,189.0
2024-04-27,12,9.1,214.0
2024-04-27,13,20.2,219.0
2024-04-27,14,26.7,217.0
2024-04-27,15,26.3,230.0
2024-04-27,16,24.8,230.0
2024-04-27,17,24.5,229.0
2024-04-27,18,20.9,226.0
2024-04-27,19,21.5,220.0
2024-04-27,20,19.6,216.0
2024-04-27,21,23.1,201.0
2024-04-27,22,25.9,181.0
2024-04-27,23,26.0,163.0
2024-04-27,24,34.1,194.0
2024-04-28,1,33.9,202.0
2024-04-28,2,34.5,207.0
2024-04-28,3,31.6,210.0
2024-04-28,4,28.7,213.0
2024-04-28,5,28.3,214.0
2024-04-28,6,26.1,213.0
2024-04-28,7,26.2,212.0
2024-04-28,8,26.0,204.0
2024-04-28,9,26.9,208.0
2024-04-28,10,27.6,213.0
2024-04-28,11,26.3,222.0
2024-04-28,12,25.3,229.0
2024-04-28,13,24.7,233.0
2024-04-28,14,26.5,236.0
2024-04-28,15,28.8,236.0
2024-04-28,16,27.4,242.0
2024-04-28,17,28.7,245.0
2024-04-28,18,32.3,237.0
2024-04-28,19,35.4,227.0
2024-04-28,20,32.4,222.0
2024-04-28,21,28.3,227.0
2024-04-28,22,28.3,221.0
2024-04-28,23,27.9,205.0
2024-04-28,24,32.2,205.0
2024-04-29,1,36.3,209.0
2024-04-29,2,35.8,209.0
2024-04-29,3,31.4,205.0
2024-04-29,4,31.2,202.0
2024-04-29,5,26.4,206.0
2024-04-29,6,23.2,208.0
2024-04-29,7,20.8,203.0
2024-04-29,8,12.6,200.0
2024-04-29,9,7.6,183.0
2024-04-29,10,7.3,213.0
2024-04-29,11,16.8,215.0
2024-04-29,12,25.2,223.0
2024-04-29,13,31.7,231.0
2024-04-29,14,42.2,233.0
2024-04-29,15,44.0,237.0
2024-04-29,16,42.5,242.0
2024-04-29,17,45.3,250.0
2024-04-29,18,45.3,252.0
2024-04-29,19,47.3,248.0
2024-04-29,20,44.0,255.0
2024-04-29,21,42.0,252.0
2024-04-29,22,40.5,246.0
2024-04-29,23,39.3,235.0
2024-04-29,24,34.2,236.0
2024-04-30,1,26.7,238.0
2024-04-30,2,21.9,225.0
2024-04-30,3,21.9,210.0
2024-04-30,4,24.1,200.0
2024-04-30,5,27.6,195.0
2024-04-30,6,29.4,197.0
2024-04-30,7,28.4,202.0
2024-04-30,8,26.5,202.0
2024-04-30,9,24.8,210.0
2024-04-30,10,26.5,217.0
2024-04-30,11,29.3,223.0
2024-04-30,12,29.0,224.0
2024-04-30,13,29.8,224.0
2024-04-30,14,32.6,224.0
2024-04-30,15,38.6,236.0
2024-04-30,16,37.3,233.0
2024-04-30,17,36.5,229.0
2024-04-30,18,36.2,228.0
2024-04-30,19,35.9,223.0
2024-04-30,20,30.5,256.0
2024-04-30,21,19.9,283.0
2024-04-30,22,21.3,244.0
2024-04-30,23,19.2,244.0
2024-04-30,24,4.3,265.0
2024-05-01,1,14.1,177.0
2024-05-01,2,22.1,173.0
2024-05-01,3,26.5,214.0
2024-05-01,4,27.4,232.0
2024-05-01,5,20.5,239.0
2024-05-01,6,12.2,236.0
2024-05-01,7,15.4,213.0
2024-05-01,8,15.3,207.0
2024-05-01,9,20.3,207.0
2024-05-01,10,22.2,216.0
2024-05-01,11,22.9,222.0
2024-05-01,12,23.8,231.0
2024-05-01,13,26.9,240.0
2024-05-01,14,25.6,270.0
2024-05-01,15,22.1,286.0
2024-05-01,16,15.9,267.0
2024-05-01,17,16.6,275.0
2024-05-01,18,16.8,239.0
2024-05-01,19,26.2,217.0
2024-05-01,20,15.0,210.0
2024-05-01,21,14.2,216.0
2024-05-01,22,19.8,190.0
2024-05-01,23,25.2,197.0
2024-05-01,24,23.2,208.0
2024-05-02,1,22.0,195.0
2024-05-02,2,21.8,196.0
2024-05-02,3,21.5,194.0
2024-05-02,4,19.5,192.0
2024-05-02,5,18.2,194.0
2024-05-02,6,18.0,192.0
2024-05-02,7,17.1,188.0
2024-05-02,8,15.8,201.0
2024-05-02,9,13.7,207.0
2024-05-02,10,14.2,216.0
2024-05-02,11,16.6,219.0
2024-05-02,12,15.1,218.0
2024-05-02,13,15.5,222.0
2024-05-02,14,16.3,225.0
2024-05-02,15,20.6,227.0
2024-05-02,16,24.2,221.0
2024-05-02,17,25.5,216.0
2024-05-02,18,23.6,211.0
2024-05-02,19,20.3,205.0
2024-05-02,20,21.3,191.0
2024-05-02,21,17.0,175.0
2024-05-02,22,8.9,153.0
2024-05-02,23,5.5,148.0
2024-05-02,24,5.8,150.0
2024-05-03,1,9.4,180.0
2024-05-03,2,8.5,216.0
2024-05-03,3,5.2,245.0
2024-05-03,4,5.6,285.0
2024-05-03,5,5.8,300.0
2024-05-03,6,4.7,293.0
2024-05-03,7,3.1,315.0
2024-05-03,8,8.2,322.0
2024-05-03,9,12.6,355.0
2024-05-03,10,15.1,357.0
2024-05-03,11,15.2,4.0
2024-05-03,12,12.1,10.0
2024-05-03,13,10.1,358.0
2024-05-03,14,8.1,339.0
2024-05-03,15,10.6,305.0
2024-05-03,16,12.4,306.0
2024-05-03,17,11.1,306.0
2024-05-03,18,7.2,297.0
2024-05-03,19,6.5,264.0
2024-05-03,20,4.5,194.0
2024-05-03,21,12.3,122.0
2024-05-03,22,22.8,121.0
2024-05-03,23,26.1,125.0
2024-05-03,24,26.4,128.0
2024-05-04,1,26.0,137.0
2024-05-04,2,22.1,134.0
2024-05-04,3,20.0,129.0
2024-05-04,4,19.7,128.0
2024-05-04,5,16.3,118.0
2024-05-04,6,14.6,106.0
2024-05-04,7,9.4,94.0
2024-05-04,8,7.9,93.0
2024-05-04,9,5.5,67.0
2024-05-04,10,3.5,24.0
2024-05-04,11,4.5,104.0
2024-05-04,12,10.7,132.0
2024-05-04,13,14.9,143.0
2024-05-04,14,16.6,150.0
2024-05-04,15,18.2,153.0
2024-05-04,16,19.8,164.0
2024-05-04,17,22.5,164.0
2024-05-04,18,24.6,169.0
2024-05-04,19,29.8,160.0
2024-05-04,20,32.8,159.0
2024-05-04,21,31.8,134.0
2024-05-04,22,39.0,122.0
2024-05-04,23,40.6,115.0
2024-05-04,24,44.9,125.0
2024-05-05,1,37.5,132.0
2024-05-05,2,39.0,142.0
2024-05-05,3,37.1,150.0
2024-05-05,4,39.6,148.0
2024-05-05,5,33.3,155.0
2024-05-05,6,36.6,210.0
2024-05-05,7,37.1,210.0
2024-05-05,8,29.3,206.0
2024-05-05,9,29.0,200.0
2024-05-05,10,27.6,200.0
2024-05-05,11,23.1,214.0
2024-05-05,12,21.5,211.0
2024-05-05,13,19.4,220.0
2024-05-05,14,22.4,213.0
2024-05-05,15,31.1,224.0
2024-05-05,16,35.4,235.0
2024-05-05,17,32.9,227.0
2024-05-05,18,26.3,222.0
2024-05-05,19,27.7,219.0
2024-05-05,20,23.2,206.0
2024-05-05,21,22.8,215.0
2024-05-05,22,25.2,202.0
2024-05-05,23,24.2,191.0
2024-05-05,24,27.9,207.0
2024-05-06,1,20.1,201.0
2024-05-06,2,30.1,206.0
2024-05-06,3,36.0,211.0
2024-05-06,4,34.0,210.0
2024-05-06,5,37.4,206.0
2024-05-06,6,36.6,213.0
2024-05-06,7,41.3,222.0
2024-05-06,8,36.3,219.0
2024-05-06,9,38.5,222.0
2024-05-06,10,40.9,219.0
2024-05-06,11,42.3,223.0
2024-05-06,12,44.6,228.0
2024-05-06,13,42.6,235.0
2024-05-06,14,32.2,245.0
2024-05-06,15,35.2,239.0
2024-05-06,16,42.6,235.0
2024-05-06,17,41.6,240.0
2024-05-06,18,36.7,227.0
2024-05-06,19,45.4,238.0
2024-05-06,20,39.5,234.0
2024-05-06,21,45.2,233.0
2024-05-06,22,40.5,227.0
2024-05-06,23,45.8,225.0
2024-05-06,24,41.0,224.0
2024-05-07,1,37.9,219.0
2024-05-07,2,36.4,219.0
2024-05-07,3,35.3,220.0
2024-05-07,4,34.5,217.0
2024-05-07,5,35.0,220.0
2024-05-07,6,35.3,220.0
2024-05-07,7,35.5,220.0
2024-05-07,8,31.5,219.0
2024-05-07,9,30.3,228.0
2024-05-07,10,24.8,229.0
2024-05-07,11,24.0,221.0
2024-05-07,12,24.6,207.0
2024-05-07,13,19.9,225.0
2024-05-07,14,25.9,272.0
2024-05-07,15,29.2,272.0
2024-05-07,16,27.8,280.0
2024-05-07,17,26.5,282.0
2024-05-07,18,25.2,289.0
2024-05-07,19,23.7,294.0
2024-05-07,20,22.3,304.0
2024-05-07,21,23.4,329.0
2024-05-07,22,19.9,347.0
2024-05-07,23,12.0,344.0
2024-05-07,24,10.0,322.0
2024-05-08,1,13.2,299.0
2024-05-08,2,15.9,275.0
2024-05-08,3,17.8,256.0
2024-05-08,4,21.3,251.0
2024-05-08,5,23.9,236.0
2024-05-08,6,25.7,223.0
2024-05-08,7,27.0,227.0
2024-05-08,8,26.7,224.0
2024-05-08,9,26.1,215.0
2024-05-08,10,27.5,217.0
2024-05-08,11,27.2,226.0
2024-05-08,12,23.4,247.0
2024-05-08,13,20.4,306.0
2024-05-08,14,16.4,320.0
2024-05-08,15,19.2,337.0
2024-05-08,16,28.2,350.0
2024-05-08,17,29.2,350.0
2024-05-08,18,30.1,354.0
2024-05-08,19,27.4,358.0
2024-05-08,20,26.8,5.0
2024-05-08,21,27.4,1.0
2024-05-08,22,28.8,359.0
2024-05-08,23,26.8,7.0
2024-05-08,24,25.4,18.0
2024-05-09,1,24.6,18.0
2024-05-09,2,22.2,20.0
2024-05-09,3,22.9,28.0
2024-05-09,4,22.4,28.0
2024-05-09,5,21.0,38.0
2024-05-09,6,23.4,34.0
2024-05-09,7,25.1,32.0
2024-05-09,8,24.1,38.0
2024-05-09,9,25.2,31.0
2024-05-09,10,25.5,31.0
2024-05-09,11,32.9,35.0
2024-05-09,12,35.1,36.0
2024-05-09,13,31.8,47.0
2024-05-09,14,26.8,42.0
2024-05-09,15,21.1,43.0
2024-05-09,16,19.2,34.0
2024-05-09,17,22.7,33.0
2024-05-09,18,26.7,16.0
2024-05-09,19,31.2,17.0
2024-05-09,20,37.0,13.0
2024-05-09,21,40.4,27.0
2024-05-09,22,39.1,39.0
2024-05-09,23,37.3,50.0
2024-05-09,24,26.3,60.0
2024-05-10,1,18.8,47.0
2024-05-10,2,21.9,20.0
2024-05-10,3,21.2,18.0
2024-05-10,4,18.1,31.0
2024-05-10,5,15.3,45.0
2024-05-10,6,10.2,51.0
2024-05-10,7,6.2,80.0
2024-05-10,8,5.7,72.0
2024-05-10,9,6.9,28.0
2024-05-10,10,7.2,3.0
2024-05-10,11,6.8,357.0
2024-05-10,12,5.9,14.0
2024-05-10,13,6.6,9.0
2024-05-10,14,7.7,349.0
2024-05-10,15,6.5,357.0
2024-05-10,16,6.4,16.0
2024-05-10,17,10.7,33.0
2024-05-10,18,12.8,32.0
2024-05-10,19,8.8,19.0
2024-05-10,20,10.1,92.0
2024-05-10,21,6.4,117.0
2024-05-10,22,5.2,192.0
2024-05-10,23,5.8,210.0
2024-05-10,24,12.7,223.0
2024-05-11,1,11.6,240.0
2024-05-11,2,9.6,214.0
2024-05-11,3,4.6,141.0
2024-05-11,4,6.0,107.0
2024-05-11,5,10.7,160.0
2024-05-11,6,9.0,182.0
2024-05-11,7,0.5,225.0
2024-05-11,8,3.1,201.0
2024-05-11,9,3.5,246.0
2024-05-11,10,4.1,285.0
2024-05-11,11,7.1,225.0
2024-05-11,12,8.7,225.0
2024-05-11,13,5.8,240.0
2024-05-11,14,4.3,294.0
2024-05-11,15,6.2,339.0
2024-05-11,16,8.6,345.0
2024-05-11,17,10.8,339.0
2024-05-11,18,8.9,339.0
2024-05-11,19,6.6,331.0
2024-05-11,20,18.1,305.0
2024-05-11,21,13.5,279.0
2024-05-11,22,10.1,176.0
2024-05-11,23,16.8,118.0
2024-05-11,24,11.2,111.0
2024-05-12,1,5.2,78.0
2024-05-12,2,5.6,315.0
2024-05-12,3,7.5,197.0
2024-05-12,4,11.2,225.0
2024-05-12,5,6.0,245.0
2024-05-12,6,9.1,187.0
2024-05-12,7,10.6,204.0
2024-05-12,8,12.0,219.0
2024-05-12,9,8.9,207.0
2024-05-12,10,7.4,209.0
2024-05-12,11,8.7,225.0
2024-05-12,12,8.9,230.0
2024-05-12,13,7.9,231.0
2024-05-12,14,7.9,240.0
2024-05-12,15,9.0,233.0
2024-05-12,16,11.7,225.0
2024-05-12,17,14.8,223.0
2024-05-12,18,16.8,228.0
2024-05-12,19,15.9,232.0
2024-05-12,20,17.3,228.0
2024-05-12,21,33.0,212.0
2024-05-12,22,40.3,199.0
2024-05-12,23,40.5,213.0
2024-05-12,24,38.7,219.0
2024-05-13,1,33.2,204.0
2024-05-13,2,33.1,202.0
2024-05-13,3,34.0,206.0
2024-05-13,4,33.5,208.0
2024-05-13,5,30.8,210.0
2024-05-13,6,26.2,212.0
2024-05-13,7,24.2,208.0
2024-05-13,8,23.8,205.0
2024-05-13,9,20.1,204.0
2024-05-13,10,15.5,216.0
2024-05-13,11,12.3,218.0
2024-05-13,12,13.5,224.0
2024-05-13,13,23.3,235.0
2024-05-13,14,33.5,237.0
2024-05-13,15,29.5,218.0
2024-05-13,16,25.1,215.0
2024-05-13,17,22.9,187.0
2024-05-13,18,13.2,227.0
2024-05-13,19,17.7,175.0
2024-05-13,20,35.4,218.0
2024-05-13,21,33.3,190.0
2024-05-13,22,32.8,192.0
2024-05-13,23,30.7,202.0
2024-05-13,24,26.5,211.0
2024-05-14,1,11.8,203.0
2024-05-14,2,12.4,190.0
2024-05-14,3,11.7,169.0
2024-05-14,4,15.0,191.0
2024-05-14,5,17.3,197.0
2024-05-14,6,8.8,189.0
2024-05-14,7,5.9,218.0
2024-05-14,8,12.4,216.0
2024-05-14,9,9.2,201.0
2024-05-14,10,9.9,213.0
2024-05-14,11,14.5,316.0
2024-05-14,12,5.0,339.0
2024-05-14,13,5.2,25.0
2024-05-14,14,3.1,306.0
2024-05-14,15,6.9,321.0
2024-05-14,16,9.7,338.0
2024-05-14,17,9.8,324.0
2024-05-14,18,15.5,312.0
2024-05-14,19,10.4,358.0
2024-05-14,20,13.5,9.0
2024-05-14,21,13.0,42.0
2024-05-14,22,16.9,79.0
2024-05-14,23,20.2,91.0
2024-05-14,24,22.0,90.0
2024-05-15,1,18.8,78.0
2024-05-15,2,11.0,71.0
2024-05-15,3,7.6,45.0
2024-05-15,4,12.2,14.0
2024-05-15,5,14.5,19.0
2024-05-15,6,14.0,26.0
2024-05-15,7,15.5,25.0
2024-05-15,8,14.3,39.0
2024-05-15,9,12.0,33.0
2024-05-15,10,10.8,26.0
2024-05-15,11,12.6,20.0
2024-05-15,12,11.3,17.0
2024-05-15,13,9.8,8.0
2024-05-15,14,11.5,346.0
2024-05-15,15,15.1,342.0
2024-05-15,16,15.5,357.0
2024-05-15,17,14.1,19.0
2024-05-15,18,8.7,83.0
2024-05-15,19,13.1,122.0
2024-05-15,20,6.5,90.0
2024-05-15,21,13.6,122.0
2024-05-15,22,20.9,135.0
2024-05-15,23,21.7,140.0
2024-05-15,24,12.8,170.0
2024-05-16,1,14.0,162.0
2024-05-16,2,14.8,194.0
2024-05-16,3,20.0,198.0
2024-05-16,4,21.6,204.0
2024-05-16,5,22.2,205.0
2024-05-16,6,22.7,213.0
2024-05-16,7,22.2,205.0
2024-05-16,8,20.4,206.0
2024-05-16,9,19.0,207.0
2024-05-16,10,20.2,211.0
2024-05-16,11,20.6,216.0
2024-05-16,12,19.6,221.0
2024-05-16,13,22.2,223.0
2024-05-16,14,25.5,223.0
2024-05-16,15,28.3,224.0
2024-05-16,16,30.1,229.0
2024-05-16,17,34.5,240.0
2024-05-16,18,38.8,244.0
2024-05-16,19,41.4,243.0
2024-05-16,20,46.1,237.0
2024-05-16,21,43.0,224.0
2024-05-16,22,38.4,225.0
2024-05-16,23,33.5,240.0
2024-05-16,24,33.2,243.0
2024-05-17,1,26.1,235.0
2024-05-17,2,25.4,201.0
2024-05-17,3,26.9,203.0
2024-05-17,4,27.4,207.0
2024-05-17,5,25.7,198.0
2024-05-17,6,25.0,195.0
2024-05-17,7,29.0,200.0
2024-05-17,8,39.8,213.0
2024-05-17,9,39.7,209.0
2024-05-17,10,39.4,214.0
2024-05-17,11,52.5,238.0
2024-05-17,12,55.8,238.0
2024-05-17,13,57.0,239.0
2024-05-17,14,58.1,237.0
2024-05-17,15,57.9,238.0
2024-05-17,16,56.9,242.0
2024-05-17,17,56.7,244.0
2024-05-17,18,56.2,245.0
2024-05-17,19,54.8,247.0
2024-05-17,20,54.6,245.0
2024-05-17,21,45.5,248.0
2024-05-17,22,36.4,252.0
2024-05-17,23,29.9,270.0
2024-05-17,24,24.0,289.0
2024-05-18,1,20.6,341.0
2024-05-18,2,24.1,39.0
2024-05-18,3,20.2,51.0
2024-05-18,4,17.5,58.0
2024-05-18,5,13.1,58.0
2024-05-18,6,11.2,48.0
2024-05-18,7,9.5,37.0
2024-05-18,8,8.1,45.0
2024-05-18,9,1.1,18.0
2024-05-18,10,9.3,216.0
2024-05-18,11,18.4,219.0
2024-05-18,12,24.0,221.0
2024-05-18,13,26.5,225.0
2024-05-18,14,27.7,226.0
2024-05-18,15,29.3,222.0
2024-05-18,16,32.6,222.0
2024-05-18,17,34.9,228.0
2024-05-18,18,33.7,228.0
2024-05-18,19,37.2,235.0
2024-05-18,20,35.1,242.0
2024-05-18,21,25.3,246.0
2024-05-18,22,19.9,222.0
2024-05-18,23,14.2,204.0
2024-05-18,24,9.6,200.0
2024-05-19,1,9.8,264.0
2024-05-19,2,5.9,259.0
2024-05-19,3,5.7,162.0
2024-05-19,4,13.0,178.0
2024-05-19,5,15.1,213.0
2024-05-19,6,27.3,222.0
2024-05-19,7,30.9,216.0
2024-05-19,8,35.7,221.0
2024-05-19,9,42.9,212.0
2024-05-19,10,49.8,217.0
2024-05-19,11,50.4,226.0
2024-05-19,12,48.3,230.0
2024-05-19,13,44.6,229.0
2024-05-19,14,40.6,230.0
2024-05-19,15,37.0,235.0
2024-05-19,16,33.6,239.0
2024-05-19,17,33.2,230.0
2024-05-19,18,33.9,229.0
2024-05-19,19,31.4,229.0
2024-05-19,20,24.9,219.0
2024-05-19,21,26.7,212.0
2024-05-19,22,25.3,200.0
2024-05-19,23,26.8,191.0
2024-05-19,24,30.2,195.0
2024-05-20,1,33.0,200.0
2024-05-20,2,35.1,199.0
2024-05-20,3,33.2,195.0
2024-05-20,4,34.2,200.0
2024-05-20,5,34.8,208.0
2024-05-20,6,30.2,216.0
2024-05-20,7,25.4,215.0
2024-05-20,8,25.4,219.0
2024-05-20,9,13.8,223.0
2024-05-20,10,9.1,252.0
2024-05-20,11,7.8,257.0
2024-05-20,12,9.2,239.0
2024-05-20,13,15.0,240.0
2024-05-20,14,22.3,249.0
2024-05-20,15,19.5,268.0
2024-05-20,16,18.4,272.0
2024-05-20,17,14.3,282.0
2024-05-20,18,14.6,280.0
2024-05-20,19,24.7,331.0
2024-05-20,20,19.2,310.0
2024-05-20,21,22.9,352.0
2024-05-20,22,5.8,353.0
2024-05-20,23,6.5,56.0
2024-05-20,24,6.6,22.0
2024-05-21,1,9.9,80.0
2024-05-21,2,8.2,157.0
2024-05-21,3,15.4,344.0
2024-05-21,4,12.6,27.0
2024-05-21,5,8.4,31.0
2024-05-21,6,6.3,13.0
2024-05-21,7,6.7,16.0
2024-05-21,8,9.3,16.0
2024-05-21,9,5.6,40.0
2024-05-21,10,5.2,12.0
2024-05-21,11,5.7,325.0
2024-05-21,12,8.5,282.0
2024-05-21,13,13.7,268.0
2024-05-21,14,17.0,266.0
2024-05-21,15,18.4,264.0
2024-05-21,16,17.0,264.0
2024-05-21,17,27.9,240.0
2024-05-21,18,17.2,254.0
2024-05-21,19,37.5,244.0
2024-05-21,20,29.6,238.0
2024-05-21,21,24.8,229.0
2024-05-21,22,32.3,226.0
2024-05-21,23,31.4,214.0
2024-05-21,24,28.7,202.0
2024-05-22,1,29.6,207.0
2024-05-22,2,31.6,204.0
2024-05-22,3,26.8,195.0
2024-05-22,4,24.4,171.0
2024-05-22,5,29.3,166.0
2024-05-22,6,32.8,171.0
2024-05-22,7,31.9,174.0
2024-05-22,8,30.7,158.0
2024-05-22,9,40.4,159.0
2024-05-22,10,25.2,170.0
2024-05-22,11,34.9,226.0
2024-05-22,12,35.8,209.0
2024-05-22,13,31.6,203.0
2024-05-22,14,32.4,221.0
2024-05-22,15,39.3,235.0
2024-05-22,16,34.4,214.0
2024-05-22,17,35.9,207.0
2024-05-22,18,32.0,219.0
2024-05-22,19,39.3,228.0
2024-05-22,20,21.1,210.0
2024-05-22,21,30.3,200.0
2024-05-22,22,35.0,200.0
2024-05-22,23,40.0,210.0
2024-05-22,24,34.3,197.0
2024-05-23,1,33.7,209.0
2024-05-23,2,38.1,202.0
2024-05-23,3,40.4,201.0
2024-05-23,4,42.2,204.0
2024-05-23,5,38.8,213.0
2024-05-23,6,35.1,216.0
2024-05-23,7,34.3,210.0
2024-05-23,8,34.6,211.0
2024-05-23,9,35.5,217.0
2024-05-23,10,34.8,220.0
2024-05-23,11,30.9,229.0
2024-05-23,12,30.9,244.0
2024-05-23,13,32.1,247.0
2024-05-23,14,30.7,266.0
2024-05-23,15,24.8,283.0
2024-05-23,16,21.1,284.0
2024-05-23,17,17.8,312.0
2024-05-23,18,13.9,329.0
2024-05-23,19,12.3,339.0
2024-05-23,20,9.5,331.0
2024-05-23,21,8.4,320.0
2024-05-23,22,16.6,198.0
2024-05-23,23,23.3,202.0
2024-05-23,24,16.6,180.0
2024-05-24,1,20.0,173.0
2024-05-24,2,18.7,182.0
2024-05-24,3,17.0,174.0
2024-05-24,4,14.6,171.0
2024-05-24,5,10.6,170.0
2024-05-24,6,9.5,169.0
2024-05-24,7,9.8,172.0
2024-05-24,8,10.7,166.0
2024-05-24,9,6.2,187.0
2024-05-24,10,7.1,204.0
2024-05-24,11,15.1,218.0
2024-05-24,12,16.5,226.0
2024-05-24,13,16.9,230.0
2024-05-24,14,16.6,219.0
2024-05-24,15,16.6,221.0
2024-05-24,16,18.9,220.0
2024-05-24,17,19.7,215.0
2024-05-24,18,20.2,220.0
2024-05-24,19,20.9,228.0
2024-05-24,20,23.2,228.0
2024-05-24,21,22.7,222.0
2024-05-24,22,20.1,209.0
2024-05-24,23,21.6,180.0
2024-05-24,24,24.5,183.0
2024-05-25,1,22.8,185.0
2024-05-25,2,20.7,187.0
2024-05-25,3,18.5,187.0
2024-05-25,4,18.0,178.0
2024-05-25,5,17.6,181.0
2024-05-25,6,15.6,187.0
2024-05-25,7,13.4,188.0
2024-05-25,8,14.1,184.0
2024-05-25,9,25.6,197.0
2024-05-25,10,27.5,207.0
2024-05-25,11,26.2,207.0
2024-05-25,12,28.3,224.0
2024-05-25,13,29.5,223.0
2024-05-25,14,36.2,228.0
2024-05-25,15,30.5,213.0
2024-05-25,16,37.2,227.0
2024-05-25,17,36.3,230.0
2024-05-25,18,38.3,233.0
2024-05-25,19,38.0,241.0
2024-05-25,20,38.7,234.0
2024-05-25,21,39.5,228.0
2024-05-25,22,46.6,225.0
2024-05-25,23,41.7,220.0
2024-05-25,24,41.1,215.0
2024-05-26,1,39.8,212.0
2024-05-26,2,38.1,214.0
2024-05-26,3,36.8,214.0
2024-05-26,4,34.1,222.0
2024-05-26,5,29.8,226.0
2024-05-26,6,29.0,223.0
2024-05-26,7,28.6,216.0
2024-05-26,8,33.2,209.0
2024-05-26,9,33.4,210.0
2024-05-26,10,31.8,215.0
2024-05-26,11,29.7,219.0
2024-05-26,12,29.3,222.0
2024-05-26,13,29.1,222.0
2024-05-26,14,30.9,228.0
2024-05-26,15,37.1,241.0
2024-05-26,16,37.7,244.0
2024-05-26,17,37.5,236.0
2024-05-26,18,32.2,230.0
2024-05-26,19,31.8,226.0
2024-05-26,20,29.3,217.0
2024-05-26,21,31.6,207.0
2024-05-26,22,32.4,204.0
2024-05-26,23,33.2,204.0
2024-05-26,24,32.9,210.0
2024-05-27,1,31.4,207.0
2024-05-27,2,26.6,210.0
2024-05-27,3,22.2,209.0
2024-05-27,4,20.8,210.0
2024-05-27,5,19.8,207.0
2024-05-27,6,18.2,210.0
2024-05-27,7,13.9,217.0
2024-05-27,8,11.0,218.0
2024-05-27,9,6.6,241.0
2024-05-27,10,6.6,241.0
2024-05-27,11,4.9,253.0
2024-05-27,12,1.8,323.0
2024-05-27,13,1.5,284.0
2024-05-27,14,1.4,270.0
2024-05-27,15,1.8,233.0
2024-05-27,16,2.6,196.0
2024-05-27,17,3.7,191.0
2024-05-27,18,3.1,201.0
2024-05-27,19,1.8,217.0
2024-05-27,20,5.1,231.0
2024-05-27,21,6.1,242.0
2024-05-27,22,6.2,201.0
2024-05-27,23,12.0,134.0
2024-05-27,24,19.3,119.0
2024-05-28,1,19.4,121.0
2024-05-28,2,17.1,129.0
2024-05-28,3,15.9,123.0
2024-05-28,4,12.5,123.0
2024-05-28,5,7.6,115.0
2024-05-28,6,7.4,67.0
2024-05-28,7,8.9,50.0
2024-05-28,8,7.9,60.0
2024-05-28,9,5.4,37.0
2024-05-28,10,4.4,9.0
2024-05-28,11,4.5,346.0
2024-05-28,12,1.6,297.0
2024-05-28,13,5.1,225.0
2024-05-28,14,10.7,213.0
2024-05-28,15,16.6,198.0
2024-05-28,16,18.1,185.0
2024-05-28,17,26.2,193.0
2024-05-28,18,33.1,194.0
2024-05-28,19,33.2,189.0
2024-05-28,20,27.3,171.0
2024-05-28,21,22.0,170.0
2024-05-28,22,25.1,159.0
2024-05-28,23,17.8,162.0
2024-05-28,24,13.0,183.0
2024-05-29,1,24.7,161.0
2024-05-29,2,16.5,169.0
2024-05-29,3,2.3,198.0
2024-05-29,4,4.1,218.0
2024-05-29,5,8.0,144.0
2024-05-29,6,8.4,170.0
2024-05-29,7,23.9,217.0
2024-05-29,8,37.8,208.0
2024-05-29,9,37.7,209.0
2024-05-29,10,39.1,208.0
2024-05-29,11,37.9,213.0
2024-05-29,12,33.7,207.0
2024-05-29,13,32.4,212.0
2024-05-29,14,36.2,224.0
2024-05-29,15,44.6,229.0
2024-05-29,16,47.3,235.0
2024-05-29,17,51.3,234.0
2024-05-29,18,49.3,233.0
2024-05-29,19,51.7,231.0
2024-05-29,20,49.0,229.0
2024-05-29,21,45.1,226.0
2024-05-29,22,49.2,212.0
2024-05-29,23,38.2,227.0
2024-05-29,24,8.3,275.0
2024-05-30,1,2.2,99.0
2024-05-30,2,7.0,235.0
2024-05-30,3,11.0,229.0
2024-05-30,4,11.3,207.0
2024-05-30,5,17.9,199.0
2024-05-30,6,25.2,197.0
2024-05-30,7,24.5,200.0
2024-05-30,8,24.4,193.0
2024-05-30,9,20.8,206.0
2024-05-30,10,19.5,214.0
2024-05-30,11,19.1,224.0
2024-05-30,12,24.8,229.0
2024-05-30,13,26.9,231.0
2024-05-30,14,28.3,236.0
2024-05-30,15,30.4,229.0
2024-05-30,16,29.6,230.0
2024-05-30,17,29.3,224.0
2024-05-30,18,27.8,223.0
2024-05-30,19,26.0,224.0
2024-05-30,20,25.1,212.0
2024-05-30,21,25.7,211.0
2024-05-30,22,24.9,194.0
2024-05-30,23,27.9,194.0
2024-05-30,24,29.3,208.0
2024-05-31,1,28.8,200.0
2024-05-31,2,29.5,198.0
2024-05-31,3,30.1,197.0
2024-05-31,4,28.2,205.0
2024-05-31,5,26.6,210.0
2024-05-31,6,26.6,208.0
2024-05-31,7,25.6,208.0
2024-05-31,8,21.5,215.0
2024-05-31,9,15.9,219.0
2024-05-31,10,15.6,218.0
2024-05-31,11,13.2,225.0
2024-05-31,12,9.5,233.0
2024-05-31,13,8.5,234.0
2024-05-31,14,8.9,230.0
2024-05-31,15,11.5,224.0
2024-05-31,16,14.5,222.0
2024-05-31,17,16.3,227.0
2024-05-31,18,15.2,234.0
2024-05-31,19,11.1,241.0
2024-05-31,20,9.2,219.0
2024-05-31,21,9.0,175.0
2024-05-31,22,20.4,163.0
2024-05-31,23,22.1,161.0
2024-05-31,24,21.3,161.0
2024-06-01,1,21.3,156.0
2024-06-01,2,19.0,153.0
2024-06-01,3,17.3,159.0
2024-06-01,4,13.4,175.0
2024-06-01,5,5.9,191.0
2024-06-01,6,1.6,63.0
2024-06-01,7,1.8,90.0
2024-06-01,8,2.1,149.0
2024-06-01,9,2.3,288.0
2024-06-01,10,3.1,315.0
2024-06-01,11,4.7,238.0
2024-06-01,12,8.7,228.0
2024-06-01,13,12.0,229.0
2024-06-01,14,17.5,233.0
2024-06-01,15,18.9,230.0
2024-06-01,16,20.4,228.0
2024-06-01,17,23.7,229.0
2024-06-01,18,25.2,223.0
2024-06-01,19,29.6,236.0
2024-06-01,20,37.4,246.0
2024-06-01,21,28.7,248.0
2024-06-01,22,29.3,245.0
2024-06-01,23,24.1,256.0
2024-06-01,24,17.4,243.0
2024-06-02,1,19.1,286.0
2024-06-02,2,17.3,324.0
2024-06-02,3,12.2,66.0
2024-06-02,4,12.3,38.0
2024-06-02,5,5.6,45.0
2024-06-02,6,22.4,154.0
2024-06-02,7,17.5,189.0
2024-06-02,8,17.6,224.0
2024-06-02,9,19.6,221.0
2024-06-02,10,23.5,216.0
2024-06-02,11,22.5,221.0
2024-06-02,12,24.5,234.0
2024-06-02,13,31.6,246.0
2024-06-02,14,30.6,242.0
2024-06-02,15,33.0,246.0
2024-06-02,16,32.0,244.0
2024-06-02,17,37.1,241.0
2024-06-02,18,42.7,238.0
2024-06-02,19,44.3,241.0
2024-06-02,20,44.1,245.0
2024-06-02,21,37.8,251.0
2024-06-02,22,35.6,246.0
2024-06-02,23,30.2,239.0
2024-06-02,24,29.5,232.0
2024-06-03,1,26.2,224.0
2024-06-03,2,26.4,206.0
2024-06-03,3,29.3,208.0
2024-06-03,4,30.8,210.0
2024-06-03,5,34.3,216.0
2024-06-03,6,36.9,212.0
2024-06-03,7,39.0,210.0
2024-06-03,8,36.7,208.0
2024-06-03,9,42.2,214.0
2024-06-03,10,42.5,211.0
2024-06-03,11,39.8,207.0
2024-06-03,12,41.1,215.0
2024-06-03,13,41.3,228.0
2024-06-03,14,46.4,229.0
2024-06-03,15,41.4,219.0
2024-06-03,16,39.8,217.0
2024-06-03,17,46.4,222.0
2024-06-03,18,47.9,224.0
2024-06-03,19,48.0,235.0
2024-06-03,20,48.6,231.0
2024-06-03,21,45.2,233.0
2024-06-03,22,45.1,227.0
2024-06-03,23,41.8,226.0
2024-06-03,24,40.5,223.0
2024-06-04,1,39.5,224.0
2024-06-04,2,39.2,224.0
2024-06-04,3,38.5,223.0
2024-06-04,4,34.6,226.0
2024-06-04,5,32.9,227.0
2024-06-04,6,35.2,227.0
2024-06-04,7,36.2,227.0
2024-06-04,8,29.8,226.0
2024-06-04,9,30.7,219.0
2024-06-04,10,28.5,223.0
2024-06-04,11,28.6,228.0
2024-06-04,12,31.1,228.0
2024-06-04,13,32.7,230.0
2024-06-04,14,34.2,233.0
2024-06-04,15,35.9,237.0
2024-06-04,16,33.8,241.0
2024-06-04,17,29.4,234.0
2024-06-04,18,34.6,231.0
2024-06-04,19,36.2,236.0
2024-06-04,20,39.6,230.0
2024-06-04,21,46.0,229.0
2024-06-04,22,39.1,233.0
2024-06-04,23,36.6,237.0
2024-06-04,24,30.0,231.0
2024-06-05,1,31.3,224.0
2024-06-05,2,30.8,209.0
2024-06-05,3,32.4,206.0
2024-06-05,4,32.2,212.0
2024-06-05,5,29.4,216.0
2024-06-05,6,27.4,219.0
2024-06-05,7,28.4,218.0
2024-06-05,8,33.2,214.0
2024-06-05,9,30.0,213.0
2024-06-05,10,32.4,221.0
2024-06-05,11,35.8,234.0
2024-06-05,12,36.1,240.0
2024-06-05,13,34.8,242.0
2024-06-05,14,35.1,241.0
2024-06-05,15,36.9,240.0
2024-06-05,16,37.4,240.0
2024-06-05,17,37.7,237.0
2024-06-05,18,38.0,235.0
2024-06-05,19,38.3,235.0
2024-06-05,20,37.6,231.0
2024-06-05,21,37.7,224.0
2024-06-05,22,39.3,217.0
2024-06-05,23,39.2,213.0
2024-06-05,24,36.7,209.0
2024-06-06,1,34.1,206.0
2024-06-06,2,30.8,206.0
2024-06-06,3,28.7,205.0
2024-06-06,4,27.0,207.0
2024-06-06,5,24.5,208.0
2024-06-06,6,18.6,212.0
2024-06-06,7,13.1,212.0
2024-06-06,8,5.8,210.0
2024-06-06,9,1.5,284.0
2024-06-06,10,2.5,262.0
2024-06-06,11,4.9,234.0
2024-06-06,12,5.9,232.0
2024-06-06,13,7.5,235.0
2024-06-06,14,11.3,233.0
2024-06-06,15,16.1,228.0
2024-06-06,16,18.1,227.0
2024-06-06,17,18.3,223.0
2024-06-06,18,17.6,226.0
2024-06-06,19,17.1,229.0
2024-06-06,20,13.8,237.0
2024-06-06,21,13.4,188.0
2024-06-06,22,26.9,196.0
2024-06-06,23,34.3,309.0
2024-06-06,24,5.4,200.0
2024-06-07,1,23.8,190.0
2024-06-07,2,15.9,193.0
2024-06-07,3,14.7,211.0
2024-06-07,4,10.7,220.0
2024-06-07,5,9.5,205.0
2024-06-07,6,9.8,216.0
2024-06-07,7,7.3,213.0
2024-06-07,8,19.0,213.0
2024-06-07,9,18.6,216.0
2024-06-07,10,14.0,226.0
2024-06-07,11,11.7,227.0
2024-06-07,12,9.8,242.0
2024-06-07,13,10.4,256.0
2024-06-07,14,13.0,246.0
2024-06-07,15,18.7,240.0
2024-06-07,16,20.1,249.0
2024-06-07,17,21.5,252.0
2024-06-07,18,19.1,258.0
2024-06-07,19,21.3,259.0
2024-06-07,20,17.9,245.0
2024-06-07,21,18.5,217.0
2024-06-07,22,26.0,175.0
2024-06-07,23,31.7,189.0
2024-06-07,24,34.7,193.0
2024-06-08,1,36.2,199.0
2024-06-08,2,35.0,189.0
2024-06-08,3,33.5,207.0
2024-06-08,4,33.0,216.0
2024-06-08,5,30.4,220.0
2024-06-08,6,25.2,228.0
2024-06-08,7,21.2,222.0
2024-06-08,8,24.6,219.0
2024-06-08,9,18.3,216.0
2024-06-08,10,19.6,226.0
2024-06-08,11,20.2,229.0
2024-06-08,12,19.9,235.0
2024-06-08,13,19.7,239.0
2024-06-08,14,18.0,241.0
2024-06-08,15,18.4,253.0
2024-06-08,16,19.7,255.0
2024-06-08,17,18.0,268.0
2024-06-08,18,24.7,249.0
2024-06-08,19,27.9,248.0
2024-06-08,20,28.0,222.0
2024-06-08,21,24.1,231.0
2024-06-08,22,21.7,216.0
2024-06-08,23,31.6,203.0
2024-06-08,24,28.2,190.0
2024-06-09,1,32.8,183.0
2024-06-09,2,25.9,190.0
2024-06-09,3,20.4,189.0
2024-06-09,4,12.0,201.0
2024-06-09,5,3.9,202.0
2024-06-09,6,1.1,162.0
2024-06-09,7,3.1,45.0
2024-06-09,8,6.7,196.0
2024-06-09,9,3.4,198.0
2024-06-09,10,16.4,345.0
2024-06-09,11,11.2,15.0
2024-06-09,12,4.0,80.0
2024-06-09,13,9.3,167.0
2024-06-09,14,13.5,189.0
2024-06-09,15,24.1,177.0
2024-06-09,16,19.6,206.0
2024-06-09,17,19.1,196.0
2024-06-09,18,21.7,216.0
2024-06-09,19,24.6,191.0
2024-06-09,20,24.5,234.0
2024-06-09,21,26.8,197.0
2024-06-09,22,17.6,157.0
2024-06-09,23,22.1,109.0
2024-06-09,24,12.3,302.0
2024-06-10,1,3.1,249.0
2024-06-10,2,15.8,210.0
2024-06-10,3,17.8,194.0
2024-06-10,4,16.5,203.0
2024-06-10,5,11.8,220.0
2024-06-10,6,15.2,216.0
2024-06-10,7,25.2,211.0
2024-06-10,8,30.0,213.0
2024-06-10,9,28.6,214.0
2024-06-10,10,25.6,219.0
2024-06-10,11,21.9,228.0
2024-06-10,12,19.8,233.0
2024-06-10,13,19.2,236.0
2024-06-10,14,21.4,237.0
2024-06-10,15,24.0,234.0
2024-06-10,16,25.6,235.0
2024-06-10,17,26.8,234.0
2024-06-10,18,27.6,230.0
2024-06-10,19,27.0,225.0
2024-06-10,20,24.4,211.0
2024-06-10,21,25.8,207.0
2024-06-10,22,28.5,190.0
2024-06-10,23,31.1,196.0
2024-06-10,24,33.4,202.0
2024-06-11,1,35.9,198.0
2024-06-11,2,35.6,196.0
2024-06-11,3,33.9,199.0
2024-06-11,4,31.1,204.0
2024-06-11,5,29.6,207.0
2024-06-11,6,29.2,209.0
2024-06-11,7,28.0,209.0
2024-06-11,8,26.3,210.0
2024-06-11,9,23.3,215.0
2024-06-11,10,23.3,218.0
2024-06-11,11,21.6,226.0
2024-06-11,12,19.4,220.0
2024-06-11,13,20.9,222.0
2024-06-11,14,22.5,231.0
2024-06-11,15,24.6,231.0
2024-06-11,16,27.8,236.0
2024-06-11,17,30.0,237.0
2024-06-11,18,32.1,240.0
2024-06-11,19,35.7,239.0
2024-06-11,20,35.4,232.0
2024-06-11,21,34.5,233.0
2024-06-11,22,30.7,219.0
2024-06-11,23,32.0,206.0
2024-06-11,24,29.0,218.0
2024-06-12,1,26.0,222.0
2024-06-12,2,24.3,220.0
2024-06-12,3,23.7,213.0
2024-06-12,4,23.4,209.0
2024-06-12,5,25.8,205.0
2024-06-12,6,27.4,213.0
2024-06-12,7,26.5,214.0
2024-06-12,8,25.8,216.0
2024-06-12,9,21.0,211.0
2024-06-12,10,27.7,212.0
2024-06-12,11,30.9,214.0
2024-06-12,12,31.1,222.0
2024-06-12,13,33.2,229.0
2024-06-12,14,36.1,231.0
2024-06-12,15,38.6,236.0
2024-06-12,16,41.0,239.0
2024-06-12,17,42.0,242.0
2024-06-12,18,43.0,243.0
2024-06-12,19,42.7,241.0
2024-06-12,20,38.8,235.0
2024-06-12,21,32.8,231.0
2024-06-12,22,33.3,218.0
2024-06-12,23,33.5,212.0
2024-06-12,24,33.7,212.0
2024-06-13,1,30.2,213.0
2024-06-13,2,25.0,210.0
2024-06-13,3,25.3,203.0
2024-06-13,4,24.6,212.0
2024-06-13,5,21.1,217.0
2024-06-13,6,19.6,216.0
2024-06-13,7,18.7,210.0
2024-06-13,8,15.1,213.0
2024-06-13,9,8.4,230.0
2024-06-13,10,8.9,230.0
2024-06-13,11,8.2,229.0
2024-06-13,12,7.8,236.0
2024-06-13,13,8.7,240.0
2024-06-13,14,9.3,234.0
2024-06-13,15,11.5,229.0
2024-06-13,16,14.8,231.0
2024-06-13,17,15.1,242.0
2024-06-13,18,15.9,237.0
2024-06-13,19,17.3,225.0
2024-06-13,20,13.6,220.0
2024-06-13,21,16.7,205.0
2024-06-13,22,19.6,194.0
2024-06-13,23,16.9,181.0
2024-06-13,24,14.3,162.0
2024-06-14,1,20.3,143.0
2024-06-14,2,15.0,153.0
2024-06-14,3,21.7,144.0
2024-06-14,4,31.6,148.0
2024-06-14,5,29.8,153.0
2024-06-14,6,16.0,157.0
2024-06-14,7,12.3,255.0
2024-06-14,8,9.3,254.0
2024-06-14,9,12.9,198.0
2024-06-14,10,28.9,213.0
2024-06-14,11,31.3,218.0
2024-06-14,12,28.6,222.0
2024-06-14,13,29.0,225.0
2024-06-14,14,30.4,229.0
2024-06-14,15,33.3,232.0
2024-06-14,16,37.0,239.0
2024-06-14,17,41.5,239.0
2024-06-14,18,40.0,238.0
2024-06-14,19,42.1,238.0
2024-06-14,20,37.8,233.0
2024-06-14,21,33.1,232.0
2024-06-14,22,25.2,224.0
2024-06-14,23,18.1,223.0
2024-06-14,24,13.9,201.0
2024-06-15,1,19.1,176.0
2024-06-15,2,14.8,167.0
2024-06-15,3,11.0,157.0
2024-06-15,4,11.5,139.0
2024-06-15,5,12.1,143.0
2024-06-15,6,12.0,249.0
2024-06-15,7,25.9,219.0
2024-06-15,8,35.9,208.0
2024-06-15,9,34.8,212.0
2024-06-15,10,32.9,215.0
2024-06-15,11,32.6,217.0
2024-06-15,12,35.7,228.0
2024-06-15,13,42.2,233.0
2024-06-15,14,47.0,237.0
2024-06-15,15,50.4,238.0
2024-06-15,16,53.6,239.0
2024-06-15,17,52.5,246.0
2024-06-15,18,49.3,249.0
2024-06-15,19,46.9,243.0
2024-06-15,20,40.7,243.0
2024-06-15,21,37.2,244.0
2024-06-15,22,33.1,233.0
2024-06-15,23,34.6,227.0
2024-06-15,24,33.6,215.0
2024-06-16,1,33.2,214.0
2024-06-16,2,33.0,219.0
2024-06-16,3,30.6,222.0
2024-06-16,4,27.3,228.0
2024-06-16,5,24.0,229.0
2024-06-16,6,17.1,231.0
2024-06-16,7,13.0,219.0
2024-06-16,8,18.0,217.0
2024-06-16,9,16.0,224.0
2024-06-16,10,17.1,221.0
2024-06-16,11,21.4,226.0
2024-06-16,12,22.9,228.0
2024-06-16,13,21.7,227.0
2024-06-16,14,22.4,226.0
2024-06-16,15,23.2,223.0
2024-06-16,16,24.4,224.0
2024-06-16,17,25.0,227.0
2024-06-16,18,25.7,226.0
2024-06-16,19,22.9,225.0
2024-06-16,20,17.8,227.0
2024-06-16,21,12.6,217.0
2024-06-16,22,7.6,199.0
2024-06-16,23,4.1,195.0
2024-06-16,24,7.3,33.0
2024-06-17,1,8.6,57.0
2024-06-17,2,11.2,90.0
2024-06-17,3,12.4,107.0
2024-06-17,4,21.4,153.0
2024-06-17,5,18.9,204.0
2024-06-17,6,23.4,223.0
2024-06-17,7,33.6,206.0
2024-06-17,8,35.1,207.0
2024-06-17,9,34.0,212.0
2024-06-17,10,33.9,215.0
2024-06-17,11,30.9,216.0
2024-06-17,12,34.4,218.0
2024-06-17,13,36.2,223.0
2024-06-17,14,38.2,227.0
2024-06-17,15,51.4,243.0
2024-06-17,16,47.0,232.0
2024-06-17,17,39.7,226.0
2024-06-17,18,39.6,220.0
2024-06-17,19,44.3,222.0
2024-06-17,20,43.4,235.0
2024-06-17,21,34.5,252.0
2024-06-17,22,21.8,292.0
2024-06-17,23,7.1,210.0
2024-06-17,24,16.3,133.0
2024-06-18,1,17.9,202.0
2024-06-18,2,24.7,222.0
2024-06-18,3,20.1,226.0
2024-06-18,4,14.4,217.0
2024-06-18,5,16.5,196.0
2024-06-18,6,21.0,193.0
2024-06-18,7,23.9,198.0
2024-06-18,8,24.1,207.0
2024-06-18,9,20.1,209.0
2024-06-18,10,17.9,214.0
2024-06-18,11,15.1,218.0
2024-06-18,12,15.3,223.0
2024-06-18,13,16.1,228.0
2024-06-18,14,14.6,230.0
2024-06-18,15,13.3,229.0
2024-06-18,16,15.8,223.0
2024-06-18,17,17.3,223.0
2024-06-18,18,18.1,221.0
2024-06-18,19,17.8,212.0
2024-06-18,20,12.6,200.0
2024-06-18,21,16.8,203.0
2024-06-18,22,14.6,218.0
2024-06-18,23,11.8,230.0
2024-06-18,24,8.0,190.0
2024-06-19,1,10.7,147.0
2024-06-19,2,11.0,139.0
2024-06-19,3,12.8,128.0
2024-06-19,4,15.2,121.0
2024-06-19,5,11.8,121.0
2024-06-19,6,5.6,117.0
2024-06-19,7,1.4,90.0
2024-06-19,8,3.0,14.0
2024-06-19,9,7.7,11.0
2024-06-19,10,6.9,354.0
2024-06-19,11,7.4,337.0
2024-06-19,12,4.4,305.0
2024-06-19,13,4.9,287.0
2024-06-19,14,4.3,270.0
2024-06-19,15,5.2,236.0
2024-06-19,16,7.4,231.0
2024-06-19,17,8.6,237.0
2024-06-19,18,9.2,244.0
2024-06-19,19,8.9,256.0
2024-06-19,20,5.2,214.0
2024-06-19,21,1.3,146.0
2024-06-19,22,2.4,117.0
2024-06-19,23,7.2,186.0
2024-06-19,24,7.1,255.0
2024-06-20,1,14.3,12.0
2024-06-20,2,19.5,65.0
2024-06-20,3,22.4,85.0
2024-06-20,4,22.3,92.0
2024-06-20,5,20.2,85.0
2024-06-20,6,13.7,72.0
2024-06-20,7,14.1,38.0
2024-06-20,8,16.9,29.0
2024-06-20,9,17.4,22.0
2024-06-20,10,14.8,13.0
2024-06-20,11,15.9,18.0
2024-06-20,12,17.0,21.0
2024-06-20,13,15.0,21.0
2024-06-20,14,12.6,13.0
2024-06-20,15,8.5,348.0
2024-06-20,16,5.2,286.0
2024-06-20,17,9.2,244.0
2024-06-20,18,11.3,243.0
2024-06-20,19,10.8,244.0
2024-06-20,20,6.9,264.0
2024-06-20,21,2.7,247.0
2024-06-20,22,2.8,230.0
2024-06-20,23,5.3,28.0
2024-06-20,24,13.0,66.0
2024-06-21,1,9.4,47.0
2024-06-21,2,13.5,34.0
2024-06-21,3,16.3,47.0
2024-06-21,4,15.1,50.0
2024-06-21,5,10.5,38.0
2024-06-21,6,11.0,49.0
2024-06-21,7,7.2,18.0
2024-06-21,8,12.2,19.0
2024-06-21,9,11.6,5.0
2024-06-21,10,8.8,351.0
2024-06-21,11,7.2,333.0
2024-06-21,12,6.4,313.0
2024-06-21,13,5.3,298.0
2024-06-21,14,6.0,287.0
2024-06-21,15,7.2,267.0
2024-06-21,16,9.7,239.0
2024-06-21,17,16.5,238.0
2024-06-21,18,18.5,243.0
2024-06-21,19,22.6,241.0
2024-06-21,20,21.9,228.0
2024-06-21,21,18.9,228.0
2024-06-21,22,32.0,216.0
2024-06-21,23,33.5,208.0
2024-06-21,24,28.9,211.0
2024-06-22,1,24.2,226.0
2024-06-22,2,24.3,187.0
2024-06-22,3,26.5,188.0
2024-06-22,4,25.5,196.0
2024-06-22,5,19.3,209.0
2024-06-22,6,19.2,208.0
2024-06-22,7,12.0,254.0
2024-06-22,8,3.4,162.0
2024-06-22,9,4.3,185.0
2024-06-22,10,4.0,275.0
2024-06-22,11,4.8,243.0
2024-06-22,12,7.6,239.0
2024-06-22,13,11.3,233.0
2024-06-22,14,16.6,231.0
2024-06-22,15,18.4,231.0
2024-06-22,16,21.2,238.0
2024-06-22,17,20.6,241.0
2024-06-22,18,16.6,236.0
2024-06-22,19,19.9,222.0
2024-06-22,20,23.2,240.0
2024-06-22,21,20.5,231.0
2024-06-22,22,16.1,204.0
2024-06-22,23,17.2,209.0
2024-06-22,24,24.4,167.0
2024-06-23,1,26.3,163.0
2024-06-23,2,25.6,160.0
2024-06-23,3,25.8,167.0
2024-06-23,4,27.6,165.0
2024-06-23,5,26.3,170.0
2024-06-23,6,22.1,173.0
2024-06-23,7,20.3,168.0
2024-06-23,8,3.3,193.0
2024-06-23,9,4.7,266.0
2024-06-23,10,7.4,223.0
2024-06-23,11,19.5,219.0
2024-06-23,12,28.1,216.0
2024-06-23,13,32.2,220.0
2024-06-23,14,34.1,227.0
2024-06-23,15,38.0,229.0
2024-06-23,16,42.0,236.0
2024-06-23,17,43.6,239.0
2024-06-23,18,44.8,242.0
2024-06-23,19,45.8,246.0
2024-06-23,20,37.4,244.0
2024-06-23,21,29.9,239.0
2024-06-23,22,25.3,237.0
2024-06-23,23,25.1,238.0
2024-06-23,24,25.0,229.0
2024-06-24,1,17.6,208.0
2024-06-24,2,13.8,227.0
2024-06-24,3,10.0,201.0
2024-06-24,4,11.9,183.0
2024-06-24,5,11.0,169.0
2024-06-24,6,6.9,231.0
2024-06-24,7,12.7,215.0
2024-06-24,8,23.5,203.0
2024-06-24,9,30.1,206.0
2024-06-24,10,34.3,213.0
2024-06-24,11,31.9,212.0
2024-06-24,12,30.2,213.0
2024-06-24,13,31.7,220.0
2024-06-24,14,34.9,228.0
2024-06-24,15,38.1,233.0
2024-06-24,16,40.1,239.0
2024-06-24,17,41.2,239.0
2024-06-24,18,41.1,238.0
2024-06-24,19,40.8,237.0
2024-06-24,20,38.0,233.0
2024-06-24,21,34.2,229.0
2024-06-24,22,32.4,222.0
2024-06-24,23,31.1,229.0
2024-06-24,24,29.6,236.0
2024-06-25,1,24.1,248.0
2024-06-25,2,13.1,233.0
2024-06-25,3,10.7,192.0
2024-06-25,4,8.3,214.0
2024-06-25,5,5.7,252.0
2024-06-25,6,1.4,90.0
2024-06-25,7,0.5,225.0
2024-06-25,8,6.2,216.0
2024-06-25,9,4.4,279.0
2024-06-25,10,4.8,312.0
2024-06-25,11,1.8,281.0
2024-06-25,12,8.5,234.0
2024-06-25,13,13.0,236.0
2024-06-25,14,19.0,237.0
2024-06-25,15,23.5,243.0
2024-06-25,16,22.1,240.0
2024-06-25,17,22.0,230.0
2024-06-25,18,27.2,244.0
2024-06-25,19,28.7,248.0
2024-06-25,20,26.1,240.0
2024-06-25,21,20.2,230.0
2024-06-25,22,23.2,210.0
2024-06-25,23,28.3,207.0
2024-06-25,24,25.3,213.0
2024-06-26,1,14.3,219.0
2024-06-26,2,23.9,185.0
2024-06-26,3,27.6,188.0
2024-06-26,4,27.0,193.0
2024-06-26,5,26.8,204.0
2024-06-26,6,27.0,226.0
2024-06-26,7,14.3,225.0
2024-06-26,8,20.0,203.0
2024-06-26,9,25.6,190.0
2024-06-26,10,28.3,211.0
2024-06-26,11,16.9,180.0
2024-06-26,12,21.7,191.0
2024-06-26,13,18.7,214.0
2024-06-26,14,16.6,219.0
2024-06-26,15,18.2,231.0
2024-06-26,16,21.8,231.0
2024-06-26,17,22.8,239.0
2024-06-26,18,20.5,271.0
2024-06-26,19,22.5,230.0
2024-06-26,20,19.9,226.0
2024-06-26,21,19.1,212.0
2024-06-26,22,19.7,211.0
2024-06-26,23,22.3,218.0
2024-06-26,24,20.3,205.0
2024-06-27,1,19.9,200.0
2024-06-27,2,19.8,192.0
2024-06-27,3,15.9,186.0
2024-06-27,4,14.9,172.0
2024-06-27,5,17.3,159.0
2024-06-27,6,22.2,167.0
2024-06-27,7,25.6,182.0
2024-06-27,8,35.2,200.0
2024-06-27,9,36.6,210.0
2024-06-27,10,36.9,218.0
2024-06-27,11,38.4,224.0
2024-06-27,12,40.5,231.0
2024-06-27,13,44.5,238.0
2024-06-27,14,50.1,241.0
2024-06-27,15,48.1,243.0
2024-06-27,16,47.1,240.0
2024-06-27,17,48.8,239.0
2024-06-27,18,47.0,239.0
2024-06-27,19,46.1,238.0
2024-06-27,20,43.7,241.0
2024-06-27,21,41.3,238.0
2024-06-27,22,38.7,232.0
2024-06-27,23,36.4,231.0
2024-06-27,24,35.1,225.0
2024-06-28,1,34.3,212.0
2024-06-28,2,35.1,209.0
2024-06-28,3,32.6,213.0
2024-06-28,4,24.1,218.0
2024-06-28,5,21.3,206.0
2024-06-28,6,23.9,196.0
2024-06-28,7,25.6,197.0
2024-06-28,8,25.3,203.0
2024-06-28,9,20.9,207.0
2024-06-28,10,20.5,214.0
2024-06-28,11,21.6,226.0
2024-06-28,12,23.2,234.0
2024-06-28,13,24.4,233.0
2024-06-28,14,23.1,233.0
2024-06-28,15,22.5,235.0
2024-06-28,16,21.5,235.0
2024-06-28,17,19.5,232.0
2024-06-28,18,18.4,228.0
2024-06-28,19,19.1,221.0
2024-06-28,20,9.5,205.0
2024-06-28,21,10.4,180.0
2024-06-28,22,14.0,168.0
2024-06-28,23,22.5,193.0
2024-06-28,24,14.3,190.0
2024-06-29,1,7.6,121.0
2024-06-29,2,9.8,62.0
2024-06-29,3,12.1,60.0
2024-06-29,4,11.7,72.0
2024-06-29,5,6.4,63.0
2024-06-29,6,5.4,37.0
2024-06-29,7,8.9,21.0
2024-06-29,8,8.2,23.0
2024-06-29,9,7.3,9.0
2024-06-29,10,7.6,3.0
2024-06-29,11,6.7,16.0
2024-06-29,12,3.8,17.0
2024-06-29,13,3.6,354.0
2024-06-29,14,4.0,280.0
2024-06-29,15,8.8,261.0
2024-06-29,16,11.7,252.0
2024-06-29,17,13.4,243.0
2024-06-29,18,12.6,233.0
2024-06-29,19,14.0,226.0
2024-06-29,20,17.4,204.0
2024-06-29,21,4.8,207.0
2024-06-29,22,11.0,32.0
2024-06-29,23,17.3,85.0
2024-06-29,24,20.6,117.0
2024-06-30,1,19.8,153.0
2024-06-30,2,21.4,153.0
2024-06-30,3,19.9,139.0
2024-06-30,4,21.4,139.0
2024-06-30,5,20.7,141.0
2024-06-30,6,15.3,139.0
2024-06-30,7,16.0,144.0
2024-06-30,8,13.0,199.0
2024-06-30,9,31.4,210.0
2024-06-30,10,32.5,211.0
2024-06-30,11,27.2,206.0
2024-06-30,12,25.6,209.0
2024-06-30,13,29.3,214.0
2024-06-30,14,34.4,215.0
2024-06-30,15,37.3,221.0
2024-06-30,16,35.9,225.0
2024-06-30,17,33.3,231.0
2024-06-30,18,33.9,235.0
2024-06-30,19,35.9,241.0
2024-06-30,20,32.4,251.0
2024-06-30,21,25.2,260.0
2024-06-30,22,27.3,282.0
2024-06-30,23,23.0,297.0
2024-06-30,24,9.4,272.0
2024-07-01,1,22.7,222.0
2024-07-01,2,30.1,227.0
2024-07-01,3,28.8,233.0
2024-07-01,4,21.4,226.0
2024-07-01,5,25.0,173.0
2024-07-01,6,21.0,193.0
2024-07-01,7,28.0,208.0
2024-07-01,8,33.1,217.0
2024-07-01,9,26.0,226.0
2024-07-01,10,17.2,241.0
2024-07-01,11,12.1,247.0
2024-07-01,12,12.3,230.0
2024-07-01,13,17.1,219.0
2024-07-01,14,19.1,223.0
2024-07-01,15,22.1,233.0
2024-07-01,16,23.3,238.0
2024-07-01,17,28.9,230.0
2024-07-01,18,35.0,240.0
2024-07-01,19,46.2,259.0
2024-07-01,20,12.9,30.0
2024-07-01,21,17.0,356.0
2024-07-01,22,18.4,3.0
2024-07-01,23,15.6,15.0
2024-07-01,24,13.6,17.0
2024-07-02,1,13.9,59.0
2024-07-02,2,11.9,93.0
2024-07-02,3,6.2,111.0
2024-07-02,4,1.8,169.0
2024-07-02,5,4.8,297.0
2024-07-02,6,4.5,331.0
2024-07-02,7,1.1,90.0
2024-07-02,8,6.2,187.0
2024-07-02,9,5.9,191.0
2024-07-02,10,5.2,214.0
2024-07-02,11,7.7,229.0
2024-07-02,12,11.7,236.0
2024-07-02,13,16.6,243.0
2024-07-02,14,19.4,248.0
2024-07-02,15,18.1,257.0
2024-07-02,16,19.8,251.0
2024-07-02,17,28.5,223.0
2024-07-02,18,27.5,223.0
2024-07-02,19,19.0,237.0
2024-07-02,20,17.8,228.0
2024-07-02,21,22.0,215.0
2024-07-02,22,25.5,213.0
2024-07-02,23,33.8,207.0
2024-07-02,24,28.2,199.0
2024-07-03,1,31.7,208.0
2024-07-03,2,29.3,208.0
2024-07-03,3,31.0,203.0
2024-07-03,4,34.0,206.0
2024-07-03,5,33.6,211.0
2024-07-03,6,32.8,213.0
2024-07-03,7,29.6,214.0
2024-07-03,8,25.4,219.0
2024-07-03,9,19.3,225.0
2024-07-03,10,15.1,237.0
2024-07-03,11,11.6,244.0
2024-07-03,12,9.6,250.0
2024-07-03,13,12.8,248.0
2024-07-03,14,15.0,259.0
2024-07-03,15,19.2,278.0
2024-07-03,16,18.4,312.0
2024-07-03,17,23.0,319.0
2024-07-03,18,24.7,323.0
2024-07-03,19,25.9,321.0
2024-07-03,20,19.5,289.0
2024-07-03,21,32.1,223.0
2024-07-03,22,10.1,274.0
2024-07-03,23,29.1,42.0
2024-07-03,24,32.6,42.0
2024-07-04,1,28.0,43.0
2024-07-04,2,20.6,44.0
2024-07-04,3,21.9,25.0
2024-07-04,4,23.7,30.0
2024-07-04,5,21.7,29.0
2024-07-04,6,19.0,25.0
2024-07-04,7,17.0,21.0
2024-07-04,8,12.4,22.0
2024-07-04,9,6.6,9.0
2024-07-04,10,6.5,3.0
2024-07-04,11,7.6,360.0
2024-07-04,12,6.6,338.0
2024-07-04,13,7.1,315.0
2024-07-04,14,6.5,289.0
2024-07-04,15,8.4,277.0
2024-07-04,16,12.3,291.0
2024-07-04,17,17.6,298.0
2024-07-04,18,10.8,266.0
2024-07-04,19,24.9,211.0
2024-07-04,20,18.7,199.0
2024-07-04,21,10.9,172.0
2024-07-04,22,19.8,177.0
2024-07-04,23,23.5,157.0
2024-07-04,24,19.0,143.0
2024-07-05,1,14.9,143.0
2024-07-05,2,9.5,191.0
2024-07-05,3,1.6,153.0
2024-07-05,4,1.5,104.0
2024-07-05,5,3.3,167.0
2024-07-05,6,2.5,225.0
2024-07-05,7,4.3,336.0
2024-07-05,8,3.1,36.0
2024-07-05,9,1.8,53.0
2024-07-05,10,3.3,319.0
2024-07-05,11,4.8,283.0
2024-07-05,12,4.7,266.0
2024-07-05,13,5.4,250.0
2024-07-05,14,7.6,251.0
2024-07-05,15,10.5,239.0
2024-07-05,16,14.3,231.0
2024-07-05,17,15.5,239.0
2024-07-05,18,18.7,247.0
2024-07-05,19,21.2,230.0
2024-07-05,20,15.9,232.0
2024-07-05,21,27.5,191.0
2024-07-05,22,26.0,185.0
2024-07-05,23,25.3,175.0
2024-07-05,24,26.7,206.0
2024-07-06,1,16.4,251.0
2024-07-06,2,1.6,63.0
2024-07-06,3,8.3,342.0
2024-07-06,4,22.0,2.0
2024-07-06,5,19.4,11.0
2024-07-06,6,13.1,16.0
2024-07-06,7,6.6,22.0
2024-07-06,8,0.4,360.0
2024-07-06,9,4.5,194.0
2024-07-06,10,3.9,158.0
2024-07-06,11,2.1,121.0
2024-07-06,12,8.4,245.0
2024-07-06,13,15.0,243.0
2024-07-06,14,17.3,239.0
2024-07-06,15,20.1,243.0
2024-07-06,16,22.5,248.0
2024-07-06,17,25.2,271.0
2024-07-06,18,22.5,277.0
2024-07-06,19,16.1,280.0
2024-07-06,20,26.8,185.0
2024-07-06,21,10.5,131.0
2024-07-06,22,34.5,16.0
2024-07-06,23,33.6,35.0
2024-07-06,24,24.3,6.0
2024-07-07,1,31.1,20.0
2024-07-07,2,24.7,37.0
2024-07-07,3,23.8,25.0
2024-07-07,4,28.7,24.0
2024-07-07,5,24.0,24.0
2024-07-07,6,20.6,19.0
2024-07-07,7,20.6,19.0
2024-07-07,8,19.4,35.0
2024-07-07,9,14.6,40.0
2024-07-07,10,13.8,33.0
2024-07-07,11,17.2,26.0
2024-07-07,12,18.0,20.0
2024-07-07,13,16.9,12.0
2024-07-07,14,15.7,9.0
2024-07-07,15,15.7,9.0
2024-07-07,16,13.2,11.0
2024-07-07,17,16.6,283.0
2024-07-07,18,35.0,304.0
2024-07-07,19,24.8,327.0
2024-07-07,20,13.4,117.0
2024-07-07,21,25.8,78.0
2024-07-07,22,19.0,75.0
2024-07-07,23,12.4,100.0
2024-07-07,24,9.2,121.0
2024-07-08,1,8.7,95.0
2024-07-08,2,7.9,156.0
2024-07-08,3,4.9,197.0
2024-07-08,4,1.1,360.0
2024-07-08,5,3.3,13.0
2024-07-08,6,4.7,360.0
2024-07-08,7,2.9,30.0
2024-07-08,8,3.3,354.0
2024-07-08,9,0.8,333.0
2024-07-08,10,3.8,311.0
2024-07-08,11,3.3,276.0
2024-07-08,12,8.8,235.0
2024-07-08,13,12.7,235.0
2024-07-08,14,15.0,240.0
2024-07-08,15,15.0,243.0
2024-07-08,16,16.0,247.0
2024-07-08,17,15.2,248.0
2024-07-08,18,12.9,243.0
2024-07-08,19,7.6,225.0
2024-07-08,20,10.5,172.0
2024-07-08,21,19.9,158.0
2024-07-08,22,19.2,157.0
2024-07-08,23,11.8,153.0
2024-07-08,24,15.0,138.0
2024-07-09,1,19.4,145.0
2024-07-09,2,17.1,150.0
2024-07-09,3,8.2,131.0
2024-07-09,4,6.0,327.0
2024-07-09,5,7.1,319.0
2024-07-09,6,5.4,48.0
2024-07-09,7,3.1,45.0
2024-07-09,8,4.4,81.0
2024-07-09,9,1.1,252.0
2024-07-09,10,2.8,310.0
2024-07-09,11,4.6,309.0
2024-07-09,12,3.0,284.0
2024-07-09,13,4.5,256.0
2024-07-09,14,8.5,242.0
2024-07-09,15,11.3,239.0
2024-07-09,16,12.4,244.0
2024-07-09,17,11.4,242.0
2024-07-09,18,10.5,239.0
2024-07-09,19,7.5,235.0
2024-07-09,20,4.8,207.0
2024-07-09,21,8.8,109.0
2024-07-09,22,16.9,78.0
2024-07-09,23,14.1,84.0
2024-07-09,24,18.7,130.0
2024-07-10,1,24.7,138.0
2024-07-10,2,18.6,137.0
2024-07-10,3,18.5,151.0
2024-07-10,4,23.1,143.0
2024-07-10,5,24.9,143.0
2024-07-10,6,6.1,242.0
2024-07-10,7,10.5,333.0
2024-07-10,8,5.2,74.0
2024-07-10,9,5.5,32.0
2024-07-10,10,2.6,34.0
2024-07-10,11,3.3,276.0
2024-07-10,12,8.7,253.0
2024-07-10,13,9.9,260.0
2024-07-10,14,12.0,279.0
2024-07-10,15,13.6,302.0
2024-07-10,16,15.0,330.0
2024-07-10,17,13.2,331.0
2024-07-10,18,9.7,318.0
2024-07-10,19,8.7,17.0
2024-07-10,20,7.6,65.0
2024-07-10,21,2.8,40.0
2024-07-10,22,26.7,116.0
2024-07-10,23,38.9,130.0
2024-07-10,24,34.0,147.0
2024-07-11,1,30.3,148.0
2024-07-11,2,27.4,155.0
2024-07-11,3,17.4,167.0
2024-07-11,4,8.7,204.0
2024-07-11,5,1.8,11.0
2024-07-11,6,5.2,196.0
2024-07-11,7,7.8,202.0
2024-07-11,8,3.9,248.0
2024-07-11,9,2.7,247.0
2024-07-11,10,6.0,253.0
2024-07-11,11,16.3,223.0
2024-07-11,12,21.9,224.0
2024-07-11,13,23.3,231.0
2024-07-11,14,22.6,236.0
2024-07-11,15,24.5,240.0
2024-07-11,16,27.6,239.0
2024-07-11,17,32.2,250.0
2024-07-11,18,30.0,256.0
2024-07-11,19,27.1,253.0
2024-07-11,20,28.3,233.0
2024-07-11,21,33.2,229.0
2024-07-11,22,39.6,221.0
2024-07-11,23,35.9,228.0
2024-07-11,24,28.3,227.0
2024-07-12,1,21.4,229.0
2024-07-12,2,17.5,233.0
2024-07-12,3,7.9,267.0
2024-07-12,4,2.3,72.0
2024-07-12,5,10.3,209.0
2024-07-12,6,9.7,225.0
2024-07-12,7,7.7,221.0
2024-07-12,8,8.0,275.0
2024-07-12,9,2.7,247.0
2024-07-12,10,3.6,217.0
2024-07-12,11,6.1,242.0
2024-07-12,12,5.5,238.0
2024-07-12,13,5.9,223.0
2024-07-12,14,10.5,229.0
2024-07-12,15,18.2,243.0
2024-07-12,16,26.8,253.0
2024-07-12,17,28.0,244.0
2024-07-12,18,38.6,243.0
2024-07-12,19,39.8,240.0
2024-07-12,20,34.8,259.0
2024-07-12,21,26.9,247.0
2024-07-12,22,28.3,223.0
2024-07-12,23,33.9,248.0
2024-07-12,24,32.1,274.0
2024-07-13,1,17.6,281.0
2024-07-13,2,17.8,194.0
2024-07-13,3,15.5,202.0
2024-07-13,4,19.2,208.0
2024-07-13,5,12.2,227.0
2024-07-13,6,1.3,214.0
2024-07-13,7,2.9,120.0
2024-07-13,8,2.1,121.0
2024-07-13,9,2.3,342.0
2024-07-13,10,11.1,335.0
2024-07-13,11,3.9,326.0
2024-07-13,12,8.0,198.0
2024-07-13,13,11.3,217.0
2024-07-13,14,13.2,248.0
2024-07-13,15,19.8,251.0
2024-07-13,16,25.0,264.0
2024-07-13,17,22.3,256.0
2024-07-13,18,29.1,244.0
2024-07-13,19,28.9,249.0
2024-07-13,20,21.6,226.0
2024-07-13,21,20.2,239.0
2024-07-13,22,14.0,271.0
2024-07-13,23,4.6,252.0
2024-07-13,24,16.3,198.0
2024-07-14,1,15.1,218.0
2024-07-14,2,17.9,190.0
2024-07-14,3,25.6,206.0
2024-07-14,4,29.8,212.0
2024-07-14,5,28.4,219.0
2024-07-14,6,23.8,212.0
2024-07-14,7,10.8,201.0
2024-07-14,8,12.5,192.0
2024-07-14,9,10.5,202.0
2024-07-14,10,4.3,265.0
2024-07-14,11,7.8,257.0
2024-07-14,12,11.7,223.0
2024-07-14,13,17.1,231.0
2024-07-14,14,37.3,197.0
2024-07-14,15,37.1,180.0
2024-07-14,16,28.1,190.0
2024-07-14,17,17.2,209.0
2024-07-14,18,21.8,189.0
2024-07-14,19,12.6,204.0
2024-07-14,20,20.0,72.0
2024-07-14,21,19.8,87.0
2024-07-14,22,21.2,91.0
2024-07-14,23,22.5,122.0
2024-07-14,24,19.1,136.0
2024-07-15,1,8.6,147.0
2024-07-15,2,11.0,19.0
2024-07-15,3,17.1,18.0
2024-07-15,4,8.0,27.0
2024-07-15,5,9.2,42.0
2024-07-15,6,9.4,18.0
2024-07-15,7,3.3,49.0
2024-07-15,8,17.9,105.0
2024-07-15,9,4.3,95.0
2024-07-15,10,3.8,287.0
2024-07-15,11,3.6,217.0
2024-07-15,12,11.0,203.0
2024-07-15,13,6.2,260.0
2024-07-15,14,9.1,189.0
2024-07-15,15,6.8,205.0
2024-07-15,16,16.2,233.0
2024-07-15,17,20.5,281.0
2024-07-15,18,24.6,249.0
2024-07-15,19,20.7,239.0
2024-07-15,20,12.7,255.0
2024-07-15,21,10.5,254.0
2024-07-15,22,9.7,228.0
2024-07-15,23,11.7,225.0
2024-07-15,24,12.1,233.0
2024-07-16,1,11.2,195.0
2024-07-16,2,18.1,197.0
2024-07-16,3,24.6,205.0
2024-07-16,4,28.1,196.0
2024-07-16,5,22.7,205.0
2024-07-16,6,19.5,205.0
2024-07-16,7,11.2,237.0
2024-07-16,8,1.3,236.0
2024-07-16,9,4.8,347.0
2024-07-16,10,6.3,347.0
2024-07-16,11,1.8,281.0
2024-07-16,12,6.1,225.0
2024-07-16,13,10.4,224.0
2024-07-16,14,12.2,227.0
2024-07-16,15,11.4,235.0
2024-07-16,16,11.8,239.0
2024-07-16,17,10.7,230.0
2024-07-16,18,10.2,225.0
2024-07-16,19,3.7,259.0
2024-07-16,20,6.1,230.0
2024-07-16,21,1.8,90.0
2024-07-16,22,13.0,118.0
2024-07-16,23,33.7,140.0
2024-07-16,24,31.4,140.0
2024-07-17,1,30.6,155.0
2024-07-17,2,27.1,158.0
2024-07-17,3,23.5,157.0
2024-07-17,4,15.6,151.0
2024-07-17,5,8.2,128.0
2024-07-17,6,5.8,94.0
2024-07-17,7,8.7,24.0
2024-07-17,8,9.7,59.0
2024-07-17,9,6.2,54.0
2024-07-17,10,3.2,27.0
2024-07-17,11,5.4,356.0
2024-07-17,12,4.1,38.0
2024-07-17,13,1.1,360.0
2024-07-17,14,4.3,275.0
2024-07-17,15,5.2,282.0
2024-07-17,16,8.4,280.0
2024-07-17,17,8.3,275.0
2024-07-17,18,11.7,261.0
2024-07-17,19,24.9,239.0
2024-07-17,20,30.7,230.0
2024-07-17,21,15.9,193.0
2024-07-17,22,10.2,203.0
2024-07-17,23,12.0,187.0
2024-07-17,24,11.5,180.0
2024-07-18,1,5.1,219.0
2024-07-18,2,4.5,194.0
2024-07-18,3,1.3,146.0
2024-07-18,4,4.3,24.0
2024-07-18,5,4.3,24.0
2024-07-18,6,1.3,56.0
2024-07-18,7,1.8,323.0
2024-07-18,8,2.4,117.0
2024-07-18,9,0.8,207.0
2024-07-18,10,4.1,285.0
2024-07-18,11,4.8,283.0
2024-07-18,12,5.5,238.0
2024-07-18,13,8.2,247.0
2024-07-18,14,13.6,248.0
2024-07-18,15,15.6,255.0
2024-07-18,16,18.2,261.0
2024-07-18,17,20.0,252.0
2024-07-18,18,20.3,233.0
2024-07-18,19,19.7,230.0
2024-07-18,20,26.6,229.0
2024-07-18,21,28.4,234.0
2024-07-18,22,10.8,358.0
2024-07-18,23,16.0,81.0
2024-07-18,24,18.9,162.0
2024-07-19,1,27.7,193.0
2024-07-19,2,34.3,197.0
2024-07-19,3,31.4,190.0
2024-07-19,4,28.2,194.0
2024-07-19,5,27.9,204.0
2024-07-19,6,26.4,206.0
2024-07-19,7,16.3,235.0
2024-07-19,8,10.9,207.0
2024-07-19,9,7.3,250.0
2024-07-19,10,5.5,247.0
2024-07-19,11,7.1,255.0
2024-07-19,12,6.4,308.0
2024-07-19,13,9.3,347.0
2024-07-19,14,9.7,356.0
2024-07-19,15,11.6,355.0
2024-07-19,16,16.0,352.0
2024-07-19,17,17.6,349.0
2024-07-19,18,16.4,334.0
2024-07-19,19,17.1,335.0
2024-07-19,20,16.6,321.0
2024-07-19,21,19.3,327.0
2024-07-19,22,22.0,320.0
2024-07-19,23,20.1,327.0
2024-07-19,24,15.5,338.0
2024-07-20,1,17.7,347.0
2024-07-20,2,8.3,358.0
2024-07-20,3,8.0,333.0
2024-07-20,4,12.7,353.0
2024-07-20,5,7.4,23.0
2024-07-20,6,5.6,27.0
2024-07-20,7,7.7,11.0
2024-07-20,8,7.8,22.0
2024-07-20,9,6.4,38.0
2024-07-20,10,8.7,95.0
2024-07-20,11,0.5,45.0
2024-07-20,12,10.3,331.0
2024-07-20,13,6.8,335.0
2024-07-20,14,6.1,310.0
2024-07-20,15,9.2,329.0
2024-07-20,16,17.4,342.0
2024-07-20,17,18.8,343.0
2024-07-20,18,14.4,357.0
2024-07-20,19,14.0,18.0
2024-07-20,20,26.3,36.0
2024-07-20,21,18.3,54.0
2024-07-20,22,28.6,73.0
2024-07-20,23,30.8,60.0
2024-07-20,24,24.2,86.0
2024-07-21,1,19.8,106.0
2024-07-21,2,18.6,105.0
2024-07-21,3,9.7,59.0
2024-07-21,4,16.5,32.0
2024-07-21,5,19.7,40.0
2024-07-21,6,16.1,51.0
2024-07-21,7,15.8,45.0
2024-07-21,8,13.1,69.0
2024-07-21,9,9.4,72.0
2024-07-21,10,5.6,40.0
2024-07-21,11,3.1,54.0
2024-07-21,12,5.2,56.0
2024-07-21,13,9.7,42.0
2024-07-21,14,10.8,30.0
2024-07-21,15,10.5,8.0
2024-07-21,16,14.1,356.0
2024-07-21,17,15.1,357.0
2024-07-21,18,14.4,4.0
2024-07-21,19,16.2,13.0
2024-07-21,20,18.5,7.0
2024-07-21,21,15.5,13.0
2024-07-21,22,16.4,40.0
2024-07-21,23,19.9,46.0
2024-07-21,24,19.1,70.0
2024-07-22,1,25.7,96.0
2024-07-22,2,32.5,126.0
2024-07-22,3,31.5,123.0
2024-07-22,4,31.4,131.0
2024-07-22,5,23.7,136.0
2024-07-22,6,12.3,122.0
2024-07-22,7,9.7,92.0
2024-07-22,8,10.5,63.0
2024-07-22,9,8.3,72.0
2024-07-22,10,5.6,75.0
2024-07-22,11,8.3,146.0
2024-07-22,12,2.9,150.0
2024-07-22,13,2.5,98.0
2024-07-22,14,2.8,40.0
2024-07-22,15,4.0,5.0
2024-07-22,16,5.4,318.0
2024-07-22,17,11.8,297.0
2024-07-22,18,19.4,301.0
2024-07-22,19,8.7,24.0
2024-07-22,20,3.1,21.0
2024-07-22,21,12.4,324.0
2024-07-22,22,18.5,331.0
2024-07-22,23,21.7,348.0
2024-07-22,24,23.7,22.0
2024-07-23,1,26.3,61.0
2024-07-23,2,22.1,71.0
2024-07-23,3,16.9,90.0
2024-07-23,4,10.9,82.0
2024-07-23,5,8.1,77.0
2024-07-23,6,6.6,45.0
2024-07-23,7,9.7,27.0
2024-07-23,8,6.4,47.0
2024-07-23,9,8.4,40.0
2024-07-23,10,8.0,18.0
2024-07-23,11,9.0,5.0
2024-07-23,12,6.0,335.0
2024-07-23,13,4.0,270.0
2024-07-23,14,3.9,304.0
2024-07-23,15,5.5,349.0
2024-07-23,16,10.9,6.0
2024-07-23,17,14.8,18.0
2024-07-23,18,14.7,17.0
2024-07-23,19,15.5,1.0
2024-07-23,20,15.7,20.0
2024-07-23,21,10.3,25.0
2024-07-23,22,7.1,60.0
2024-07-23,23,15.7,122.0
2024-07-23,24,19.7,140.0
2024-07-24,1,19.8,155.0
2024-07-24,2,17.1,173.0
2024-07-24,3,13.9,155.0
2024-07-24,4,3.3,264.0
2024-07-24,5,3.9,124.0
2024-07-24,6,10.6,152.0
2024-07-24,7,5.0,210.0
2024-07-24,8,5.5,122.0
2024-07-24,9,6.9,129.0
2024-07-24,10,0.7,90.0
2024-07-24,11,4.0,275.0
2024-07-24,12,7.9,240.0
2024-07-24,13,11.9,241.0
2024-07-24,14,15.8,235.0
2024-07-24,15,18.3,223.0
2024-07-24,16,15.6,220.0
2024-07-24,17,15.3,225.0
2024-07-24,18,19.1,226.0
2024-07-24,19,27.9,253.0
2024-07-24,20,20.4,225.0
2024-07-24,21,16.4,209.0
2024-07-24,22,18.4,208.0
2024-07-24,23,21.1,224.0
2024-07-24,24,17.3,271.0
2024-07-25,1,10.1,272.0
2024-07-25,2,15.9,128.0
2024-07-25,3,18.2,171.0
2024-07-25,4,22.1,199.0
2024-07-25,5,20.7,172.0
2024-07-25,6,19.4,190.0
2024-07-25,7,23.2,193.0
2024-07-25,8,26.1,200.0
2024-07-25,9,21.7,209.0
2024-07-25,10,20.6,216.0
2024-07-25,11,22.9,208.0
2024-07-25,12,25.7,214.0
2024-07-25,13,26.6,221.0
2024-07-25,14,27.0,222.0
2024-07-25,15,30.6,228.0
2024-07-25,16,32.3,237.0
2024-07-25,17,31.9,238.0
2024-07-25,18,42.3,244.0
2024-07-25,19,42.2,243.0
2024-07-25,20,42.7,230.0
2024-07-25,21,36.9,243.0
2024-07-25,22,38.3,229.0
2024-07-25,23,29.8,225.0
2024-07-25,24,30.1,212.0
2024-07-26,1,27.8,211.0
2024-07-26,2,23.4,209.0
2024-07-26,3,17.4,204.0
2024-07-26,4,12.5,198.0
2024-07-26,5,10.3,205.0
2024-07-26,6,11.3,217.0
2024-07-26,7,11.4,191.0
2024-07-26,8,11.3,187.0
2024-07-26,9,10.0,193.0
2024-07-26,10,16.1,214.0
2024-07-26,11,19.3,217.0
2024-07-26,12,20.4,221.0
2024-07-26,13,23.4,224.0
2024-07-26,14,25.2,222.0
2024-07-26,15,30.3,225.0
2024-07-26,16,34.2,230.0
2024-07-26,17,35.5,233.0
2024-07-26,18,36.5,236.0
2024-07-26,19,35.6,240.0
2024-07-26,20,28.7,240.0
2024-07-26,21,26.6,243.0
2024-07-26,22,25.8,229.0
2024-07-26,23,27.1,220.0
2024-07-26,24,25.5,209.0
2024-07-27,1,22.9,193.0
2024-07-27,2,21.7,192.0
2024-07-27,3,19.9,193.0
2024-07-27,4,15.0,204.0
2024-07-27,5,9.2,228.0
2024-07-27,6,5.0,270.0
2024-07-27,7,2.9,90.0
2024-07-27,8,6.9,84.0
2024-07-27,9,14.7,163.0
2024-07-27,10,19.5,182.0
2024-07-27,11,30.2,171.0
2024-07-27,12,29.7,174.0
2024-07-27,13,26.4,185.0
2024-07-27,14,15.6,206.0
2024-07-27,15,9.7,182.0
2024-07-27,16,41.5,242.0
2024-07-27,17,3.8,49.0
2024-07-27,18,17.9,195.0
2024-07-27,19,7.4,203.0
2024-07-27,20,17.3,360.0
2024-07-27,21,24.1,63.0
2024-07-27,22,11.5,88.0
2024-07-27,23,19.1,358.0
2024-07-27,24,24.1,32.0
2024-07-28,1,24.1,90.0
2024-07-28,2,22.0,95.0
2024-07-28,3,17.1,98.0
2024-07-28,4,7.2,93.0
2024-07-28,5,4.7,94.0
2024-07-28,6,10.0,345.0
2024-07-28,7,11.9,5.0
2024-07-28,8,7.1,24.0
2024-07-28,9,6.5,19.0
2024-07-28,10,6.8,328.0
2024-07-28,11,5.8,330.0
2024-07-28,12,2.9,300.0
2024-07-28,13,6.9,261.0
2024-07-28,14,12.0,261.0
2024-07-28,15,16.7,251.0
2024-07-28,16,21.4,245.0
2024-07-28,17,22.3,249.0
2024-07-28,18,22.7,245.0
2024-07-28,19,25.1,235.0
2024-07-28,20,21.6,240.0
2024-07-28,21,18.6,234.0
2024-07-28,22,18.1,224.0
2024-07-28,23,20.4,216.0
2024-07-28,24,18.7,205.0
2024-07-29,1,15.4,217.0
2024-07-29,2,12.1,210.0
2024-07-29,3,10.2,198.0
2024-07-29,4,8.4,200.0
2024-07-29,5,6.6,171.0
2024-07-29,6,4.9,163.0
2024-07-29,7,2.3,129.0
2024-07-29,8,1.3,146.0
2024-07-29,9,2.3,18.0
2024-07-29,10,3.4,342.0
2024-07-29,11,4.0,297.0
2024-07-29,12,12.8,238.0
2024-07-29,13,23.0,230.0
2024-07-29,14,24.8,234.0
2024-07-29,15,27.6,237.0
2024-07-29,16,34.5,240.0
2024-07-29,17,36.9,240.0
2024-07-29,18,37.7,243.0
2024-07-29,19,37.4,246.0
2024-07-29,20,33.8,248.0
2024-07-29,21,28.3,263.0
2024-07-29,22,24.9,252.0
2024-07-29,23,24.6,243.0
2024-07-29,24,15.6,214.0
2024-07-30,1,17.7,185.0
2024-07-30,2,15.3,204.0
2024-07-30,3,12.0,226.0
2024-07-30,4,11.5,200.0
2024-07-30,5,14.4,193.0
2024-07-30,6,17.2,213.0
2024-07-30,7,21.2,212.0
2024-07-30,8,25.0,208.0
2024-07-30,9,32.9,210.0
2024-07-30,10,32.1,217.0
2024-07-30,11,29.2,213.0
2024-07-30,12,23.5,207.0
2024-07-30,13,25.7,227.0
2024-07-30,14,24.6,243.0
2024-07-30,15,22.9,237.0
2024-07-30,16,25.0,234.0
2024-07-30,17,34.2,241.0
2024-07-30,18,40.9,244.0
2024-07-30,19,32.0,243.0
2024-07-30,20,28.5,241.0
2024-07-30,21,24.4,233.0
2024-07-30,22,21.1,226.0
2024-07-30,23,19.6,227.0
2024-07-30,24,14.5,226.0
2024-07-31,1,8.4,263.0
2024-07-31,2,8.5,12.0
2024-07-31,3,7.4,51.0
2024-07-31,4,5.0,21.0
2024-07-31,5,6.7,36.0
2024-07-31,6,5.5,11.0
2024-07-31,7,7.6,3.0
2024-07-31,8,9.2,42.0
2024-07-31,9,7.0,12.0
2024-07-31,10,7.1,345.0
2024-07-31,11,6.0,343.0
2024-07-31,12,2.6,304.0
2024-07-31,13,4.3,246.0
2024-07-31,14,5.3,242.0
2024-07-31,15,6.3,246.0
2024-07-31,16,8.7,246.0
2024-07-31,17,11.1,241.0
2024-07-31,18,12.2,242.0
2024-07-31,19,10.8,244.0
2024-07-31,20,9.1,236.0
2024-07-31,21,9.6,214.0
2024-07-31,22,10.6,198.0
2024-07-31,23,5.9,166.0
2024-07-31,24,7.0,111.0
2024-08-01,1,11.3,107.0
2024-08-01,2,12.6,110.0
2024-08-01,3,11.7,124.0
2024-08-01,4,10.5,128.0
2024-08-01,5,6.5,109.0
2024-08-01,6,5.5,23.0
2024-08-01,7,4.1,38.0
2024-08-01,8,4.7,94.0
2024-08-01,9,1.6,63.0
2024-08-01,10,4.0,333.0
2024-08-01,11,7.4,313.0
2024-08-01,12,7.9,313.0
2024-08-01,13,4.4,305.0
2024-08-01,14,2.9,263.0
2024-08-01,15,3.9,236.0
2024-08-01,16,4.6,225.0
2024-08-01,17,7.1,221.0
2024-08-01,18,8.2,218.0
2024-08-01,19,9.4,220.0
2024-08-01,20,8.2,218.0
2024-08-01,21,9.0,185.0
2024-08-01,22,12.5,168.0
2024-08-01,23,12.1,168.0
2024-08-01,24,8.6,158.0
2024-08-02,1,10.4,136.0
2024-08-02,2,13.0,136.0
2024-08-02,3,11.7,124.0
2024-08-02,4,5.8,94.0
2024-08-02,5,4.5,14.0
2024-08-02,6,2.9,7.0
2024-08-02,7,4.7,4.0
2024-08-02,8,3.5,66.0
2024-08-02,9,2.2,81.0
2024-08-02,10,2.7,337.0
2024-08-02,11,5.9,317.0
2024-08-02,12,4.9,324.0
2024-08-02,13,2.5,8.0
2024-08-02,14,2.2,351.0
2024-08-02,15,4.3,355.0
2024-08-02,16,6.8,357.0
2024-08-02,17,8.6,360.0
2024-08-02,18,11.2,2.0
2024-08-02,19,14.8,4.0
2024-08-02,20,8.7,336.0
2024-08-02,21,14.4,3.0
2024-08-02,22,11.8,12.0
2024-08-02,23,9.3,54.0
2024-08-02,24,10.4,92.0
2024-08-03,1,10.4,110.0
2024-08-03,2,6.1,135.0
2024-08-03,3,6.1,40.0
2024-08-03,4,8.2,49.0
2024-08-03,5,10.0,52.0
2024-08-03,6,9.2,42.0
2024-08-03,7,9.3,36.0
2024-08-03,8,10.5,49.0
2024-08-03,9,8.9,58.0
2024-08-03,10,3.7,61.0
2024-08-03,11,7.6,341.0
2024-08-03,12,8.2,311.0
2024-08-03,13,8.6,255.0
2024-08-03,14,12.0,237.0
2024-08-03,15,14.9,238.0
2024-08-03,16,19.7,235.0
2024-08-03,17,17.0,238.0
2024-08-03,18,16.6,246.0
2024-08-03,19,22.8,235.0
2024-08-03,20,20.2,271.0
2024-08-03,21,23.4,299.0
2024-08-03,22,11.8,308.0
2024-08-03,23,4.0,80.0
2024-08-03,24,13.8,137.0
2024-08-04,1,22.0,145.0
2024-08-04,2,34.9,178.0
2024-08-04,3,31.7,181.0
2024-08-04,4,29.0,194.0
2024-08-04,5,28.1,203.0
2024-08-04,6,28.2,205.0
2024-08-04,7,27.6,197.0
2024-08-04,8,28.7,208.0
2024-08-04,9,30.9,216.0
2024-08-04,10,31.5,213.0
2024-08-04,11,21.8,219.0
2024-08-04,12,17.1,202.0
2024-08-04,13,24.5,227.0
2024-08-04,14,28.0,222.0
2024-08-04,15,30.9,230.0
2024-08-04,16,35.5,236.0
2024-08-04,17,37.1,236.0
2024-08-04,18,37.4,240.0
2024-08-04,19,35.9,241.0
2024-08-04,20,31.6,241.0
2024-08-04,21,27.7,232.0
2024-08-04,22,27.0,214.0
2024-08-04,23,29.0,203.0
2024-08-04,24,28.7,204.0
2024-08-05,1,25.9,209.0
2024-08-05,2,22.9,208.0
2024-08-05,3,22.1,210.0
2024-08-05,4,14.8,223.0
2024-08-05,5,5.4,262.0
2024-08-05,6,1.5,284.0
2024-08-05,7,2.6,344.0
2024-08-05,8,2.7,67.0
2024-08-05,9,4.1,45.0
2024-08-05,10,6.5,6.0
2024-08-05,11,6.9,9.0
2024-08-05,12,5.4,356.0
2024-08-05,13,4.0,333.0
2024-08-05,14,3.6,276.0
2024-08-05,15,8.0,275.0
2024-08-05,16,7.3,259.0
2024-08-05,17,10.0,221.0
2024-08-05,18,18.0,233.0
2024-08-05,19,12.0,279.0
2024-08-05,20,31.3,282.0
2024-08-05,21,8.2,151.0
2024-08-05,22,8.7,128.0
2024-08-05,23,9.7,105.0
2024-08-05,24,13.1,127.0
2024-08-06,1,13.0,129.0
2024-08-06,2,11.7,137.0
2024-08-06,3,6.0,123.0
2024-08-06,4,3.3,103.0
2024-08-06,5,3.1,159.0
2024-08-06,6,6.3,347.0
2024-08-06,7,9.2,11.0
2024-08-06,8,6.7,54.0
2024-08-06,9,5.5,32.0
2024-08-06,10,4.2,340.0
2024-08-06,11,7.7,332.0
2024-08-06,12,7.1,336.0
2024-08-06,13,6.9,264.0
2024-08-06,14,18.7,208.0
2024-08-06,15,23.3,215.0
2024-08-06,16,23.4,223.0
2024-08-06,17,26.7,256.0
2024-08-06,18,28.8,270.0
2024-08-06,19,13.2,315.0
2024-08-06,20,34.5,214.0
2024-08-06,21,24.4,214.0
2024-08-06,22,26.3,253.0
2024-08-06,23,16.4,237.0
2024-08-06,24,26.7,215.0
2024-08-07,1,32.0,218.0
2024-08-07,2,28.6,214.0
2024-08-07,3,31.4,212.0
2024-08-07,4,12.4,248.0
2024-08-07,5,5.0,210.0
2024-08-07,6,8.2,203.0
2024-08-07,7,10.6,215.0
2024-08-07,8,8.0,324.0
2024-08-07,9,3.8,17.0
2024-08-07,10,2.3,288.0
2024-08-07,11,8.7,228.0
2024-08-07,12,14.3,223.0
2024-08-07,13,19.5,232.0
2024-08-07,14,25.9,245.0
2024-08-07,15,27.9,245.0
2024-08-07,16,31.9,240.0
2024-08-07,17,32.6,241.0
2024-08-07,18,31.9,240.0
2024-08-07,19,33.9,236.0
2024-08-07,20,31.6,224.0
2024-08-07,21,28.4,218.0
2024-08-07,22,33.9,215.0
2024-08-07,23,31.3,218.0
2024-08-07,24,30.2,200.0
2024-08-08,1,26.8,213.0
2024-08-08,2,13.8,264.0
2024-08-08,3,16.2,348.0
2024-08-08,4,18.4,354.0
2024-08-08,5,20.5,1.0
2024-08-08,6,16.7,6.0
2024-08-08,7,12.6,358.0
2024-08-08,8,8.0,355.0
2024-08-08,9,3.7,349.0
2024-08-08,10,1.6,297.0
2024-08-08,11,2.1,239.0
2024-08-08,12,2.9,270.0
2024-08-08,13,4.5,299.0
2024-08-08,14,5.3,298.0
2024-08-08,15,6.3,294.0
2024-08-08,16,7.2,297.0
2024-08-08,17,8.2,311.0
2024-08-08,18,13.8,332.0
2024-08-08,19,16.8,332.0
2024-08-08,20,10.1,17.0
2024-08-08,21,10.9,46.0
2024-08-08,22,22.7,63.0
2024-08-08,23,26.9,82.0
2024-08-08,24,20.6,96.0
2024-08-09,1,17.1,39.0
2024-08-09,2,16.1,50.0
2024-08-09,3,11.5,49.0
2024-08-09,4,12.1,17.0
2024-08-09,5,19.0,10.0
2024-08-09,6,18.7,34.0
2024-08-09,7,13.2,43.0
2024-08-09,8,15.2,54.0
2024-08-09,9,11.6,112.0
2024-08-09,10,2.6,344.0
2024-08-09,11,9.0,337.0
2024-08-09,12,11.5,358.0
2024-08-09,13,2.7,337.0
2024-08-09,14,5.4,312.0
2024-08-09,15,6.5,289.0
2024-08-09,16,7.9,273.0
2024-08-09,17,9.2,281.0
2024-08-09,18,13.9,287.0
2024-08-09,19,16.2,307.0
2024-08-09,20,24.7,8.0
2024-08-09,21,15.3,9.0
2024-08-09,22,20.0,7.0
2024-08-09,23,23.5,32.0
2024-08-09,24,20.3,57.0
2024-08-10,1,18.1,111.0
2024-08-10,2,9.5,101.0
2024-08-10,3,5.0,30.0
2024-08-10,4,6.2,36.0
2024-08-10,5,9.0,16.0
2024-08-10,6,10.1,35.0
2024-08-10,7,9.5,53.0
2024-08-10,8,6.0,115.0
2024-08-10,9,4.8,132.0
2024-08-10,10,3.1,291.0
2024-08-10,11,11.0,328.0
2024-08-10,12,9.5,349.0
2024-08-10,13,10.5,322.0
2024-08-10,14,6.9,279.0
2024-08-10,15,10.4,200.0
2024-08-10,16,17.3,225.0
2024-08-10,17,14.1,232.0
2024-08-10,18,21.8,262.0
2024-08-10,19,21.6,281.0
2024-08-10,20,14.0,359.0
2024-08-10,21,16.9,359.0
2024-08-10,22,17.3,17.0
2024-08-10,23,28.0,18.0
2024-08-10,24,25.5,31.0
2024-08-11,1,23.7,13.0
2024-08-11,2,27.5,5.0
2024-08-11,3,23.7,46.0
2024-08-11,4,20.1,75.0
2024-08-11,5,8.2,61.0
2024-08-11,6,4.6,18.0
2024-08-11,7,11.6,353.0
2024-08-11,8,14.5,14.0
2024-08-11,9,8.1,58.0
2024-08-11,10,4.4,35.0
2024-08-11,11,5.5,23.0
2024-08-11,12,5.7,35.0
2024-08-11,13,3.0,346.0
2024-08-11,14,5.0,300.0
2024-08-11,15,4.9,287.0
2024-08-11,16,4.4,261.0
2024-08-11,17,6.4,286.0
2024-08-11,18,10.2,280.0
2024-08-11,19,13.8,255.0
2024-08-11,20,18.5,243.0
2024-08-11,21,9.2,222.0
2024-08-11,22,19.4,80.0
2024-08-11,23,30.9,78.0
2024-08-11,24,22.5,112.0
2024-08-12,1,23.9,136.0
2024-08-12,2,19.7,172.0
2024-08-12,3,4.5,61.0
2024-08-12,4,20.9,131.0
2024-08-12,5,23.6,128.0
2024-08-12,6,32.3,142.0
2024-08-12,7,42.0,133.0
2024-08-12,8,39.7,146.0
2024-08-12,9,41.4,151.0
2024-08-12,10,35.7,152.0
2024-08-12,11,32.3,158.0
2024-08-12,12,28.9,176.0
2024-08-12,13,32.7,195.0
2024-08-12,14,27.1,220.0
2024-08-12,15,33.5,213.0
2024-08-12,16,26.1,213.0
2024-08-12,17,28.8,209.0
2024-08-12,18,38.0,208.0
2024-08-12,19,34.1,196.0
2024-08-12,20,27.1,202.0
2024-08-12,21,27.0,180.0
2024-08-12,22,40.9,186.0
2024-08-12,23,33.5,181.0
2024-08-12,24,36.1,163.0
2024-08-13,1,35.0,163.0
2024-08-13,2,31.6,168.0
2024-08-13,3,21.4,167.0
2024-08-13,4,1.8,101.0
2024-08-13,5,12.3,21.0
2024-08-13,6,8.7,66.0
2024-08-13,7,4.0,80.0
2024-08-13,8,4.7,113.0
2024-08-13,9,16.3,155.0
2024-08-13,10,26.5,162.0
2024-08-13,11,16.0,171.0
2024-08-13,12,12.4,170.0
2024-08-13,13,22.9,199.0
2024-08-13,14,13.6,233.0
2024-08-13,15,10.9,224.0
2024-08-13,16,15.2,265.0
2024-08-13,17,26.0,312.0
2024-08-13,18,17.0,111.0
2024-08-13,19,24.5,118.0
2024-08-13,20,15.7,127.0
2024-08-13,21,13.0,124.0
2024-08-13,22,16.1,110.0
2024-08-13,23,12.7,125.0
2024-08-13,24,9.0,106.0
2024-08-14,1,2.9,90.0
2024-08-14,2,5.8,300.0
2024-08-14,3,5.9,166.0
2024-08-14,4,2.6,164.0
2024-08-14,5,1.5,76.0
2024-08-14,6,2.9,90.0
2024-08-14,7,2.9,187.0
2024-08-14,8,4.7,212.0
2024-08-14,9,1.8,360.0
2024-08-14,10,2.1,301.0
2024-08-14,11,12.4,197.0
2024-08-14,12,12.1,217.0
2024-08-14,13,17.3,223.0
2024-08-14,14,20.0,218.0
2024-08-14,15,13.0,275.0
2024-08-14,16,12.2,270.0
2024-08-14,17,6.8,335.0
2024-08-14,18,11.2,2.0
2024-08-14,19,5.5,11.0
2024-08-14,20,13.8,39.0
2024-08-14,21,20.1,43.0
2024-08-14,22,24.1,63.0
2024-08-14,23,24.1,80.0
2024-08-14,24,21.3,92.0
2024-08-15,1,15.5,103.0
2024-08-15,2,9.0,88.0
2024-08-15,3,3.6,53.0
2024-08-15,4,8.6,15.0
2024-08-15,5,11.3,37.0
2024-08-15,6,9.9,46.0
2024-08-15,7,10.7,45.0
2024-08-15,8,15.3,51.0
2024-08-15,9,13.8,47.0
2024-08-15,10,11.6,22.0
2024-08-15,11,12.4,26.0
2024-08-15,12,12.5,33.0
2024-08-15,13,9.2,39.0
2024-08-15,14,5.9,38.0
2024-08-15,15,4.1,38.0
2024-08-15,16,28.6,166.0
2024-08-15,17,20.0,210.0
2024-08-15,18,28.2,169.0
2024-08-15,19,11.6,206.0
2024-08-15,20,16.6,300.0
2024-08-15,21,6.9,81.0
2024-08-15,22,13.5,74.0
2024-08-15,23,14.2,66.0
2024-08-15,24,15.1,65.0
2024-08-16,1,13.0,84.0
2024-08-16,2,4.7,90.0
2024-08-16,3,13.9,335.0
2024-08-16,4,15.1,357.0
2024-08-16,5,11.0,41.0
2024-08-16,6,8.4,80.0
2024-08-16,7,3.4,212.0
2024-08-16,8,7.4,227.0
2024-08-16,9,9.4,227.0
2024-08-16,10,9.0,241.0
2024-08-16,11,7.4,223.0
2024-08-16,12,7.4,231.0
2024-08-16,13,7.4,227.0
2024-08-16,14,11.5,219.0
2024-08-16,15,16.8,222.0
2024-08-16,16,18.9,219.0
2024-08-16,17,21.8,219.0
2024-08-16,18,21.9,224.0
2024-08-16,19,22.2,238.0
2024-08-16,20,19.0,243.0
2024-08-16,21,10.2,252.0
2024-08-16,22,1.1,360.0
2024-08-16,23,13.4,63.0
2024-08-16,24,14.5,63.0
2024-08-17,1,14.5,67.0
2024-08-17,2,17.0,77.0
2024-08-17,3,20.8,67.0
2024-08-17,4,18.1,73.0
2024-08-17,5,15.3,56.0
2024-08-17,6,15.8,43.0
2024-08-17,7,16.9,24.0
2024-08-17,8,13.6,37.0
2024-08-17,9,8.8,19.0
2024-08-17,10,6.1,357.0
2024-08-17,11,5.7,325.0
2024-08-17,12,6.1,315.0
2024-08-17,13,6.8,273.0
2024-08-17,14,7.3,237.0
2024-08-17,15,12.0,221.0
2024-08-17,16,17.6,221.0
2024-08-17,17,21.0,218.0
2024-08-17,18,36.1,210.0
2024-08-17,19,42.8,180.0
2024-08-17,20,29.5,167.0
2024-08-17,21,16.1,196.0
2024-08-17,22,19.6,227.0
2024-08-17,23,8.9,194.0
2024-08-17,24,4.0,280.0
2024-08-18,1,4.0,350.0
2024-08-18,2,8.0,18.0
2024-08-18,3,7.4,51.0
2024-08-18,4,8.0,100.0
2024-08-18,5,10.9,117.0
2024-08-18,6,11.0,128.0
2024-08-18,7,7.6,121.0
2024-08-18,8,10.4,146.0
2024-08-18,9,6.3,149.0
2024-08-18,10,3.3,354.0
2024-08-18,11,2.1,239.0
2024-08-18,12,8.3,214.0
2024-08-18,13,10.3,216.0
2024-08-18,14,13.0,214.0
2024-08-18,15,14.9,212.0
2024-08-18,16,16.8,208.0
2024-08-18,17,18.5,209.0
2024-08-18,18,33.2,185.0
2024-08-18,19,22.7,182.0
2024-08-18,20,15.5,205.0
2024-08-18,21,17.0,197.0
2024-08-18,22,22.3,201.0
2024-08-18,23,42.1,213.0
2024-08-18,24,26.6,189.0
2024-08-19,1,15.3,124.0
2024-08-19,2,8.1,283.0
2024-08-19,3,6.2,10.0
2024-08-19,4,12.8,68.0
2024-08-19,5,15.1,89.0
2024-08-19,6,14.2,117.0
2024-08-19,7,16.5,136.0
2024-08-19,8,4.6,18.0
2024-08-19,9,5.8,4.0
2024-08-19,10,7.9,357.0
2024-08-19,11,4.0,5.0
2024-08-19,12,3.8,229.0
2024-08-19,13,11.4,215.0
2024-08-19,14,18.6,216.0
2024-08-19,15,24.2,210.0
2024-08-19,16,30.2,200.0
2024-08-19,17,29.8,200.0
2024-08-19,18,31.6,210.0
2024-08-19,19,34.2,204.0
2024-08-19,20,32.4,189.0
2024-08-19,21,31.7,181.0
2024-08-19,22,30.6,165.0
2024-08-19,23,31.5,166.0
2024-08-19,24,36.9,154.0
2024-08-20,1,35.2,157.0
2024-08-20,2,30.7,158.0
2024-08-20,3,22.7,165.0
2024-08-20,4,13.4,174.0
2024-08-20,5,8.2,151.0
2024-08-20,6,8.3,124.0
2024-08-20,7,10.3,126.0
2024-08-20,8,1.8,101.0
2024-08-20,9,11.9,335.0
2024-08-20,10,12.9,337.0
2024-08-20,11,7.5,305.0
2024-08-20,12,12.2,223.0
2024-08-20,13,21.3,219.0
2024-08-20,14,24.2,223.0
2024-08-20,15,30.0,225.0
2024-08-20,16,30.3,225.0
2024-08-20,17,32.7,229.0
2024-08-20,18,31.4,230.0
2024-08-20,19,28.4,234.0
2024-08-20,20,19.2,257.0
2024-08-20,21,20.3,276.0
2024-08-20,22,11.8,297.0
2024-08-20,23,5.2,155.0
2024-08-20,24,8.9,140.0
2024-08-21,1,6.7,164.0
2024-08-21,2,6.7,254.0
2024-08-21,3,7.2,207.0
2024-08-21,4,6.4,133.0
2024-08-21,5,5.6,195.0
2024-08-21,6,10.0,206.0
2024-08-21,7,12.0,201.0
2024-08-21,8,17.6,223.0
2024-08-21,9,21.6,217.0
2024-08-21,10,20.9,212.0
2024-08-21,11,21.1,217.0
2024-08-21,12,24.4,217.0
2024-08-21,13,24.7,223.0
2024-08-21,14,24.2,229.0
2024-08-21,15,25.0,227.0
2024-08-21,16,27.8,230.0
2024-08-21,17,28.2,231.0
2024-08-21,18,31.0,239.0
2024-08-21,19,31.7,242.0
2024-08-21,20,27.7,244.0
2024-08-21,21,20.1,249.0
2024-08-21,22,16.5,238.0
2024-08-21,23,12.2,227.0
2024-08-21,24,15.9,198.0
2024-08-22,1,18.2,189.0
2024-08-22,2,14.0,192.0
2024-08-22,3,6.9,186.0
2024-08-22,4,8.3,108.0
2024-08-22,5,8.5,118.0
2024-08-22,6,6.1,50.0
2024-08-22,7,13.3,38.0
2024-08-22,8,14.2,74.0
2024-08-22,9,14.5,60.0
2024-08-22,10,13.0,48.0
2024-08-22,11,11.6,5.0
2024-08-22,12,1.6,297.0
2024-08-22,13,13.0,194.0
2024-08-22,14,22.5,200.0
2024-08-22,15,24.1,212.0
2024-08-22,16,28.6,211.0
2024-08-22,17,30.9,205.0
2024-08-22,18,30.6,198.0
2024-08-22,19,29.9,198.0
2024-08-22,20,27.8,197.0
2024-08-22,21,17.3,157.0
2024-08-22,22,19.9,136.0
2024-08-22,23,30.0,142.0
2024-08-22,24,36.1,144.0
2024-08-23,1,36.7,139.0
2024-08-23,2,40.7,144.0
2024-08-23,3,41.8,145.0
2024-08-23,4,40.1,146.0
2024-08-23,5,39.2,151.0
2024-08-23,6,38.2,159.0
2024-08-23,7,40.0,163.0
2024-08-23,8,23.6,141.0
2024-08-23,9,25.5,157.0
2024-08-23,10,17.7,163.0
2024-08-23,11,35.5,174.0
2024-08-23,12,42.1,178.0
2024-08-23,13,39.7,184.0
2024-08-23,14,45.0,196.0
2024-08-23,15,49.7,199.0
2024-08-23,16,45.3,196.0
2024-08-23,17,46.5,202.0
2024-08-23,18,47.0,205.0
2024-08-23,19,38.3,207.0
2024-08-23,20,27.9,202.0
2024-08-23,21,28.6,255.0
2024-08-23,22,23.2,257.0
2024-08-23,23,17.8,198.0
2024-08-23,24,17.7,186.0
2024-08-24,1,23.4,209.0
2024-08-24,2,21.3,196.0
2024-08-24,3,19.8,199.0
2024-08-24,4,20.5,211.0
2024-08-24,5,21.9,210.0
2024-08-24,6,20.9,204.0
2024-08-24,7,20.8,206.0
2024-08-24,8,19.4,190.0
2024-08-24,9,16.3,205.0
2024-08-24,10,15.4,217.0
2024-08-24,11,13.4,216.0
2024-08-24,12,8.4,220.0
2024-08-24,13,5.2,214.0
2024-08-24,14,12.3,218.0
2024-08-24,15,22.9,217.0
2024-08-24,16,29.8,224.0
2024-08-24,17,28.7,231.0
2024-08-24,18,37.2,266.0
2024-08-24,19,31.8,265.0
2024-08-24,20,22.4,251.0
2024-08-24,21,25.0,224.0
2024-08-24,22,27.9,197.0
2024-08-24,23,22.6,194.0
2024-08-24,24,22.0,190.0
2024-08-25,1,25.6,197.0
2024-08-25,2,22.0,198.0
2024-08-25,3,19.2,193.0
2024-08-25,4,20.8,208.0
2024-08-25,5,18.8,212.0
2024-08-25,6,11.3,217.0
2024-08-25,7,2.3,252.0
2024-08-25,8,7.1,229.0
2024-08-25,9,12.3,238.0
2024-08-25,10,7.8,236.0
2024-08-25,11,8.4,245.0
2024-08-25,12,8.8,251.0
2024-08-25,13,6.9,276.0
2024-08-25,14,6.9,261.0
2024-08-25,15,6.5,251.0
2024-08-25,16,8.2,232.0
2024-08-25,17,9.0,203.0
2024-08-25,18,15.7,212.0
2024-08-25,19,14.8,219.0
2024-08-25,20,13.0,231.0
2024-08-25,21,23.3,232.0
2024-08-25,22,14.1,220.0
2024-08-25,23,14.8,214.0
2024-08-25,24,29.5,196.0
2024-08-26,1,26.7,209.0
2024-08-26,2,21.0,211.0
2024-08-26,3,21.4,207.0
2024-08-26,4,17.9,195.0
2024-08-26,5,18.4,183.0
2024-08-26,6,12.3,201.0
2024-08-26,7,10.4,214.0
2024-08-26,8,13.6,217.0
2024-08-26,9,15.5,211.0
2024-08-26,10,12.9,210.0
2024-08-26,11,14.6,220.0
2024-08-26,12,13.8,223.0
2024-08-26,13,14.5,226.0
2024-08-26,14,14.8,227.0
2024-08-26,15,13.3,229.0
2024-08-26,16,13.0,236.0
2024-08-26,17,13.7,240.0
2024-08-26,18,14.3,236.0
2024-08-26,19,15.9,232.0
2024-08-26,20,11.3,239.0
2024-08-26,21,12.8,212.0
2024-08-26,22,19.7,189.0
2024-08-26,23,21.7,175.0
2024-08-26,24,19.1,176.0
2024-08-27,1,15.5,175.0
2024-08-27,2,10.7,168.0
2024-08-27,3,9.4,157.0
2024-08-27,4,6.9,152.0
2024-08-27,5,5.8,150.0
2024-08-27,6,5.9,142.0
2024-08-27,7,7.4,151.0
2024-08-27,8,6.1,130.0
2024-08-27,9,4.3,114.0
2024-08-27,10,2.9,83.0
2024-08-27,11,2.2,351.0
2024-08-27,12,6.6,202.0
2024-08-27,13,11.4,204.0
2024-08-27,14,15.8,210.0
2024-08-27,15,18.9,211.0
2024-08-27,16,20.8,210.0
2024-08-27,17,25.0,213.0
2024-08-27,18,25.4,212.0
2024-08-27,19,29.9,216.0
2024-08-27,20,27.5,214.0
2024-08-27,21,25.0,205.0
2024-08-27,22,27.0,178.0
2024-08-27,23,30.9,169.0
2024-08-27,24,34.3,167.0
2024-08-28,1,35.4,168.0
2024-08-28,2,37.6,170.0
2024-08-28,3,38.2,181.0
2024-08-28,4,33.5,199.0
2024-08-28,5,43.4,216.0
2024-08-28,6,46.1,212.0
2024-08-28,7,44.8,209.0
2024-08-28,8,45.9,208.0
2024-08-28,9,42.5,219.0
2024-08-28,10,39.0,218.0
2024-08-28,11,35.9,222.0
2024-08-28,12,28.5,224.0
2024-08-28,13,22.3,219.0
2024-08-28,14,18.6,223.0
2024-08-28,15,20.3,217.0
2024-08-28,16,23.5,221.0
2024-08-28,17,25.5,234.0
2024-08-28,18,25.7,233.0
2024-08-28,19,27.7,231.0
2024-08-28,20,25.0,227.0
2024-08-28,21,23.6,211.0
2024-08-28,22,27.9,197.0
2024-08-28,23,25.1,201.0
2024-08-28,24,22.7,203.0
2024-08-29,1,27.1,202.0
2024-08-29,2,25.1,215.0
2024-08-29,3,22.7,224.0
2024-08-29,4,15.0,215.0
2024-08-29,5,17.3,203.0
2024-08-29,6,12.8,212.0
2024-08-29,7,11.3,202.0
2024-08-29,8,5.9,194.0
2024-08-29,9,0.8,207.0
2024-08-29,10,1.4,180.0
2024-08-29,11,2.2,261.0
2024-08-29,12,3.1,324.0
2024-08-29,13,3.2,333.0
2024-08-29,14,3.4,328.0
2024-08-29,15,4.1,322.0
2024-08-29,16,5.6,320.0
2024-08-29,17,6.0,327.0
2024-08-29,18,4.7,337.0
2024-08-29,19,3.7,349.0
2024-08-29,20,2.2,279.0
2024-08-29,21,3.9,158.0
2024-08-29,22,9.0,185.0
2024-08-29,23,9.8,188.0
2024-08-29,24,8.8,192.0
2024-08-30,1,8.9,201.0
2024-08-30,2,8.2,195.0
2024-08-30,3,4.8,193.0
2024-08-30,4,0.0,270.0
2024-08-30,5,4.8,48.0
2024-08-30,6,6.6,61.0
2024-08-30,7,5.8,83.0
2024-08-30,8,4.0,90.0
2024-08-30,9,2.9,60.0
2024-08-30,10,3.8,17.0
2024-08-30,11,5.8,338.0
2024-08-30,12,4.6,342.0
2024-08-30,13,1.9,338.0
2024-08-30,14,1.5,284.0
2024-08-30,15,2.5,270.0
2024-08-30,16,2.9,270.0
2024-08-30,17,3.0,256.0
2024-08-30,18,2.7,247.0
2024-08-30,19,1.6,207.0
2024-08-30,20,7.6,205.0
2024-08-30,21,12.8,196.0
2024-08-30,22,13.9,205.0
2024-08-30,23,12.6,204.0
2024-08-30,24,9.2,201.0
2024-08-31,1,6.8,177.0
2024-08-31,2,4.2,149.0
2024-08-31,3,2.5,98.0
2024-08-31,4,3.3,13.0
2024-08-31,5,5.4,352.0
2024-08-31,6,3.9,34.0
2024-08-31,7,3.1,69.0
2024-08-31,8,8.1,69.0
2024-08-31,9,7.4,61.0
2024-08-31,10,6.6,41.0
2024-08-31,11,5.5,349.0
2024-08-31,12,6.4,344.0
2024-08-31,13,6.9,354.0
2024-08-31,14,6.9,351.0
2024-08-31,15,5.8,353.0
2024-08-31,16,4.6,342.0
2024-08-31,17,3.1,315.0
2024-08-31,18,2.9,277.0
2024-08-31,19,3.3,276.0
2024-08-31,20,1.5,284.0
2024-08-31,21,3.0,104.0
2024-08-31,22,5.1,184.0
2024-08-31,23,13.6,202.0
2024-08-31,24,13.8,208.0
2024-09-01,1,10.2,198.0
2024-09-01,2,3.6,127.0
2024-09-01,3,7.7,49.0
2024-09-01,4,7.9,51.0
2024-09-01,5,8.9,69.0
2024-09-01,6,7.6,82.0
2024-09-01,7,5.4,90.0
2024-09-01,8,5.2,25.0
2024-09-01,9,5.4,20.0
2024-09-01,10,5.8,30.0
2024-09-01,11,7.2,342.0
2024-09-01,12,7.9,313.0
2024-09-01,13,7.6,262.0
2024-09-01,14,11.0,238.0
2024-09-01,15,14.6,232.0
2024-09-01,16,18.4,230.0
2024-09-01,17,19.5,231.0
2024-09-01,18,19.1,229.0
2024-09-01,19,17.0,234.0
2024-09-01,20,16.6,222.0
2024-09-01,21,16.1,207.0
2024-09-01,22,12.7,215.0
2024-09-01,23,11.7,169.0
2024-09-01,24,17.8,159.0
2024-09-02,1,17.4,173.0
2024-09-02,2,22.8,219.0
2024-09-02,3,24.8,197.0
2024-09-02,4,25.3,200.0
2024-09-02,5,24.6,195.0
2024-09-02,6,19.4,191.0
2024-09-02,7,9.4,184.0
2024-09-02,8,6.2,69.0
2024-09-02,9,4.2,31.0
2024-09-02,10,4.7,23.0
2024-09-02,11,5.0,360.0
2024-09-02,12,7.4,337.0
2024-09-02,13,7.6,275.0
2024-09-02,14,13.2,244.0
2024-09-02,15,18.4,231.0
2024-09-02,16,18.8,216.0
2024-09-02,17,24.0,220.0
2024-09-02,18,38.9,198.0
2024-09-02,19,23.6,201.0
2024-09-02,20,11.5,290.0
2024-09-02,21,6.4,137.0
2024-09-02,22,11.9,119.0
2024-09-02,23,13.3,103.0
2024-09-02,24,12.0,221.0
2024-09-03,1,29.0,137.0
2024-09-03,2,19.7,142.0
2024-09-03,3,19.4,140.0
2024-09-03,4,23.8,129.0
2024-09-03,5,25.5,123.0
2024-09-03,6,9.3,103.0
2024-09-03,7,10.9,352.0
2024-09-03,8,13.0,51.0
2024-09-03,9,8.4,20.0
2024-09-03,10,12.5,348.0
2024-09-03,11,6.5,357.0
2024-09-03,12,2.2,261.0
2024-09-03,13,14.5,228.0
2024-09-03,14,27.1,176.0
2024-09-03,15,21.6,217.0
2024-09-03,16,29.5,226.0
2024-09-03,17,29.0,227.0
2024-09-03,18,29.2,237.0
2024-09-03,19,33.9,251.0
2024-09-03,20,29.5,245.0
2024-09-03,21,26.9,219.0
2024-09-03,22,30.7,198.0
2024-09-03,23,31.1,198.0
2024-09-03,24,30.8,210.0
2024-09-04,1,31.6,207.0
2024-09-04,2,28.0,209.0
2024-09-04,3,22.5,221.0
2024-09-04,4,23.4,211.0
2024-09-04,5,23.7,206.0
2024-09-04,6,23.8,209.0
2024-09-04,7,20.9,216.0
2024-09-04,8,14.3,223.0
2024-09-04,9,10.4,200.0
2024-09-04,10,8.7,197.0
2024-09-04,11,7.8,214.0
2024-09-04,12,5.5,212.0
2024-09-04,13,3.6,217.0
2024-09-04,14,3.0,256.0
2024-09-04,15,5.0,291.0
2024-09-04,16,6.9,317.0
2024-09-04,17,9.0,331.0
2024-09-04,18,8.8,341.0
2024-09-04,19,4.1,45.0
2024-09-04,20,5.1,231.0
2024-09-04,21,7.4,227.0
2024-09-04,22,5.0,210.0
2024-09-04,23,7.4,231.0
2024-09-04,24,2.7,203.0
2024-09-05,1,6.5,84.0
2024-09-05,2,2.6,34.0
2024-09-05,3,2.6,286.0
2024-09-05,4,1.8,360.0
2024-09-05,5,4.6,39.0
2024-09-05,6,4.4,9.0
2024-09-05,7,4.4,9.0
2024-09-05,8,4.6,39.0
2024-09-05,9,0.8,333.0
2024-09-05,10,2.7,337.0
2024-09-05,11,5.2,326.0
2024-09-05,12,5.7,325.0
2024-09-05,13,2.3,321.0
2024-09-05,14,3.4,342.0
2024-09-05,15,4.6,342.0
2024-09-05,16,4.3,355.0
2024-09-05,17,4.3,360.0
2024-09-05,18,3.2,360.0
2024-09-05,19,1.8,360.0
2024-09-05,20,4.6,45.0
2024-09-05,21,5.1,82.0
2024-09-05,22,5.0,111.0
2024-09-05,23,7.2,108.0
2024-09-05,24,8.5,102.0
2024-09-06,1,8.0,108.0
2024-09-06,2,6.9,118.0
2024-09-06,3,3.1,111.0
2024-09-06,4,1.5,194.0
2024-09-06,5,0.8,243.0
2024-09-06,6,4.3,24.0
2024-09-06,7,5.0,60.0
2024-09-06,8,2.9,83.0
2024-09-06,9,2.5,90.0
2024-09-06,10,3.3,13.0
2024-09-06,11,7.0,339.0
2024-09-06,12,9.0,337.0
2024-09-06,13,6.3,336.0
2024-09-06,14,4.8,347.0
2024-09-06,15,5.9,346.0
2024-09-06,16,6.5,341.0
2024-09-06,17,6.2,324.0
2024-09-06,18,5.3,298.0
2024-09-06,19,3.8,287.0
2024-09-06,20,4.9,36.0
2024-09-06,21,11.0,52.0
2024-09-06,22,6.5,71.0
2024-09-06,23,7.8,158.0
2024-09-06,24,6.5,161.0
2024-09-07,1,4.1,128.0
2024-09-07,2,2.3,129.0
2024-09-07,3,0.8,333.0
2024-09-07,4,3.4,302.0
2024-09-07,5,3.2,333.0
2024-09-07,6,5.2,12.0
2024-09-07,7,5.0,21.0
2024-09-07,8,5.0,339.0
2024-09-07,9,1.1,360.0
2024-09-07,10,0.8,333.0
2024-09-07,11,4.6,321.0
2024-09-07,12,5.9,322.0
2024-09-07,13,3.1,306.0
2024-09-07,14,3.9,248.0
2024-09-07,15,4.5,256.0
2024-09-07,16,6.8,270.0
2024-09-07,17,6.9,261.0
2024-09-07,18,3.9,214.0
2024-09-07,19,6.3,167.0
2024-09-07,20,15.1,177.0
2024-09-07,21,18.8,183.0
2024-09-07,22,14.8,186.0
2024-09-07,23,4.8,193.0
2024-09-07,24,9.3,118.0
2024-09-08,1,13.2,133.0
2024-09-08,2,10.3,155.0
2024-09-08,3,9.3,144.0
2024-09-08,4,2.3,162.0
2024-09-08,5,3.8,343.0
2024-09-08,6,3.3,347.0
2024-09-08,7,4.7,360.0
2024-09-08,8,3.4,58.0
2024-09-08,9,1.4,90.0
2024-09-08,10,0.4,360.0
2024-09-08,11,3.3,354.0
2024-09-08,12,6.1,320.0
2024-09-08,13,6.8,288.0
2024-09-08,14,15.0,215.0
2024-09-08,15,27.6,221.0
2024-09-08,16,24.3,205.0
2024-09-08,17,19.7,189.0
2024-09-08,18,26.5,173.0
2024-09-08,19,22.3,182.0
2024-09-08,20,20.9,195.0
2024-09-08,21,27.8,176.0
2024-09-08,22,23.2,186.0
2024-09-08,23,19.1,192.0
2024-09-08,24,19.2,186.0
2024-09-09,1,14.2,189.0
2024-09-09,2,13.6,197.0
2024-09-09,3,15.5,179.0
2024-09-09,4,18.7,169.0
2024-09-09,5,14.4,212.0
2024-09-09,6,12.1,190.0
2024-09-09,7,10.9,188.0
2024-09-09,8,7.8,214.0
2024-09-09,9,10.2,212.0
2024-09-09,10,13.4,211.0
2024-09-09,11,12.7,223.0
2024-09-09,12,19.9,226.0
2024-09-09,13,23.2,229.0
2024-09-09,14,23.3,238.0
2024-09-09,15,25.4,243.0
2024-09-09,16,27.1,240.0
2024-09-09,17,32.2,242.0
2024-09-09,18,31.1,242.0
2024-09-09,19,32.5,239.0
2024-09-09,20,29.0,224.0
2024-09-09,21,33.5,210.0
2024-09-09,22,33.8,208.0
2024-09-09,23,30.7,211.0
2024-09-09,24,29.8,205.0
2024-09-10,1,28.3,206.0
2024-09-10,2,26.4,194.0
2024-09-10,3,24.1,200.0
2024-09-10,4,21.5,201.0
2024-09-10,5,17.6,203.0
2024-09-10,6,14.0,206.0
2024-09-10,7,14.6,200.0
2024-09-10,8,1.5,225.0
2024-09-10,9,5.0,339.0
2024-09-10,10,3.4,328.0
2024-09-10,11,3.8,287.0
2024-09-10,12,8.5,234.0
2024-09-10,13,12.8,230.0
2024-09-10,14,16.3,229.0
2024-09-10,15,24.3,218.0
2024-09-10,16,23.4,217.0
2024-09-10,17,24.3,212.0
2024-09-10,18,23.0,212.0
2024-09-10,19,23.7,206.0
2024-09-10,20,18.9,228.0
2024-09-10,21,17.4,204.0
2024-09-10,22,29.7,151.0
2024-09-10,23,29.5,162.0
2024-09-10,24,29.6,154.0
2024-09-11,1,35.5,147.0
2024-09-11,2,35.6,154.0
2024-09-11,3,35.4,149.0
2024-09-11,4,34.6,152.0
2024-09-11,5,29.0,155.0
2024-09-11,6,19.6,154.0
2024-09-11,7,14.1,3.0
2024-09-11,8,39.4,124.0
2024-09-11,9,33.4,125.0
2024-09-11,10,25.1,111.0
2024-09-11,11,19.8,123.0
2024-09-11,12,25.3,150.0
2024-09-11,13,26.5,168.0
2024-09-11,14,15.3,188.0
2024-09-11,15,20.0,214.0
2024-09-11,16,15.7,189.0
2024-09-11,17,18.3,212.0
2024-09-11,18,27.0,199.0
2024-09-11,19,21.8,193.0
2024-09-11,20,7.9,240.0
2024-09-11,21,11.4,257.0
2024-09-11,22,21.0,211.0
2024-09-11,23,23.9,233.0
2024-09-11,24,25.2,226.0
2024-09-12,1,32.1,209.0
2024-09-12,2,35.7,217.0
2024-09-12,3,36.6,216.0
2024-09-12,4,36.9,213.0
2024-09-12,5,37.2,207.0
2024-09-12,6,37.4,206.0
2024-09-12,7,34.7,209.0
2024-09-12,8,36.8,203.0
2024-09-12,9,34.8,201.0
2024-09-12,10,40.5,213.0
2024-09-12,11,42.5,223.0
2024-09-12,12,38.7,227.0
2024-09-12,13,39.2,231.0
2024-09-12,14,35.4,235.0
2024-09-12,15,35.0,236.0
2024-09-12,16,34.4,235.0
2024-09-12,17,33.2,236.0
2024-09-12,18,38.5,233.0
2024-09-12,19,37.2,232.0
2024-09-12,20,38.0,227.0
2024-09-12,21,34.0,230.0
2024-09-12,22,21.4,228.0
2024-09-12,23,22.7,223.0
2024-09-12,24,27.0,214.0
2024-09-13,1,24.8,221.0
2024-09-13,2,25.0,213.0
2024-09-13,3,24.8,208.0
2024-09-13,4,24.8,204.0
2024-09-13,5,23.5,203.0
2024-09-13,6,22.0,201.0
2024-09-13,7,19.4,198.0
2024-09-13,8,17.2,196.0
2024-09-13,9,16.7,194.0
2024-09-13,10,16.0,211.0
2024-09-13,11,18.9,219.0
2024-09-13,12,17.3,222.0
2024-09-13,13,17.3,228.0
2024-09-13,14,19.2,230.0
2024-09-13,15,18.0,233.0
2024-09-13,16,16.3,229.0
2024-09-13,17,13.5,222.0
2024-09-13,18,11.6,234.0
2024-09-13,19,11.8,247.0
2024-09-13,20,11.5,256.0
2024-09-13,21,8.4,245.0
2024-09-13,22,1.8,191.0
2024-09-13,23,6.5,109.0
2024-09-13,24,11.4,114.0
2024-09-14,1,12.7,125.0
2024-09-14,2,6.6,139.0
2024-09-14,3,4.0,175.0
2024-09-14,4,3.1,216.0
2024-09-14,5,4.7,171.0
2024-09-14,6,7.5,163.0
2024-09-14,7,6.2,170.0
2024-09-14,8,3.2,180.0
2024-09-14,9,0.8,333.0
2024-09-14,10,3.6,354.0
2024-09-14,11,5.4,340.0
2024-09-14,12,5.3,332.0
2024-09-14,13,4.0,265.0
2024-09-14,14,9.4,238.0
2024-09-14,15,14.8,236.0
2024-09-14,16,16.1,228.0
2024-09-14,17,17.1,229.0
2024-09-14,18,17.9,232.0
2024-09-14,19,17.7,231.0
2024-09-14,20,11.8,250.0
2024-09-14,21,6.0,253.0
2024-09-14,22,7.0,111.0
2024-09-14,23,13.3,123.0
2024-09-14,24,10.9,136.0
2024-09-15,1,15.0,138.0
2024-09-15,2,13.6,140.0
2024-09-15,3,12.0,131.0
2024-09-15,4,8.8,99.0
2024-09-15,5,9.1,56.0
2024-09-15,6,7.1,66.0
2024-09-15,7,7.5,73.0
2024-09-15,8,5.9,76.0
2024-09-15,9,3.2,63.0
2024-09-15,10,1.3,304.0
2024-09-15,11,3.7,259.0
2024-09-15,12,5.1,274.0
2024-09-15,13,12.9,210.0
2024-09-15,14,24.6,201.0
2024-09-15,15,24.4,202.0
2024-09-15,16,29.4,202.0
2024-09-15,17,29.7,199.0
2024-09-15,18,19.6,206.0
2024-09-15,19,16.2,217.0
2024-09-15,20,19.8,182.0
2024-09-15,21,24.3,165.0
2024-09-15,22,38.1,158.0
2024-09-15,23,43.0,150.0
2024-09-15,24,33.4,132.0
2024-09-16,1,30.8,119.0
2024-09-16,2,22.4,127.0
2024-09-16,3,9.8,126.0
2024-09-16,4,16.2,102.0
2024-09-16,5,30.0,331.0
2024-09-16,6,29.1,49.0
2024-09-16,7,24.2,72.0
2024-09-16,8,16.9,40.0
2024-09-16,9,11.6,30.0
2024-09-16,10,8.7,24.0
2024-09-16,11,6.5,354.0
2024-09-16,12,1.6,153.0
2024-09-16,13,16.3,185.0
2024-09-16,14,26.3,176.0
2024-09-16,15,9.8,188.0
2024-09-16,16,24.3,220.0
2024-09-16,17,24.2,300.0
2024-09-16,18,17.3,69.0
2024-09-16,19,14.8,94.0
2024-09-16,20,18.6,46.0
2024-09-16,21,25.7,75.0
2024-09-16,22,21.0,84.0
2024-09-16,23,16.3,98.0
2024-09-16,24,5.1,86.0
2024-09-17,1,8.2,319.0
2024-09-17,2,9.7,345.0
2024-09-17,3,10.0,229.0
2024-09-17,4,16.9,241.0
2024-09-17,5,15.1,220.0
2024-09-17,6,8.9,249.0
2024-09-17,7,5.9,133.0
2024-09-17,8,24.5,76.0
2024-09-17,9,32.9,95.0
2024-09-17,10,35.1,116.0
2024-09-17,11,21.8,142.0
2024-09-17,12,14.0,132.0
2024-09-17,13,11.1,119.0
2024-09-17,14,12.9,144.0
2024-09-17,15,18.7,155.0
2024-09-17,16,19.2,175.0
2024-09-17,17,18.7,199.0
2024-09-17,18,23.1,203.0
2024-09-17,19,26.8,216.0
2024-09-17,20,21.4,213.0
2024-09-17,21,22.4,206.0
2024-09-17,22,26.5,198.0
2024-09-17,23,29.5,205.0
2024-09-17,24,33.4,204.0
2024-09-18,1,37.0,201.0
2024-09-18,2,36.2,208.0
2024-09-18,3,39.7,214.0
2024-09-18,4,37.9,213.0
2024-09-18,5,35.3,212.0
2024-09-18,6,35.3,213.0
2024-09-18,7,35.9,213.0
2024-09-18,8,37.6,212.0
2024-09-18,9,35.0,214.0
2024-09-18,10,36.7,217.0
2024-09-18,11,39.2,224.0
2024-09-18,12,39.0,227.0
2024-09-18,13,35.0,230.0
2024-09-18,14,35.2,235.0
2024-09-18,15,34.0,237.0
2024-09-18,16,30.7,239.0
2024-09-18,17,26.9,244.0
2024-09-18,18,14.8,269.0
2024-09-18,19,2.9,7.0
2024-09-18,20,16.9,156.0
2024-09-18,21,14.9,195.0
2024-09-18,22,15.4,201.0
2024-09-18,23,13.3,199.0
2024-09-18,24,11.3,202.0
2024-09-19,1,11.8,200.0
2024-09-19,2,13.4,194.0
2024-09-19,3,12.8,196.0
2024-09-19,4,12.1,203.0
2024-09-19,5,9.0,209.0
2024-09-19,6,3.8,229.0
2024-09-19,7,2.9,270.0
2024-09-19,8,3.6,307.0
2024-09-19,9,2.6,326.0
2024-09-19,10,5.4,356.0
2024-09-19,11,5.4,356.0
2024-09-19,12,3.0,346.0
2024-09-19,13,2.7,247.0
2024-09-19,14,3.6,270.0
2024-09-19,15,3.3,276.0
2024-09-19,16,4.8,257.0
2024-09-19,17,7.0,249.0
2024-09-19,18,7.5,253.0
2024-09-19,19,7.6,262.0
2024-09-19,20,7.4,203.0
2024-09-19,21,7.3,261.0
2024-09-19,22,3.3,221.0
2024-09-19,23,6.7,144.0
2024-09-19,24,8.3,124.0
2024-09-20,1,7.9,133.0
2024-09-20,2,8.6,165.0
2024-09-20,3,7.6,180.0
2024-09-20,4,7.1,204.0
2024-09-20,5,9.8,208.0
2024-09-20,6,9.8,197.0
2024-09-20,7,11.6,206.0
2024-09-20,8,17.1,205.0
2024-09-20,9,19.2,214.0
2024-09-20,10,17.3,223.0
2024-09-20,11,11.5,219.0
2024-09-20,12,16.6,222.0
2024-09-20,13,20.6,226.0
2024-09-20,14,27.6,230.0
2024-09-20,15,30.1,236.0
2024-09-20,16,30.1,244.0
2024-09-20,17,29.3,238.0
2024-09-20,18,27.2,241.0
2024-09-20,19,26.9,232.0
2024-09-20,20,24.9,217.0
2024-09-20,21,25.4,219.0
2024-09-20,22,26.8,213.0
2024-09-20,23,26.6,205.0
2024-09-20,24,28.6,199.0
2024-09-21,1,28.6,201.0
2024-09-21,2,20.0,218.0
2024-09-21,3,16.6,210.0
2024-09-21,4,15.8,197.0
2024-09-21,5,11.5,184.0
2024-09-21,6,2.9,150.0
2024-09-21,7,9.9,10.0
2024-09-21,8,17.7,27.0
2024-09-21,9,16.1,29.0
2024-09-21,10,12.6,20.0
2024-09-21,11,9.4,7.0
2024-09-21,12,9.7,360.0
2024-09-21,13,11.6,353.0
2024-09-21,14,10.9,351.0
2024-09-21,15,7.8,347.0
2024-09-21,16,8.2,331.0
2024-09-21,17,8.9,333.0
2024-09-21,18,9.7,345.0
2024-09-21,19,16.0,346.0
2024-09-21,20,19.6,343.0
2024-09-21,21,16.6,358.0
2024-09-21,22,14.5,19.0
2024-09-21,23,8.2,41.0
2024-09-21,24,10.6,350.0
2024-09-22,1,13.0,2.0
2024-09-22,2,8.4,20.0
2024-09-22,3,11.5,358.0
2024-09-22,4,6.7,16.0
2024-09-22,5,5.1,8.0
2024-09-22,6,4.5,61.0
2024-09-22,7,6.2,173.0
2024-09-22,8,7.0,201.0
2024-09-22,9,5.0,240.0
2024-09-22,10,6.5,304.0
2024-09-22,11,5.0,330.0
2024-09-22,12,4.2,329.0
2024-09-22,13,3.4,288.0
2024-09-22,14,5.2,254.0
2024-09-22,15,7.1,246.0
2024-09-22,16,9.0,241.0
2024-09-22,17,12.4,240.0
2024-09-22,18,14.7,245.0
2024-09-22,19,13.2,244.0
2024-09-22,20,13.2,223.0
2024-09-22,21,18.9,211.0
2024-09-22,22,22.7,200.0
2024-09-22,23,20.8,194.0
2024-09-22,24,18.5,204.0
2024-09-23,1,24.5,194.0
2024-09-23,2,23.5,201.0
2024-09-23,3,24.9,202.0
2024-09-23,4,28.1,203.0
2024-09-23,5,28.3,207.0
2024-09-23,6,27.5,214.0
2024-09-23,7,26.7,215.0
2024-09-23,8,22.7,216.0
2024-09-23,9,20.0,218.0
2024-09-23,10,15.1,218.0
2024-09-23,11,11.8,218.0
2024-09-23,12,13.0,219.0
2024-09-23,13,14.3,221.0
2024-09-23,14,13.3,229.0
2024-09-23,15,11.8,230.0
2024-09-23,16,10.2,231.0
2024-09-23,17,10.2,222.0
2024-09-23,18,12.1,197.0
2024-09-23,19,14.9,212.0
2024-09-23,20,16.9,207.0
2024-09-23,21,20.4,201.0
2024-09-23,22,20.9,195.0
2024-09-23,23,22.3,190.0
2024-09-23,24,24.8,206.0
2024-09-24,1,26.4,206.0
2024-09-24,2,22.9,204.0
2024-09-24,3,23.7,206.0
2024-09-24,4,23.5,209.0
2024-09-24,5,20.6,209.0
2024-09-24,6,20.3,205.0
2024-09-24,7,19.0,207.0
2024-09-24,8,8.2,209.0
2024-09-24,9,3.9,146.0
2024-09-24,10,2.6,124.0
2024-09-24,11,1.8,307.0
2024-09-24,12,4.3,265.0
2024-09-24,13,4.2,250.0
2024-09-24,14,3.2,243.0
2024-09-24,15,3.5,246.0
2024-09-24,16,2.7,247.0
2024-09-24,17,2.5,225.0
2024-09-24,18,4.3,228.0
2024-09-24,19,4.6,225.0
2024-09-24,20,6.0,196.0
2024-09-24,21,4.9,144.0
2024-09-24,22,9.3,118.0
2024-09-24,23,11.3,110.0
2024-09-24,24,9.1,99.0
2024-09-25,1,6.9,104.0
2024-09-25,2,4.2,102.0
2024-09-25,3,3.0,65.0
2024-09-25,4,4.2,5.0
2024-09-25,5,5.1,356.0
2024-09-25,6,5.0,330.0
2024-09-25,7,4.7,332.0
2024-09-25,8,2.7,58.0
2024-09-25,9,1.3,74.0
2024-09-25,10,1.8,84.0
2024-09-25,11,1.3,352.0
2024-09-25,12,7.2,309.0
2024-09-25,13,7.1,261.0
2024-09-25,14,14.7,229.0
2024-09-25,15,16.3,224.0
2024-09-25,16,19.2,216.0
2024-09-25,17,23.1,208.0
2024-09-25,18,25.0,206.0
2024-09-25,19,23.0,205.0
2024-09-25,20,26.1,199.0
2024-09-25,21,27.0,182.0
2024-09-25,22,27.0,161.0
2024-09-25,23,29.4,168.0
2024-09-25,24,28.0,176.0
2024-09-26,1,24.8,181.0
2024-09-26,2,20.3,198.0
2024-09-26,3,18.1,200.0
2024-09-26,4,18.6,186.0
2024-09-26,5,16.0,189.0
2024-09-26,6,14.2,202.0
2024-09-26,7,17.0,214.0
2024-09-26,8,27.5,200.0
2024-09-26,9,30.9,205.0
2024-09-26,10,32.5,213.0
2024-09-26,11,27.8,209.0
2024-09-26,12,26.9,212.0
2024-09-26,13,28.1,211.0
2024-09-26,14,28.5,214.0
2024-09-26,15,27.5,219.0
2024-09-26,16,25.4,222.0
2024-09-26,17,27.3,222.0
2024-09-26,18,27.8,231.0
2024-09-26,19,26.2,226.0
2024-09-26,20,21.1,216.0
2024-09-26,21,23.8,206.0
2024-09-26,22,24.0,210.0
2024-09-26,23,21.4,206.0
2024-09-26,24,21.0,204.0
2024-09-27,1,21.5,192.0
2024-09-27,2,22.0,181.0
2024-09-27,3,22.9,183.0
2024-09-27,4,17.4,198.0
2024-09-27,5,7.9,229.0
2024-09-27,6,4.2,280.0
2024-09-27,7,3.8,311.0
2024-09-27,8,3.1,360.0
2024-09-27,9,3.8,19.0
2024-09-27,10,4.6,51.0
2024-09-27,11,3.4,16.0
2024-09-27,12,4.0,324.0
2024-09-27,13,4.0,291.0
2024-09-27,14,5.2,248.0
2024-09-27,15,8.5,241.0
2024-09-27,16,11.3,236.0
2024-09-27,17,11.4,232.0
2024-09-27,18,9.6,229.0
2024-09-27,19,7.2,217.0
2024-09-27,20,2.2,175.0
2024-09-27,21,3.1,93.0
2024-09-27,22,6.1,88.0
2024-09-27,23,9.4,101.0
2024-09-27,24,10.8,111.0
2024-09-28,1,9.6,107.0
2024-09-28,2,7.9,86.0
2024-09-28,3,6.1,93.0
2024-09-28,4,3.3,41.0
2024-09-28,5,5.0,358.0
2024-09-28,6,6.0,3.0
2024-09-28,7,7.0,3.0
2024-09-28,8,5.5,23.0
2024-09-28,9,5.3,10.0
2024-09-28,10,5.2,12.0
2024-09-28,11,6.6,13.0
2024-09-28,12,9.0,347.0
2024-09-28,13,8.6,340.0
2024-09-28,14,4.5,310.0
2024-09-28,15,7.2,242.0
2024-09-28,16,10.9,224.0
2024-09-28,17,13.6,211.0
2024-09-28,18,15.4,203.0
2024-09-28,19,14.7,200.0
2024-09-28,20,17.0,200.0
2024-09-28,21,20.9,170.0
2024-09-28,22,32.7,162.0
2024-09-28,23,33.2,156.0
2024-09-28,24,33.8,157.0
2024-09-29,1,32.5,152.0
2024-09-29,2,29.5,152.0
2024-09-29,3,26.1,155.0
2024-09-29,4,10.3,165.0
2024-09-29,5,2.3,58.0
2024-09-29,6,4.4,153.0
2024-09-29,7,3.1,167.0
2024-09-29,8,6.9,213.0
2024-09-29,9,13.9,197.0
2024-09-29,10,23.1,185.0
2024-09-29,11,23.3,198.0
2024-09-29,12,24.6,218.0
2024-09-29,13,31.1,222.0
2024-09-29,14,32.1,220.0
2024-09-29,15,33.6,224.0
2024-09-29,16,34.1,227.0
2024-09-29,17,36.3,232.0
2024-09-29,18,37.6,237.0
2024-09-29,19,36.6,242.0
2024-09-29,20,35.1,243.0
2024-09-29,21,29.9,234.0
2024-09-29,22,32.9,223.0
2024-09-29,23,38.6,207.0
2024-09-29,24,40.7,207.0
2024-09-30,1,40.0,214.0
2024-09-30,2,37.1,220.0
2024-09-30,3,35.4,225.0
2024-09-30,4,19.5,254.0
2024-09-30,5,9.0,285.0
2024-09-30,6,10.9,315.0
2024-09-30,7,6.2,306.0
2024-09-30,8,10.0,296.0
2024-09-30,9,7.0,266.0
2024-09-30,10,6.8,241.0
2024-09-30,11,3.1,257.0
2024-09-30,12,5.2,360.0
2024-09-30,13,8.3,5.0
2024-09-30,14,6.7,355.0
2024-09-30,15,4.2,340.0
2024-09-30,16,2.6,304.0
2024-09-30,17,2.2,279.0
2024-09-30,18,2.7,217.0
2024-09-30,19,4.4,199.0
2024-09-30,20,3.8,197.0
2024-09-30,21,3.3,209.0
2024-09-30,22,0.4,243.0
2024-09-30,23,3.1,59.0
2024-09-30,24,6.4,65.0
2024-10-01,1,7.8,75.0
2024-10-01,2,6.7,98.0
2024-10-01,3,5.4,165.0
2024-10-01,4,2.0,280.0
2024-10-01,5,2.8,349.0
2024-10-01,6,1.2,117.0
2024-10-01,7,0.9,180.0
2024-10-01,8,0.2,90.0
2024-10-01,9,1.0,211.0
2024-10-01,10,3.9,344.0
2024-10-01,11,4.0,339.0
2024-10-01,12,3.6,327.0
2024-10-01,13,1.5,330.0
2024-10-01,14,3.3,261.0
2024-10-01,15,8.7,227.0
2024-10-01,16,14.9,221.0
2024-10-01,17,18.9,223.0
2024-10-01,18,19.9,226.0
2024-10-01,19,18.8,226.0
2024-10-01,20,19.1,219.0
2024-10-01,21,18.1,204.0
2024-10-01,22,20.2,191.0
2024-10-01,23,19.4,190.0
2024-10-01,24,17.8,191.0
2024-10-02,1,18.4,200.0
2024-10-02,2,17.6,209.0
2024-10-02,3,18.5,204.0
2024-10-02,4,18.4,207.0
2024-10-02,5,18.9,211.0
2024-10-02,6,20.0,211.0
2024-10-02,7,21.0,214.0
2024-10-02,8,18.9,216.0
2024-10-02,9,18.6,213.0
2024-10-02,10,18.3,221.0
2024-10-02,11,11.7,232.0
2024-10-02,12,17.5,217.0
2024-10-02,13,24.6,225.0
2024-10-02,14,30.0,228.0
2024-10-02,15,34.2,231.0
2024-10-02,16,36.9,230.0
2024-10-02,17,37.0,230.0
2024-10-02,18,37.5,235.0
2024-10-02,19,34.9,232.0
2024-10-02,20,37.6,221.0
2024-10-02,21,37.6,216.0
2024-10-02,22,38.6,216.0
2024-10-02,23,38.0,212.0
2024-10-02,24,37.2,210.0
2024-10-03,1,34.9,212.0
2024-10-03,2,31.8,211.0
2024-10-03,3,29.5,207.0
2024-10-03,4,27.6,208.0
2024-10-03,5,26.6,207.0
2024-10-03,6,26.0,209.0
2024-10-03,7,24.2,216.0
2024-10-03,8,15.4,212.0
2024-10-03,9,13.9,203.0
2024-10-03,10,12.2,205.0
2024-10-03,11,8.8,211.0
2024-10-03,12,10.6,215.0
2024-10-03,13,11.3,217.0
2024-10-03,14,12.1,222.0
2024-10-03,15,11.7,225.0
2024-10-03,16,12.2,221.0
2024-10-03,17,13.3,218.0
2024-10-03,18,15.1,216.0
2024-10-03,19,16.0,218.0
2024-10-03,20,14.8,217.0
2024-10-03,21,12.4,214.0
2024-10-03,22,6.0,183.0
2024-10-03,23,4.2,115.0
2024-10-03,24,3.9,103.0
2024-10-04,1,5.0,139.0
2024-10-04,2,5.6,153.0
2024-10-04,3,5.8,158.0
2024-10-04,4,1.3,124.0
2024-10-04,5,3.1,21.0
2024-10-04,6,3.0,17.0
2024-10-04,7,3.0,17.0
2024-10-04,8,3.6,6.0
2024-10-04,9,4.3,15.0
2024-10-04,10,6.0,3.0
2024-10-04,11,8.9,354.0
2024-10-04,12,10.2,342.0
2024-10-04,13,9.9,323.0
2024-10-04,14,11.0,296.0
2024-10-04,15,11.8,253.0
2024-10-04,16,24.9,231.0
2024-10-04,17,30.3,227.0
2024-10-04,18,35.6,232.0
2024-10-04,19,31.2,236.0
2024-10-04,20,32.9,203.0
2024-10-04,21,34.9,192.0
2024-10-04,22,42.8,220.0
2024-10-04,23,35.5,217.0
2024-10-04,24,37.1,221.0
2024-10-05,1,37.1,227.0
2024-10-05,2,36.5,223.0
2024-10-05,3,36.1,219.0
2024-10-05,4,36.6,214.0
2024-10-05,5,38.5,216.0
2024-10-05,6,42.6,215.0
2024-10-05,7,40.4,214.0
2024-10-05,8,40.6,210.0
2024-10-05,9,40.9,217.0
2024-10-05,10,33.3,220.0
2024-10-05,11,30.5,221.0
2024-10-05,12,27.5,224.0
2024-10-05,13,28.0,228.0
2024-10-05,14,27.9,230.0
2024-10-05,15,26.3,231.0
2024-10-05,16,24.9,233.0
2024-10-05,17,22.9,232.0
2024-10-05,18,20.8,226.0
2024-10-05,19,19.5,215.0
2024-10-05,20,18.4,195.0
2024-10-05,21,20.4,192.0
2024-10-05,22,20.5,190.0
2024-10-05,23,17.7,190.0
2024-10-05,24,12.3,184.0
2024-10-06,1,7.1,174.0
2024-10-06,2,3.2,161.0
2024-10-06,3,0.9,101.0
2024-10-06,4,0.3,45.0
2024-10-06,5,1.2,297.0
2024-10-06,6,1.9,326.0
2024-10-06,7,3.1,40.0
2024-10-06,8,3.7,39.0
2024-10-06,9,4.8,349.0
2024-10-06,10,6.7,354.0
2024-10-06,11,6.6,349.0
2024-10-06,12,6.0,344.0
2024-10-06,13,3.6,327.0
2024-10-06,14,5.4,250.0
2024-10-06,15,9.1,234.0
2024-10-06,16,12.5,234.0
2024-10-06,17,15.0,232.0
2024-10-06,18,14.5,234.0
2024-10-06,19,10.4,231.0
2024-10-06,20,4.7,196.0
2024-10-06,21,6.6,163.0
2024-10-06,22,9.2,157.0
2024-10-06,23,12.1,174.0
2024-10-06,24,17.4,197.0
2024-10-07,1,20.3,200.0
2024-10-07,2,18.9,194.0
2024-10-07,3,22.4,210.0
2024-10-07,4,20.9,209.0
2024-10-07,5,21.6,206.0
2024-10-07,6,25.7,204.0
2024-10-07,7,22.7,214.0
2024-10-07,8,16.3,221.0
2024-10-07,9,12.5,216.0
2024-10-07,10,8.8,226.0
2024-10-07,11,4.7,252.0
2024-10-07,12,5.8,240.0
2024-10-07,13,7.8,228.0
2024-10-07,14,7.4,225.0
2024-10-07,15,7.6,227.0
2024-10-07,16,9.6,229.0
2024-10-07,17,11.2,230.0
2024-10-07,18,11.1,234.0
2024-10-07,19,10.3,224.0
2024-10-07,20,12.9,200.0
2024-10-07,21,11.7,200.0
2024-10-07,22,13.0,190.0
2024-10-07,23,13.3,171.0
2024-10-07,24,9.3,170.0
2024-10-08,1,5.4,146.0
2024-10-08,2,3.9,124.0
2024-10-08,3,2.8,145.0
2024-10-08,4,1.8,24.0
2024-10-08,5,5.8,353.0
2024-10-08,6,5.4,358.0
2024-10-08,7,3.4,360.0
2024-10-08,8,2.5,339.0
2024-10-08,9,5.0,13.0
2024-10-08,10,8.3,4.0
2024-10-08,11,7.8,23.0
2024-10-08,12,7.4,353.0
2024-10-08,13,8.2,338.0
2024-10-08,14,5.7,325.0
2024-10-08,15,4.0,262.0
2024-10-08,16,10.1,245.0
2024-10-08,17,14.9,236.0
2024-10-08,18,16.1,235.0
2024-10-08,19,12.3,231.0
2024-10-08,20,13.0,237.0
2024-10-08,21,10.2,234.0
2024-10-08,22,10.7,196.0
2024-10-08,23,16.4,177.0
2024-10-08,24,19.2,197.0
2024-10-09,1,17.6,207.0
2024-10-09,2,14.2,198.0
2024-10-09,3,12.6,194.0
2024-10-09,4,11.7,190.0
2024-10-09,5,8.3,198.0
2024-10-09,6,1.7,283.0
2024-10-09,7,5.4,354.0
2024-10-09,8,4.2,65.0
2024-10-09,9,3.1,10.0
2024-10-09,10,1.7,13.0
2024-10-09,11,2.6,344.0
2024-10-09,12,5.0,330.0
2024-10-09,13,4.6,296.0
2024-10-09,14,8.4,260.0
2024-10-09,15,16.6,236.0
2024-10-09,16,21.1,227.0
2024-10-09,17,21.8,229.0
2024-10-09,18,22.8,225.0
2024-10-09,19,19.1,218.0
2024-10-09,20,20.3,212.0
2024-10-09,21,19.6,226.0
2024-10-09,22,12.0,188.0
2024-10-09,23,19.6,173.0
2024-10-09,24,23.1,161.0
2024-10-10,1,18.1,170.0
2024-10-10,2,13.3,180.0
2024-10-10,3,15.5,180.0
2024-10-10,4,20.2,179.0
2024-10-10,5,20.1,186.0
2024-10-10,6,17.1,197.0
2024-10-10,7,10.7,196.0
2024-10-10,8,2.2,204.0
2024-10-10,9,1.1,270.0
2024-10-10,10,3.2,223.0
2024-10-10,11,4.6,252.0
2024-10-10,12,6.3,257.0
2024-10-10,13,11.1,240.0
2024-10-10,14,17.0,229.0
2024-10-10,15,19.2,226.0
2024-10-10,16,19.9,227.0
2024-10-10,17,20.1,230.0
2024-10-10,18,19.4,235.0
2024-10-10,19,15.8,235.0
2024-10-10,20,14.2,244.0
2024-10-10,21,10.9,243.0
2024-10-10,22,10.2,189.0
2024-10-10,23,13.6,175.0
2024-10-10,24,14.7,195.0
2024-10-11,1,15.2,203.0
2024-10-11,2,15.2,216.0
2024-10-11,3,13.5,214.0
2024-10-11,4,12.9,233.0
2024-10-11,5,8.6,191.0
2024-10-11,6,9.5,181.0
2024-10-11,7,9.0,241.0
2024-10-11,8,6.9,233.0
2024-10-11,9,10.9,204.0
2024-10-11,10,11.0,230.0
2024-10-11,11,8.0,256.0
2024-10-11,12,7.1,227.0
2024-10-11,13,10.3,227.0
2024-10-11,14,12.7,237.0
2024-10-11,15,15.5,238.0
2024-10-11,16,17.5,238.0
2024-10-11,17,19.2,236.0
2024-10-11,18,20.0,228.0
2024-10-11,19,21.0,210.0
2024-10-11,20,23.8,204.0
2024-10-11,21,24.3,201.0
2024-10-11,22,26.4,206.0
2024-10-11,23,25.6,208.0
2024-10-11,24,23.7,202.0
2024-10-12,1,24.4,208.0
2024-10-12,2,19.5,211.0
2024-10-12,3,13.6,212.0
2024-10-12,4,6.3,215.0
2024-10-12,5,1.4,203.0
2024-10-12,6,1.9,68.0
2024-10-12,7,3.1,21.0
2024-10-12,8,4.8,25.0
2024-10-12,9,4.5,29.0
2024-10-12,10,3.5,24.0
2024-10-12,11,6.5,5.0
2024-10-12,12,8.3,344.0
2024-10-12,13,10.4,342.0
2024-10-12,14,10.6,346.0
2024-10-12,15,7.9,340.0
2024-10-12,16,6.2,334.0
2024-10-12,17,4.8,347.0
2024-10-12,18,4.6,342.0
2024-10-12,19,8.6,337.0
2024-10-12,20,8.7,38.0
2024-10-12,21,18.1,47.0
2024-10-12,22,18.3,73.0
2024-10-12,23,12.1,87.0
2024-10-12,24,11.6,82.0
2024-10-13,1,10.3,85.0
2024-10-13,2,5.2,56.0
2024-10-13,3,5.5,207.0
2024-10-13,4,16.5,221.0
2024-10-13,5,13.1,210.0
2024-10-13,6,9.9,189.0
2024-10-13,7,13.6,202.0
2024-10-13,8,4.7,227.0
2024-10-13,9,2.2,48.0
2024-10-13,10,6.3,37.0
2024-10-13,11,8.3,27.0
2024-10-13,12,8.9,13.0
2024-10-13,13,10.4,11.0
2024-10-13,14,9.4,8.0
2024-10-13,15,9.2,358.0
2024-10-13,16,10.1,358.0
2024-10-13,17,10.1,360.0
2024-10-13,18,9.7,348.0
2024-10-13,19,10.8,323.0
2024-10-13,20,12.6,327.0
2024-10-13,21,6.3,347.0
2024-10-13,22,3.4,87.0
2024-10-13,23,5.6,111.0
2024-10-13,24,4.9,92.0
2024-10-14,1,7.4,45.0
2024-10-14,2,10.6,48.0
2024-10-14,3,9.0,61.0
2024-10-14,4,8.3,56.0
2024-10-14,5,6.8,63.0
2024-10-14,6,5.5,44.0
2024-10-14,7,7.6,19.0
2024-10-14,8,6.2,26.0
2024-10-14,9,4.0,350.0
2024-10-14,10,5.3,336.0
2024-10-14,11,7.3,332.0
2024-10-14,12,7.0,325.0
2024-10-14,13,6.9,330.0
2024-10-14,14,6.7,329.0
2024-10-14,15,5.0,314.0
2024-10-14,16,4.8,257.0
2024-10-14,17,7.1,234.0
2024-10-14,18,9.8,221.0
2024-10-14,19,15.9,198.0
2024-10-14,20,21.2,209.0
2024-10-14,21,19.0,202.0
2024-10-14,22,18.3,201.0
2024-10-14,23,16.3,198.0
2024-10-14,24,15.5,205.0
2024-10-15,1,13.7,213.0
2024-10-15,2,12.4,210.0
2024-10-15,3,11.7,200.0
2024-10-15,4,11.2,192.0
2024-10-15,5,8.8,199.0
2024-10-15,6,5.0,201.0
2024-10-15,7,3.7,157.0
2024-10-15,8,0.6,342.0
2024-10-15,9,5.0,330.0
2024-10-15,10,8.9,336.0
2024-10-15,11,13.8,351.0
2024-10-15,12,9.0,5.0
2024-10-15,13,7.2,4.0
2024-10-15,14,4.6,342.0
2024-10-15,15,4.6,288.0
2024-10-15,16,7.0,247.0
2024-10-15,17,11.1,234.0
2024-10-15,18,13.8,238.0
2024-10-15,19,14.1,256.0
2024-10-15,20,13.3,261.0
2024-10-15,21,5.1,207.0
2024-10-15,22,12.9,123.0
2024-10-15,23,15.5,118.0
2024-10-15,24,16.5,122.0
2024-10-16,1,17.0,141.0
2024-10-16,2,19.2,160.0
2024-10-16,3,19.0,154.0
2024-10-16,4,14.1,169.0
2024-10-16,5,10.7,185.0
2024-10-16,6,10.7,173.0
2024-10-16,7,4.2,190.0
2024-10-16,8,4.5,173.0
2024-10-16,9,12.1,177.0
2024-10-16,10,14.0,181.0
2024-10-16,11,17.3,188.0
2024-10-16,12,13.3,212.0
2024-10-16,13,21.9,216.0
2024-10-16,14,23.1,218.0
2024-10-16,15,25.0,214.0
2024-10-16,16,26.5,211.0
2024-10-16,17,29.1,206.0
2024-10-16,18,29.4,208.0
2024-10-16,19,28.3,210.0
2024-10-16,20,26.5,199.0
2024-10-16,21,27.0,180.0
2024-10-16,22,43.9,224.0
2024-10-16,23,42.3,209.0
2024-10-16,24,44.6,208.0
2024-10-17,1,37.3,204.0
2024-10-17,2,38.5,210.0
2024-10-17,3,36.8,202.0
2024-10-17,4,40.3,202.0
2024-10-17,5,42.4,205.0
2024-10-17,6,39.9,208.0
2024-10-17,7,36.0,210.0
2024-10-17,8,34.4,206.0
2024-10-17,9,32.7,208.0
2024-10-17,10,35.2,215.0
2024-10-17,11,34.2,221.0
2024-10-17,12,32.8,225.0
2024-10-17,13,29.5,227.0
2024-10-17,14,27.7,229.0
2024-10-17,15,23.8,225.0
2024-10-17,16,21.9,231.0
2024-10-17,17,20.2,233.0
2024-10-17,18,20.0,238.0
2024-10-17,19,16.7,224.0
2024-10-17,20,22.8,240.0
2024-10-17,21,28.5,225.0
2024-10-17,22,24.0,230.0
2024-10-17,23,12.2,290.0
2024-10-17,24,19.5,326.0
2024-10-18,1,27.8,343.0
2024-10-18,2,25.2,337.0
2024-10-18,3,28.7,350.0
2024-10-18,4,28.1,356.0
2024-10-18,5,26.2,346.0
2024-10-18,6,30.3,348.0
2024-10-18,7,29.0,349.0
2024-10-18,8,23.1,345.0
2024-10-18,9,26.2,340.0
2024-10-18,10,27.4,345.0
2024-10-18,11,20.7,349.0
2024-10-18,12,23.1,356.0
2024-10-18,13,24.0,3.0
2024-10-18,14,25.3,6.0
2024-10-18,15,19.5,17.0
2024-10-18,16,14.9,19.0
2024-10-18,17,12.2,13.0
2024-10-18,18,12.3,349.0
2024-10-18,19,18.8,316.0
2024-10-18,20,21.1,329.0
2024-10-18,21,20.5,350.0
2024-10-18,22,12.3,4.0
2024-10-18,23,3.7,346.0
2024-10-18,24,5.0,201.0
2024-10-19,1,19.9,220.0
2024-10-19,2,23.9,206.0
2024-10-19,3,21.3,205.0
2024-10-19,4,19.2,206.0
2024-10-19,5,20.4,219.0
2024-10-19,6,18.9,216.0
2024-10-19,7,14.7,217.0
2024-10-19,8,9.8,212.0
2024-10-19,9,4.4,232.0
2024-10-19,10,3.0,303.0
2024-10-19,11,0.4,27.0
2024-10-19,12,0.9,270.0
2024-10-19,13,2.4,287.0
2024-10-19,14,3.2,254.0
2024-10-19,15,2.8,255.0
2024-10-19,16,3.1,267.0
2024-10-19,17,4.2,282.0
2024-10-19,18,2.3,266.0
2024-10-19,19,3.1,242.0
2024-10-19,20,7.0,203.0
2024-10-19,21,12.6,227.0
2024-10-19,22,10.0,234.0
2024-10-19,23,4.5,247.0
2024-10-19,24,6.1,180.0
2024-10-20,1,9.4,187.0
2024-10-20,2,9.6,203.0
2024-10-20,3,9.2,203.0
2024-10-20,4,1.1,180.0
2024-10-20,5,5.1,107.0
2024-10-20,6,7.9,51.0
2024-10-20,7,12.3,50.0
2024-10-20,8,12.4,51.0
2024-10-20,9,12.1,43.0
2024-10-20,10,8.5,42.0
2024-10-20,11,6.1,12.0
2024-10-20,12,4.5,331.0
2024-10-20,13,2.6,326.0
2024-10-20,14,3.2,251.0
2024-10-20,15,5.0,244.0
2024-10-20,16,6.4,252.0
2024-10-20,17,8.3,250.0
2024-10-20,18,10.6,228.0
2024-10-20,19,17.1,212.0
2024-10-20,20,20.3,204.0
2024-10-20,21,20.0,207.0
2024-10-20,22,17.7,215.0
2024-10-20,23,15.6,206.0
2024-10-20,24,13.8,195.0
2024-10-21,1,4.9,204.0
2024-10-21,2,4.3,208.0
2024-10-21,3,4.9,188.0
2024-10-21,4,6.1,185.0
2024-10-21,5,6.9,166.0
2024-10-21,6,6.5,156.0
2024-10-21,7,5.8,166.0
2024-10-21,8,6.0,175.0
2024-10-21,9,3.5,165.0
2024-10-21,10,0.8,225.0
2024-10-21,11,3.5,258.0
2024-10-21,12,6.1,289.0
2024-10-21,13,8.1,209.0
2024-10-21,14,19.2,209.0
2024-10-21,15,24.8,211.0
2024-10-21,16,27.9,216.0
2024-10-21,17,30.3,212.0
2024-10-21,18,30.4,211.0
2024-10-21,19,30.4,194.0
2024-10-21,20,30.6,177.0
2024-10-21,21,30.1,180.0
2024-10-21,22,29.4,190.0
2024-10-21,23,28.3,190.0
2024-10-21,24,22.9,183.0
2024-10-22,1,17.6,204.0
2024-10-22,2,20.5,224.0
2024-10-22,3,23.0,205.0
2024-10-22,4,27.8,208.0
2024-10-22,5,30.8,207.0
2024-10-22,6,30.0,202.0
2024-10-22,7,31.4,207.0
2024-10-22,8,31.3,208.0
2024-10-22,9,32.9,205.0
2024-10-22,10,31.0,205.0
2024-10-22,11,27.7,210.0
2024-10-22,12,25.9,213.0
2024-10-22,13,30.9,224.0
2024-10-22,14,30.9,225.0
2024-10-22,15,30.1,227.0
2024-10-22,16,27.9,228.0
2024-10-22,17,26.6,224.0
2024-10-22,18,26.8,222.0
2024-10-22,19,25.2,215.0
2024-10-22,20,24.1,213.0
2024-10-22,21,24.5,203.0
2024-10-22,22,24.4,200.0
2024-10-22,23,25.6,200.0
2024-10-22,24,25.7,200.0
2024-10-23,1,24.9,200.0
2024-10-23,2,24.8,198.0
2024-10-23,3,23.4,203.0
2024-10-23,4,23.0,199.0
2024-10-23,5,19.4,203.0
2024-10-23,6,12.8,209.0
2024-10-23,7,8.7,210.0
2024-10-23,8,4.8,349.0
2024-10-23,9,6.9,5.0
2024-10-23,10,4.8,45.0
2024-10-23,11,1.7,32.0
2024-10-23,12,8.9,324.0
2024-10-23,13,8.6,307.0
2024-10-23,14,8.0,245.0
2024-10-23,15,15.9,224.0
2024-10-23,16,21.3,221.0
2024-10-23,17,23.7,215.0
2024-10-23,18,24.3,216.0
2024-10-23,19,19.2,219.0
2024-10-23,20,12.7,216.0
2024-10-23,21,13.0,198.0
2024-10-23,22,9.6,240.0
2024-10-23,23,9.1,291.0
2024-10-23,24,3.1,239.0
2024-10-24,1,23.3,210.0
2024-10-24,2,42.9,224.0
2024-10-24,3,37.1,215.0
2024-10-24,4,36.9,216.0
2024-10-24,5,35.9,221.0
2024-10-24,6,32.6,216.0
2024-10-24,7,33.8,214.0
2024-10-24,8,31.2,211.0
2024-10-24,9,31.0,212.0
2024-10-24,10,31.6,216.0
2024-10-24,11,31.3,216.0
2024-10-24,12,29.0,212.0
2024-10-24,13,25.3,212.0
2024-10-24,14,21.1,209.0
2024-10-24,15,17.6,209.0
2024-10-24,16,15.2,211.0
2024-10-24,17,15.1,209.0
2024-10-24,18,11.7,212.0
2024-10-24,19,9.5,219.0
2024-10-24,20,4.7,176.0
2024-10-24,21,2.6,168.0
2024-10-24,22,4.2,110.0
2024-10-24,23,7.1,75.0
2024-10-24,24,8.7,56.0
2024-10-25,1,8.7,53.0
2024-10-25,2,8.0,48.0
2024-10-25,3,7.5,48.0
2024-10-25,4,6.8,58.0
2024-10-25,5,5.0,44.0
2024-10-25,6,3.6,33.0
2024-10-25,7,3.3,22.0
2024-10-25,8,5.2,16.0
2024-10-25,9,6.5,354.0
2024-10-25,10,9.5,11.0
2024-10-25,11,6.5,6.0
2024-10-25,12,6.5,347.0
2024-10-25,13,5.6,339.0
2024-10-25,14,5.4,326.0
2024-10-25,15,4.9,324.0
2024-10-25,16,5.0,314.0
2024-10-25,17,8.0,304.0
2024-10-25,18,6.8,331.0
2024-10-25,19,13.3,347.0
2024-10-25,20,15.7,31.0
2024-10-25,21,19.7,50.0
2024-10-25,22,16.6,47.0
2024-10-25,23,8.6,37.0
2024-10-25,24,8.4,23.0
2024-10-26,1,13.3,351.0
2024-10-26,2,11.0,346.0
2024-10-26,3,9.6,84.0
2024-10-26,4,3.8,191.0
2024-10-26,5,6.8,302.0
2024-10-26,6,3.9,344.0
2024-10-26,7,0.9,233.0
2024-10-26,8,4.6,318.0
2024-10-26,9,5.8,351.0
2024-10-26,10,4.2,7.0
2024-10-26,11,8.0,354.0
2024-10-26,12,6.5,358.0
2024-10-26,13,1.5,339.0
2024-10-26,14,5.2,241.0
2024-10-26,15,10.4,225.0
2024-10-26,16,13.7,224.0
2024-10-26,17,14.1,223.0
2024-10-26,18,13.2,220.0
2024-10-26,19,11.3,214.0
2024-10-26,20,10.3,203.0
2024-10-26,21,9.4,167.0
2024-10-26,22,10.8,156.0
2024-10-26,23,13.5,159.0
2024-10-26,24,10.5,153.0
2024-10-27,1,7.0,151.0
2024-10-27,2,4.6,162.0
2024-10-27,3,1.3,172.0
2024-10-27,4,3.1,83.0
2024-10-27,5,3.9,118.0
2024-10-27,6,2.8,162.0
2024-10-27,7,1.4,140.0
2024-10-27,8,4.8,165.0
2024-10-27,9,3.2,297.0
2024-10-27,10,6.8,318.0
2024-10-27,11,2.1,239.0
2024-10-27,12,15.6,206.0
2024-10-27,13,14.7,253.0
2024-10-27,14,20.9,228.0
2024-10-27,15,27.2,217.0
2024-10-27,16,30.0,221.0
2024-10-27,17,28.7,223.0
2024-10-27,18,24.9,229.0
2024-10-27,19,21.7,233.0
2024-10-27,20,27.5,200.0
2024-10-27,21,23.6,211.0
2024-10-27,22,24.9,204.0
2024-10-27,23,24.9,201.0
2024-10-27,24,25.5,220.0
2024-10-28,1,28.8,210.0
2024-10-28,2,26.9,210.0
2024-10-28,3,28.9,209.0
2024-10-28,4,31.7,211.0
2024-10-28,5,34.7,209.0
2024-10-28,6,36.6,206.0
2024-10-28,7,35.9,203.0
2024-10-28,8,29.9,199.0
2024-10-28,9,27.2,213.0
2024-10-28,10,20.1,222.0
2024-10-28,11,15.5,223.0
2024-10-28,12,17.5,214.0
2024-10-28,13,19.1,209.0
2024-10-28,14,19.2,212.0
2024-10-28,15,18.8,226.0
2024-10-28,16,20.9,241.0
2024-10-28,17,22.6,245.0
2024-10-28,18,27.9,248.0
2024-10-28,19,25.5,234.0
2024-10-28,20,20.8,217.0
2024-10-28,21,21.9,203.0
2024-10-28,22,25.3,197.0
2024-10-28,23,25.2,208.0
2024-10-28,24,24.0,202.0
2024-10-29,1,21.7,204.0
2024-10-29,2,18.4,202.0
2024-10-29,3,19.5,205.0
2024-10-29,4,14.5,217.0
2024-10-29,5,8.0,239.0
2024-10-29,6,1.5,277.0
2024-10-29,7,3.7,346.0
2024-10-29,8,4.9,352.0
2024-10-29,9,10.6,358.0
2024-10-29,10,17.3,356.0
2024-10-29,11,21.9,355.0
2024-10-29,12,29.6,352.0
2024-10-29,13,29.4,349.0
2024-10-29,14,32.1,346.0
2024-10-29,15,33.9,346.0
2024-10-29,16,33.0,346.0
2024-10-29,17,30.8,347.0
2024-10-29,18,29.0,353.0
2024-10-29,19,27.9,359.0
2024-10-29,20,26.4,351.0
2024-10-29,21,26.6,359.0
2024-10-29,22,26.6,358.0
2024-10-29,23,23.2,352.0
2024-10-29,24,21.7,345.0
2024-10-30,1,19.4,345.0
2024-10-30,2,15.5,345.0
2024-10-30,3,12.2,336.0
2024-10-30,4,7.5,320.0
2024-10-30,5,7.1,227.0
2024-10-30,6,17.2,210.0
2024-10-30,7,19.7,215.0
2024-10-30,8,19.1,205.0
2024-10-30,9,18.7,212.0
2024-10-30,10,19.7,217.0
2024-10-30,11,16.5,214.0
2024-10-30,12,16.8,218.0
2024-10-30,13,17.4,220.0
2024-10-30,14,16.8,221.0
2024-10-30,15,16.5,219.0
2024-10-30,16,21.4,219.0
2024-10-30,17,24.0,220.0
2024-10-30,18,21.3,218.0
2024-10-30,19,17.8,220.0
2024-10-30,20,11.7,207.0
2024-10-30,21,13.9,191.0
2024-10-30,22,17.5,190.0
2024-10-30,23,21.3,172.0
2024-10-30,24,24.9,166.0
2024-10-31,1,27.3,161.0
2024-10-31,2,26.7,163.0
2024-10-31,3,23.5,163.0
2024-10-31,4,21.5,160.0
2024-10-31,5,18.5,161.0
2024-10-31,6,17.8,160.0
2024-10-31,7,18.0,157.0
2024-10-31,8,20.4,183.0
2024-10-31,9,20.5,191.0
2024-10-31,10,23.8,205.0
2024-10-31,11,21.3,203.0
2024-10-31,12,17.5,212.0
2024-10-31,13,18.6,221.0
2024-10-31,14,16.7,215.0
2024-10-31,15,26.5,218.0
2024-10-31,16,23.8,233.0
2024-10-31,17,17.2,228.0
2024-10-31,18,16.8,212.0
2024-10-31,19,24.1,213.0
2024-10-31,20,28.5,190.0
2024-10-31,21,31.1,205.0
2024-10-31,22,32.0,205.0
2024-10-31,23,31.6,207.0
2024-10-31,24,32.3,208.0
2024-11-01,1,32.7,210.0
2024-11-01,2,32.1,208.0
2024-11-01,3,30.7,205.0
2024-11-01,4,28.6,203.0
2024-11-01,5,25.8,202.0
2024-11-01,6,21.4,201.0
2024-11-01,7,17.5,194.0
2024-11-01,8,14.8,179.0
2024-11-01,9,10.3,179.0
2024-11-01,10,9.0,164.0
2024-11-01,11,12.9,165.0
2024-11-01,12,11.6,188.0
2024-11-01,13,16.5,200.0
2024-11-01,14,16.5,187.0
2024-11-01,15,19.5,191.0
2024-11-01,16,17.8,191.0
2024-11-01,17,17.1,208.0
2024-11-01,18,18.2,210.0
2024-11-01,19,15.2,201.0
2024-11-01,20,8.3,181.0
2024-11-01,21,12.9,155.0
2024-11-01,22,17.4,140.0
2024-11-01,23,17.3,142.0
2024-11-01,24,15.5,152.0
2024-11-02,1,11.4,157.0
2024-11-02,2,8.4,161.0
2024-11-02,3,9.7,164.0
2024-11-02,4,7.0,176.0
2024-11-02,5,3.1,170.0
2024-11-02,6,5.7,143.0
2024-11-02,7,3.9,257.0
2024-11-02,8,7.9,197.0
2024-11-02,9,13.4,198.0
2024-11-02,10,16.9,211.0
2024-11-02,11,18.6,223.0
2024-11-02,12,17.1,217.0
2024-11-02,13,15.5,203.0
2024-11-02,14,16.4,203.0
2024-11-02,15,20.8,213.0
2024-11-02,16,24.5,215.0
2024-11-02,17,24.0,211.0
2024-11-02,18,21.9,204.0
2024-11-02,19,23.2,194.0
2024-11-02,20,24.0,201.0
2024-11-02,21,28.1,213.0
2024-11-02,22,30.7,206.0
2024-11-02,23,29.4,205.0
2024-11-02,24,33.0,209.0
2024-11-03,1,33.0,207.0
2024-11-03,2,32.1,206.0
2024-11-03,3,30.8,211.0
2024-11-03,4,28.7,213.0
2024-11-03,5,29.4,213.0
2024-11-03,6,26.6,215.0
2024-11-03,7,22.6,217.0
2024-11-03,8,19.3,217.0
2024-11-03,9,18.3,224.0
2024-11-03,10,16.6,217.0
2024-11-03,11,15.0,214.0
2024-11-03,12,13.0,224.0
2024-11-03,13,8.1,269.0
2024-11-03,14,9.7,331.0
2024-11-03,15,13.3,342.0
2024-11-03,16,14.9,338.0
2024-11-03,17,15.3,333.0
2024-11-03,18,16.1,335.0
2024-11-03,19,18.4,329.0
2024-11-03,20,22.1,322.0
2024-11-03,21,24.7,329.0
2024-11-03,22,20.2,340.0
2024-11-03,23,15.9,334.0
2024-11-03,24,11.5,343.0
2024-11-04,1,9.5,351.0
2024-11-04,2,6.5,48.0
2024-11-04,3,4.6,72.0
2024-11-04,4,2.8,105.0
2024-11-04,5,3.1,118.0
2024-11-04,6,7.1,216.0
2024-11-04,7,12.9,215.0
2024-11-04,8,23.6,210.0
2024-11-04,9,25.8,209.0
2024-11-04,10,27.9,210.0
2024-11-04,11,27.6,212.0
2024-11-04,12,28.7,216.0
2024-11-04,13,27.6,215.0
2024-11-04,14,28.0,218.0
2024-11-04,15,29.8,216.0
2024-11-04,16,33.4,224.0
2024-11-04,17,34.4,224.0
2024-11-04,18,33.8,217.0
2024-11-04,19,29.1,206.0
2024-11-04,20,28.6,191.0
2024-11-04,21,31.1,203.0
2024-11-04,22,37.2,215.0
2024-11-04,23,45.4,216.0
2024-11-04,24,47.9,218.0
2024-11-05,1,44.5,220.0
2024-11-05,2,39.4,219.0
2024-11-05,3,37.6,221.0
2024-11-05,4,36.7,222.0
2024-11-05,5,34.4,221.0
2024-11-05,6,31.9,217.0
2024-11-05,7,30.2,218.0
2024-11-05,8,27.5,224.0
2024-11-05,9,26.7,233.0
2024-11-05,10,23.0,234.0
2024-11-05,11,19.4,237.0
2024-11-05,12,20.3,260.0
2024-11-05,13,23.1,289.0
2024-11-05,14,14.8,273.0
2024-11-05,15,21.0,282.0
2024-11-05,16,18.9,301.0
2024-11-05,17,20.5,331.0
2024-11-05,18,20.0,331.0
2024-11-05,19,18.2,325.0
2024-11-05,20,19.9,330.0
2024-11-05,21,22.9,329.0
2024-11-05,22,23.5,337.0
2024-11-05,23,23.7,340.0
2024-11-05,24,22.1,348.0
2024-11-06,1,19.8,7.0
2024-11-06,2,19.1,14.0
2024-11-06,3,22.3,17.0
2024-11-06,4,21.9,22.0
2024-11-06,5,21.5,33.0
2024-11-06,6,19.1,34.0
2024-11-06,7,16.1,34.0
2024-11-06,8,17.7,31.0
2024-11-06,9,15.6,38.0
2024-11-06,10,14.2,36.0
2024-11-06,11,7.8,19.0
2024-11-06,12,8.8,12.0
2024-11-06,13,12.3,7.0
2024-11-06,14,12.1,6.0
2024-11-06,15,12.1,1.0
2024-11-06,16,12.8,360.0
2024-11-06,17,12.8,355.0
2024-11-06,18,11.6,353.0
2024-11-06,19,9.5,22.0
2024-11-06,20,7.7,28.0
2024-11-06,21,5.4,94.0
2024-11-06,22,7.3,140.0
2024-11-06,23,7.6,162.0
2024-11-06,24,9.7,195.0
2024-11-07,1,11.8,188.0
2024-11-07,2,13.2,192.0
2024-11-07,3,12.0,194.0
2024-11-07,4,10.0,206.0
2024-11-07,5,7.2,212.0
2024-11-07,6,3.4,198.0
2024-11-07,7,0.3,135.0
2024-11-07,8,5.6,40.0
2024-11-07,9,8.2,32.0
2024-11-07,10,7.8,34.0
2024-11-07,11,5.4,8.0
2024-11-07,12,5.3,348.0
2024-11-07,13,4.5,346.0
2024-11-07,14,3.7,317.0
2024-11-07,15,4.3,294.0
2024-11-07,16,4.4,300.0
2024-11-07,17,2.9,292.0
2024-11-07,18,2.2,305.0
2024-11-07,19,2.2,256.0
2024-11-07,20,2.7,4.0
2024-11-07,21,1.7,122.0
2024-11-07,22,1.3,124.0
2024-11-07,23,0.5,90.0
2024-11-07,24,1.8,114.0
2024-11-08,1,3.0,14.0
2024-11-08,2,6.5,6.0
2024-11-08,3,7.7,21.0
2024-11-08,4,7.9,16.0
2024-11-08,5,5.3,38.0
2024-11-08,6,2.4,36.0
2024-11-08,7,1.4,360.0
2024-11-08,8,2.8,349.0
2024-11-08,9,3.1,66.0
2024-11-08,10,2.3,32.0
2024-11-08,11,2.1,340.0
2024-11-08,12,3.3,338.0
2024-11-08,13,3.1,320.0
2024-11-08,14,2.4,297.0
2024-11-08,15,1.8,307.0
2024-11-08,16,2.1,340.0
2024-11-08,17,1.9,56.0
2024-11-08,18,2.9,97.0
2024-11-08,19,4.2,110.0
2024-11-08,20,1.9,112.0
2024-11-08,21,3.5,9.0
2024-11-08,22,8.0,46.0
2024-11-08,23,7.8,38.0
2024-11-08,24,9.6,33.0
2024-11-09,1,7.3,52.0
2024-11-09,2,1.7,18.0
2024-11-09,3,1.0,301.0
2024-11-09,4,2.4,126.0
2024-11-09,5,0.7,76.0
2024-11-09,6,3.6,57.0
2024-11-09,7,5.8,356.0
2024-11-09,8,7.1,24.0
2024-11-09,9,6.2,44.0
2024-11-09,10,5.0,44.0
2024-11-09,11,4.9,57.0
2024-11-09,12,3.7,23.0
2024-11-09,13,3.1,21.0
2024-11-09,14,1.6,6.0
2024-11-09,15,1.8,276.0
2024-11-09,16,3.4,238.0
2024-11-09,17,4.6,244.0
2024-11-09,18,3.6,288.0
2024-11-09,19,3.6,351.0
2024-11-09,20,4.3,33.0
2024-11-09,21,5.0,38.0
2024-11-09,22,1.3,82.0
2024-11-09,23,2.5,201.0
2024-11-09,24,3.1,190.0
2024-11-10,1,1.9,202.0
2024-11-10,2,0.3,315.0
2024-11-10,3,1.9,343.0
2024-11-10,4,3.4,354.0
2024-11-10,5,2.5,4.0
2024-11-10,6,4.4,333.0
2024-11-10,7,4.0,360.0
2024-11-10,8,3.3,6.0
2024-11-10,9,4.9,360.0
2024-11-10,10,6.1,358.0
2024-11-10,11,6.4,11.0
2024-11-10,12,6.7,8.0
2024-11-10,13,8.8,349.0
2024-11-10,14,9.1,346.0
2024-11-10,15,9.0,347.0
2024-11-10,16,9.0,355.0
2024-11-10,17,11.9,2.0
2024-11-10,18,13.4,20.0
2024-11-10,19,14.8,38.0
2024-11-10,20,15.9,52.0
2024-11-10,21,7.0,78.0
2024-11-10,22,1.5,234.0
2024-11-10,23,1.5,256.0
2024-11-10,24,2.6,286.0
2024-11-11,1,4.2,335.0
2024-11-11,2,4.7,351.0
2024-11-11,3,4.1,13.0
2024-11-11,4,3.2,27.0
2024-11-11,5,1.8,53.0
2024-11-11,6,0.7,90.0
2024-11-11,7,1.2,153.0
2024-11-11,8,1.5,83.0
2024-11-11,9,2.2,114.0
2024-11-11,10,2.1,142.0
2024-11-11,11,1.6,6.0
2024-11-11,12,4.8,333.0
2024-11-11,13,9.5,314.0
2024-11-11,14,10.5,322.0
2024-11-11,15,2.7,293.0
2024-11-11,16,6.4,205.0
2024-11-11,17,11.9,202.0
2024-11-11,18,17.8,198.0
2024-11-11,19,20.2,189.0
2024-11-11,20,20.5,179.0
2024-11-11,21,11.6,196.0
2024-11-11,22,3.2,180.0
2024-11-11,23,4.1,167.0
2024-11-11,24,2.7,113.0
2024-11-12,1,3.4,115.0
2024-11-12,2,13.9,247.0
2024-11-12,3,24.1,214.0
2024-11-12,4,29.7,211.0
2024-11-12,5,37.7,209.0
2024-11-12,6,36.1,212.0
2024-11-12,7,31.0,218.0
2024-11-12,8,33.3,221.0
2024-11-12,9,35.1,214.0
2024-11-12,10,36.2,220.0
2024-11-12,11,25.7,238.0
2024-11-12,12,18.8,248.0
2024-11-12,13,19.4,232.0
2024-11-12,14,25.4,220.0
2024-11-12,15,26.0,231.0
2024-11-12,16,16.8,231.0
2024-11-12,17,13.7,242.0
2024-11-12,18,11.5,243.0
2024-11-12,19,11.7,207.0
2024-11-12,20,27.4,190.0
2024-11-12,21,26.9,190.0
2024-11-12,22,26.0,188.0
2024-11-12,23,31.6,192.0
2024-11-12,24,36.0,199.0
2024-11-13,1,34.4,202.0
2024-11-13,2,32.2,196.0
2024-11-13,3,32.8,198.0
2024-11-13,4,30.0,199.0
2024-11-13,5,27.3,194.0
2024-11-13,6,24.9,188.0
2024-11-13,7,24.7,172.0
2024-11-13,8,25.3,160.0
2024-11-13,9,25.7,152.0
2024-11-13,10,26.3,151.0
2024-11-13,11,24.1,163.0
2024-11-13,12,11.8,187.0
2024-11-13,13,14.0,179.0
2024-11-13,14,17.9,185.0
2024-11-13,15,17.1,181.0
2024-11-13,16,17.3,181.0
2024-11-13,17,19.1,189.0
2024-11-13,18,17.9,185.0
2024-11-13,19,19.1,178.0
2024-11-13,20,19.1,171.0
2024-11-13,21,20.6,174.0
2024-11-13,22,22.7,165.0
2024-11-13,23,29.8,168.0
2024-11-13,24,18.8,197.0
2024-11-14,1,8.7,252.0
2024-11-14,2,2.8,230.0
2024-11-14,3,12.6,303.0
2024-11-14,4,16.4,231.0
2024-11-14,5,27.9,187.0
2024-11-14,6,33.8,194.0
2024-11-14,7,36.2,202.0
2024-11-14,8,33.9,214.0
2024-11-14,9,33.2,213.0
2024-11-14,10,30.9,212.0
2024-11-14,11,24.5,211.0
2024-11-14,12,15.1,212.0
2024-11-14,13,18.6,219.0
2024-11-14,14,21.6,224.0
2024-11-14,15,21.3,226.0
2024-11-14,16,18.8,223.0
2024-11-14,17,14.7,221.0
2024-11-14,18,11.0,212.0
2024-11-14,19,8.4,191.0
2024-11-14,20,7.9,141.0
2024-11-14,21,7.4,89.0
2024-11-14,22,10.3,67.0
2024-11-14,23,11.3,65.0
2024-11-14,24,12.4,62.0
2024-11-15,1,16.0,54.0
2024-11-15,2,18.8,49.0
2024-11-15,3,21.3,44.0
2024-11-15,4,21.3,40.0
2024-11-15,5,20.7,40.0
2024-11-15,6,20.4,37.0
2024-11-15,7,19.5,36.0
2024-11-15,8,20.3,32.0
2024-11-15,9,20.1,25.0
2024-11-15,10,21.5,23.0
2024-11-15,11,19.4,19.0
2024-11-15,12,16.9,24.0
2024-11-15,13,12.2,359.0
2024-11-15,14,7.2,348.0
2024-11-15,15,7.3,314.0
2024-11-15,16,5.9,227.0
2024-11-15,17,21.6,214.0
2024-11-15,18,22.9,216.0
2024-11-15,19,21.4,209.0
2024-11-15,20,24.7,204.0
2024-11-15,21,21.0,225.0
2024-11-15,22,20.9,223.0
2024-11-15,23,22.9,223.0
2024-11-15,24,24.9,217.0
2024-11-16,1,21.4,224.0
2024-11-16,2,22.1,216.0
2024-11-16,3,22.6,218.0
2024-11-16,4,21.6,220.0
2024-11-16,5,22.5,221.0
2024-11-16,6,22.0,223.0
2024-11-16,7,21.7,222.0
2024-11-16,8,25.7,212.0
2024-11-16,9,30.4,211.0
2024-11-16,10,32.3,215.0
2024-11-16,11,27.8,217.0
2024-11-16,12,27.0,215.0
2024-11-16,13,27.5,212.0
2024-11-16,14,27.4,215.0
2024-11-16,15,26.9,217.0
2024-11-16,16,26.7,212.0
2024-11-16,17,27.8,211.0
2024-11-16,18,27.1,208.0
2024-11-16,19,29.4,200.0
2024-11-16,20,28.7,192.0
2024-11-16,21,29.3,198.0
2024-11-16,22,31.1,203.0
2024-11-16,23,32.3,200.0
2024-11-16,24,32.3,202.0
2024-11-17,1,31.7,201.0
2024-11-17,2,33.1,201.0
2024-11-17,3,32.2,200.0
2024-11-17,4,31.7,198.0
2024-11-17,5,30.4,193.0
2024-11-17,6,28.5,188.0
2024-11-17,7,26.5,181.0
2024-11-17,8,27.0,187.0
2024-11-17,9,25.7,179.0
2024-11-17,10,23.4,173.0
2024-11-17,11,22.3,170.0
2024-11-17,12,17.3,172.0
2024-11-17,13,20.4,189.0
2024-11-17,14,22.1,196.0
2024-11-17,15,22.5,199.0
2024-11-17,16,18.7,196.0
2024-11-17,17,14.8,190.0
2024-11-17,18,15.6,191.0
2024-11-17,19,14.9,179.0
2024-11-17,20,19.3,176.0
2024-11-17,21,20.0,173.0
2024-11-17,22,18.3,169.0
2024-11-17,23,16.1,176.0
2024-11-17,24,9.1,212.0
2024-11-18,1,9.6,250.0
2024-11-18,2,12.3,169.0
2024-11-18,3,11.4,176.0
2024-11-18,4,12.6,178.0
2024-11-18,5,22.0,176.0
2024-11-18,6,20.7,181.0
2024-11-18,7,19.0,186.0
2024-11-18,8,33.4,209.0
2024-11-18,9,40.4,204.0
2024-11-18,10,45.3,211.0
2024-11-18,11,52.1,219.0
2024-11-18,12,41.2,215.0
2024-11-18,13,46.7,219.0
2024-11-18,14,40.7,219.0
2024-11-18,15,39.3,229.0
2024-11-18,16,38.8,233.0
2024-11-18,17,34.7,236.0
2024-11-18,18,32.1,234.0
2024-11-18,19,31.0,222.0
2024-11-18,20,28.9,201.0
2024-11-18,21,33.9,203.0
2024-11-18,22,34.4,207.0
2024-11-18,23,33.4,207.0
2024-11-18,24,33.5,210.0
2024-11-19,1,32.5,211.0
2024-11-19,2,32.5,209.0
2024-11-19,3,33.1,210.0
2024-11-19,4,33.1,211.0
2024-11-19,5,31.9,210.0
2024-11-19,6,31.5,215.0
2024-11-19,7,30.4,218.0
2024-11-19,8,31.8,216.0
2024-11-19,9,30.4,218.0
2024-11-19,10,28.0,220.0
2024-11-19,11,27.3,219.0
2024-11-19,12,30.5,219.0
2024-11-19,13,32.0,217.0
2024-11-19,14,32.8,222.0
2024-11-19,15,28.1,230.0
2024-11-19,16,26.7,233.0
2024-11-19,17,25.5,224.0
2024-11-19,18,26.2,198.0
2024-11-19,19,28.7,184.0
2024-11-19,20,25.9,182.0
2024-11-19,21,21.2,179.0
2024-11-19,22,17.0,171.0
2024-11-19,23,9.1,166.0
2024-11-19,24,5.6,140.0
2024-11-20,1,3.7,61.0
2024-11-20,2,5.2,84.0
2024-11-20,3,4.7,86.0
2024-11-20,4,4.2,95.0
2024-11-20,5,5.6,27.0
2024-11-20,6,8.5,28.0
2024-11-20,7,8.0,25.0
2024-11-20,8,6.3,27.0
2024-11-20,9,9.4,3.0
2024-11-20,10,6.0,7.0
2024-11-20,11,4.4,19.0
2024-11-20,12,11.7,343.0
2024-11-20,13,10.1,340.0
2024-11-20,14,13.5,350.0
2024-11-20,15,12.1,11.0
2024-11-20,16,18.4,358.0
2024-11-20,17,19.4,23.0
2024-11-20,18,24.5,11.0
2024-11-20,19,19.6,19.0
2024-11-20,20,13.5,16.0
2024-11-20,21,17.9,357.0
2024-11-20,22,10.8,21.0
2024-11-20,23,11.8,6.0
2024-11-20,24,17.1,351.0
2024-11-21,1,9.9,33.0
2024-11-21,2,7.7,349.0
2024-11-21,3,12.3,348.0
2024-11-21,4,5.4,88.0
2024-11-21,5,2.0,280.0
2024-11-21,6,3.0,327.0
2024-11-21,7,7.4,346.0
2024-11-21,8,4.0,90.0
2024-11-21,9,3.1,36.0
2024-11-21,10,5.3,342.0
2024-11-21,11,15.1,343.0
2024-11-21,12,11.8,13.0
2024-11-21,13,6.1,19.0
2024-11-21,14,13.5,341.0
2024-11-21,15,8.3,4.0
2024-11-21,16,4.3,42.0
2024-11-21,17,3.1,50.0
2024-11-21,18,6.5,332.0
2024-11-21,19,4.6,9.0
2024-11-21,20,6.3,18.0
2024-11-21,21,3.4,84.0
2024-11-21,22,1.3,135.0
2024-11-21,23,1.7,167.0
2024-11-21,24,8.5,298.0
2024-11-22,1,7.5,333.0
2024-11-22,2,7.6,19.0
2024-11-22,3,8.0,40.0
2024-11-22,4,4.1,41.0
2024-11-22,5,5.0,360.0
2024-11-22,6,8.8,351.0
2024-11-22,7,6.1,360.0
2024-11-22,8,9.9,350.0
2024-11-22,9,5.6,22.0
2024-11-22,10,2.6,34.0
2024-11-22,11,2.7,323.0
2024-11-22,12,6.2,278.0
2024-11-22,13,6.3,283.0
2024-11-22,14,9.6,290.0
2024-11-22,15,8.4,315.0
2024-11-22,16,4.7,353.0
2024-11-22,17,6.9,330.0
2024-11-22,18,1.3,304.0
2024-11-22,19,4.3,62.0
2024-11-22,20,6.3,59.0
2024-11-22,21,3.3,96.0
2024-11-22,22,3.6,110.0
2024-11-22,23,1.6,354.0
2024-11-22,24,4.6,42.0
2024-11-23,1,4.2,306.0
2024-11-23,2,7.9,309.0
2024-11-23,3,8.3,333.0
2024-11-23,4,4.0,63.0
2024-11-23,5,2.7,58.0
2024-11-23,6,8.0,134.0
2024-11-23,7,8.1,151.0
2024-11-23,8,13.0,184.0
2024-11-23,9,25.9,196.0
2024-11-23,10,40.0,194.0
2024-11-23,11,44.0,188.0
2024-11-23,12,17.1,181.0
2024-11-23,13,3.8,177.0
2024-11-23,14,15.1,273.0
2024-11-23,15,22.8,240.0
2024-11-23,16,30.8,213.0
2024-11-23,17,36.5,191.0
2024-11-23,18,32.9,205.0
2024-11-23,19,31.9,208.0
2024-11-23,20,36.0,197.0
2024-11-23,21,33.4,199.0
2024-11-23,22,28.0,194.0
2024-11-23,23,30.0,194.0
2024-11-23,24,27.5,195.0
2024-11-24,1,27.7,196.0
2024-11-24,2,36.3,199.0
2024-11-24,3,37.2,206.0
2024-11-24,4,32.0,206.0
2024-11-24,5,35.0,208.0
2024-11-24,6,35.0,213.0
2024-11-24,7,35.4,216.0
2024-11-24,8,36.6,214.0
2024-11-24,9,37.3,212.0
2024-11-24,10,35.2,214.0
2024-11-24,11,34.6,218.0
2024-11-24,12,32.9,219.0
2024-11-24,13,30.0,224.0
2024-11-24,14,24.8,221.0
2024-11-24,15,21.7,221.0
2024-11-24,16,21.3,225.0
2024-11-24,17,20.1,223.0
2024-11-24,18,18.0,209.0
2024-11-24,19,20.2,204.0
2024-11-24,20,22.4,206.0
2024-11-24,21,20.4,197.0
2024-11-24,22,20.4,184.0
2024-11-24,23,20.2,180.0
2024-11-24,24,18.7,179.0
2024-11-25,1,17.4,173.0
2024-11-25,2,17.1,165.0
2024-11-25,3,15.9,160.0
2024-11-25,4,14.7,157.0
2024-11-25,5,10.0,154.0
2024-11-25,6,4.1,142.0
2024-11-25,7,3.0,115.0
2024-11-25,8,5.0,136.0
2024-11-25,9,5.6,130.0
2024-11-25,10,4.3,112.0
2024-11-25,11,3.3,112.0
2024-11-25,12,2.5,4.0
2024-11-25,13,4.8,333.0
2024-11-25,14,2.7,323.0
2024-11-25,15,2.1,290.0
2024-11-25,16,3.3,241.0
2024-11-25,17,4.9,246.0
2024-11-25,18,10.9,343.0
2024-11-25,19,16.8,24.0
2024-11-25,20,9.2,40.0
2024-11-25,21,5.4,96.0
2024-11-25,22,6.4,151.0
2024-11-25,23,4.9,178.0
2024-11-25,24,1.0,239.0
2024-11-26,1,2.4,167.0
2024-11-26,2,4.7,180.0
2024-11-26,3,4.7,173.0
2024-11-26,4,4.1,167.0
2024-11-26,5,2.3,176.0
2024-11-26,6,2.3,198.0
2024-11-26,7,0.5,225.0
2024-11-26,8,3.1,77.0
2024-11-26,9,4.9,2.0
2024-11-26,10,9.4,7.0
2024-11-26,11,7.3,16.0
2024-11-26,12,8.9,8.0
2024-11-26,13,8.7,347.0
2024-11-26,14,1.7,311.0
2024-11-26,15,6.3,211.0
2024-11-26,16,10.5,215.0
2024-11-26,17,8.9,236.0
2024-11-26,18,7.2,269.0
2024-11-26,19,9.0,258.0
2024-11-26,20,10.5,213.0
2024-11-26,21,11.0,203.0
2024-11-26,22,9.6,203.0
2024-11-26,23,14.2,189.0
2024-11-26,24,20.1,205.0
2024-11-27,1,14.1,215.0
2024-11-27,2,11.7,205.0
2024-11-27,3,13.0,207.0
2024-11-27,4,12.2,211.0
2024-11-27,5,12.0,219.0
2024-11-27,6,11.8,231.0
2024-11-27,7,10.3,241.0
2024-11-27,8,11.2,230.0
2024-11-27,9,10.2,217.0
2024-11-27,10,12.1,230.0
2024-11-27,11,10.8,242.0
2024-11-27,12,9.9,241.0
2024-11-27,13,13.9,231.0
2024-11-27,14,19.1,231.0
2024-11-27,15,22.7,224.0
2024-11-27,16,22.7,214.0
2024-11-27,17,22.2,213.0
2024-11-27,18,21.3,214.0
2024-11-27,19,18.2,216.0
2024-11-27,20,14.0,222.0
2024-11-27,21,10.7,211.0
2024-11-27,22,12.9,192.0
2024-11-27,23,16.8,215.0
2024-11-27,24,17.6,224.0
2024-11-28,1,16.0,210.0
2024-11-28,2,19.9,210.0
2024-11-28,3,18.8,207.0
2024-11-28,4,17.7,203.0
2024-11-28,5,16.7,202.0
2024-11-28,6,15.2,206.0
2024-11-28,7,14.0,211.0
2024-11-28,8,12.1,218.0
2024-11-28,9,11.9,210.0
2024-11-28,10,9.8,216.0
2024-11-28,11,9.2,220.0
2024-11-28,12,10.8,217.0
2024-11-28,13,14.7,216.0
2024-11-28,14,16.6,217.0
2024-11-28,15,17.3,219.0
2024-11-28,16,15.4,218.0
2024-11-28,17,15.5,216.0
2024-11-28,18,13.0,217.0
2024-11-28,19,10.1,204.0
2024-11-28,20,4.7,157.0
2024-11-28,21,7.4,112.0
2024-11-28,22,8.0,104.0
2024-11-28,23,7.9,111.0
2024-11-28,24,7.7,155.0
2024-11-29,1,8.0,175.0
2024-11-29,2,7.1,170.0
2024-11-29,3,5.0,167.0
2024-11-29,4,3.0,147.0
2024-11-29,5,2.5,86.0
2024-11-29,6,3.4,74.0
2024-11-29,7,1.6,90.0
2024-11-29,8,0.6,214.0
2024-11-29,9,1.4,320.0
2024-11-29,10,3.1,339.0
2024-11-29,11,0.8,315.0
2024-11-29,12,2.1,308.0
2024-11-29,13,4.6,281.0
2024-11-29,14,6.1,258.0
2024-11-29,15,9.1,240.0
2024-11-29,16,12.3,232.0
2024-11-29,17,13.6,233.0
2024-11-29,18,10.3,234.0
2024-11-29,19,4.8,211.0
2024-11-29,20,9.8,149.0
2024-11-29,21,12.2,189.0
2024-11-29,22,9.2,225.0
2024-11-29,23,7.6,236.0
2024-11-29,24,11.0,214.0
2024-11-30,1,10.2,214.0
2024-11-30,2,5.6,211.0
2024-11-30,3,2.9,227.0
2024-11-30,4,1.7,221.0
2024-11-30,5,0.6,304.0
2024-11-30,6,1.7,58.0
2024-11-30,7,1.7,131.0
2024-11-30,8,0.9,90.0
2024-11-30,9,1.3,8.0
2024-11-30,10,3.5,325.0
2024-11-30,11,8.2,350.0
2024-11-30,12,6.1,358.0
2024-11-30,13,8.0,344.0
2024-11-30,14,5.0,339.0
2024-11-30,15,9.5,331.0
2024-11-30,16,4.6,342.0
2024-11-30,17,5.2,354.0
2024-11-30,18,7.4,6.0
2024-11-30,19,8.4,15.0
2024-11-30,20,12.1,38.0
2024-11-30,21,13.2,50.0
2024-11-30,22,11.7,43.0
2024-11-30,23,9.1,34.0
2024-11-30,24,8.1,24.0
2024-12-01,1,8.5,21.0
2024-12-01,2,8.9,24.0
2024-12-01,3,7.5,30.0
2024-12-01,4,5.7,24.0
2024-12-01,5,5.8,22.0
2024-12-01,6,6.8,18.0
2024-12-01,7,6.4,16.0
2024-12-01,8,5.8,9.0
2024-12-01,9,5.5,19.0
2024-12-01,10,8.5,17.0
2024-12-01,11,7.9,24.0
2024-12-01,12,8.1,3.0
2024-12-01,13,9.8,352.0
2024-12-01,14,8.8,359.0
2024-12-01,15,7.7,1.0
2024-12-01,16,7.2,1.0
2024-12-01,17,6.8,358.0
2024-12-01,18,6.9,7.0
2024-12-01,19,8.9,27.0
2024-12-01,20,14.4,23.0
2024-12-01,21,15.6,31.0
2024-12-01,22,14.3,41.0
2024-12-01,23,12.9,44.0
2024-12-01,24,11.1,31.0
2024-12-02,1,9.4,11.0
2024-12-02,2,8.6,16.0
2024-12-02,3,8.4,19.0
2024-12-02,4,7.4,14.0
2024-12-02,5,8.3,20.0
2024-12-02,6,7.5,27.0
2024-12-02,7,6.0,21.0
2024-12-02,8,7.2,32.0
2024-12-02,9,6.7,46.0
2024-12-02,10,7.8,22.0
2024-12-02,11,10.3,11.0
2024-12-02,12,9.9,19.0
2024-12-02,13,9.4,8.0
2024-12-02,14,9.5,360.0
2024-12-02,15,9.6,357.0
2024-12-02,16,8.0,355.0
2024-12-02,17,6.0,353.0
2024-12-02,18,7.1,9.0
2024-12-02,19,8.9,14.0
2024-12-02,20,10.1,27.0
2024-12-02,21,12.1,25.0
2024-12-02,22,12.7,35.0
2024-12-02,23,12.1,42.0
2024-12-02,24,10.0,39.0
2024-12-03,1,8.3,22.0
2024-12-03,2,7.5,15.0
2024-12-03,3,7.6,19.0
2024-12-03,4,7.9,20.0
2024-12-03,5,7.7,31.0
2024-12-03,6,6.5,34.0
2024-12-03,7,5.7,35.0
2024-12-03,8,5.4,26.0
2024-12-03,9,3.3,29.0
2024-12-03,10,4.2,20.0
2024-12-03,11,7.3,30.0
2024-12-03,12,8.3,30.0
2024-12-03,13,7.6,4.0
2024-12-03,14,6.5,357.0
2024-12-03,15,4.0,5.0
2024-12-03,16,2.5,188.0
2024-12-03,17,3.2,251.0
2024-12-03,18,4.3,327.0
2024-12-03,19,4.2,324.0
2024-12-03,20,10.2,9.0
2024-12-03,21,11.9,34.0
2024-12-03,22,5.2,49.0
2024-12-03,23,3.4,16.0
2024-12-03,24,1.8,11.0
2024-12-04,1,5.5,32.0
2024-12-04,2,2.8,63.0
2024-12-04,3,2.2,222.0
2024-12-04,4,1.3,8.0
2024-12-04,5,3.8,197.0
2024-12-04,6,5.8,214.0
2024-12-04,7,4.6,206.0
2024-12-04,8,2.1,195.0
2024-12-04,9,0.3,45.0
2024-12-04,10,3.5,9.0
2024-12-04,11,5.8,26.0
2024-12-04,12,5.2,44.0
2024-12-04,13,2.2,5.0
2024-12-04,14,2.5,300.0
2024-12-04,15,2.4,283.0
2024-12-04,16,0.9,281.0
2024-12-04,17,0.7,194.0
2024-12-04,18,1.8,225.0
2024-12-04,19,3.1,315.0
2024-12-04,20,6.4,18.0
2024-12-04,21,5.7,44.0
2024-12-04,22,5.3,38.0
2024-12-04,23,5.2,25.0
2024-12-04,24,4.4,21.0
2024-12-05,1,2.3,32.0
2024-12-05,2,2.2,48.0
2024-12-05,3,2.4,54.0
2024-12-05,4,1.9,49.0
2024-12-05,5,3.1,54.0
2024-12-05,6,4.0,60.0
2024-12-05,7,3.7,55.0
2024-12-05,8,5.8,26.0
2024-12-05,9,7.8,44.0
2024-12-05,10,7.0,40.0
2024-12-05,11,6.4,43.0
2024-12-05,12,6.0,39.0
2024-12-05,13,6.5,3.0
2024-12-05,14,6.3,358.0
2024-12-05,15,4.6,13.0
2024-12-05,16,3.1,28.0
2024-12-05,17,3.2,16.0
2024-12-05,18,4.5,5.0
2024-12-05,19,6.0,29.0
2024-12-05,20,11.7,27.0
2024-12-05,21,11.3,54.0
2024-12-05,22,8.7,83.0
2024-12-05,23,3.7,76.0
2024-12-05,24,4.1,13.0
2024-12-06,1,5.7,9.0
2024-12-06,2,4.8,20.0
2024-12-06,3,5.0,13.0
2024-12-06,4,4.1,15.0
2024-12-06,5,3.9,47.0
2024-12-06,6,2.5,86.0
2024-12-06,7,3.4,137.0
2024-12-06,8,0.4,153.0
2024-12-06,9,5.4,318.0
2024-12-06,10,6.5,19.0
2024-12-06,11,4.9,94.0
2024-12-06,12,1.7,72.0
2024-12-06,13,3.7,293.0
2024-12-06,14,3.2,297.0
2024-12-06,15,3.5,246.0
2024-12-06,16,3.6,225.0
2024-12-06,17,3.6,217.0
2024-12-06,18,5.4,201.0
2024-12-06,19,6.7,246.0
2024-12-06,20,3.8,287.0
2024-12-06,21,2.3,180.0
2024-12-06,22,4.7,164.0
2024-12-06,23,2.5,188.0
2024-12-06,24,4.8,250.0
2024-12-07,1,3.0,237.0
2024-12-07,2,5.3,156.0
2024-12-07,3,4.4,192.0
2024-12-07,4,2.3,266.0
2024-12-07,5,1.7,103.0
2024-12-07,6,4.9,96.0
2024-12-07,7,5.4,356.0
2024-12-07,8,3.6,27.0
2024-12-07,9,4.4,353.0
2024-12-07,10,3.9,13.0
2024-12-07,11,7.9,347.0
2024-12-07,12,6.5,3.0
2024-12-07,13,7.2,341.0
2024-12-07,14,7.7,324.0
2024-12-07,15,1.7,328.0
2024-12-07,16,7.0,310.0
2024-12-07,17,8.1,323.0
2024-12-07,18,5.5,341.0
2024-12-07,19,4.3,5.0
2024-12-07,20,3.8,31.0
2024-12-07,21,2.1,345.0
2024-12-07,22,1.5,225.0
2024-12-07,23,4.4,235.0
2024-12-07,24,8.4,217.0
2024-12-08,1,9.9,266.0
2024-12-08,2,15.2,209.0
2024-12-08,3,22.3,227.0
2024-12-08,4,29.6,210.0
2024-12-08,5,39.8,210.0
2024-12-08,6,37.2,211.0
2024-12-08,7,36.6,213.0
2024-12-08,8,37.8,214.0
2024-12-08,9,39.1,211.0
2024-12-08,10,38.3,209.0
2024-12-08,11,41.0,212.0
2024-12-08,12,43.7,218.0
2024-12-08,13,45.0,228.0
2024-12-08,14,44.3,231.0
2024-12-08,15,44.1,232.0
2024-12-08,16,42.1,235.0
2024-12-08,17,39.5,237.0
2024-12-08,18,32.9,234.0
2024-12-08,19,31.0,219.0
2024-12-08,20,31.6,228.0
2024-12-08,21,24.8,220.0
2024-12-08,22,28.3,193.0
2024-12-08,23,36.1,198.0
2024-12-08,24,29.5,215.0
2024-12-09,1,23.0,209.0
2024-12-09,2,24.6,207.0
2024-12-09,3,23.1,209.0
2024-12-09,4,23.8,205.0
2024-12-09,5,22.4,206.0
2024-12-09,6,21.2,208.0
2024-12-09,7,19.5,204.0
2024-12-09,8,16.2,211.0
2024-12-09,9,19.0,213.0
2024-12-09,10,21.4,214.0
2024-12-09,11,20.7,217.0
2024-12-09,12,19.7,219.0
2024-12-09,13,16.4,222.0
2024-12-09,14,16.2,221.0
2024-12-09,15,15.6,229.0
2024-12-09,16,14.3,237.0
2024-12-09,17,16.2,219.0
2024-12-09,18,23.7,197.0
2024-12-09,19,25.7,202.0
2024-12-09,20,26.7,215.0
2024-12-09,21,27.4,208.0
2024-12-09,22,25.9,209.0
2024-12-09,23,26.9,205.0
2024-12-09,24,26.8,208.0
2024-12-10,1,27.5,205.0
2024-12-10,2,28.1,207.0
2024-12-10,3,29.0,210.0
2024-12-10,4,28.8,213.0
2024-12-10,5,27.7,215.0
2024-12-10,6,26.5,213.0
2024-12-10,7,25.7,211.0
2024-12-10,8,25.0,212.0
2024-12-10,9,24.7,212.0
2024-12-10,10,24.4,214.0
2024-12-10,11,23.9,215.0
2024-12-10,12,23.9,215.0
2024-12-10,13,23.6,218.0
2024-12-10,14,24.2,221.0
2024-12-10,15,22.1,225.0
2024-12-10,16,19.5,225.0
2024-12-10,17,15.0,227.0
2024-12-10,18,13.8,230.0
2024-12-10,19,14.7,242.0
2024-12-10,20,12.5,235.0
2024-12-10,21,5.4,222.0
2024-12-10,22,1.3,16.0
2024-12-10,23,3.2,19.0
2024-12-10,24,2.3,51.0
2024-12-11,1,0.9,11.0
2024-12-11,2,0.9,360.0
2024-12-11,3,3.6,18.0
2024-12-11,4,3.1,40.0
2024-12-11,5,3.2,38.0
2024-12-11,6,4.5,50.0
2024-12-11,7,2.4,48.0
2024-12-11,8,4.9,36.0
2024-12-11,9,4.2,20.0
2024-12-11,10,3.4,18.0
2024-12-11,11,4.6,9.0
2024-12-11,12,8.5,353.0
2024-12-11,13,10.2,346.0
2024-12-11,14,10.1,341.0
2024-12-11,15,8.6,352.0
2024-12-11,16,10.3,357.0
2024-12-11,17,10.8,355.0
2024-12-11,18,11.7,4.0
2024-12-11,19,13.6,20.0
2024-12-11,20,15.4,21.0
2024-12-11,21,16.3,28.0
2024-12-11,22,13.6,24.0
2024-12-11,23,12.2,13.0
2024-12-11,24,14.3,11.0
2024-12-12,1,10.9,9.0
2024-12-12,2,13.4,11.0
2024-12-12,3,13.0,24.0
2024-12-12,4,10.9,38.0
2024-12-12,5,12.1,11.0
2024-12-12,6,13.7,3.0
2024-12-12,7,13.8,16.0
2024-12-12,8,14.5,11.0
2024-12-12,9,15.6,14.0
2024-12-12,10,16.3,20.0
2024-12-12,11,17.2,28.0
2024-12-12,12,16.7,14.0
2024-12-12,13,17.2,6.0
2024-12-12,14,16.2,3.0
2024-12-12,15,15.9,354.0
2024-12-12,16,16.2,356.0
2024-12-12,17,15.3,2.0
2024-12-12,18,16.7,18.0
2024-12-12,19,12.4,34.0
2024-12-12,20,3.4,90.0
2024-12-12,21,6.2,158.0
2024-12-12,22,6.8,168.0
2024-12-12,23,6.8,168.0
2024-12-12,24,8.1,180.0
2024-12-13,1,12.3,188.0
2024-12-13,2,13.0,190.0
2024-12-13,3,12.1,208.0
2024-12-13,4,15.2,209.0
2024-12-13,5,21.3,206.0
2024-12-13,6,24.3,208.0
2024-12-13,7,25.2,199.0
2024-12-13,8,27.0,198.0
2024-12-13,9,22.8,210.0
2024-12-13,10,20.7,229.0
2024-12-13,11,18.8,207.0
2024-12-13,12,24.3,209.0
2024-12-13,13,25.2,214.0
2024-12-13,14,26.6,216.0
2024-12-13,15,27.9,216.0
2024-12-13,16,28.0,217.0
2024-12-13,17,21.5,210.0
2024-12-13,18,22.4,198.0
2024-12-13,19,24.6,188.0
2024-12-13,20,25.5,193.0
2024-12-13,21,23.5,176.0
2024-12-13,22,23.9,160.0
2024-12-13,23,26.0,161.0
2024-12-13,24,28.5,160.0
2024-12-14,1,28.2,159.0
2024-12-14,2,27.7,155.0
2024-12-14,3,25.4,159.0
2024-12-14,4,23.9,159.0
2024-12-14,5,22.6,158.0
2024-12-14,6,21.6,152.0
2024-12-14,7,20.0,158.0
2024-12-14,8,21.9,162.0
2024-12-14,9,14.1,176.0
2024-12-14,10,11.8,211.0
2024-12-14,11,9.9,228.0
2024-12-14,12,15.7,202.0
2024-12-14,13,13.5,178.0
2024-12-14,14,5.5,199.0
2024-12-14,15,1.5,126.0
2024-12-14,16,7.3,239.0
2024-12-14,17,4.7,272.0
2024-12-14,18,7.6,346.0
2024-12-14,19,7.3,17.0
2024-12-14,20,6.2,213.0
2024-12-14,21,11.3,198.0
2024-12-14,22,11.6,206.0
2024-12-14,23,13.9,183.0
2024-12-14,24,14.8,184.0
2024-12-15,1,14.2,200.0
2024-12-15,2,22.7,212.0
2024-12-15,3,30.5,213.0
2024-12-15,4,36.4,216.0
2024-12-15,5,40.8,214.0
2024-12-15,6,41.2,214.0
2024-12-15,7,43.6,218.0
2024-12-15,8,49.2,220.0
2024-12-15,9,52.9,216.0
2024-12-15,10,50.7,218.0
2024-12-15,11,47.0,221.0
2024-12-15,12,41.5,213.0
2024-12-15,13,45.3,215.0
2024-12-15,14,42.9,216.0
2024-12-15,15,42.7,218.0
2024-12-15,16,40.5,217.0
2024-12-15,17,37.8,217.0
2024-12-15,18,37.0,221.0
2024-12-15,19,34.4,217.0
2024-12-15,20,34.0,222.0
2024-12-15,21,32.2,223.0
2024-12-15,22,31.3,215.0
2024-12-15,23,31.2,205.0
2024-12-15,24,31.2,203.0
2024-12-16,1,28.4,201.0
2024-12-16,2,24.7,204.0
2024-12-16,3,19.0,202.0
2024-12-16,4,15.2,202.0
2024-12-16,5,11.8,201.0
2024-12-16,6,2.9,173.0
2024-12-16,7,5.5,109.0
2024-12-16,8,4.7,187.0
2024-12-16,9,2.8,140.0
2024-12-16,10,2.0,350.0
2024-12-16,11,3.9,66.0
2024-12-16,12,4.7,133.0
2024-12-16,13,4.2,277.0
2024-12-16,14,10.1,314.0
2024-12-16,15,3.5,219.0
2024-12-16,16,6.9,223.0
2024-12-16,17,16.3,202.0
2024-12-16,18,13.9,210.0
2024-12-16,19,10.0,213.0
2024-12-16,20,9.4,200.0
2024-12-16,21,7.8,257.0
2024-12-16,22,7.0,267.0
2024-12-16,23,10.1,259.0
2024-12-16,24,17.2,222.0
2024-12-17,1,25.2,219.0
2024-12-17,2,29.1,220.0
2024-12-17,3,26.5,218.0
2024-12-17,4,24.8,222.0
2024-12-17,5,22.5,219.0
2024-12-17,6,20.0,225.0
2024-12-17,7,16.0,231.0
2024-12-17,8,4.9,268.0
2024-12-17,9,6.2,334.0
2024-12-17,10,9.7,358.0
2024-12-17,11,11.1,13.0
2024-12-17,12,9.2,20.0
2024-12-17,13,2.0,350.0
2024-12-17,14,3.8,259.0
2024-12-17,15,7.8,230.0
2024-12-17,16,13.2,223.0
2024-12-17,17,15.7,225.0
2024-12-17,18,15.3,220.0
2024-12-17,19,16.7,199.0
2024-12-17,20,22.1,206.0
2024-12-17,21,21.4,197.0
2024-12-17,22,24.2,200.0
2024-12-17,23,24.5,200.0
2024-12-17,24,23.9,204.0
2024-12-18,1,20.4,212.0
2024-12-18,2,16.6,207.0
2024-12-18,3,15.4,204.0
2024-12-18,4,12.7,198.0
2024-12-18,5,10.8,195.0
2024-12-18,6,12.1,203.0
2024-12-18,7,12.1,192.0
2024-12-18,8,6.3,207.0
2024-12-18,9,7.7,192.0
2024-12-18,10,11.9,195.0
2024-12-18,11,13.1,182.0
2024-12-18,12,9.0,206.0
2024-12-18,13,13.1,217.0
2024-12-18,14,13.5,232.0
2024-12-18,15,25.0,208.0
2024-12-18,16,35.8,214.0
2024-12-18,17,36.0,219.0
2024-12-18,18,44.4,218.0
2024-12-18,19,46.6,218.0
2024-12-18,20,43.6,219.0
2024-12-18,21,41.7,221.0
2024-12-18,22,40.8,214.0
2024-12-18,23,39.6,206.0
2024-12-18,24,38.5,208.0
2024-12-19,1,36.0,208.0
2024-12-19,2,33.3,206.0
2024-12-19,3,30.7,210.0
2024-12-19,4,26.0,218.0
2024-12-19,5,19.7,226.0
2024-12-19,6,12.0,230.0
2024-12-19,7,5.5,207.0
2024-12-19,8,5.1,219.0
2024-12-19,9,3.4,245.0
2024-12-19,10,4.8,338.0
2024-12-19,11,13.5,16.0
2024-12-19,12,10.6,32.0
2024-12-19,13,7.6,360.0
2024-12-19,14,7.2,1.0
2024-12-19,15,8.7,8.0
2024-12-19,16,10.4,11.0
2024-12-19,17,11.9,15.0
2024-12-19,18,14.1,14.0
2024-12-19,19,17.0,18.0
2024-12-19,20,17.9,28.0
2024-12-19,21,15.4,24.0
2024-12-19,22,13.2,15.0
2024-12-19,23,13.3,9.0
2024-12-19,24,13.0,10.0
2024-12-20,1,11.3,8.0
2024-12-20,2,11.9,1.0
2024-12-20,3,9.4,11.0
2024-12-20,4,14.9,352.0
2024-12-20,5,12.9,37.0
2024-12-20,6,5.9,45.0
2024-12-20,7,12.4,351.0
2024-12-20,8,13.2,12.0
2024-12-20,9,6.9,37.0
2024-12-20,10,7.3,17.0
2024-12-20,11,8.7,347.0
2024-12-20,12,12.2,359.0
2024-12-20,13,14.7,26.0
2024-12-20,14,10.0,36.0
2024-12-20,15,7.3,30.0
2024-12-20,16,7.8,8.0
2024-12-20,17,11.2,12.0
2024-12-20,18,12.5,21.0
2024-12-20,19,17.2,16.0
2024-12-20,20,14.7,27.0
2024-12-20,21,12.5,28.0
2024-12-20,22,11.4,18.0
2024-12-20,23,10.6,11.0
2024-12-20,24,9.9,3.0
2024-12-21,1,11.7,356.0
2024-12-21,2,11.5,1.0
2024-12-21,3,13.4,356.0
2024-12-21,4,11.7,4.0
2024-12-21,5,9.4,4.0
2024-12-21,6,7.8,4.0
2024-12-21,7,6.0,17.0
2024-12-21,8,6.9,332.0
2024-12-21,9,8.9,342.0
2024-12-21,10,4.9,360.0
2024-12-21,11,5.8,2.0
2024-12-21,12,8.8,341.0
2024-12-21,13,9.3,351.0
2024-12-21,14,12.2,346.0
2024-12-21,15,7.3,36.0
2024-12-21,16,13.3,335.0
2024-12-21,17,9.9,12.0
2024-12-21,18,10.3,344.0
2024-12-21,19,7.0,348.0
2024-12-21,20,2.6,51.0
2024-12-21,21,8.3,180.0
2024-12-21,22,18.4,166.0
2024-12-21,23,14.4,184.0
2024-12-21,24,6.7,186.0
2024-12-22,1,1.5,104.0
2024-12-22,2,22.8,299.0
2024-12-22,3,9.2,178.0
2024-12-22,4,23.9,198.0
2024-12-22,5,34.3,208.0
2024-12-22,6,35.4,207.0
2024-12-22,7,33.1,207.0
2024-12-22,8,25.1,223.0
2024-12-22,9,23.5,229.0
2024-12-22,10,20.7,221.0
2024-12-22,11,20.2,214.0
2024-12-22,12,18.9,209.0
2024-12-22,13,16.1,210.0
2024-12-22,14,16.1,209.0
2024-12-22,15,15.6,233.0
2024-12-22,16,15.9,231.0
2024-12-22,17,14.8,217.0
2024-12-22,18,15.4,212.0
2024-12-22,19,13.1,217.0
2024-12-22,20,15.2,221.0
2024-12-22,21,8.8,247.0
2024-12-22,22,9.7,220.0
2024-12-22,23,14.3,220.0
2024-12-22,24,14.2,213.0
2024-12-23,1,11.1,214.0
2024-12-23,2,10.5,219.0
2024-12-23,3,9.2,213.0
2024-12-23,4,7.8,212.0
2024-12-23,5,8.1,235.0
2024-12-23,6,5.7,246.0
2024-12-23,7,7.8,293.0
2024-12-23,8,9.3,238.0
2024-12-23,9,7.3,232.0
2024-12-23,10,7.3,240.0
2024-12-23,11,4.9,266.0
2024-12-23,12,8.0,304.0
2024-12-23,13,7.2,235.0
2024-12-23,14,15.5,212.0
2024-12-23,15,19.7,224.0
2024-12-23,16,27.4,205.0
2024-12-23,17,26.3,209.0
2024-12-23,18,26.8,213.0
2024-12-23,19,27.1,208.0
2024-12-23,20,28.1,198.0
2024-12-23,21,26.4,198.0
2024-12-23,22,23.4,199.0
2024-12-23,23,22.0,200.0
2024-12-23,24,19.2,210.0
2024-12-24,1,15.9,208.0
2024-12-24,2,12.6,183.0
2024-12-24,3,8.9,171.0
2024-12-24,4,7.5,143.0
2024-12-24,5,12.1,120.0
2024-12-24,6,11.6,123.0
2024-12-24,7,6.5,96.0
2024-12-24,8,6.6,69.0
2024-12-24,9,4.9,356.0
2024-12-24,10,11.3,346.0
2024-12-24,11,8.5,27.0
2024-12-24,12,8.3,33.0
2024-12-24,13,11.6,30.0
2024-12-24,14,14.1,19.0
2024-12-24,15,16.7,354.0
2024-12-24,16,18.5,1.0
2024-12-24,17,14.4,16.0
2024-12-24,18,13.2,14.0
2024-12-24,19,9.4,43.0
2024-12-24,20,10.6,125.0
2024-12-24,21,11.2,127.0
2024-12-24,22,3.2,326.0
2024-12-24,23,17.4,308.0
2024-12-24,24,11.7,315.0
2024-12-25,1,5.3,327.0
2024-12-25,2,1.3,360.0
2024-12-25,3,8.2,237.0
2024-12-25,4,30.9,205.0
2024-12-25,5,25.6,204.0
2024-12-25,6,24.7,203.0
2024-12-25,7,27.5,208.0
2024-12-25,8,26.2,217.0
2024-12-25,9,24.4,217.0
2024-12-25,10,25.5,211.0
2024-12-25,11,27.4,209.0
2024-12-25,12,28.2,212.0
2024-12-25,13,24.7,205.0
2024-12-25,14,24.3,213.0
2024-12-25,15,25.5,211.0
2024-12-25,16,28.0,213.0
2024-12-25,17,25.8,210.0
2024-12-25,18,22.7,206.0
2024-12-25,19,23.5,191.0
2024-12-25,20,25.1,193.0
2024-12-25,21,28.3,202.0
2024-12-25,22,27.1,202.0
2024-12-25,23,28.9,190.0
2024-12-25,24,27.4,190.0
2024-12-26,1,27.6,184.0
2024-12-26,2,27.8,173.0
2024-12-26,3,27.2,165.0
2024-12-26,4,26.7,152.0
2024-12-26,5,24.2,155.0
2024-12-26,6,21.7,168.0
2024-12-26,7,18.3,199.0
2024-12-26,8,26.0,196.0
2024-12-26,9,29.8,200.0
2024-12-26,10,28.2,190.0
2024-12-26,11,26.2,189.0
2024-12-26,12,27.7,203.0
2024-12-26,13,29.3,201.0
2024-12-26,14,34.7,209.0
2024-12-26,15,33.9,215.0
2024-12-26,16,36.4,214.0
2024-12-26,17,38.8,209.0
2024-12-26,18,35.8,207.0
2024-12-26,19,39.6,212.0
2024-12-26,20,40.7,218.0
2024-12-26,21,43.4,212.0
2024-12-26,22,44.4,213.0
2024-12-26,23,43.2,211.0
2024-12-26,24,41.9,209.0
2024-12-27,1,42.8,214.0
2024-12-27,2,39.4,211.0
2024-12-27,3,36.2,208.0
2024-12-27,4,36.6,211.0
2024-12-27,5,37.1,212.0
2024-12-27,6,31.1,203.0
2024-12-27,7,29.2,196.0
2024-12-27,8,26.4,175.0
2024-12-27,9,22.7,166.0
2024-12-27,10,19.2,154.0
2024-12-27,11,11.7,146.0
2024-12-27,12,4.1,38.0
2024-12-27,13,6.3,59.0
2024-12-27,14,6.1,113.0
2024-12-27,15,4.4,302.0
2024-12-27,16,8.4,295.0
2024-12-27,17,9.0,280.0
2024-12-27,18,8.5,282.0
2024-12-27,19,9.1,277.0
2024-12-27,20,10.3,247.0
2024-12-27,21,19.9,215.0
2024-12-27,22,29.8,215.0
2024-12-27,23,28.8,211.0
2024-12-27,24,31.9,205.0
2024-12-28,1,31.9,205.0
2024-12-28,2,35.9,207.0
2024-12-28,3,39.8,215.0
2024-12-28,4,38.7,216.0
2024-12-28,5,40.6,213.0
2024-12-28,6,39.5,208.0
2024-12-28,7,33.3,209.0
2024-12-28,8,32.0,207.0
2024-12-28,9,34.9,207.0
2024-12-28,10,39.7,216.0
2024-12-28,11,41.1,219.0
2024-12-28,12,41.6,218.0
2024-12-28,13,41.5,215.0
2024-12-28,14,40.9,222.0
2024-12-28,15,46.3,220.0
2024-12-28,16,43.4,217.0
2024-12-28,17,38.4,221.0
2024-12-28,18,41.6,221.0
2024-12-28,19,39.9,219.0
2024-12-28,20,35.4,214.0
2024-12-28,21,35.5,212.0
2024-12-28,22,35.0,211.0
2024-12-28,23,34.9,210.0
2024-12-28,24,33.2,210.0
2024-12-29,1,30.9,209.0
2024-12-29,2,27.2,204.0
2024-12-29,3,21.6,207.0
2024-12-29,4,14.5,188.0
2024-12-29,5,6.7,224.0
2024-12-29,6,0.9,101.0
2024-12-29,7,4.1,360.0
2024-12-29,8,7.6,208.0
2024-12-29,9,13.0,221.0
2024-12-29,10,13.2,239.0
2024-12-29,11,10.4,224.0
2024-12-29,12,20.5,211.0
2024-12-29,13,26.2,207.0
2024-12-29,14,21.7,218.0
2024-12-29,15,18.9,238.0
2024-12-29,16,26.1,229.0
2024-12-29,17,34.8,210.0
2024-12-29,18,35.0,209.0
2024-12-29,19,37.5,210.0
2024-12-29,20,38.7,216.0
2024-12-29,21,43.2,214.0
2024-12-29,22,43.0,214.0
2024-12-29,23,42.9,213.0
2024-12-29,24,38.5,216.0
2024-12-30,1,38.0,214.0
2024-12-30,2,36.6,213.0
2024-12-30,3,38.7,209.0
2024-12-30,4,37.5,211.0
2024-12-30,5,37.2,212.0
2024-12-30,6,36.7,211.0
2024-12-30,7,34.7,209.0
2024-12-30,8,32.2,218.0
2024-12-30,9,30.4,211.0
2024-12-30,10,30.9,206.0
2024-12-30,11,33.4,204.0
2024-12-30,12,32.8,210.0
2024-12-30,13,29.7,209.0
2024-12-30,14,27.4,211.0
2024-12-30,15,24.8,209.0
2024-12-30,16,23.7,208.0
2024-12-30,17,22.8,210.0
2024-12-30,18,22.8,209.0
2024-12-30,19,26.0,206.0
2024-12-30,20,27.0,195.0
2024-12-30,21,24.5,198.0
2024-12-30,22,22.4,195.0
2024-12-30,23,23.5,196.0
2024-12-30,24,22.7,198.0
2024-12-31,1,22.2,201.0
2024-12-31,2,20.6,203.0
2024-12-31,3,18.1,204.0
2024-12-31,4,15.7,208.0
2024-12-31,5,12.2,218.0
2024-12-31,6,6.5,262.0
2024-12-31,7,4.5,236.0
2024-12-31,8,5.8,248.0
2024-12-31,9,6.9,221.0
2024-12-31,10,8.0,232.0
2024-12-31,11,9.8,230.0
2024-12-31,12,9.1,229.0
2024-12-31,13,5.8,254.0
2024-12-31,14,9.2,239.0
2024-12-31,15,12.7,230.0
2024-12-31,16,12.9,223.0
2024-12-31,17,12.3,220.0
2024-12-31,18,10.9,220.0
2024-12-31,19,6.9,221.0
2024-12-31,20,7.0,226.0
2024-12-31,21,2.0,175.0
2024-12-31,22,3.7,125.0
2024-12-31,23,2.2,180.0
2024-12-31,24,3.7,151.0
2025-01-01,1,4.8,138.0
2025-01-01,2,4.3,138.0
2025-01-01,3,5.6,132.0
2025-01-01,4,7.1,142.0
2025-01-01,5,5.1,176.0
2025-01-01,6,5.0,167.0
2025-01-01,7,5.6,153.0
2025-01-01,8,8.7,175.0
2025-01-01,9,8.5,185.0
2025-01-01,10,6.2,188.0
2025-01-01,11,6.0,190.0
2025-01-01,12,8.1,197.0
2025-01-01,13,10.2,198.0
2025-01-01,14,10.1,221.0
2025-01-01,15,8.0,205.0
2025-01-01,16,7.6,211.0
2025-01-01,17,8.0,222.0
2025-01-01,18,13.2,225.0
2025-01-01,19,10.5,267.0
2025-01-01,20,4.8,329.0
2025-01-01,21,3.8,341.0
2025-01-01,22,2.3,342.0
2025-01-01,23,2.8,50.0
2025-01-01,24,3.4,335.0
2025-01-02,1,3.1,320.0
2025-01-02,2,2.2,279.0
2025-01-02,3,8.9,335.0
2025-01-02,4,5.9,342.0
2025-01-02,5,6.0,5.0
2025-01-02,6,3.7,51.0
2025-01-02,7,3.9,208.0
2025-01-02,8,11.9,221.0
2025-01-02,9,16.0,221.0
2025-01-02,10,24.1,216.0
2025-01-02,11,24.0,221.0
2025-01-02,12,24.5,215.0
2025-01-02,13,25.0,216.0
2025-01-02,14,26.1,219.0
2025-01-02,15,25.6,219.0
2025-01-02,16,24.1,219.0
2025-01-02,17,22.8,222.0
2025-01-02,18,17.1,219.0
2025-01-02,19,7.4,229.0
2025-01-02,20,17.5,1.0
2025-01-02,21,11.5,25.0
2025-01-02,22,18.9,14.0
2025-01-02,23,13.4,32.0
2025-01-02,24,6.0,51.0
2025-01-03,1,6.0,321.0
2025-01-03,2,8.5,325.0
2025-01-03,3,5.3,305.0
2025-01-03,4,6.6,217.0
2025-01-03,5,4.7,268.0
2025-01-03,6,5.9,340.0
2025-01-03,7,6.9,7.0
2025-01-03,8,10.6,18.0
2025-01-03,9,10.3,13.0
2025-01-03,10,10.0,6.0
2025-01-03,11,9.4,12.0
2025-01-03,12,5.6,354.0
2025-01-03,13,7.5,336.0
2025-01-03,14,9.3,342.0
2025-01-03,15,7.7,335.0
2025-01-03,16,10.2,347.0
2025-01-03,17,10.3,6.0
2025-01-03,18,10.3,4.0
2025-01-03,19,6.6,26.0
2025-01-03,20,4.0,3.0
2025-01-03,21,7.6,357.0
2025-01-03,22,11.7,5.0
2025-01-03,23,8.8,33.0
2025-01-03,24,6.4,335.0
2025-01-04,1,5.5,343.0
2025-01-04,2,4.6,301.0
2025-01-04,3,9.1,238.0
2025-01-04,4,31.4,198.0
2025-01-04,5,38.4,205.0
2025-01-04,6,32.0,201.0
2025-01-04,7,34.7,199.0
2025-01-04,8,34.5,205.0
2025-01-04,9,37.7,204.0
2025-01-04,10,42.5,204.0
2025-01-04,11,42.7,206.0
2025-01-04,12,36.5,213.0
2025-01-04,13,30.3,235.0
2025-01-04,14,29.1,242.0
2025-01-04,15,31.7,238.0
2025-01-04,16,30.6,236.0
2025-01-04,17,28.3,228.0
2025-01-04,18,28.0,222.0
2025-01-04,19,27.6,214.0
2025-01-04,20,28.0,209.0
2025-01-04,21,30.2,209.0
2025-01-04,22,32.8,207.0
2025-01-04,23,30.2,204.0
2025-01-04,24,30.2,202.0
2025-01-05,1,31.1,201.0
2025-01-05,2,31.3,201.0
2025-01-05,3,33.3,205.0
2025-01-05,4,33.2,206.0
2025-01-05,5,32.0,206.0
2025-01-05,6,31.0,209.0
2025-01-05,7,27.7,214.0
2025-01-05,8,26.0,215.0
2025-01-05,9,23.1,219.0
2025-01-05,10,19.6,224.0
2025-01-05,11,15.9,235.0
2025-01-05,12,11.9,248.0
2025-01-05,13,9.6,267.0
2025-01-05,14,6.5,283.0
2025-01-05,15,5.1,315.0
2025-01-05,16,4.3,338.0
2025-01-05,17,3.1,357.0
2025-01-05,18,2.9,4.0
2025-01-05,19,3.2,341.0
2025-01-05,20,6.0,253.0
2025-01-05,21,6.2,322.0
2025-01-05,22,4.9,17.0
2025-01-05,23,0.9,101.0
2025-01-05,24,3.5,235.0
2025-01-06,1,2.5,270.0
2025-01-06,2,2.3,247.0
2025-01-06,3,3.7,256.0
2025-01-06,4,6.6,325.0
2025-01-06,5,8.1,360.0
2025-01-06,6,6.3,20.0
2025-01-06,7,7.1,38.0
2025-01-06,8,11.2,15.0
2025-01-06,9,15.6,8.0
2025-01-06,10,13.0,31.0
2025-01-06,11,8.3,56.0
2025-01-06,12,8.2,10.0
2025-01-06,13,12.3,357.0
2025-01-06,14,12.3,5.0
2025-01-06,15,13.9,10.0
2025-01-06,16,12.3,10.0
2025-01-06,17,10.4,21.0
2025-01-06,18,9.9,32.0
2025-01-06,19,9.3,46.0
2025-01-06,20,11.8,33.0
2025-01-06,21,10.3,40.0
2025-01-06,22,10.0,36.0
2025-01-06,23,11.7,25.0
2025-01-06,24,12.0,40.0
2025-01-07,1,16.6,39.0
2025-01-07,2,18.0,37.0
2025-01-07,3,21.0,43.0
2025-01-07,4,22.8,44.0
2025-01-07,5,24.2,42.0
2025-01-07,6,25.4,42.0
2025-01-07,7,24.6,41.0
2025-01-07,8,28.7,38.0
2025-01-07,9,29.1,40.0
2025-01-07,10,28.4,43.0
2025-01-07,11,28.0,43.0
2025-01-07,12,25.7,44.0
2025-01-07,13,23.0,45.0
2025-01-07,14,19.6,43.0
2025-01-07,15,15.7,42.0
2025-01-07,16,11.1,39.0
2025-01-07,17,9.1,39.0
2025-01-07,18,7.1,60.0
2025-01-07,19,5.4,96.0
2025-01-07,20,4.4,120.0
2025-01-07,21,4.6,141.0
2025-01-07,22,3.8,149.0
2025-01-07,23,4.0,201.0
2025-01-07,24,8.2,244.0
2025-01-08,1,9.9,185.0
2025-01-08,2,12.9,174.0
2025-01-08,3,6.1,238.0
2025-01-08,4,5.7,198.0
2025-01-08,5,13.4,162.0
2025-01-08,6,9.6,208.0
2025-01-08,7,3.2,180.0
2025-01-08,8,5.1,328.0
2025-01-08,9,4.5,67.0
2025-01-08,10,4.0,180.0
2025-01-08,11,5.0,285.0
2025-01-08,12,1.9,241.0
2025-01-08,13,5.6,241.0
2025-01-08,14,4.4,277.0
2025-01-08,15,9.2,339.0
2025-01-08,16,10.7,23.0
2025-01-08,17,8.8,33.0
2025-01-08,18,11.8,24.0
2025-01-08,19,14.3,37.0
2025-01-08,20,12.0,21.0
2025-01-08,21,9.7,345.0
2025-01-08,22,12.1,359.0
2025-01-08,23,8.5,355.0
2025-01-08,24,7.1,326.0
2025-01-09,1,14.7,11.0
2025-01-09,2,10.9,7.0
2025-01-09,3,6.4,8.0
2025-01-09,4,11.0,28.0
2025-01-09,5,11.5,27.0
2025-01-09,6,10.7,36.0
2025-01-09,7,10.6,39.0
2025-01-09,8,9.8,50.0
2025-01-09,9,10.1,73.0
2025-01-09,10,8.3,63.0
2025-01-09,11,7.7,51.0
2025-01-09,12,5.1,58.0
2025-01-09,13,1.9,287.0
2025-01-09,14,6.3,265.0
2025-01-09,15,5.2,258.0
2025-01-09,16,4.2,260.0
2025-01-09,17,4.0,270.0
2025-01-09,18,2.8,281.0
2025-01-09,19,1.6,186.0
2025-01-09,20,5.5,226.0
2025-01-09,21,14.4,241.0
2025-01-09,22,13.6,220.0
2025-01-09,23,12.1,187.0
2025-01-09,24,11.0,178.0
2025-01-10,1,6.5,210.0
2025-01-10,2,3.6,237.0
2025-01-10,3,2.6,168.0
2025-01-10,4,0.6,162.0
2025-01-10,5,2.7,318.0
2025-01-10,6,2.3,302.0
2025-01-10,7,1.9,146.0
2025-01-10,8,2.0,260.0
2025-01-10,9,3.0,284.0
2025-01-10,10,2.1,290.0
2025-01-10,11,3.8,329.0
2025-01-10,12,3.3,299.0
2025-01-10,13,4.3,318.0
2025-01-10,14,5.7,328.0
2025-01-10,15,9.6,330.0
2025-01-10,16,8.7,317.0
2025-01-10,17,11.8,339.0
2025-01-10,18,10.6,346.0
2025-01-10,19,4.3,33.0
2025-01-10,20,14.9,353.0
2025-01-10,21,19.5,350.0
2025-01-10,22,7.8,52.0
2025-01-10,23,11.4,16.0
2025-01-10,24,4.0,58.0
2025-01-11,1,7.6,208.0
2025-01-11,2,14.3,222.0
2025-01-11,3,21.9,227.0
2025-01-11,4,21.0,223.0
2025-01-11,5,21.5,226.0
2025-01-11,6,15.5,232.0
2025-01-11,7,21.8,214.0
2025-01-11,8,27.3,211.0
2025-01-11,9,24.5,212.0
2025-01-11,10,23.9,210.0
2025-01-11,11,25.4,210.0
2025-01-11,12,24.4,211.0
2025-01-11,13,21.5,212.0
2025-01-11,14,24.1,214.0
2025-01-11,15,24.7,210.0
2025-01-11,16,19.5,203.0
2025-01-11,17,16.3,226.0
2025-01-11,18,21.1,263.0
2025-01-11,19,23.6,266.0
2025-01-11,20,24.5,260.0
2025-01-11,21,22.2,249.0
2025-01-11,22,19.8,219.0
2025-01-11,23,16.2,204.0
2025-01-11,24,21.9,200.0
2025-01-12,1,27.1,203.0
2025-01-12,2,26.7,209.0
2025-01-12,3,23.8,209.0
2025-01-12,4,22.0,208.0
2025-01-12,5,21.1,205.0
2025-01-12,6,18.3,209.0
2025-01-12,7,15.5,208.0
2025-01-12,8,16.6,201.0
2025-01-12,9,13.8,201.0
2025-01-12,10,13.9,203.0
2025-01-12,11,14.5,211.0
2025-01-12,12,10.9,226.0
2025-01-12,13,10.0,232.0
2025-01-12,14,9.5,226.0
2025-01-12,15,10.2,226.0
2025-01-12,16,9.2,219.0
2025-01-12,17,7.7,210.0
2025-01-12,18,7.4,198.0
2025-01-12,19,6.3,193.0
2025-01-12,20,3.3,186.0
2025-01-12,21,6.3,7.0
2025-01-12,22,8.4,10.0
2025-01-12,23,7.2,14.0
2025-01-12,24,6.1,23.0
2025-01-13,1,5.2,49.0
2025-01-13,2,4.5,37.0
2025-01-13,3,6.6,21.0
2025-01-13,4,6.4,36.0
2025-01-13,5,5.9,55.0
2025-01-13,6,3.9,137.0
2025-01-13,7,5.9,200.0
2025-01-13,8,7.2,252.0
2025-01-13,9,9.4,228.0
2025-01-13,10,14.4,212.0
2025-01-13,11,15.4,191.0
2025-01-13,12,15.7,189.0
2025-01-13,13,19.0,217.0
2025-01-13,14,21.6,236.0
2025-01-13,15,24.0,244.0
2025-01-13,16,21.0,256.0
2025-01-13,17,18.4,243.0
2025-01-13,18,18.3,221.0
2025-01-13,19,20.5,209.0
2025-01-13,20,20.4,203.0
2025-01-13,21,20.1,208.0
2025-01-13,22,15.6,207.0
2025-01-13,23,12.4,180.0
2025-01-13,24,9.8,186.0
2025-01-14,1,6.5,194.0
2025-01-14,2,5.0,193.0
2025-01-14,3,8.5,218.0
2025-01-14,4,9.3,227.0
2025-01-14,5,5.2,258.0
2025-01-14,6,4.1,257.0
2025-01-14,7,0.4,360.0
2025-01-14,8,2.3,360.0
2025-01-14,9,6.9,332.0
2025-01-14,10,10.2,339.0
2025-01-14,11,11.2,350.0
2025-01-14,12,7.3,350.0
2025-01-14,13,4.1,347.0
2025-01-14,14,0.7,14.0
2025-01-14,15,8.6,213.0
2025-01-14,16,12.9,220.0
2025-01-14,17,9.4,235.0
2025-01-14,18,7.8,266.0
2025-01-14,19,5.9,313.0
2025-01-14,20,7.4,356.0
2025-01-14,21,12.1,28.0
2025-01-14,22,13.4,40.0
2025-01-14,23,11.2,44.0
2025-01-14,24,10.2,42.0
2025-01-15,1,11.5,41.0
2025-01-15,2,13.6,36.0
2025-01-15,3,13.3,25.0
2025-01-15,4,13.7,13.0
2025-01-15,5,13.4,29.0
2025-01-15,6,14.3,25.0
2025-01-15,7,13.8,21.0
2025-01-15,8,5.0,30.0
2025-01-15,9,9.0,2.0
2025-01-15,10,7.3,16.0
2025-01-15,11,5.3,10.0
2025-01-15,12,5.4,354.0
2025-01-15,13,7.8,345.0
2025-01-15,14,4.0,357.0
2025-01-15,15,4.3,28.0
2025-01-15,16,5.5,44.0
2025-01-15,17,7.0,50.0
2025-01-15,18,8.2,49.0
2025-01-15,19,10.1,39.0
2025-01-15,20,16.3,28.0
2025-01-15,21,18.9,32.0
2025-01-15,22,19.1,32.0
2025-01-15,23,17.0,32.0
2025-01-15,24,14.5,28.0
2025-01-16,1,12.3,25.0
2025-01-16,2,11.4,24.0
2025-01-16,3,11.7,34.0
2025-01-16,4,10.9,39.0
2025-01-16,5,9.1,36.0
2025-01-16,6,9.1,27.0
2025-01-16,7,8.8,33.0
2025-01-16,8,6.4,350.0
2025-01-16,9,8.7,342.0
2025-01-16,10,10.3,354.0
2025-01-16,11,9.2,348.0
2025-01-16,12,8.3,358.0
2025-01-16,13,7.4,357.0
2025-01-16,14,3.4,344.0
2025-01-16,15,4.1,315.0
2025-01-16,16,6.4,338.0
2025-01-16,17,5.8,7.0
2025-01-16,18,1.9,61.0
2025-01-16,19,6.5,321.0
2025-01-16,20,7.0,348.0
2025-01-16,21,6.0,87.0
2025-01-16,22,4.0,3.0
2025-01-16,23,9.4,24.0
2025-01-16,24,5.4,37.0
2025-01-17,1,3.1,24.0
2025-01-17,2,5.2,356.0
2025-01-17,3,0.9,217.0
2025-01-17,4,7.4,313.0
2025-01-17,5,3.3,276.0
2025-01-17,6,7.8,322.0
2025-01-17,7,6.1,330.0
2025-01-17,8,5.3,282.0
2025-01-17,9,2.6,258.0
2025-01-17,10,3.5,204.0
2025-01-17,11,16.6,201.0
2025-01-17,12,18.1,210.0
2025-01-17,13,18.1,218.0
2025-01-17,14,12.9,220.0
2025-01-17,15,12.3,220.0
2025-01-17,16,9.8,227.0
2025-01-17,17,9.5,284.0
2025-01-17,18,26.4,338.0
2025-01-17,19,36.7,344.0
2025-01-17,20,17.8,45.0
2025-01-17,21,29.6,48.0
2025-01-17,22,28.0,47.0
2025-01-17,23,23.3,44.0
2025-01-17,24,23.2,34.0
2025-01-18,1,23.6,39.0
2025-01-18,2,22.1,44.0
2025-01-18,3,20.3,48.0
2025-01-18,4,18.3,51.0
2025-01-18,5,16.0,54.0
2025-01-18,6,14.4,52.0
2025-01-18,7,12.7,45.0
2025-01-18,8,18.3,45.0
2025-01-18,9,19.0,45.0
2025-01-18,10,19.6,44.0
2025-01-18,11,20.9,46.0
2025-01-18,12,20.9,46.0
2025-01-18,13,19.7,48.0
2025-01-18,14,17.2,47.0
2025-01-18,15,12.4,42.0
2025-01-18,16,8.1,35.0
2025-01-18,17,6.9,37.0
2025-01-18,18,6.1,47.0
2025-01-18,19,6.1,109.0
2025-01-18,20,5.4,178.0
2025-01-18,21,6.5,177.0
2025-01-18,22,5.6,174.0
2025-01-18,23,4.6,159.0
2025-01-18,24,1.8,169.0
2025-01-19,1,1.7,167.0
2025-01-19,2,2.7,172.0
2025-01-19,3,1.7,238.0
2025-01-19,4,0.5,180.0
2025-01-19,5,0.0,270.0
2025-01-19,6,2.5,352.0
2025-01-19,7,4.4,353.0
2025-01-19,8,5.8,346.0
2025-01-19,9,3.1,13.0
2025-01-19,10,1.7,18.0
2025-01-19,11,2.0,27.0
2025-01-19,12,4.9,24.0
2025-01-19,13,4.7,32.0
2025-01-19,14,3.1,353.0
2025-01-19,15,5.9,333.0
2025-01-19,16,7.4,346.0
2025-01-19,17,6.8,3.0
2025-01-19,18,7.4,23.0
2025-01-19,19,8.8,31.0
2025-01-19,20,9.0,43.0
2025-01-19,21,9.6,57.0
2025-01-19,22,15.3,30.0
2025-01-19,23,25.6,42.0
2025-01-19,24,30.8,43.0
2025-01-20,1,31.5,43.0
2025-01-20,2,32.2,44.0
2025-01-20,3,32.1,46.0
2025-01-20,4,31.3,47.0
2025-01-20,5,31.2,48.0
2025-01-20,6,30.2,51.0
2025-01-20,7,27.0,55.0
2025-01-20,8,25.2,55.0
2025-01-20,9,22.0,55.0
2025-01-20,10,18.2,54.0
2025-01-20,11,14.8,47.0
2025-01-20,12,12.4,41.0
2025-01-20,13,9.0,10.0
2025-01-20,14,7.5,339.0
2025-01-20,15,3.4,335.0
2025-01-20,16,1.4,140.0
2025-01-20,17,3.9,204.0
2025-01-20,18,6.2,195.0
2025-01-20,19,8.4,208.0
2025-01-20,20,6.9,200.0
2025-01-20,21,7.7,164.0
2025-01-20,22,9.3,165.0
2025-01-20,23,8.1,167.0
2025-01-20,24,3.3,158.0
2025-01-21,1,3.1,350.0
2025-01-21,2,6.2,343.0
2025-01-21,3,4.0,3.0
2025-01-21,4,5.4,360.0
2025-01-21,5,4.2,12.0
2025-01-21,6,4.1,360.0
2025-01-21,7,4.2,348.0
2025-01-21,8,2.6,344.0
2025-01-21,9,3.0,14.0
2025-01-21,10,6.0,351.0
2025-01-21,11,10.7,352.0
2025-01-21,12,8.5,1.0
2025-01-21,13,5.0,334.0
2025-01-21,14,13.9,339.0
2025-01-21,15,10.3,6.0
2025-01-21,16,8.8,26.0
2025-01-21,17,8.7,21.0
2025-01-21,18,9.4,8.0
2025-01-21,19,12.1,3.0
2025-01-21,20,11.3,10.0
2025-01-21,21,22.6,19.0
2025-01-21,22,13.2,53.0
2025-01-21,23,6.1,56.0
2025-01-21,24,0.6,72.0
2025-01-22,1,2.1,211.0
2025-01-22,2,4.7,47.0
2025-01-22,3,2.7,62.0
2025-01-22,4,2.1,31.0
2025-01-22,5,5.6,25.0
2025-01-22,6,4.2,50.0
2025-01-22,7,3.8,82.0
2025-01-22,8,4.2,121.0
2025-01-22,9,8.5,179.0
2025-01-22,10,7.1,190.0
2025-01-22,11,6.6,171.0
2025-01-22,12,7.7,168.0
2025-01-22,13,5.7,193.0
2025-01-22,14,9.3,199.0
2025-01-22,15,8.3,214.0
2025-01-22,16,9.8,224.0
2025-01-22,17,11.3,200.0
2025-01-22,18,14.6,213.0
2025-01-22,19,13.4,241.0
2025-01-22,20,9.7,235.0
2025-01-22,21,10.5,12.0
2025-01-22,22,11.4,41.0
2025-01-22,23,5.0,69.0
2025-01-22,24,5.8,36.0
2025-01-23,1,4.5,34.0
2025-01-23,2,3.1,45.0
2025-01-23,3,3.7,39.0
2025-01-23,4,5.6,17.0
2025-01-23,5,6.1,19.0
2025-01-23,6,6.1,78.0
2025-01-23,7,6.4,82.0
2025-01-23,8,5.9,346.0
2025-01-23,9,8.1,5.0
2025-01-23,10,9.7,18.0
2025-01-23,11,8.4,23.0
2025-01-23,12,9.4,5.0
2025-01-23,13,9.3,10.0
2025-01-23,14,8.0,5.0
2025-01-23,15,5.1,32.0
2025-01-23,16,4.6,11.0
2025-01-23,17,5.0,15.0
2025-01-23,18,9.0,1.0
2025-01-23,19,9.3,22.0
2025-01-23,20,11.8,19.0
2025-01-23,21,14.1,23.0
2025-01-23,22,14.6,33.0
2025-01-23,23,7.8,23.0
2025-01-23,24,7.9,12.0
2025-01-24,1,9.1,10.0
2025-01-24,2,8.3,18.0
2025-01-24,3,7.1,6.0
2025-01-24,4,8.3,2.0
2025-01-24,5,9.7,2.0
2025-01-24,6,9.9,12.0
2025-01-24,7,12.1,15.0
2025-01-24,8,9.5,25.0
2025-01-24,9,8.2,26.0
2025-01-24,10,7.5,21.0
2025-01-24,11,5.3,33.0
2025-01-24,12,5.1,39.0
2025-01-24,13,3.5,9.0
2025-01-24,14,7.2,4.0
2025-01-24,15,4.2,10.0
2025-01-24,16,2.7,352.0
2025-01-24,17,2.8,305.0
2025-01-24,18,5.6,327.0
2025-01-24,19,8.1,354.0
2025-01-24,20,7.9,24.0
2025-01-24,21,18.8,26.0
2025-01-24,22,24.6,42.0
2025-01-24,23,20.9,43.0
2025-01-24,24,22.4,22.0
2025-01-25,1,28.2,25.0
2025-01-25,2,34.1,29.0
2025-01-25,3,36.6,35.0
2025-01-25,4,37.4,35.0
2025-01-25,5,33.4,34.0
2025-01-25,6,32.8,32.0
2025-01-25,7,31.8,31.0
2025-01-25,8,33.2,27.0
2025-01-25,9,34.8,27.0
2025-01-25,10,31.7,24.0
2025-01-25,11,28.6,21.0
2025-01-25,12,27.0,19.0
2025-01-25,13,23.0,17.0
2025-01-25,14,19.2,10.0
2025-01-25,15,18.3,13.0
2025-01-25,16,17.4,21.0
2025-01-25,17,16.3,16.0
2025-01-25,18,17.6,6.0
2025-01-25,19,22.5,358.0
2025-01-25,20,24.0,4.0
2025-01-25,21,24.9,12.0
2025-01-25,22,20.2,13.0
2025-01-25,23,14.0,12.0
2025-01-25,24,14.9,8.0
2025-01-26,1,14.1,14.0
2025-01-26,2,11.2,22.0
2025-01-26,3,13.3,16.0
2025-01-26,4,14.2,24.0
2025-01-26,5,15.7,25.0
2025-01-26,6,15.0,34.0
2025-01-26,7,12.5,43.0
2025-01-26,8,13.9,39.0
2025-01-26,9,17.0,26.0
2025-01-26,10,18.5,29.0
2025-01-26,11,15.4,38.0
2025-01-26,12,12.9,36.0
2025-01-26,13,13.3,27.0
2025-01-26,14,13.2,22.0
2025-01-26,15,11.2,16.0
2025-01-26,16,10.5,17.0
2025-01-26,17,10.7,16.0
2025-01-26,18,9.8,30.0
2025-01-26,19,10.5,39.0
2025-01-26,20,12.2,56.0
2025-01-26,21,9.8,50.0
2025-01-26,22,9.7,19.0
2025-01-26,23,15.7,9.0
2025-01-26,24,17.0,24.0
2025-01-27,1,9.7,43.0
2025-01-27,2,4.0,36.0
2025-01-27,3,6.6,33.0
2025-01-27,4,6.8,48.0
2025-01-27,5,4.5,67.0
2025-01-27,6,0.7,14.0
2025-01-27,7,5.9,20.0
2025-01-27,8,3.1,10.0
2025-01-27,9,8.7,37.0
2025-01-27,10,5.5,49.0
2025-01-27,11,7.4,22.0
2025-01-27,12,6.4,54.0
2025-01-27,13,3.9,13.0
2025-01-27,14,1.5,21.0
2025-01-27,15,1.5,166.0
2025-01-27,16,2.2,222.0
2025-01-27,17,3.7,215.0
2025-01-27,18,7.2,215.0
2025-01-27,19,11.1,223.0
2025-01-27,20,7.7,231.0
2025-01-27,21,3.5,231.0
2025-01-27,22,2.8,117.0
2025-01-27,23,2.7,28.0
2025-01-27,24,8.7,14.0
2025-01-28,1,6.8,40.0
2025-01-28,2,4.5,23.0
2025-01-28,3,4.8,13.0
2025-01-28,4,0.4,27.0
2025-01-28,5,2.2,318.0
2025-01-28,6,4.0,5.0
2025-01-28,7,7.0,29.0
2025-01-28,8,11.8,36.0
2025-01-28,9,14.9,34.0
2025-01-28,10,14.1,35.0
2025-01-28,11,11.5,39.0
2025-01-28,12,6.4,54.0
2025-01-28,13,2.7,37.0
2025-01-28,14,1.4,220.0
2025-01-28,15,4.2,227.0
2025-01-28,16,4.2,223.0
2025-01-28,17,5.5,238.0
2025-01-28,18,7.1,240.0
2025-01-28,19,8.5,234.0
2025-01-28,20,4.0,198.0
2025-01-28,21,1.9,209.0
2025-01-28,22,0.8,27.0
2025-01-28,23,4.0,352.0
2025-01-28,24,7.0,13.0
2025-01-29,1,4.2,10.0
2025-01-29,2,3.5,351.0
2025-01-29,3,6.0,21.0
2025-01-29,4,3.1,24.0
2025-01-29,5,5.2,16.0
2025-01-29,6,7.1,34.0
2025-01-29,7,8.1,37.0
2025-01-29,8,9.6,41.0
2025-01-29,9,11.5,25.0
2025-01-29,10,5.8,51.0
2025-01-29,11,4.0,36.0
2025-01-29,12,3.8,45.0
2025-01-29,13,1.2,63.0
2025-01-29,14,1.9,253.0
2025-01-29,15,2.9,248.0
2025-01-29,16,4.0,231.0
2025-01-29,17,5.4,250.0
2025-01-29,18,3.7,241.0
2025-01-29,19,5.3,215.0
2025-01-29,20,1.8,264.0
2025-01-29,21,0.9,349.0
2025-01-29,22,0.8,45.0
2025-01-29,23,2.1,345.0
2025-01-29,24,4.3,2.0
2025-01-30,1,4.8,22.0
2025-01-30,2,5.8,20.0
2025-01-30,3,7.5,20.0
2025-01-30,4,8.9,29.0
2025-01-30,5,9.2,31.0
2025-01-30,6,7.7,31.0
2025-01-30,7,6.8,29.0
2025-01-30,8,8.3,20.0
2025-01-30,9,7.5,20.0
2025-01-30,10,4.9,33.0
2025-01-30,11,7.3,28.0
2025-01-30,12,7.2,25.0
2025-01-30,13,6.5,39.0
2025-01-30,14,7.3,25.0
2025-01-30,15,6.1,45.0
2025-01-30,16,4.2,59.0
2025-01-30,17,4.5,34.0
2025-01-30,18,6.8,17.0
2025-01-30,19,6.6,37.0
2025-01-30,20,12.7,29.0
2025-01-30,21,13.4,35.0
2025-01-30,22,14.2,21.0
2025-01-30,23,13.5,16.0
2025-01-30,24,11.7,11.0
2025-01-31,1,9.5,2.0
2025-01-31,2,10.1,357.0
2025-01-31,3,6.8,12.0
2025-01-31,4,9.6,6.0
2025-01-31,5,6.4,16.0
2025-01-31,6,5.8,358.0
2025-01-31,7,6.2,352.0
2025-01-31,8,9.4,342.0
2025-01-31,9,7.0,13.0
2025-01-31,10,6.1,2.0
2025-01-31,11,8.0,350.0
2025-01-31,12,12.9,345.0
2025-01-31,13,10.3,345.0
2025-01-31,14,8.0,304.0
2025-01-31,15,9.3,285.0
2025-01-31,16,10.1,235.0
2025-01-31,17,18.0,207.0
2025-01-31,18,24.4,203.0
2025-01-31,19,24.8,189.0
2025-01-31,20,31.5,188.0
2025-01-31,21,28.5,184.0
2025-01-31,22,28.0,191.0
2025-01-31,23,29.3,194.0
2025-01-31,24,33.0,200.0
2025-02-01,1,35.6,201.0
2025-02-01,2,36.3,206.0
2025-02-01,3,39.9,211.0
2025-02-01,4,44.6,213.0
2025-02-01,5,45.3,216.0
2025-02-01,6,44.3,219.0
2025-02-01,7,45.9,217.0
2025-02-01,8,43.7,215.0
2025-02-01,9,41.6,215.0
2025-02-01,10,40.0,211.0
2025-02-01,11,39.2,221.0
2025-02-01,12,40.6,216.0
2025-02-01,13,44.5,211.0
2025-02-01,14,43.8,217.0
2025-02-01,15,43.6,218.0
2025-02-01,16,44.5,216.0
2025-02-01,17,46.2,217.0
2025-02-01,18,48.4,213.0
2025-02-01,19,47.9,211.0
2025-02-01,20,47.8,213.0
2025-02-01,21,48.4,214.0
2025-02-01,22,44.9,212.0
2025-02-01,23,37.4,213.0
2025-02-01,24,32.0,206.0
2025-02-02,1,29.4,203.0
2025-02-02,2,30.6,197.0
2025-02-02,3,28.7,199.0
2025-02-02,4,22.4,193.0
2025-02-02,5,14.1,197.0
2025-02-02,6,11.4,191.0
2025-02-02,7,10.7,194.0
2025-02-02,8,12.4,181.0
2025-02-02,9,18.2,203.0
2025-02-02,10,32.9,210.0
2025-02-02,11,41.2,212.0
2025-02-02,12,42.5,213.0
2025-02-02,13,44.1,209.0
2025-02-02,14,45.6,208.0
2025-02-02,15,46.5,207.0
2025-02-02,16,42.2,212.0
2025-02-02,17,37.1,215.0
2025-02-02,18,29.3,220.0
2025-02-02,19,27.1,220.0
2025-02-02,20,30.9,215.0
2025-02-02,21,35.7,236.0
2025-02-02,22,38.3,239.0
2025-02-02,23,39.4,228.0
2025-02-02,24,40.9,212.0
2025-02-03,1,41.7,214.0
2025-02-03,2,42.9,210.0
2025-02-03,3,42.5,210.0
2025-02-03,4,41.0,209.0
2025-02-03,5,38.5,207.0
2025-02-03,6,33.5,210.0
2025-02-03,7,30.0,213.0
2025-02-03,8,29.0,197.0
2025-02-03,9,25.6,198.0
2025-02-03,10,19.6,210.0
2025-02-03,11,12.0,212.0
2025-02-03,12,3.3,229.0
2025-02-03,13,2.5,339.0
2025-02-03,14,1.8,307.0
2025-02-03,15,1.4,320.0
2025-02-03,16,3.6,327.0
2025-02-03,17,4.2,355.0
2025-02-03,18,2.9,360.0
2025-02-03,19,2.7,20.0
2025-02-03,20,1.4,270.0
2025-02-03,21,12.0,351.0
2025-02-03,22,22.5,6.0
2025-02-03,23,20.4,12.0
2025-02-03,24,19.5,18.0
2025-02-04,1,11.9,23.0
2025-02-04,2,6.9,355.0
2025-02-04,3,6.8,328.0
2025-02-04,4,6.6,325.0
2025-02-04,5,8.8,348.0
2025-02-04,6,3.1,50.0
2025-02-04,7,7.9,191.0
2025-02-04,8,10.7,163.0
2025-02-04,9,11.7,181.0
2025-02-04,10,6.7,185.0
2025-02-04,11,3.0,38.0
2025-02-04,12,17.2,350.0
2025-02-04,13,14.0,9.0
2025-02-04,14,14.3,29.0
2025-02-04,15,7.8,50.0
2025-02-04,16,0.6,34.0
2025-02-04,17,6.3,357.0
2025-02-04,18,3.4,357.0
2025-02-04,19,2.9,7.0
2025-02-04,20,7.0,29.0
2025-02-04,21,4.7,118.0
2025-02-04,22,5.4,140.0
2025-02-04,23,3.6,131.0
2025-02-04,24,5.2,160.0
2025-02-05,1,11.3,167.0
2025-02-05,2,30.6,165.0
2025-02-05,3,36.4,173.0
2025-02-05,4,33.9,189.0
2025-02-05,5,26.1,210.0
2025-02-05,6,27.7,232.0
2025-02-05,7,45.7,198.0
2025-02-05,8,38.7,220.0
2025-02-05,9,38.0,200.0
2025-02-05,10,39.4,207.0
2025-02-05,11,41.5,213.0
2025-02-05,12,45.6,216.0
2025-02-05,13,49.5,229.0
2025-02-05,14,56.2,239.0
2025-02-05,15,56.7,241.0
2025-02-05,16,58.6,240.0
2025-02-05,17,54.6,237.0
2025-02-05,18,48.8,235.0
2025-02-05,19,45.7,232.0
2025-02-05,20,42.6,234.0
2025-02-05,21,39.9,234.0
2025-02-05,22,35.3,233.0
2025-02-05,23,30.6,227.0
2025-02-05,24,28.0,204.0
2025-02-06,1,29.0,203.0
2025-02-06,2,27.1,194.0
2025-02-06,3,26.8,191.0
2025-02-06,4,23.6,193.0
2025-02-06,5,22.9,187.0
2025-02-06,6,21.1,183.0
2025-02-06,7,19.1,177.0
2025-02-06,8,14.3,174.0
2025-02-06,9,7.8,165.0
2025-02-06,10,2.2,104.0
2025-02-06,11,5.4,4.0
2025-02-06,12,5.7,11.0
2025-02-06,13,10.3,2.0
2025-02-06,14,13.9,356.0
2025-02-06,15,15.3,3.0
2025-02-06,16,16.9,12.0
2025-02-06,17,14.4,38.0
2025-02-06,18,10.0,34.0
2025-02-06,19,13.2,30.0
2025-02-06,20,18.0,32.0
2025-02-06,21,16.3,37.0
2025-02-06,22,14.2,24.0
2025-02-06,23,16.3,14.0
2025-02-06,24,18.9,16.0
2025-02-07,1,21.8,3.0
2025-02-07,2,22.1,14.0
2025-02-07,3,13.6,41.0
2025-02-07,4,1.0,31.0
2025-02-07,5,14.2,322.0
2025-02-07,6,8.7,356.0
2025-02-07,7,2.5,262.0
2025-02-07,8,14.6,180.0
2025-02-07,9,12.5,238.0
2025-02-07,10,26.5,289.0
2025-02-07,11,35.3,218.0
2025-02-07,12,43.2,195.0
2025-02-07,13,44.9,216.0
2025-02-07,14,49.3,228.0
2025-02-07,15,54.3,231.0
2025-02-07,16,59.2,225.0
2025-02-07,17,59.1,226.0
2025-02-07,18,53.5,225.0
2025-02-07,19,50.0,221.0
2025-02-07,20,37.4,220.0
2025-02-07,21,36.0,210.0
2025-02-07,22,34.8,204.0
2025-02-07,23,33.2,199.0
2025-02-07,24,34.7,199.0
2025-02-08,1,38.8,200.0
2025-02-08,2,39.4,206.0
2025-02-08,3,41.2,212.0
2025-02-08,4,42.6,213.0
2025-02-08,5,43.0,212.0
2025-02-08,6,37.9,210.0
2025-02-08,7,33.9,214.0
2025-02-08,8,28.7,221.0
2025-02-08,9,28.0,223.0
2025-02-08,10,28.8,223.0
2025-02-08,11,31.1,225.0
2025-02-08,12,31.7,224.0
2025-02-08,13,32.7,227.0
2025-02-08,14,34.9,231.0
2025-02-08,15,35.5,237.0
2025-02-08,16,31.2,246.0
2025-02-08,17,25.8,254.0
2025-02-08,18,22.4,258.0
2025-02-08,19,18.8,260.0
2025-02-08,20,22.3,238.0
2025-02-08,21,23.1,216.0
2025-02-08,22,28.9,205.0
2025-02-08,23,32.4,204.0
2025-02-08,24,31.7,204.0
2025-02-09,1,32.3,202.0
2025-02-09,2,32.5,205.0
2025-02-09,3,33.0,208.0
2025-02-09,4,32.8,213.0
2025-02-09,5,30.5,216.0
2025-02-09,6,27.6,217.0
2025-02-09,7,24.5,219.0
2025-02-09,8,22.5,220.0
2025-02-09,9,21.0,219.0
2025-02-09,10,20.5,219.0
2025-02-09,11,23.2,223.0
2025-02-09,12,23.3,228.0
2025-02-09,13,21.2,237.0
2025-02-09,14,20.7,251.0
2025-02-09,15,17.6,269.0
2025-02-09,16,14.2,285.0
2025-02-09,17,12.1,310.0
2025-02-09,18,12.7,13.0
2025-02-09,19,11.6,46.0
2025-02-09,20,5.5,287.0
2025-02-09,21,3.1,270.0
2025-02-09,22,3.2,270.0
2025-02-09,23,4.1,315.0
2025-02-09,24,1.2,297.0
2025-02-10,1,4.0,188.0
2025-02-10,2,4.5,203.0
2025-02-10,3,4.3,213.0
2025-02-10,4,4.9,180.0
2025-02-10,5,5.4,180.0
2025-02-10,6,2.8,207.0
2025-02-10,7,0.8,315.0
2025-02-10,8,4.0,231.0
2025-02-10,9,2.9,292.0
2025-02-10,10,3.3,299.0
2025-02-10,11,4.0,309.0
2025-02-10,12,1.9,304.0
2025-02-10,13,3.0,232.0
2025-02-10,14,8.5,216.0
2025-02-10,15,9.4,223.0
2025-02-10,16,10.8,237.0
2025-02-10,17,11.8,239.0
2025-02-10,18,12.4,242.0
2025-02-10,19,12.3,285.0
2025-02-10,20,9.5,346.0
2025-02-10,21,4.6,54.0
2025-02-10,22,4.9,129.0
2025-02-10,23,2.3,122.0
2025-02-10,24,5.2,44.0
2025-02-11,1,7.8,48.0
2025-02-11,2,8.8,49.0
2025-02-11,3,7.6,68.0
2025-02-11,4,4.4,78.0
2025-02-11,5,8.6,12.0
2025-02-11,6,11.4,21.0
2025-02-11,7,10.1,29.0
2025-02-11,8,9.8,38.0
2025-02-11,9,8.4,28.0
2025-02-11,10,7.4,26.0
2025-02-11,11,5.8,34.0
2025-02-11,12,4.5,40.0
2025-02-11,13,3.3,49.0
2025-02-11,14,2.3,39.0
2025-02-11,15,2.0,333.0
2025-02-11,16,4.1,322.0
2025-02-11,17,5.2,319.0
2025-02-11,18,5.6,299.0
2025-02-11,19,6.7,265.0
2025-02-11,20,10.6,223.0
2025-02-11,21,14.7,215.0
2025-02-11,22,15.6,229.0
2025-02-11,23,16.5,221.0
2025-02-11,24,10.3,211.0
2025-02-12,1,5.4,214.0
2025-02-12,2,10.8,212.0
2025-02-12,3,11.8,220.0
2025-02-12,4,13.2,214.0
2025-02-12,5,15.0,212.0
2025-02-12,6,15.9,219.0
2025-02-12,7,13.4,209.0
2025-02-12,8,14.4,195.0
2025-02-12,9,12.9,199.0
2025-02-12,10,8.9,198.0
2025-02-12,11,2.8,195.0
2025-02-12,12,1.6,276.0
2025-02-12,13,2.3,299.0
2025-02-12,14,3.3,319.0
2025-02-12,15,4.1,283.0
2025-02-12,16,6.8,252.0
2025-02-12,17,8.6,248.0
2025-02-12,18,9.3,245.0
2025-02-12,19,7.6,251.0
2025-02-12,20,5.7,252.0
2025-02-12,21,1.3,188.0
2025-02-12,22,6.5,157.0
2025-02-12,23,11.9,170.0
2025-02-12,24,14.2,181.0
2025-02-13,1,10.6,177.0
2025-02-13,2,6.7,156.0
2025-02-13,3,5.7,145.0
2025-02-13,4,3.7,141.0
2025-02-13,5,1.4,113.0
2025-02-13,6,5.1,17.0
2025-02-13,7,6.0,39.0
2025-02-13,8,5.1,27.0
2025-02-13,9,7.8,355.0
2025-02-13,10,9.9,10.0
2025-02-13,11,15.1,29.0
2025-02-13,12,16.5,20.0
2025-02-13,13,17.7,13.0
2025-02-13,14,20.4,14.0
2025-02-13,15,20.4,2.0
2025-02-13,16,19.5,9.0
2025-02-13,17,15.4,14.0
2025-02-13,18,14.3,20.0
2025-02-13,19,10.0,21.0
2025-02-13,20,6.4,333.0
2025-02-13,21,15.9,329.0
2025-02-13,22,13.7,5.0
2025-02-13,23,12.5,21.0
2025-02-13,24,12.2,358.0
2025-02-14,1,16.5,6.0
2025-02-14,2,21.2,7.0
2025-02-14,3,13.4,20.0
2025-02-14,4,12.4,10.0
2025-02-14,5,10.3,15.0
2025-02-14,6,11.7,359.0
2025-02-14,7,10.8,355.0
2025-02-14,8,2.4,99.0
2025-02-14,9,7.1,264.0
2025-02-14,10,8.2,256.0
2025-02-14,11,10.1,224.0
2025-02-14,12,13.9,250.0
2025-02-14,13,10.3,251.0
2025-02-14,14,7.0,226.0
2025-02-14,15,8.4,230.0
2025-02-14,16,14.9,224.0
2025-02-14,17,21.9,219.0
2025-02-14,18,21.3,223.0
2025-02-14,19,24.0,219.0
2025-02-14,20,29.3,210.0
2025-02-14,21,29.2,213.0
2025-02-14,22,30.3,212.0
2025-02-14,23,29.3,213.0
2025-02-14,24,28.5,214.0
2025-02-15,1,28.3,214.0
2025-02-15,2,30.2,211.0
2025-02-15,3,32.3,215.0
2025-02-15,4,35.4,218.0
2025-02-15,5,35.4,217.0
2025-02-15,6,33.1,217.0
2025-02-15,7,33.1,220.0
2025-02-15,8,32.4,221.0
2025-02-15,9,24.7,211.0
2025-02-15,10,23.1,202.0
2025-02-15,11,22.2,198.0
2025-02-15,12,21.4,197.0
2025-02-15,13,23.5,196.0
2025-02-15,14,26.5,203.0
2025-02-15,15,27.0,209.0
2025-02-15,16,26.0,213.0
2025-02-15,17,28.3,214.0
2025-02-15,18,28.0,210.0
2025-02-15,19,30.8,210.0
2025-02-15,20,30.0,209.0
2025-02-15,21,30.8,207.0
2025-02-15,22,34.1,206.0
2025-02-15,23,33.7,202.0
2025-02-15,24,34.9,199.0
2025-02-16,1,35.9,201.0
2025-02-16,2,35.3,207.0
2025-02-16,3,34.8,209.0
2025-02-16,4,31.5,211.0
2025-02-16,5,25.3,207.0
2025-02-16,6,22.0,209.0
2025-02-16,7,19.9,210.0
2025-02-16,8,17.9,212.0
2025-02-16,9,19.3,214.0
2025-02-16,10,19.8,202.0
2025-02-16,11,20.9,205.0
2025-02-16,12,22.4,215.0
2025-02-16,13,23.7,219.0
2025-02-16,14,26.7,221.0
2025-02-16,15,26.0,219.0
2025-02-16,16,28.1,214.0
2025-02-16,17,29.1,210.0
2025-02-16,18,29.5,213.0
2025-02-16,19,28.0,215.0
2025-02-16,20,22.8,215.0
2025-02-16,21,23.4,219.0
2025-02-16,22,23.6,218.0
2025-02-16,23,25.9,221.0
2025-02-16,24,25.3,220.0
2025-02-17,1,28.8,221.0
2025-02-17,2,32.1,217.0
2025-02-17,3,32.8,218.0
2025-02-17,4,35.4,220.0
2025-02-17,5,31.0,218.0
2025-02-17,6,31.2,216.0
2025-02-17,7,34.0,216.0
2025-02-17,8,33.7,214.0
2025-02-17,9,32.3,214.0
2025-02-17,10,34.3,213.0
2025-02-17,11,34.7,217.0
2025-02-17,12,36.9,216.0
2025-02-17,13,35.9,220.0
2025-02-17,14,33.8,215.0
2025-02-17,15,35.7,221.0
2025-02-17,16,35.3,219.0
2025-02-17,17,36.6,222.0
2025-02-17,18,35.9,227.0
2025-02-17,19,38.6,226.0
2025-02-17,20,36.2,218.0
2025-02-17,21,37.9,217.0
2025-02-17,22,38.2,213.0
2025-02-17,23,38.1,214.0
2025-02-17,24,36.4,214.0
2025-02-18,1,35.9,214.0
2025-02-18,2,36.1,213.0
2025-02-18,3,36.8,212.0
2025-02-18,4,37.1,213.0
2025-02-18,5,38.0,216.0
2025-02-18,6,36.1,217.0
2025-02-18,7,33.9,215.0
2025-02-18,8,32.2,208.0
2025-02-18,9,31.8,207.0
2025-02-18,10,32.8,208.0
2025-02-18,11,32.7,208.0
2025-02-18,12,32.2,209.0
2025-02-18,13,34.8,211.0
2025-02-18,14,35.4,212.0
2025-02-18,15,37.2,216.0
2025-02-18,16,35.5,219.0
2025-02-18,17,30.9,218.0
2025-02-18,18,28.1,218.0
2025-02-18,19,27.4,215.0
2025-02-18,20,22.7,205.0
2025-02-18,21,28.8,205.0
2025-02-18,22,32.2,210.0
2025-02-18,23,33.8,204.0
2025-02-18,24,33.2,207.0
2025-02-19,1,29.3,205.0
2025-02-19,2,29.2,204.0
2025-02-19,3,28.2,206.0
2025-02-19,4,27.4,208.0
2025-02-19,5,25.9,205.0
2025-02-19,6,24.8,210.0
2025-02-19,7,21.8,214.0
2025-02-19,8,14.6,201.0
2025-02-19,9,8.2,221.0
2025-02-19,10,3.5,258.0
2025-02-19,11,4.1,272.0
2025-02-19,12,3.2,308.0
2025-02-19,13,5.9,322.0
2025-02-19,14,6.5,330.0
2025-02-19,15,8.2,352.0
2025-02-19,16,12.1,348.0
2025-02-19,17,7.7,348.0
2025-02-19,18,5.9,14.0
2025-02-19,19,2.6,34.0
2025-02-19,20,6.8,53.0
2025-02-19,21,6.5,14.0
2025-02-19,22,6.1,32.0
2025-02-19,23,5.0,26.0
2025-02-19,24,8.3,42.0
2025-02-20,1,6.6,349.0
2025-02-20,2,10.4,21.0
2025-02-20,3,8.8,9.0
2025-02-20,4,5.5,9.0
2025-02-20,5,6.8,358.0
2025-02-20,6,10.0,14.0
2025-02-20,7,12.2,2.0
2025-02-20,8,13.0,6.0
2025-02-20,9,12.0,9.0
2025-02-20,10,6.4,22.0
2025-02-20,11,3.1,31.0
2025-02-20,12,2.0,170.0
2025-02-20,13,7.0,212.0
2025-02-20,14,11.7,227.0
2025-02-20,15,12.9,221.0
2025-02-20,16,17.6,203.0
2025-02-20,17,22.3,208.0
2025-02-20,18,24.7,212.0
2025-02-20,19,26.6,212.0
2025-02-20,20,28.9,215.0
2025-02-20,21,28.5,217.0
2025-02-20,22,27.2,209.0
2025-02-20,23,24.3,203.0
2025-02-20,24,20.9,202.0
2025-02-21,1,19.1,199.0
2025-02-21,2,21.6,204.0
2025-02-21,3,25.5,213.0
2025-02-21,4,24.5,212.0
2025-02-21,5,22.6,213.0
2025-02-21,6,19.6,212.0
2025-02-21,7,15.4,209.0
2025-02-21,8,18.5,212.0
2025-02-21,9,15.0,233.0
2025-02-21,10,11.9,238.0
2025-02-21,11,9.2,223.0
2025-02-21,12,7.1,201.0
2025-02-21,13,9.1,205.0
2025-02-21,14,16.7,221.0
2025-02-21,15,15.9,237.0
2025-02-21,16,12.7,239.0
2025-02-21,17,13.7,218.0
2025-02-21,18,11.7,239.0
2025-02-21,19,8.1,266.0
2025-02-21,20,6.9,307.0
2025-02-21,21,9.9,358.0
2025-02-21,22,10.6,39.0
2025-02-21,23,8.4,50.0
2025-02-21,24,8.9,18.0
2025-02-22,1,6.1,45.0
2025-02-22,2,2.2,95.0
2025-02-22,3,2.0,27.0
2025-02-22,4,2.4,77.0
2025-02-22,5,1.7,13.0
2025-02-22,6,0.5,315.0
2025-02-22,7,1.2,309.0
2025-02-22,8,0.5,270.0
2025-02-22,9,1.7,319.0
2025-02-22,10,1.5,324.0
2025-02-22,11,1.9,311.0
2025-02-22,12,2.6,348.0
2025-02-22,13,4.7,342.0
2025-02-22,14,7.2,321.0
2025-02-22,15,3.1,332.0
2025-02-22,16,2.8,15.0
2025-02-22,17,4.4,30.0
2025-02-22,18,3.9,34.0
2025-02-22,19,3.3,347.0
2025-02-22,20,8.9,332.0
2025-02-22,21,11.8,54.0
2025-02-22,22,10.5,27.0
2025-02-22,23,7.1,6.0
2025-02-22,24,6.2,345.0
2025-02-23,1,9.0,3.0
2025-02-23,2,5.7,28.0
2025-02-23,3,3.0,14.0
2025-02-23,4,7.3,349.0
2025-02-23,5,1.9,17.0
2025-02-23,6,0.6,124.0
2025-02-23,7,0.6,124.0
2025-02-23,8,2.4,312.0
2025-02-23,9,5.2,299.0
2025-02-23,10,4.5,307.0
2025-02-23,11,9.0,218.0
2025-02-23,12,11.3,219.0
2025-02-23,13,10.2,253.0
2025-02-23,14,11.7,223.0
2025-02-23,15,10.0,236.0
2025-02-23,16,11.3,216.0
2025-02-23,17,17.5,201.0
2025-02-23,18,20.3,200.0
2025-02-23,19,20.4,206.0
2025-02-23,20,34.3,200.0
2025-02-23,21,35.7,199.0
2025-02-23,22,34.4,204.0
2025-02-23,23,37.3,209.0
2025-02-23,24,39.2,206.0
2025-02-24,1,41.7,204.0
2025-02-24,2,46.2,208.0
2025-02-24,3,48.5,213.0
2025-02-24,4,48.4,216.0
2025-02-24,5,45.4,219.0
2025-02-24,6,44.8,218.0
2025-02-24,7,44.5,216.0
2025-02-24,8,40.2,215.0
2025-02-24,9,39.7,213.0
2025-02-24,10,36.5,214.0
2025-02-24,11,31.9,212.0
2025-02-24,12,32.2,211.0
2025-02-24,13,32.0,210.0
2025-02-24,14,27.8,210.0
2025-02-24,15,22.3,208.0
2025-02-24,16,16.7,212.0
2025-02-24,17,13.8,208.0
2025-02-24,18,17.7,201.0
2025-02-24,19,20.9,209.0
2025-02-24,20,9.4,160.0
2025-02-24,21,21.5,174.0
2025-02-24,22,23.8,172.0
2025-02-24,23,24.4,185.0
2025-02-24,24,29.7,189.0
2025-02-25,1,32.5,202.0
2025-02-25,2,32.9,223.0
2025-02-25,3,29.9,230.0
2025-02-25,4,30.1,213.0
2025-02-25,5,35.6,205.0
2025-02-25,6,39.4,221.0
2025-02-25,7,41.6,219.0
2025-02-25,8,40.8,241.0
2025-02-25,9,35.3,230.0
2025-02-25,10,38.5,232.0
2025-02-25,11,37.2,221.0
2025-02-25,12,34.9,221.0
2025-02-25,13,36.4,226.0
2025-02-25,14,35.4,232.0
2025-02-25,15,35.2,236.0
2025-02-25,16,29.0,240.0
2025-02-25,17,28.5,234.0
2025-02-25,18,32.9,235.0
2025-02-25,19,33.8,235.0
2025-02-25,20,35.0,226.0
2025-02-25,21,38.7,208.0
2025-02-25,22,39.3,212.0
2025-02-25,23,37.7,203.0
2025-02-25,24,36.8,200.0
2025-02-26,1,33.6,201.0
2025-02-26,2,32.9,202.0
2025-02-26,3,30.6,202.0
2025-02-26,4,29.1,206.0
2025-02-26,5,28.8,204.0
2025-02-26,6,26.2,207.0
2025-02-26,7,24.7,205.0
2025-02-26,8,25.1,204.0
2025-02-26,9,26.4,208.0
2025-02-26,10,24.2,206.0
2025-02-26,11,17.6,205.0
2025-02-26,12,13.2,212.0
2025-02-26,13,14.4,208.0
2025-02-26,14,14.6,214.0
2025-02-26,15,11.9,221.0
2025-02-26,16,8.6,216.0
2025-02-26,17,7.5,188.0
2025-02-26,18,6.1,182.0
2025-02-26,19,6.7,156.0
2025-02-26,20,8.3,114.0
2025-02-26,21,10.0,128.0
2025-02-26,22,7.2,161.0
2025-02-26,23,6.9,194.0
2025-02-26,24,6.1,203.0
2025-02-27,1,6.5,194.0
2025-02-27,2,3.6,162.0
2025-02-27,3,3.3,54.0
2025-02-27,4,4.5,14.0
2025-02-27,5,4.3,33.0
2025-02-27,6,3.6,18.0
2025-02-27,7,4.8,13.0
2025-02-27,8,2.3,45.0
2025-02-27,9,4.5,346.0
2025-02-27,10,4.6,339.0
2025-02-27,11,4.2,335.0
2025-02-27,12,7.1,341.0
2025-02-27,13,5.3,342.0
2025-02-27,14,4.5,358.0
2025-02-27,15,5.0,360.0
2025-02-27,16,5.4,6.0
2025-02-27,17,5.3,24.0
2025-02-27,18,6.3,27.0
2025-02-27,19,9.1,36.0
2025-02-27,20,11.7,47.0
2025-02-27,21,15.1,40.0
2025-02-27,22,14.8,41.0
2025-02-27,23,15.1,41.0
2025-02-27,24,10.2,42.0
2025-02-28,1,6.9,15.0
2025-02-28,2,7.9,12.0
2025-02-28,3,10.0,20.0
2025-02-28,4,8.3,27.0
2025-02-28,5,6.5,42.0
2025-02-28,6,4.9,57.0
2025-02-28,7,4.1,45.0
2025-02-28,8,7.0,13.0
2025-02-28,9,7.0,35.0
2025-02-28,10,4.4,30.0
2025-02-28,11,8.0,31.0
2025-02-28,12,2.7,48.0
2025-02-28,13,5.3,322.0
2025-02-28,14,5.9,2.0
2025-02-28,15,7.8,26.0
2025-02-28,16,8.9,52.0
2025-02-28,17,5.7,77.0
2025-02-28,18,4.6,59.0
2025-02-28,19,6.6,33.0
2025-02-28,20,8.8,35.0
2025-02-28,21,9.3,46.0
2025-02-28,22,7.9,60.0
2025-02-28,23,6.4,61.0
2025-02-28,24,5.5,32.0
2025-03-01,1,6.9,14.0
2025-03-01,2,7.7,28.0
2025-03-01,3,5.2,44.0
2025-03-01,4,5.9,18.0
2025-03-01,5,9.7,25.0
2025-03-01,6,10.5,38.0
2025-03-01,7,8.3,34.0
2025-03-01,8,7.6,25.0
2025-03-01,9,7.1,34.0
2025-03-01,10,9.4,24.0
2025-03-01,11,11.6,36.0
2025-03-01,12,8.8,28.0
2025-03-01,13,7.0,360.0
2025-03-01,14,8.5,13.0
2025-03-01,15,8.3,39.0
2025-03-01,16,8.9,36.0
2025-03-01,17,10.2,46.0
2025-03-01,18,11.1,53.0
2025-03-01,19,12.2,53.0
2025-03-01,20,14.7,62.0
2025-03-01,21,13.6,53.0
2025-03-01,22,13.6,39.0
2025-03-01,23,13.0,31.0
2025-03-01,24,12.2,29.0
2025-03-02,1,12.9,27.0
2025-03-02,2,13.4,26.0
2025-03-02,3,6.5,39.0
2025-03-02,4,1.8,45.0
2025-03-02,5,6.9,33.0
2025-03-02,6,9.2,20.0
2025-03-02,7,6.0,339.0
2025-03-02,8,5.9,348.0
2025-03-02,9,6.3,323.0
2025-03-02,10,4.5,310.0
2025-03-02,11,5.0,360.0
2025-03-02,12,5.2,2.0
2025-03-02,13,6.5,355.0
2025-03-02,14,8.4,351.0
2025-03-02,15,9.9,323.0
2025-03-02,16,8.1,328.0
2025-03-02,17,7.2,360.0
2025-03-02,18,10.2,28.0
2025-03-02,19,14.5,37.0
2025-03-02,20,15.9,44.0
2025-03-02,21,18.5,44.0
2025-03-02,22,18.3,38.0
2025-03-02,23,17.0,39.0
2025-03-02,24,7.3,59.0
2025-03-03,1,4.3,112.0
2025-03-03,2,10.3,202.0
2025-03-03,3,14.8,180.0
2025-03-03,4,21.4,177.0
2025-03-03,5,14.8,198.0
2025-03-03,6,8.2,158.0
2025-03-03,7,1.3,315.0
2025-03-03,8,9.1,195.0
2025-03-03,9,5.9,192.0
2025-03-03,10,4.9,280.0
2025-03-03,11,3.1,177.0
2025-03-03,12,7.8,184.0
2025-03-03,13,11.5,194.0
2025-03-03,14,15.3,223.0
2025-03-03,15,16.7,242.0
2025-03-03,16,16.6,238.0
2025-03-03,17,9.9,272.0
2025-03-03,18,12.4,321.0
2025-03-03,19,19.5,339.0
2025-03-03,20,22.0,240.0
2025-03-03,21,13.1,255.0
2025-03-03,22,9.0,314.0
2025-03-03,23,10.0,347.0
2025-03-03,24,4.0,342.0
2025-03-04,1,6.2,197.0
2025-03-04,2,14.9,207.0
2025-03-04,3,16.6,214.0
2025-03-04,4,17.3,210.0
2025-03-04,5,18.1,208.0
2025-03-04,6,19.3,210.0
2025-03-04,7,20.2,208.0
2025-03-04,8,20.4,229.0
2025-03-04,9,17.7,221.0
2025-03-04,10,18.0,206.0
2025-03-04,11,21.0,211.0
2025-03-04,12,17.3,209.0
2025-03-04,13,16.8,215.0
2025-03-04,14,16.4,212.0
2025-03-04,15,18.2,214.0
2025-03-04,16,20.0,219.0
2025-03-04,17,21.3,220.0
2025-03-04,18,22.7,218.0
2025-03-04,19,21.3,208.0
2025-03-04,20,24.3,199.0
2025-03-04,21,25.1,204.0
2025-03-04,22,24.1,198.0
2025-03-04,23,26.0,201.0
2025-03-04,24,29.2,203.0
2025-03-05,1,32.5,205.0
2025-03-05,2,35.7,206.0
2025-03-05,3,35.2,210.0
2025-03-05,4,32.4,215.0
2025-03-05,5,30.0,213.0
2025-03-05,6,28.7,208.0
2025-03-05,7,26.1,203.0
2025-03-05,8,24.8,198.0
2025-03-05,9,24.4,198.0
2025-03-05,10,23.9,201.0
2025-03-05,11,23.7,208.0
2025-03-05,12,22.3,209.0
2025-03-05,13,18.1,209.0
2025-03-05,14,13.0,209.0
2025-03-05,15,7.6,188.0
2025-03-05,16,6.0,153.0
2025-03-05,17,6.1,102.0
2025-03-05,18,6.9,95.0
2025-03-05,19,11.2,86.0
2025-03-05,20,12.1,67.0
2025-03-05,21,16.4,50.0
2025-03-05,22,19.8,51.0
2025-03-05,23,18.5,54.0
2025-03-05,24,16.3,49.0
2025-03-06,1,12.2,41.0
2025-03-06,2,13.2,32.0
2025-03-06,3,16.5,33.0
2025-03-06,4,18.3,31.0
2025-03-06,5,20.0,32.0
2025-03-06,6,17.8,36.0
2025-03-06,7,18.2,44.0
2025-03-06,8,15.9,39.0
2025-03-06,9,15.2,29.0
2025-03-06,10,16.4,17.0
2025-03-06,11,20.2,16.0
2025-03-06,12,19.2,13.0
2025-03-06,13,17.7,6.0
2025-03-06,14,19.0,5.0
2025-03-06,15,21.5,3.0
2025-03-06,16,25.0,2.0
2025-03-06,17,28.3,357.0
2025-03-06,18,33.9,351.0
2025-03-06,19,37.9,352.0
2025-03-06,20,34.8,350.0
2025-03-06,21,38.3,348.0
2025-03-06,22,37.6,350.0
2025-03-06,23,37.9,352.0
2025-03-06,24,38.8,355.0
2025-03-07,1,38.6,357.0
2025-03-07,2,37.8,0.0
2025-03-07,3,35.1,1.0
2025-03-07,4,32.6,1.0
2025-03-07,5,32.0,360.0
2025-03-07,6,30.8,1.0
2025-03-07,7,27.9,6.0
2025-03-07,8,24.8,7.0
2025-03-07,9,22.2,8.0
2025-03-07,10,16.5,13.0
2025-03-07,11,11.7,21.0
2025-03-07,12,6.4,72.0
2025-03-07,13,5.3,123.0
2025-03-07,14,6.4,148.0
2025-03-07,15,7.3,163.0
2025-03-07,16,8.0,170.0
2025-03-07,17,5.2,151.0
2025-03-07,18,0.9,127.0
2025-03-07,19,7.6,207.0
2025-03-07,20,20.2,199.0
2025-03-07,21,21.8,215.0
2025-03-07,22,31.3,208.0
2025-03-07,23,26.8,207.0
2025-03-07,24,27.2,203.0
2025-03-08,1,27.6,201.0
2025-03-08,2,26.9,203.0
2025-03-08,3,24.1,204.0
2025-03-08,4,21.1,210.0
2025-03-08,5,21.3,208.0
2025-03-08,6,22.0,206.0
2025-03-08,7,20.4,209.0
2025-03-08,8,14.1,208.0
2025-03-08,9,12.4,199.0
2025-03-08,10,10.6,208.0
2025-03-08,11,8.5,207.0
2025-03-08,12,6.9,213.0
2025-03-08,13,9.3,208.0
2025-03-08,14,11.5,210.0
2025-03-08,15,14.1,210.0
2025-03-08,16,15.3,210.0
2025-03-08,17,15.6,219.0
2025-03-08,18,14.7,223.0
2025-03-08,19,14.0,210.0
2025-03-08,20,17.3,188.0
2025-03-08,21,18.3,185.0
2025-03-08,22,12.2,172.0
2025-03-08,23,10.2,157.0
2025-03-08,24,11.0,162.0
2025-03-09,1,12.0,171.0
2025-03-09,2,7.1,187.0
2025-03-09,3,1.0,315.0
2025-03-09,4,4.3,355.0
2025-03-09,5,5.2,346.0
2025-03-09,6,4.8,335.0
2025-03-09,7,4.6,312.0
2025-03-09,8,3.6,300.0
2025-03-09,9,5.6,312.0
2025-03-09,10,5.9,320.0
2025-03-09,11,4.3,338.0
2025-03-09,12,4.9,352.0
2025-03-09,13,5.3,342.0
2025-03-09,14,4.9,336.0
2025-03-09,15,2.6,326.0
2025-03-09,16,2.2,222.0
2025-03-09,17,7.9,204.0
2025-03-09,18,12.3,207.0
2025-03-09,19,15.7,217.0
2025-03-09,20,19.8,202.0
2025-03-09,21,18.4,184.0
2025-03-09,22,15.0,177.0
2025-03-09,23,12.1,179.0
2025-03-09,24,10.1,183.0
2025-03-10,1,10.4,189.0
2025-03-10,2,10.9,193.0
2025-03-10,3,11.4,193.0
2025-03-10,4,12.7,196.0
2025-03-10,5,15.9,192.0
2025-03-10,6,18.1,190.0
2025-03-10,7,12.6,199.0
2025-03-10,8,16.6,201.0
2025-03-10,9,14.7,205.0
2025-03-10,10,17.7,203.0
2025-03-10,11,16.2,206.0
2025-03-10,12,12.6,214.0
2025-03-10,13,17.0,210.0
2025-03-10,14,26.7,207.0
2025-03-10,15,31.2,211.0
2025-03-10,16,31.8,213.0
2025-03-10,17,29.2,211.0
2025-03-10,18,28.7,206.0
2025-03-10,19,28.8,194.0
2025-03-10,20,32.6,189.0
2025-03-10,21,32.0,198.0
2025-03-10,22,29.2,202.0
2025-03-10,23,24.9,204.0
2025-03-10,24,21.2,199.0
2025-03-11,1,19.0,200.0
2025-03-11,2,19.9,204.0
2025-03-11,3,19.8,206.0
2025-03-11,4,18.4,205.0
2025-03-11,5,17.1,205.0
2025-03-11,6,16.0,206.0
2025-03-11,7,16.9,202.0
2025-03-11,8,19.1,209.0
2025-03-11,9,18.7,208.0
2025-03-11,10,21.1,200.0
2025-03-11,11,19.3,205.0
2025-03-11,12,12.1,229.0
2025-03-11,13,14.8,219.0
2025-03-11,14,19.9,211.0
2025-03-11,15,22.8,216.0
2025-03-11,16,24.2,217.0
2025-03-11,17,24.0,217.0
2025-03-11,18,25.2,215.0
2025-03-11,19,26.3,195.0
2025-03-11,20,25.8,188.0
2025-03-11,21,26.0,185.0
2025-03-11,22,21.6,184.0
2025-03-11,23,17.9,175.0
2025-03-11,24,18.1,167.0
2025-03-12,1,18.0,168.0
2025-03-12,2,14.8,170.0
2025-03-12,3,14.5,172.0
2025-03-12,4,10.1,177.0
2025-03-12,5,5.2,182.0
2025-03-12,6,2.5,172.0
2025-03-12,7,0.8,243.0
2025-03-12,8,8.6,170.0
2025-03-12,9,7.4,177.0
2025-03-12,10,5.1,197.0
2025-03-12,11,7.3,187.0
2025-03-12,12,12.4,196.0
2025-03-12,13,21.2,194.0
2025-03-12,14,24.2,193.0
2025-03-12,15,25.9,195.0
2025-03-12,16,29.1,195.0
2025-03-12,17,29.7,189.0
2025-03-12,18,30.6,186.0
2025-03-12,19,31.6,176.0
2025-03-12,20,28.7,173.0
2025-03-12,21,28.4,152.0
2025-03-12,22,30.0,151.0
2025-03-12,23,32.9,143.0
2025-03-12,24,38.3,152.0
2025-03-13,1,42.5,171.0
2025-03-13,2,36.0,179.0
2025-03-13,3,32.1,166.0
2025-03-13,4,32.7,165.0
2025-03-13,5,31.2,166.0
2025-03-13,6,29.4,168.0
2025-03-13,7,29.4,171.0
2025-03-13,8,29.3,174.0
2025-03-13,9,34.3,176.0
2025-03-13,10,37.5,177.0
2025-03-13,11,30.7,228.0
2025-03-13,12,27.9,215.0
2025-03-13,13,25.1,204.0
2025-03-13,14,25.7,214.0
2025-03-13,15,23.4,221.0
2025-03-13,16,26.4,230.0
2025-03-13,17,26.1,231.0
2025-03-13,18,24.6,225.0
2025-03-13,19,25.3,223.0
2025-03-13,20,26.4,201.0
2025-03-13,21,27.6,200.0
2025-03-13,22,31.1,199.0
2025-03-13,23,32.0,203.0
2025-03-13,24,34.6,203.0
2025-03-14,1,36.7,207.0
2025-03-14,2,34.9,215.0
2025-03-14,3,31.1,212.0
2025-03-14,4,30.4,204.0
2025-03-14,5,32.4,204.0
2025-03-14,6,34.9,199.0
2025-03-14,7,35.3,202.0
2025-03-14,8,33.5,206.0
2025-03-14,9,35.2,211.0
2025-03-14,10,32.4,209.0
2025-03-14,11,37.2,216.0
2025-03-14,12,36.9,220.0
2025-03-14,13,33.9,221.0
2025-03-14,14,33.2,226.0
2025-03-14,15,33.0,231.0
2025-03-14,16,29.4,228.0
2025-03-14,17,32.6,220.0
2025-03-14,18,31.6,219.0
2025-03-14,19,21.5,211.0
2025-03-14,20,17.6,206.0
2025-03-14,21,15.5,216.0
2025-03-14,22,16.2,207.0
2025-03-14,23,19.2,195.0
2025-03-14,24,22.2,192.0
2025-03-15,1,23.0,192.0
2025-03-15,2,22.7,195.0
2025-03-15,3,23.2,204.0
2025-03-15,4,24.5,212.0
2025-03-15,5,28.6,214.0
2025-03-15,6,28.9,212.0
2025-03-15,7,29.4,214.0
2025-03-15,8,29.7,217.0
2025-03-15,9,30.6,214.0
2025-03-15,10,33.6,218.0
2025-03-15,11,39.5,224.0
2025-03-15,12,38.2,223.0
2025-03-15,13,41.1,225.0
2025-03-15,14,37.3,227.0
2025-03-15,15,38.5,227.0
2025-03-15,16,43.4,229.0
2025-03-15,17,47.1,235.0
2025-03-15,18,52.0,236.0
2025-03-15,19,49.2,237.0
2025-03-15,20,40.7,238.0
2025-03-15,21,43.3,238.0
2025-03-15,22,41.8,230.0
2025-03-15,23,40.3,228.0
2025-03-15,24,35.1,212.0
2025-03-16,1,36.4,208.0
2025-03-16,2,35.4,206.0
2025-03-16,3,34.4,203.0
2025-03-16,4,29.0,195.0
2025-03-16,5,32.2,192.0
2025-03-16,6,31.2,187.0
2025-03-16,7,31.0,191.0
2025-03-16,8,35.2,187.0
2025-03-16,9,37.0,192.0
2025-03-16,10,37.7,197.0
2025-03-16,11,39.2,205.0
2025-03-16,12,44.0,208.0
2025-03-16,13,45.8,200.0
2025-03-16,14,48.3,201.0
2025-03-16,15,46.2,205.0
2025-03-16,16,41.2,198.0
2025-03-16,17,48.4,206.0
2025-03-16,18,51.3,217.0
2025-03-16,19,52.5,210.0
2025-03-16,20,46.5,199.0
2025-03-16,21,45.0,197.0
2025-03-16,22,49.3,204.0
2025-03-16,23,54.4,202.0
2025-03-16,24,52.1,204.0
2025-03-17,1,48.4,212.0
2025-03-17,2,44.7,219.0
2025-03-17,3,42.9,223.0
2025-03-17,4,40.2,228.0
2025-03-17,5,35.8,234.0
2025-03-17,6,33.7,226.0
2025-03-17,7,30.7,227.0
2025-03-17,8,34.8,221.0
2025-03-17,9,38.3,206.0
2025-03-17,10,35.9,210.0
2025-03-17,11,35.0,208.0
2025-03-17,12,32.8,203.0
2025-03-17,13,29.7,205.0
2025-03-17,14,24.7,201.0
2025-03-17,15,27.8,218.0
2025-03-17,16,26.4,238.0
2025-03-17,17,20.7,256.0
2025-03-17,18,21.3,245.0
2025-03-17,19,19.4,200.0
2025-03-17,20,16.5,188.0
2025-03-17,21,14.0,196.0
2025-03-17,22,11.9,211.0
2025-03-17,23,9.3,217.0
2025-03-17,24,14.5,223.0
2025-03-18,1,13.8,231.0
2025-03-18,2,15.6,251.0
2025-03-18,3,8.3,274.0
2025-03-18,4,10.7,263.0
2025-03-18,5,19.4,325.0
2025-03-18,6,30.9,336.0
2025-03-18,7,30.9,336.0
2025-03-18,8,30.7,337.0
2025-03-18,9,27.8,342.0
2025-03-18,10,21.2,335.0
2025-03-18,11,17.8,317.0
2025-03-18,12,20.0,313.0
2025-03-18,13,20.8,323.0
2025-03-18,14,23.7,329.0
2025-03-18,15,23.1,326.0
2025-03-18,16,23.7,330.0
2025-03-18,17,24.4,330.0
2025-03-18,18,25.5,331.0
2025-03-18,19,24.0,328.0
2025-03-18,20,19.6,333.0
2025-03-18,21,17.7,327.0
2025-03-18,22,18.6,326.0
2025-03-18,23,6.8,243.0
2025-03-18,24,11.9,194.0
2025-03-19,1,10.2,208.0
2025-03-19,2,17.6,212.0
2025-03-19,3,21.0,208.0
2025-03-19,4,23.7,206.0
2025-03-19,5,25.2,212.0
2025-03-19,6,23.7,207.0
2025-03-19,7,23.5,203.0
2025-03-19,8,22.2,204.0
2025-03-19,9,22.3,199.0
2025-03-19,10,19.8,197.0
2025-03-19,11,20.0,199.0
2025-03-19,12,23.4,204.0
2025-03-19,13,25.2,213.0
2025-03-19,14,22.3,209.0
2025-03-19,15,20.7,210.0
2025-03-19,16,21.1,207.0
2025-03-19,17,19.5,204.0
2025-03-19,18,21.5,189.0
2025-03-19,19,20.1,190.0
2025-03-19,20,20.3,197.0
2025-03-19,21,23.0,166.0
2025-03-19,22,26.9,158.0
2025-03-19,23,24.1,147.0
2025-03-19,24,20.7,147.0
2025-03-20,1,17.2,152.0
2025-03-20,2,12.7,148.0
2025-03-20,3,10.5,139.0
2025-03-20,4,4.4,142.0
2025-03-20,5,7.1,133.0
2025-03-20,6,10.0,141.0
2025-03-20,7,6.5,157.0
2025-03-20,8,11.5,163.0
2025-03-20,9,11.1,205.0
2025-03-20,10,33.2,212.0
2025-03-20,11,31.6,208.0
2025-03-20,12,46.5,228.0
2025-03-20,13,45.9,230.0
2025-03-20,14,47.6,236.0
2025-03-20,15,45.7,239.0
2025-03-20,16,43.6,238.0
2025-03-20,17,46.9,242.0
2025-03-20,18,45.7,242.0
2025-03-20,19,41.3,241.0
2025-03-20,20,38.3,248.0
2025-03-20,21,36.0,237.0
2025-03-20,22,34.2,231.0
2025-03-20,23,31.6,226.0
2025-03-20,24,29.6,229.0
2025-03-21,1,27.2,223.0
2025-03-21,2,28.9,212.0
2025-03-21,3,29.6,210.0
2025-03-21,4,29.3,213.0
2025-03-21,5,29.3,217.0
2025-03-21,6,28.9,219.0
2025-03-21,7,27.5,216.0
2025-03-21,8,27.3,216.0
2025-03-21,9,25.2,217.0
2025-03-21,10,26.5,207.0
2025-03-21,11,26.8,203.0
2025-03-21,12,27.9,209.0
2025-03-21,13,30.0,226.0
2025-03-21,14,29.2,224.0
2025-03-21,15,30.5,221.0
2025-03-21,16,28.3,218.0
2025-03-21,17,27.9,215.0
2025-03-21,18,27.6,209.0
2025-03-21,19,24.7,204.0
2025-03-21,20,18.9,180.0
2025-03-21,21,23.2,161.0
2025-03-21,22,26.1,170.0
2025-03-21,23,25.1,175.0
2025-03-21,24,25.7,179.0
2025-03-22,1,29.7,200.0
2025-03-22,2,25.8,206.0
2025-03-22,3,33.9,202.0
2025-03-22,4,41.0,213.0
2025-03-22,5,44.5,213.0
2025-03-22,6,46.1,217.0
2025-03-22,7,46.1,219.0
2025-03-22,8,48.9,220.0
2025-03-22,9,48.8,228.0
2025-03-22,10,46.6,227.0
2025-03-22,11,43.0,223.0
2025-03-22,12,55.0,234.0
2025-03-22,13,50.8,235.0
2025-03-22,14,49.9,254.0
2025-03-22,15,45.2,265.0
2025-03-22,16,43.1,268.0
2025-03-22,17,34.4,272.0
2025-03-22,18,29.7,288.0
2025-03-22,19,26.0,311.0
2025-03-22,20,26.2,334.0
2025-03-22,21,24.4,347.0
2025-03-22,22,17.6,14.0
2025-03-22,23,13.4,79.0
2025-03-22,24,11.4,117.0
2025-03-23,1,6.2,172.0
2025-03-23,2,9.5,191.0
2025-03-23,3,23.3,189.0
2025-03-23,4,24.9,196.0
2025-03-23,5,26.1,199.0
2025-03-23,6,27.2,200.0
2025-03-23,7,27.6,206.0
2025-03-23,8,24.8,207.0
2025-03-23,9,23.4,209.0
2025-03-23,10,23.6,204.0
2025-03-23,11,23.5,209.0
2025-03-23,12,26.5,215.0
2025-03-23,13,30.3,227.0
2025-03-23,14,33.6,238.0
2025-03-23,15,35.7,237.0
2025-03-23,16,37.0,234.0
2025-03-23,17,38.4,230.0
2025-03-23,18,39.5,231.0
2025-03-23,19,37.5,233.0
2025-03-23,20,32.1,228.0
2025-03-23,21,32.8,216.0
2025-03-23,22,35.0,219.0
2025-03-23,23,36.3,219.0
2025-03-23,24,38.1,216.0
2025-03-24,1,37.6,214.0
2025-03-24,2,36.9,210.0
2025-03-24,3,36.3,208.0
2025-03-24,4,36.0,207.0
2025-03-24,5,35.3,206.0
2025-03-24,6,34.7,206.0
2025-03-24,7,35.2,207.0
2025-03-24,8,33.7,207.0
2025-03-24,9,35.2,204.0
2025-03-24,10,35.1,208.0
2025-03-24,11,35.0,212.0
2025-03-24,12,34.0,215.0
2025-03-24,13,31.4,217.0
2025-03-24,14,29.6,223.0
2025-03-24,15,29.6,236.0
2025-03-24,16,26.4,248.0
2025-03-24,17,23.2,271.0
2025-03-24,18,20.9,262.0
2025-03-24,19,16.0,271.0
2025-03-24,20,15.5,248.0
2025-03-24,21,23.1,203.0
2025-03-24,22,28.4,213.0
2025-03-24,23,29.6,205.0
2025-03-24,24,32.7,202.0
2025-03-25,1,30.1,199.0
2025-03-25,2,28.6,197.0
2025-03-25,3,26.7,203.0
2025-03-25,4,25.0,208.0
2025-03-25,5,23.8,209.0
2025-03-25,6,22.6,205.0
2025-03-25,7,18.1,204.0
2025-03-25,8,15.6,202.0
2025-03-25,9,9.3,217.0
2025-03-25,10,5.0,210.0
2025-03-25,11,4.5,209.0
2025-03-25,12,10.4,219.0
2025-03-25,13,10.6,220.0
2025-03-25,14,9.6,217.0
2025-03-25,15,8.2,212.0
2025-03-25,16,6.0,207.0
2025-03-25,17,4.4,187.0
2025-03-25,18,3.9,152.0
2025-03-25,19,4.2,140.0
2025-03-25,20,3.3,151.0
2025-03-25,21,4.3,180.0
2025-03-25,22,4.1,139.0
2025-03-25,23,4.2,72.0
2025-03-25,24,4.9,73.0
2025-03-26,1,4.7,86.0
2025-03-26,2,5.0,75.0
2025-03-26,3,6.4,79.0
2025-03-26,4,7.1,60.0
2025-03-26,5,7.8,29.0
2025-03-26,6,8.5,27.0
2025-03-26,7,3.7,35.0
2025-03-26,8,3.2,3.0
2025-03-26,9,8.0,354.0
2025-03-26,10,8.3,359.0
2025-03-26,11,6.9,355.0
2025-03-26,12,7.5,339.0
2025-03-26,13,7.1,345.0
2025-03-26,14,3.5,336.0
2025-03-26,15,2.8,255.0
2025-03-26,16,6.3,219.0
2025-03-26,17,7.9,204.0
2025-03-26,18,9.8,194.0
2025-03-26,19,10.8,183.0
2025-03-26,20,11.9,151.0
2025-03-26,21,16.4,148.0
2025-03-26,22,17.9,158.0
2025-03-26,23,16.7,156.0
2025-03-26,24,14.2,158.0
2025-03-27,1,10.6,150.0
2025-03-27,2,5.8,150.0
2025-03-27,3,3.6,135.0
2025-03-27,4,4.3,135.0
2025-03-27,5,2.3,108.0
2025-03-27,6,4.3,123.0
2025-03-27,7,6.0,164.0
2025-03-27,8,10.1,196.0
2025-03-27,9,13.0,223.0
2025-03-27,10,26.2,188.0
2025-03-27,11,30.6,206.0
2025-03-27,12,27.2,209.0
2025-03-27,13,24.6,210.0
2025-03-27,14,24.5,212.0
2025-03-27,15,25.9,229.0
2025-03-27,16,30.1,228.0
2025-03-27,17,26.2,243.0
2025-03-27,18,29.4,247.0
2025-03-27,19,20.8,254.0
2025-03-27,20,9.2,247.0
2025-03-27,21,12.2,164.0
2025-03-27,22,25.3,150.0
2025-03-27,23,26.4,184.0
2025-03-27,24,31.1,179.0
2025-03-28,1,31.2,154.0
2025-03-28,2,20.7,135.0
2025-03-28,3,20.0,132.0
2025-03-28,4,17.3,149.0
2025-03-28,5,26.9,184.0
2025-03-28,6,36.0,198.0
2025-03-28,7,33.9,204.0
2025-03-28,8,31.1,197.0
2025-03-28,9,30.7,196.0
2025-03-28,10,27.2,201.0
2025-03-28,11,22.8,213.0
2025-03-28,12,22.9,210.0
2025-03-28,13,22.4,217.0
2025-03-28,14,21.3,218.0
2025-03-28,15,24.4,214.0
2025-03-28,16,26.5,215.0
2025-03-28,17,24.9,225.0
2025-03-28,18,29.0,225.0
2025-03-28,19,27.3,230.0
2025-03-28,20,29.0,229.0
2025-03-28,21,25.2,228.0
2025-03-28,22,24.6,231.0
2025-03-28,23,24.0,228.0
2025-03-28,24,22.6,220.0
2025-03-29,1,24.2,203.0
2025-03-29,2,26.1,195.0
2025-03-29,3,24.9,196.0
2025-03-29,4,22.2,200.0
2025-03-29,5,18.8,207.0
2025-03-29,6,16.8,210.0
2025-03-29,7,17.1,209.0
2025-03-29,8,15.5,206.0
2025-03-29,9,13.4,213.0
2025-03-29,10,17.3,202.0
2025-03-29,11,17.0,208.0
2025-03-29,12,17.0,214.0
2025-03-29,13,18.6,228.0
2025-03-29,14,17.0,237.0
2025-03-29,15,18.0,238.0
2025-03-29,16,19.8,241.0
2025-03-29,17,25.9,229.0
2025-03-29,18,22.8,224.0
2025-03-29,19,26.0,230.0
2025-03-29,20,26.8,231.0
2025-03-29,21,28.8,225.0
2025-03-29,22,30.9,221.0
2025-03-29,23,33.7,212.0
2025-03-29,24,35.6,211.0
2025-03-30,1,36.9,210.0
2025-03-30,2,37.7,209.0
2025-03-30,3,34.5,208.0
2025-03-30,4,34.1,205.0
2025-03-30,5,33.3,202.0
2025-03-30,6,30.7,201.0
2025-03-30,7,28.3,203.0
2025-03-30,8,26.4,201.0
2025-03-30,9,21.7,198.0
2025-03-30,10,18.4,207.0
2025-03-30,11,17.3,211.0
2025-03-30,12,16.1,216.0
2025-03-30,13,16.7,223.0
2025-03-30,14,16.4,212.0
2025-03-30,15,12.8,197.0
2025-03-30,16,11.0,198.0
2025-03-30,17,13.3,212.0
2025-03-30,18,14.5,214.0
2025-03-30,19,17.1,208.0
2025-03-30,20,19.0,193.0
2025-03-30,21,23.6,161.0
2025-03-30,22,24.3,153.0
2025-03-30,23,23.3,163.0
2025-03-30,24,22.3,157.0
2025-03-31,1,21.6,154.0
2025-03-31,2,18.4,151.0
2025-03-31,3,8.1,176.0
2025-03-31,4,15.0,174.0
2025-03-31,5,13.8,158.0
2025-03-31,6,8.2,158.0
2025-03-31,7,6.2,170.0
2025-03-31,8,19.5,178.0
2025-03-31,9,26.2,184.0
2025-03-31,10,28.7,176.0
2025-03-31,11,22.2,172.0
2025-03-31,12,25.9,205.0
2025-03-31,13,28.0,209.0
2025-03-31,14,28.2,218.0
2025-03-31,15,26.2,224.0
2025-03-31,16,25.3,232.0
2025-03-31,17,31.9,213.0
2025-03-31,18,25.8,194.0
2025-03-31,19,27.6,195.0
2025-03-31,20,29.8,213.0
2025-03-31,21,34.8,203.0
2025-03-31,22,33.1,205.0
2025-03-31,23,32.6,207.0
2025-03-31,24,34.3,209.0
2025-04-01,1,38.8,205.0
2025-04-01,2,38.2,209.0
2025-04-01,3,34.5,208.0
2025-04-01,4,34.9,209.0
2025-04-01,5,35.7,210.0
2025-04-01,6,35.8,213.0
2025-04-01,7,36.1,212.0
2025-04-01,8,33.3,208.0
2025-04-01,9,31.8,218.0
2025-04-01,10,32.0,226.0
2025-04-01,11,32.1,223.0
2025-04-01,12,25.9,221.0
2025-04-01,13,23.5,221.0
2025-04-01,14,21.3,222.0
2025-04-01,15,18.4,228.0
2025-04-01,16,15.3,239.0
2025-04-01,17,14.4,244.0
2025-04-01,18,16.2,218.0
2025-04-01,19,21.7,200.0
2025-04-01,20,18.9,216.0
2025-04-01,21,19.1,189.0
2025-04-01,22,14.2,179.0
2025-04-01,23,18.8,197.0
2025-04-01,24,22.7,202.0
2025-04-02,1,25.1,201.0
2025-04-02,2,27.5,205.0
2025-04-02,3,26.0,205.0
2025-04-02,4,23.9,204.0
2025-04-02,5,23.0,202.0
2025-04-02,6,24.7,200.0
2025-04-02,7,26.4,201.0
2025-04-02,8,24.0,193.0
2025-04-02,9,21.9,203.0
2025-04-02,10,17.5,210.0
2025-04-02,11,16.1,220.0
2025-04-02,12,16.3,221.0
2025-04-02,13,14.8,227.0
2025-04-02,14,13.9,234.0
2025-04-02,15,14.5,234.0
2025-04-02,16,14.1,240.0
2025-04-02,17,14.7,242.0
2025-04-02,18,13.0,243.0
2025-04-02,19,10.9,239.0
2025-04-02,20,1.5,353.0
2025-04-02,21,4.4,109.0
2025-04-02,22,8.3,120.0
2025-04-02,23,10.4,138.0
2025-04-02,24,9.6,146.0
2025-04-03,1,9.8,160.0
2025-04-03,2,12.1,165.0
2025-04-03,3,2.0,170.0
2025-04-03,4,5.8,338.0
2025-04-03,5,3.3,354.0
2025-04-03,6,1.2,141.0
2025-04-03,7,2.3,184.0
2025-04-03,8,2.4,243.0
2025-04-03,9,0.6,162.0
2025-04-03,10,4.1,304.0
2025-04-03,11,6.3,290.0
2025-04-03,12,6.1,272.0
2025-04-03,13,6.3,275.0
2025-04-03,14,7.2,271.0
2025-04-03,15,7.0,280.0
2025-04-03,16,7.0,283.0
2025-04-03,17,6.8,272.0
2025-04-03,18,7.8,275.0
2025-04-03,19,9.1,284.0
2025-04-03,20,8.9,245.0
2025-04-03,21,9.3,217.0
2025-04-03,22,17.3,279.0
2025-04-03,23,6.7,171.0
2025-04-03,24,8.0,207.0
2025-04-04,1,9.6,30.0
2025-04-04,2,6.2,190.0
2025-04-04,3,11.0,212.0
2025-04-04,4,10.7,211.0
2025-04-04,5,6.0,351.0
2025-04-04,6,12.3,21.0
2025-04-04,7,18.7,22.0
2025-04-04,8,22.7,19.0
2025-04-04,9,22.5,25.0
2025-04-04,10,21.0,21.0
2025-04-04,11,21.5,18.0
2025-04-04,12,22.8,19.0
2025-04-04,13,22.8,14.0
2025-04-04,14,22.2,8.0
2025-04-04,15,21.9,6.0
2025-04-04,16,22.1,7.0
2025-04-04,17,20.2,11.0
2025-04-04,18,17.7,12.0
2025-04-04,19,20.7,360.0
2025-04-04,20,20.3,349.0
2025-04-04,21,26.8,344.0
2025-04-04,22,23.4,357.0
2025-04-04,23,18.2,23.0
2025-04-04,24,17.5,27.0
2025-04-05,1,17.4,21.0
2025-04-05,2,16.2,23.0
2025-04-05,3,16.8,17.0
2025-04-05,4,17.9,28.0
2025-04-05,5,16.4,32.0
2025-04-05,6,16.1,35.0
2025-04-05,7,13.4,41.0
2025-04-05,8,12.0,37.0
2025-04-05,9,12.2,28.0
2025-04-05,10,10.4,32.0
2025-04-05,11,7.0,23.0
2025-04-05,12,5.2,14.0
2025-04-05,13,4.1,2.0
2025-04-05,14,4.3,327.0
2025-04-05,15,4.5,310.0
2025-04-05,16,3.2,267.0
2025-04-05,17,6.3,233.0
2025-04-05,18,9.7,228.0
2025-04-05,19,12.1,228.0
2025-04-05,20,11.2,220.0
2025-04-05,21,12.4,216.0
2025-04-05,22,17.0,195.0
2025-04-05,23,21.1,178.0
2025-04-05,24,18.6,172.0
2025-04-06,1,18.0,177.0
2025-04-06,2,15.9,185.0
2025-04-06,3,13.1,201.0
2025-04-06,4,13.7,205.0
2025-04-06,5,14.2,204.0
2025-04-06,6,13.4,206.0
2025-04-06,7,12.6,202.0
2025-04-06,8,8.6,200.0
2025-04-06,9,5.1,225.0
2025-04-06,10,4.0,185.0
2025-04-06,11,4.7,223.0
2025-04-06,12,11.3,224.0
2025-04-06,13,15.3,228.0
2025-04-06,14,14.6,231.0
2025-04-06,15,12.9,234.0
2025-04-06,16,11.6,237.0
2025-04-06,17,10.4,238.0
2025-04-06,18,9.2,237.0
2025-04-06,19,7.6,227.0
2025-04-06,20,8.1,201.0
2025-04-06,21,11.9,182.0
2025-04-06,22,17.0,175.0
2025-04-06,23,18.1,164.0
2025-04-06,24,15.2,166.0
2025-04-07,1,14.6,160.0
2025-04-07,2,14.6,153.0
2025-04-07,3,14.5,150.0
2025-04-07,4,6.5,174.0
2025-04-07,5,2.3,184.0
2025-04-07,6,3.1,144.0
2025-04-07,7,2.0,90.0
2025-04-07,8,3.8,131.0
2025-04-07,9,1.4,130.0
2025-04-07,10,2.7,318.0
2025-04-07,11,6.3,336.0
2025-04-07,12,3.9,323.0
2025-04-07,13,5.9,211.0
2025-04-07,14,11.9,219.0
2025-04-07,15,15.2,206.0
2025-04-07,16,19.4,209.0
2025-04-07,17,24.6,207.0
2025-04-07,18,29.0,202.0
2025-04-07,19,24.2,189.0
2025-04-07,20,18.0,178.0
2025-04-07,21,13.7,197.0
2025-04-07,22,16.6,157.0
2025-04-07,23,2.9,300.0
2025-04-07,24,8.2,241.0
2025-04-08,1,12.8,184.0
2025-04-08,2,32.1,191.0
2025-04-08,3,27.6,204.0
2025-04-08,4,27.9,196.0
2025-04-08,5,28.8,209.0
2025-04-08,6,30.8,207.0
2025-04-08,7,32.2,204.0
2025-04-08,8,36.9,205.0
2025-04-08,9,38.3,203.0
2025-04-08,10,37.6,205.0
2025-04-08,11,40.9,213.0
2025-04-08,12,43.4,228.0
2025-04-08,13,43.4,237.0
2025-04-08,14,45.5,239.0
2025-04-08,15,45.4,241.0
2025-04-08,16,47.5,242.0
2025-04-08,17,49.2,240.0
2025-04-08,18,48.0,238.0
2025-04-08,19,46.0,239.0
2025-04-08,20,41.2,233.0
2025-04-08,21,35.9,233.0
2025-04-08,22,31.8,229.0
2025-04-08,23,30.6,226.0
2025-04-08,24,30.9,217.0
2025-04-09,1,30.6,213.0
2025-04-09,2,28.0,209.0
2025-04-09,3,26.8,210.0
2025-04-09,4,26.2,208.0
2025-04-09,5,24.4,205.0
2025-04-09,6,23.6,209.0
2025-04-09,7,23.1,212.0
2025-04-09,8,21.9,213.0
2025-04-09,9,21.4,213.0
2025-04-09,10,20.9,216.0
2025-04-09,11,18.3,216.0
2025-04-09,12,23.4,224.0
2025-04-09,13,28.7,233.0
2025-04-09,14,31.3,236.0
2025-04-09,15,32.9,241.0
2025-04-09,16,33.5,243.0
2025-04-09,17,32.7,251.0
2025-04-09,18,28.1,252.0
2025-04-09,19,25.1,254.0
2025-04-09,20,29.0,224.0
2025-04-09,21,33.8,219.0
2025-04-09,22,36.9,229.0
2025-04-09,23,31.0,229.0
2025-04-09,24,22.7,214.0
2025-04-10,1,21.0,198.0
2025-04-10,2,21.3,199.0
2025-04-10,3,15.8,210.0
2025-04-10,4,6.8,192.0
2025-04-10,5,3.1,220.0
2025-04-10,6,2.8,220.0
2025-04-10,7,1.2,243.0
2025-04-10,8,2.5,356.0
2025-04-10,9,3.4,16.0
2025-04-10,10,6.3,15.0
2025-04-10,11,7.4,347.0
2025-04-10,12,8.1,339.0
2025-04-10,13,4.6,329.0
2025-04-10,14,4.0,216.0
2025-04-10,15,8.6,196.0
2025-04-10,16,11.9,184.0
2025-04-10,17,13.9,182.0
2025-04-10,18,15.5,175.0
2025-04-10,19,16.8,171.0
2025-04-10,20,19.7,162.0
2025-04-10,21,26.5,156.0
2025-04-10,22,32.0,159.0
2025-04-10,23,33.8,160.0
2025-04-10,24,32.6,156.0
2025-04-11,1,26.2,158.0
2025-04-11,2,16.3,164.0
2025-04-11,3,12.8,165.0
2025-04-11,4,7.4,167.0
2025-04-11,5,4.8,331.0
2025-04-11,6,4.9,174.0
2025-04-11,7,6.1,182.0
2025-04-11,8,9.3,195.0
2025-04-11,9,6.5,212.0
2025-04-11,10,5.2,264.0
2025-04-11,11,5.6,276.0
2025-04-11,12,9.2,231.0
2025-04-11,13,17.2,218.0
2025-04-11,14,19.8,229.0
2025-04-11,15,21.4,229.0
2025-04-11,16,22.4,231.0
2025-04-11,17,24.5,238.0
2025-04-11,18,26.1,240.0
2025-04-11,19,29.6,246.0
2025-04-11,20,27.3,238.0
2025-04-11,21,17.1,227.0
2025-04-11,22,17.5,251.0
2025-04-11,23,10.7,254.0
2025-04-11,24,12.0,187.0
2025-04-12,1,14.3,190.0
2025-04-12,2,19.0,167.0
2025-04-12,3,17.6,160.0
2025-04-12,4,11.0,166.0
2025-04-12,5,7.7,201.0
2025-04-12,6,13.5,178.0
2025-04-12,7,14.8,177.0
2025-04-12,8,11.2,181.0
2025-04-12,9,17.9,193.0
2025-04-12,10,11.7,216.0
2025-04-12,11,18.6,212.0
2025-04-12,12,27.0,198.0
2025-04-12,13,34.0,223.0
2025-04-12,14,38.0,223.0
2025-04-12,15,43.3,234.0
2025-04-12,16,52.3,239.0
2025-04-12,17,52.0,239.0
2025-04-12,18,52.2,240.0
2025-04-12,19,53.2,245.0
2025-04-12,20,49.6,241.0
2025-04-12,21,46.6,236.0
2025-04-12,22,37.6,230.0
2025-04-12,23,32.9,229.0
2025-04-12,24,20.6,243.0
2025-04-13,1,10.3,19.0
2025-04-13,2,20.1,33.0
2025-04-13,3,22.9,33.0
2025-04-13,4,23.3,30.0
2025-04-13,5,26.2,27.0
2025-04-13,6,26.9,30.0
2025-04-13,7,25.3,33.0
2025-04-13,8,24.5,33.0
2025-04-13,9,24.1,27.0
2025-04-13,10,22.2,15.0
2025-04-13,11,22.1,7.0
2025-04-13,12,18.9,14.0
2025-04-13,13,16.6,17.0
2025-04-13,14,15.5,12.0
2025-04-13,15,13.9,2.0
2025-04-13,16,11.7,355.0
2025-04-13,17,12.5,345.0
2025-04-13,18,13.4,345.0
2025-04-13,19,14.4,351.0
2025-04-13,20,12.1,3.0
2025-04-13,21,9.3,40.0
2025-04-13,22,15.2,107.0
2025-04-13,23,15.4,147.0
2025-04-13,24,9.2,191.0
2025-04-14,1,7.6,175.0
2025-04-14,2,5.8,99.0
2025-04-14,3,6.7,71.0
2025-04-14,4,2.6,78.0
2025-04-14,5,2.2,284.0
2025-04-14,6,2.7,278.0
2025-04-14,7,0.6,326.0
2025-04-14,8,1.1,189.0
2025-04-14,9,2.4,207.0
2025-04-14,10,1.1,270.0
2025-04-14,11,2.2,325.0
2025-04-14,12,2.3,309.0
2025-04-14,13,1.5,300.0
2025-04-14,14,2.1,285.0
2025-04-14,15,2.0,297.0
2025-04-14,16,1.9,304.0
2025-04-14,17,2.1,322.0
2025-04-14,18,2.5,352.0
2025-04-14,19,3.5,15.0
2025-04-14,20,3.1,360.0
2025-04-14,21,8.3,13.0
2025-04-14,22,10.8,53.0
2025-04-14,23,9.6,84.0
2025-04-14,24,7.1,96.0
2025-04-15,1,6.0,93.0
2025-04-15,2,5.9,90.0
2025-04-15,3,2.6,65.0
2025-04-15,4,2.7,356.0
2025-04-15,5,4.4,351.0
2025-04-15,6,5.4,15.0
2025-04-15,7,6.9,31.0
2025-04-15,8,2.9,43.0
2025-04-15,9,3.4,302.0
2025-04-15,10,7.8,314.0
2025-04-15,11,8.9,335.0
2025-04-15,12,8.3,346.0
2025-04-15,13,5.1,324.0
2025-04-15,14,6.6,261.0
2025-04-15,15,12.4,234.0
2025-04-15,16,14.3,233.0
2025-04-15,17,15.5,238.0
2025-04-15,18,17.2,242.0
2025-04-15,19,15.7,246.0
2025-04-15,20,14.1,240.0
2025-04-15,21,13.4,204.0
2025-04-15,22,24.1,186.0
2025-04-15,23,28.0,188.0
2025-04-15,24,28.6,191.0
2025-04-16,1,29.4,190.0
2025-04-16,2,31.1,188.0
2025-04-16,3,26.9,194.0
2025-04-16,4,26.2,200.0
2025-04-16,5,26.0,206.0
2025-04-16,6,25.8,204.0
2025-04-16,7,26.5,199.0
2025-04-16,8,17.8,218.0
2025-04-16,9,17.1,214.0
2025-04-16,10,19.1,214.0
2025-04-16,11,19.7,216.0
2025-04-16,12,21.8,218.0
2025-04-16,13,22.7,227.0
2025-04-16,14,26.6,232.0
2025-04-16,15,31.6,234.0
2025-04-16,16,37.6,237.0
2025-04-16,17,42.8,247.0
2025-04-16,18,45.6,246.0
2025-04-16,19,43.5,248.0
2025-04-16,20,40.8,239.0
2025-04-16,21,44.7,229.0
2025-04-16,22,45.7,225.0
2025-04-16,23,46.1,231.0
2025-04-16,24,38.4,229.0
2025-04-17,1,40.5,226.0
2025-04-17,2,20.1,307.0
2025-04-17,3,23.1,350.0
2025-04-17,4,18.6,16.0
2025-04-17,5,16.1,20.0
2025-04-17,6,20.1,354.0
2025-04-17,7,20.5,352.0
2025-04-17,8,27.5,1.0
2025-04-17,9,26.8,3.0
2025-04-17,10,23.5,356.0
2025-04-17,11,25.3,356.0
2025-04-17,12,26.1,2.0
2025-04-17,13,27.3,10.0
2025-04-17,14,26.9,18.0
2025-04-17,15,31.4,13.0
2025-04-17,16,34.4,15.0
2025-04-17,17,38.2,18.0
2025-04-17,18,39.4,18.0
2025-04-17,19,42.6,19.0
2025-04-17,20,38.0,17.0
2025-04-17,21,45.0,10.0
2025-04-17,22,48.8,13.0
2025-04-17,23,47.6,16.0
2025-04-17,24,45.2,17.0
2025-04-18,1,45.2,14.0
2025-04-18,2,45.1,14.0
2025-04-18,3,44.0,18.0
2025-04-18,4,45.3,21.0
2025-04-18,5,44.0,23.0
2025-04-18,6,40.6,25.0
2025-04-18,7,36.5,28.0
2025-04-18,8,33.1,23.0
2025-04-18,9,28.6,19.0
2025-04-18,10,30.3,23.0
2025-04-18,11,27.5,27.0
2025-04-18,12,18.5,27.0
2025-04-18,13,13.2,17.0
2025-04-18,14,16.1,13.0
2025-04-18,15,18.6,14.0
2025-04-18,16,21.7,14.0
2025-04-18,17,20.4,22.0
2025-04-18,18,22.1,19.0
2025-04-18,19,17.8,13.0
2025-04-18,20,10.9,353.0
2025-04-18,21,8.8,345.0
2025-04-18,22,8.7,82.0
2025-04-18,23,11.5,117.0
2025-04-18,24,10.9,156.0
2025-04-19,1,16.6,178.0
2025-04-19,2,13.1,193.0
2025-04-19,3,15.0,204.0
2025-04-19,4,19.2,207.0
2025-04-19,5,24.8,203.0
2025-04-19,6,26.3,203.0
2025-04-19,7,25.0,202.0
2025-04-19,8,24.1,199.0
2025-04-19,9,20.6,200.0
2025-04-19,10,15.7,211.0
2025-04-19,11,20.4,217.0
2025-04-19,12,20.2,219.0
2025-04-19,13,19.6,224.0
2025-04-19,14,18.8,227.0
2025-04-19,15,18.9,229.0
2025-04-19,16,19.6,232.0
2025-04-19,17,20.0,235.0
2025-04-19,18,19.3,234.0
2025-04-19,19,19.2,230.0
2025-04-19,20,20.9,219.0
2025-04-19,21,26.8,205.0
2025-04-19,22,32.8,211.0
2025-04-19,23,33.2,216.0
2025-04-19,24,37.5,208.0
2025-04-20,1,38.9,210.0
2025-04-20,2,35.9,210.0
2025-04-20,3,30.6,214.0
2025-04-20,4,25.7,223.0
2025-04-20,5,24.2,218.0
2025-04-20,6,25.4,210.0
2025-04-20,7,23.7,207.0
2025-04-20,8,18.7,197.0
2025-04-20,9,18.4,192.0
2025-04-20,10,15.4,199.0
2025-04-20,11,13.4,195.0
2025-04-20,12,11.9,190.0
2025-04-20,13,19.4,218.0
2025-04-20,14,25.2,224.0
2025-04-20,15,28.2,229.0
2025-04-20,16,32.1,234.0
2025-04-20,17,35.3,235.0
2025-04-20,18,38.4,237.0
2025-04-20,19,39.7,238.0
2025-04-20,20,41.2,257.0
2025-04-20,21,37.6,252.0
2025-04-20,22,39.3,244.0
2025-04-20,23,38.5,236.0
2025-04-20,24,35.4,232.0
2025-04-21,1,33.5,219.0
2025-04-21,2,32.1,215.0
2025-04-21,3,32.3,223.0
2025-04-21,4,27.7,228.0
2025-04-21,5,25.1,221.0
2025-04-21,6,29.7,217.0
2025-04-21,7,33.3,214.0
2025-04-21,8,32.4,222.0
2025-04-21,9,34.5,214.0
2025-04-21,10,34.0,209.0
2025-04-21,11,34.2,215.0
2025-04-21,12,37.1,227.0
2025-04-21,13,38.8,232.0
2025-04-21,14,40.4,233.0
2025-04-21,15,43.5,236.0
2025-04-21,16,45.2,240.0
2025-04-21,17,45.3,239.0
2025-04-21,18,44.0,237.0
2025-04-21,19,42.5,235.0
2025-04-21,20,38.6,238.0
2025-04-21,21,36.2,234.0
2025-04-21,22,35.4,227.0
2025-04-21,23,35.5,223.0
2025-04-21,24,34.0,220.0
2025-04-22,1,33.8,212.0
2025-04-22,2,32.5,217.0
2025-04-22,3,28.4,217.0
2025-04-22,4,23.9,210.0
2025-04-22,5,23.1,201.0
2025-04-22,6,24.3,200.0
2025-04-22,7,24.0,201.0
2025-04-22,8,20.9,207.0
2025-04-22,9,19.0,211.0
2025-04-22,10,12.2,218.0
2025-04-22,11,12.9,221.0
2025-04-22,12,13.6,223.0
2025-04-22,13,16.9,232.0
2025-04-22,14,18.0,238.0
2025-04-22,15,24.2,247.0
2025-04-22,16,24.9,242.0
2025-04-22,17,26.6,246.0
2025-04-22,18,26.2,243.0
2025-04-22,19,22.9,262.0
2025-04-22,20,27.5,246.0
2025-04-22,21,25.9,263.0
2025-04-22,22,19.6,257.0
2025-04-22,23,14.4,192.0
2025-04-22,24,17.7,189.0
2025-04-23,1,17.3,213.0
2025-04-23,2,17.0,195.0
2025-04-23,3,9.9,232.0
2025-04-23,4,7.7,348.0
2025-04-23,5,7.6,28.0
2025-04-23,6,9.0,354.0
2025-04-23,7,14.8,2.0
2025-04-23,8,19.7,46.0
2025-04-23,9,14.5,44.0
2025-04-23,10,16.3,26.0
2025-04-23,11,13.0,355.0
2025-04-23,12,16.0,7.0
2025-04-23,13,11.6,36.0
2025-04-23,14,9.0,37.0
2025-04-23,15,7.6,15.0
2025-04-23,16,5.2,6.0
2025-04-23,17,5.2,346.0
2025-04-23,18,5.5,308.0
2025-04-23,19,1.7,311.0
2025-04-23,20,7.1,114.0
2025-04-23,21,18.8,133.0
2025-04-23,22,11.5,117.0
2025-04-23,23,9.3,49.0
2025-04-23,24,6.2,134.0
2025-04-24,1,7.3,136.0
2025-04-24,2,5.9,117.0
2025-04-24,3,6.8,127.0
2025-04-24,4,5.0,134.0
2025-04-24,5,2.9,137.0
2025-04-24,6,3.4,177.0
2025-04-24,7,7.8,203.0
2025-04-24,8,7.1,117.0
2025-04-24,9,9.2,356.0
2025-04-24,10,4.5,34.0
2025-04-24,11,5.7,193.0
2025-04-24,12,8.8,255.0
2025-04-24,13,6.5,294.0
2025-04-24,14,5.9,281.0
2025-04-24,15,11.6,276.0
2025-04-24,16,12.9,285.0
2025-04-24,17,11.8,296.0
2025-04-24,18,15.7,289.0
2025-04-24,19,13.7,314.0
2025-04-24,20,8.1,45.0
2025-04-24,21,11.9,63.0
2025-04-24,22,12.2,82.0
2025-04-24,23,11.9,79.0
2025-04-24,24,12.7,67.0
2025-04-25,1,11.9,51.0
2025-04-25,2,12.6,44.0
2025-04-25,3,13.8,33.0
2025-04-25,4,18.2,33.0
2025-04-25,5,19.5,40.0
2025-04-25,6,19.5,45.0
2025-04-25,7,20.3,54.0
2025-04-25,8,20.0,66.0
2025-04-25,9,20.1,75.0
2025-04-25,10,20.4,71.0
2025-04-25,11,18.0,64.0
2025-04-25,12,18.4,61.0
2025-04-25,13,17.0,70.0
2025-04-25,14,13.2,84.0
2025-04-25,15,10.8,108.0
2025-04-25,16,11.2,125.0
2025-04-25,17,13.5,149.0
2025-04-25,18,2.5,266.0
2025-04-25,19,6.7,92.0
2025-04-25,20,17.5,73.0
2025-04-25,21,14.8,87.0
2025-04-25,22,12.1,75.0
2025-04-25,23,18.8,28.0
2025-04-25,24,26.0,43.0
2025-04-26,1,17.7,38.0
2025-04-26,2,19.2,347.0
2025-04-26,3,22.2,345.0
2025-04-26,4,7.9,55.0
2025-04-26,5,12.1,73.0
2025-04-26,6,10.2,39.0
2025-04-26,7,6.9,62.0
2025-04-26,8,3.8,25.0
2025-04-26,9,15.1,343.0
2025-04-26,10,14.0,33.0
2025-04-26,11,6.2,44.0
2025-04-26,12,10.3,202.0
2025-04-26,13,20.2,202.0
2025-04-26,14,27.7,186.0
2025-04-26,15,32.7,205.0
2025-04-26,16,27.7,196.0
2025-04-26,17,23.2,187.0
2025-04-26,18,28.4,197.0
2025-04-26,19,24.0,195.0
2025-04-26,20,17.1,199.0
2025-04-26,21,6.4,188.0
2025-04-26,22,11.2,106.0
2025-04-26,23,11.5,166.0
2025-04-26,24,8.3,178.0
2025-04-27,1,8.9,114.0
2025-04-27,2,13.0,100.0
2025-04-27,3,14.4,106.0
2025-04-27,4,7.6,112.0
2025-04-27,5,2.7,42.0
2025-04-27,6,8.6,358.0
2025-04-27,7,4.7,263.0
2025-04-27,8,16.3,223.0
2025-04-27,9,13.5,201.0
2025-04-27,10,25.9,202.0
2025-04-27,11,30.6,216.0
2025-04-27,12,35.5,227.0
2025-04-27,13,36.7,231.0
2025-04-27,14,33.0,228.0
2025-04-27,15,30.3,231.0
2025-04-27,16,27.7,231.0
2025-04-27,17,23.6,242.0
2025-04-27,18,26.8,242.0
2025-04-27,19,28.8,234.0
2025-04-27,20,20.3,218.0
2025-04-27,21,15.1,155.0
2025-04-27,22,15.1,129.0
2025-04-27,23,15.0,124.0
2025-04-27,24,15.2,147.0
2025-04-28,1,13.6,165.0
2025-04-28,2,7.6,192.0
2025-04-28,3,5.6,285.0
2025-04-28,4,5.7,246.0
2025-04-28,5,8.5,182.0
2025-04-28,6,15.9,196.0
2025-04-28,7,21.0,207.0
2025-04-28,8,16.3,216.0
2025-04-28,9,16.4,212.0
2025-04-28,10,15.7,218.0
2025-04-28,11,10.3,215.0
2025-04-28,12,8.7,225.0
2025-04-28,13,9.1,260.0
2025-04-28,14,8.6,271.0
2025-04-28,15,4.5,263.0
2025-04-28,16,4.4,249.0
2025-04-28,17,3.6,250.0
2025-04-28,18,3.2,196.0
2025-04-28,19,2.6,196.0
2025-04-28,20,7.5,197.0
2025-04-28,21,13.8,200.0
2025-04-28,22,14.8,212.0
2025-04-28,23,18.4,209.0
2025-04-28,24,20.8,199.0
2025-04-29,1,23.6,197.0
2025-04-29,2,24.0,198.0
2025-04-29,3,22.6,196.0
2025-04-29,4,21.6,193.0
2025-04-29,5,20.2,191.0
2025-04-29,6,18.4,194.0
2025-04-29,7,15.5,203.0
2025-04-29,8,17.8,203.0
2025-04-29,9,14.3,207.0
2025-04-29,10,13.2,215.0
2025-04-29,11,19.1,218.0
2025-04-29,12,23.3,219.0
2025-04-29,13,24.2,223.0
2025-04-29,14,24.3,225.0
2025-04-29,15,25.8,234.0
2025-04-29,16,28.1,238.0
2025-04-29,17,30.5,235.0
2025-04-29,18,34.9,232.0
2025-04-29,19,35.4,240.0
2025-04-29,20,40.8,249.0
2025-04-29,21,40.7,227.0
2025-04-29,22,39.2,231.0
2025-04-29,23,38.2,229.0
2025-04-29,24,34.0,224.0
2025-04-30,1,34.5,218.0
2025-04-30,2,29.1,218.0
2025-04-30,3,23.7,229.0
2025-04-30,4,21.5,219.0
2025-04-30,5,22.8,210.0
2025-04-30,6,19.7,214.0
2025-04-30,7,17.2,223.0
2025-04-30,8,6.0,267.0
2025-04-30,9,10.3,337.0
2025-04-30,10,6.5,332.0
2025-04-30,11,10.2,330.0
2025-04-30,12,9.9,328.0
2025-04-30,13,9.4,317.0
2025-04-30,14,12.7,305.0
2025-04-30,15,18.0,310.0
2025-04-30,16,15.4,304.0
2025-04-30,17,9.2,313.0
2025-04-30,18,15.4,333.0
2025-04-30,19,17.5,355.0
2025-04-30,20,5.8,5.0
2025-04-30,21,17.4,200.0
2025-04-30,22,20.2,226.0
2025-04-30,23,15.5,171.0
2025-04-30,24,15.1,181.0
2025-05-01,1,15.8,187.0
2025-05-01,2,16.3,205.0
2025-05-01,3,21.9,217.0
2025-05-01,4,19.0,228.0
2025-05-01,5,19.3,217.0
2025-05-01,6,16.0,218.0
2025-05-01,7,11.2,217.0
2025-05-01,8,9.2,203.0
2025-05-01,9,10.8,191.0
2025-05-01,10,5.6,211.0
2025-05-01,11,3.0,237.0
2025-05-01,12,2.3,356.0
2025-05-01,13,7.2,12.0
2025-05-01,14,8.8,360.0
2025-05-01,15,10.4,360.0
2025-05-01,16,5.8,20.0
2025-05-01,17,3.1,357.0
2025-05-01,18,6.8,320.0
2025-05-01,19,4.4,348.0
2025-05-01,20,6.7,34.0
2025-05-01,21,3.8,3.0
2025-05-01,22,3.3,193.0
2025-05-01,23,8.1,205.0
2025-05-01,24,2.0,190.0
2025-05-02,1,6.6,57.0
2025-05-02,2,2.6,295.0
2025-05-02,3,4.9,354.0
2025-05-02,4,6.0,17.0
2025-05-02,5,6.7,5.0
2025-05-02,6,4.7,50.0
2025-05-02,7,3.6,37.0
2025-05-02,8,0.6,108.0
2025-05-02,9,2.3,198.0
2025-05-02,10,2.7,28.0
2025-05-02,11,7.1,345.0
2025-05-02,12,6.1,336.0
2025-05-02,13,4.2,288.0
2025-05-02,14,5.6,270.0
2025-05-02,15,7.2,271.0
2025-05-02,16,7.6,263.0
2025-05-02,17,7.7,245.0
2025-05-02,18,7.1,240.0
2025-05-02,19,6.4,245.0
2025-05-02,20,5.5,306.0
2025-05-02,21,4.5,344.0
2025-05-02,22,5.2,74.0
2025-05-02,23,13.9,111.0
2025-05-02,24,19.7,124.0
2025-05-03,1,18.3,137.0
2025-05-03,2,18.4,153.0
2025-05-03,3,10.9,171.0
2025-05-03,4,6.9,200.0
2025-05-03,5,2.6,205.0
2025-05-03,6,2.2,24.0
2025-05-03,7,4.4,12.0
2025-05-03,8,3.8,45.0
2025-05-03,9,1.9,73.0
2025-05-03,10,1.6,360.0
2025-05-03,11,5.9,333.0
2025-05-03,12,4.5,323.0
2025-05-03,13,3.0,256.0
2025-05-03,14,4.7,223.0
2025-05-03,15,6.3,217.0
2025-05-03,16,8.2,216.0
2025-05-03,17,7.4,203.0
2025-05-03,18,5.3,162.0
2025-05-03,19,6.3,129.0
2025-05-03,20,9.9,189.0
2025-05-03,21,16.3,175.0
2025-05-03,22,23.2,166.0
2025-05-03,23,22.7,169.0
2025-05-03,24,23.8,165.0
2025-05-04,1,21.8,165.0
2025-05-04,2,31.6,205.0
2025-05-04,3,34.4,196.0
2025-05-04,4,36.5,203.0
2025-05-04,5,32.5,202.0
2025-05-04,6,30.8,205.0
2025-05-04,7,26.1,204.0
2025-05-04,8,15.3,201.0
2025-05-04,9,11.3,227.0
2025-05-04,10,12.6,233.0
2025-05-04,11,11.8,243.0
2025-05-04,12,12.4,248.0
2025-05-04,13,13.4,259.0
2025-05-04,14,12.1,252.0
2025-05-04,15,13.7,242.0
2025-05-04,16,15.7,242.0
2025-05-04,17,15.1,239.0
2025-05-04,18,16.4,228.0
2025-05-04,19,15.9,242.0
2025-05-04,20,25.5,223.0
2025-05-04,21,26.7,215.0
2025-05-04,22,28.8,213.0
2025-05-04,23,29.0,204.0
2025-05-04,24,24.5,215.0
2025-05-05,1,23.2,187.0
2025-05-05,2,25.3,208.0
2025-05-05,3,20.6,203.0
2025-05-05,4,13.6,224.0
2025-05-05,5,1.7,257.0
2025-05-05,6,4.8,323.0
2025-05-05,7,19.0,340.0
2025-05-05,8,25.8,356.0
2025-05-05,9,23.4,2.0
2025-05-05,10,20.8,5.0
2025-05-05,11,21.5,351.0
2025-05-05,12,28.5,343.0
2025-05-05,13,30.9,347.0
2025-05-05,14,33.0,349.0
2025-05-05,15,35.5,347.0
2025-05-05,16,39.3,352.0
2025-05-05,17,39.5,356.0
2025-05-05,18,40.5,2.0
2025-05-05,19,41.6,1.0
2025-05-05,20,37.0,7.0
2025-05-05,21,35.7,6.0
2025-05-05,22,35.0,12.0
2025-05-05,23,32.8,9.0
2025-05-05,24,32.8,12.0
2025-05-06,1,29.1,12.0
2025-05-06,2,19.1,5.0
2025-05-06,3,14.4,1.0
2025-05-06,4,11.2,15.0
2025-05-06,5,9.0,23.0
2025-05-06,6,11.2,35.0
2025-05-06,7,12.6,24.0
2025-05-06,8,14.0,16.0
2025-05-06,9,16.5,20.0
2025-05-06,10,11.7,17.0
2025-05-06,11,6.8,11.0
2025-05-06,12,8.2,10.0
2025-05-06,13,9.3,22.0
2025-05-06,14,9.5,19.0
2025-05-06,15,9.6,357.0
2025-05-06,16,11.9,340.0
2025-05-06,17,13.0,343.0
2025-05-06,18,11.8,348.0
2025-05-06,19,10.4,1.0
2025-05-06,20,7.0,331.0
2025-05-06,21,11.3,340.0
2025-05-06,22,13.3,332.0
2025-05-06,23,17.3,359.0
2025-05-06,24,7.6,75.0
2025-05-07,1,3.0,163.0
2025-05-07,2,23.3,163.0
2025-05-07,3,26.7,155.0
2025-05-07,4,23.9,148.0
2025-05-07,5,17.6,135.0
2025-05-07,6,11.9,124.0
2025-05-07,7,5.7,66.0
2025-05-07,8,6.4,25.0
2025-05-07,9,6.5,32.0
2025-05-07,10,7.8,7.0
2025-05-07,11,3.7,14.0
2025-05-07,12,6.2,187.0
2025-05-07,13,12.2,200.0
2025-05-07,14,14.7,209.0
2025-05-07,15,17.3,222.0
2025-05-07,16,15.7,234.0
2025-05-07,17,14.1,242.0
2025-05-07,18,12.3,241.0
2025-05-07,19,10.2,246.0
2025-05-07,20,8.9,256.0
2025-05-07,21,3.5,285.0
2025-05-07,22,8.0,124.0
2025-05-07,23,19.3,159.0
2025-05-07,24,20.7,200.0
2025-05-08,1,20.8,192.0
2025-05-08,2,19.2,197.0
2025-05-08,3,18.3,196.0
2025-05-08,4,19.2,197.0
2025-05-08,5,17.8,196.0
2025-05-08,6,16.7,200.0
2025-05-08,7,16.7,201.0
2025-05-08,8,19.0,203.0
2025-05-08,9,15.4,204.0
2025-05-08,10,9.0,223.0
2025-05-08,11,13.0,231.0
2025-05-08,12,18.2,231.0
2025-05-08,13,17.6,238.0
2025-05-08,14,15.8,246.0
2025-05-08,15,14.3,242.0
2025-05-08,16,14.9,242.0
2025-05-08,17,14.9,233.0
2025-05-08,18,17.1,235.0
2025-05-08,19,19.8,238.0
2025-05-08,20,22.7,224.0
2025-05-08,21,21.8,215.0
2025-05-08,22,25.2,222.0
2025-05-08,23,24.6,224.0
2025-05-08,24,23.5,229.0
2025-05-09,1,22.4,211.0
2025-05-09,2,25.1,204.0
2025-05-09,3,24.8,202.0
2025-05-09,4,24.9,201.0
2025-05-09,5,23.6,202.0
2025-05-09,6,20.5,205.0
2025-05-09,7,14.4,210.0
2025-05-09,8,3.6,264.0
2025-05-09,9,4.3,246.0
2025-05-09,10,5.2,284.0
2025-05-09,11,6.5,289.0
2025-05-09,12,6.7,264.0
2025-05-09,13,10.7,228.0
2025-05-09,14,12.9,223.0
2025-05-09,15,13.3,220.0
2025-05-09,16,12.6,216.0
2025-05-09,17,10.7,207.0
2025-05-09,18,9.4,198.0
2025-05-09,19,8.8,197.0
2025-05-09,20,7.7,169.0
2025-05-09,21,18.6,115.0
2025-05-09,22,23.8,158.0
2025-05-09,23,25.7,141.0
2025-05-09,24,30.8,154.0
2025-05-10,1,27.6,159.0
2025-05-10,2,17.9,168.0
2025-05-10,3,10.0,171.0
2025-05-10,4,3.2,199.0
2025-05-10,5,2.4,153.0
2025-05-10,6,7.4,158.0
2025-05-10,7,6.1,146.0
2025-05-10,8,3.5,51.0
2025-05-10,9,4.1,105.0
2025-05-10,10,2.7,122.0
2025-05-10,11,4.4,322.0
2025-05-10,12,4.9,208.0
2025-05-10,13,17.9,197.0
2025-05-10,14,26.0,200.0
2025-05-10,15,29.7,190.0
2025-05-10,16,33.3,196.0
2025-05-10,17,29.8,226.0
2025-05-10,18,29.6,203.0
2025-05-10,19,30.0,239.0
2025-05-10,20,12.6,171.0
2025-05-10,21,23.9,171.0
2025-05-10,22,28.3,184.0
2025-05-10,23,24.7,170.0
2025-05-10,24,18.2,181.0
2025-05-11,1,16.3,166.0
2025-05-11,2,21.7,153.0
2025-05-11,3,13.9,170.0
2025-05-11,4,10.2,132.0
2025-05-11,5,21.7,156.0
2025-05-11,6,22.7,179.0
2025-05-11,7,31.5,153.0
2025-05-11,8,31.2,144.0
2025-05-11,9,16.7,215.0
2025-05-11,10,13.5,221.0
2025-05-11,11,27.8,212.0
2025-05-11,12,23.3,245.0
2025-05-11,13,17.5,256.0
2025-05-11,14,18.3,244.0
2025-05-11,15,20.1,189.0
2025-05-11,16,20.6,204.0
2025-05-11,17,26.1,123.0
2025-05-11,18,26.6,149.0
2025-05-11,19,30.8,189.0
2025-05-11,20,18.3,167.0
2025-05-11,21,16.3,137.0
2025-05-11,22,18.3,121.0
2025-05-11,23,26.9,141.0
2025-05-11,24,38.1,148.0
2025-05-12,1,38.2,151.0
2025-05-12,2,11.9,211.0
2025-05-12,3,11.0,1.0
2025-05-12,4,12.4,179.0
2025-05-12,5,25.5,199.0
2025-05-12,6,27.0,206.0
2025-05-12,7,25.7,200.0
2025-05-12,8,19.4,191.0
2025-05-12,9,14.6,193.0
2025-05-12,10,8.1,205.0
2025-05-12,11,5.1,198.0
2025-05-12,12,1.5,126.0
2025-05-12,13,4.5,263.0
2025-05-12,14,22.7,215.0
2025-05-12,15,31.2,216.0
2025-05-12,16,46.8,206.0
2025-05-12,17,45.7,202.0
2025-05-12,18,47.7,217.0
2025-05-12,19,31.3,272.0
2025-05-12,20,30.8,241.0
2025-05-12,21,34.0,231.0
2025-05-12,22,37.8,216.0
2025-05-12,23,31.9,239.0
2025-05-12,24,20.1,287.0
2025-05-13,1,16.3,238.0
2025-05-13,2,29.2,217.0
2025-05-13,3,36.6,219.0
2025-05-13,4,32.3,210.0
2025-05-13,5,30.2,204.0
2025-05-13,6,26.2,204.0
2025-05-13,7,26.6,212.0
2025-05-13,8,22.5,225.0
2025-05-13,9,20.5,231.0
2025-05-13,10,20.8,235.0
2025-05-13,11,23.3,237.0
2025-05-13,12,22.7,243.0
2025-05-13,13,21.9,234.0
2025-05-13,14,21.0,237.0
2025-05-13,15,23.6,240.0
2025-05-13,16,24.9,234.0
2025-05-13,17,23.9,235.0
2025-05-13,18,23.5,229.0
2025-05-13,19,20.1,212.0
2025-05-13,20,23.3,204.0
2025-05-13,21,22.6,210.0
2025-05-13,22,26.1,187.0
2025-05-13,23,31.4,202.0
2025-05-13,24,31.6,217.0
2025-05-14,1,26.8,213.0
2025-05-14,2,26.6,208.0
2025-05-14,3,28.6,207.0
2025-05-14,4,28.7,207.0
2025-05-14,5,26.3,206.0
2025-05-14,6,26.7,211.0
2025-05-14,7,24.6,210.0
2025-05-14,8,23.6,192.0
2025-05-14,9,29.5,206.0
2025-05-14,10,30.2,211.0
2025-05-14,11,28.8,219.0
2025-05-14,12,26.6,223.0
2025-05-14,13,31.3,235.0
2025-05-14,14,27.1,244.0
2025-05-14,15,26.8,239.0
2025-05-14,16,19.6,243.0
2025-05-14,17,5.7,246.0
2025-05-14,18,3.5,195.0
2025-05-14,19,16.4,176.0
2025-05-14,20,28.4,231.0
2025-05-14,21,22.8,216.0
2025-05-14,22,14.9,201.0
2025-05-14,23,11.7,193.0
2025-05-14,24,24.4,193.0
2025-05-15,1,25.6,192.0
2025-05-15,2,25.7,195.0
2025-05-15,3,26.4,196.0
2025-05-15,4,25.3,200.0
2025-05-15,5,25.0,202.0
2025-05-15,6,24.8,204.0
2025-05-15,7,23.1,204.0
2025-05-15,8,23.5,194.0
2025-05-15,9,16.3,214.0
2025-05-15,10,16.3,196.0
2025-05-15,11,13.8,206.0
2025-05-15,12,9.7,195.0
2025-05-15,13,15.2,222.0
2025-05-15,14,18.3,234.0
2025-05-15,15,19.8,244.0
2025-05-15,16,24.1,231.0
2025-05-15,17,24.4,266.0
2025-05-15,18,17.8,271.0
2025-05-15,19,21.1,269.0
2025-05-15,20,2.1,345.0
2025-05-15,21,1.6,360.0
2025-05-15,22,8.1,62.0
2025-05-15,23,10.2,82.0
2025-05-15,24,12.1,118.0
2025-05-16,1,10.1,130.0
2025-05-16,2,16.8,198.0
2025-05-16,3,22.1,204.0
2025-05-16,4,17.8,198.0
2025-05-16,5,14.5,207.0
2025-05-16,6,12.2,207.0
2025-05-16,7,11.6,198.0
2025-05-16,8,10.6,199.0
2025-05-16,9,10.1,197.0
2025-05-16,10,9.1,216.0
2025-05-16,11,16.4,218.0
2025-05-16,12,22.2,214.0
2025-05-16,13,26.5,218.0
2025-05-16,14,28.4,234.0
2025-05-16,15,34.3,233.0
2025-05-16,16,39.5,232.0
2025-05-16,17,33.7,224.0
2025-05-16,18,30.7,220.0
2025-05-16,19,30.0,221.0
2025-05-16,20,29.8,212.0
2025-05-16,21,25.0,207.0
2025-05-16,22,23.7,200.0
2025-05-16,23,22.3,197.0
2025-05-16,24,23.3,198.0
2025-05-17,1,23.8,194.0
2025-05-17,2,23.0,194.0
2025-05-17,3,21.6,188.0
2025-05-17,4,18.5,182.0
2025-05-17,5,15.0,174.0
2025-05-17,6,12.0,171.0
2025-05-17,7,8.7,159.0
2025-05-17,8,11.1,149.0
2025-05-17,9,6.3,141.0
2025-05-17,10,4.0,27.0
2025-05-17,11,2.2,336.0
2025-05-17,12,4.5,196.0
2025-05-17,13,8.0,190.0
2025-05-17,14,10.4,217.0
2025-05-17,15,30.5,190.0
2025-05-17,16,12.1,255.0
2025-05-17,17,9.5,209.0
2025-05-17,18,16.7,208.0
2025-05-17,19,11.4,203.0
2025-05-17,20,14.3,186.0
2025-05-17,21,13.1,203.0
2025-05-17,22,9.1,201.0
2025-05-17,23,14.2,184.0
2025-05-17,24,17.9,211.0
2025-05-18,1,21.2,204.0
2025-05-18,2,23.1,222.0
2025-05-18,3,19.8,211.0
2025-05-18,4,22.0,212.0
2025-05-18,5,22.4,211.0
2025-05-18,6,21.9,211.0
2025-05-18,7,22.7,222.0
2025-05-18,8,25.1,221.0
2025-05-18,9,29.6,222.0
2025-05-18,10,30.4,223.0
2025-05-18,11,32.6,221.0
2025-05-18,12,31.3,223.0
2025-05-18,13,31.3,218.0
2025-05-18,14,29.7,219.0
2025-05-18,15,27.6,211.0
2025-05-18,16,27.4,216.0
2025-05-18,17,27.7,207.0
2025-05-18,18,24.5,197.0
2025-05-18,19,20.8,217.0
2025-05-18,20,4.8,243.0
2025-05-18,21,3.0,284.0
2025-05-18,22,15.0,186.0
2025-05-18,23,21.4,216.0
2025-05-18,24,17.7,205.0
2025-05-19,1,12.0,215.0
2025-05-19,2,17.0,204.0
2025-05-19,3,16.8,198.0
2025-05-19,4,15.3,230.0
2025-05-19,5,12.7,262.0
2025-05-19,6,15.5,298.0
2025-05-19,7,17.1,292.0
2025-05-19,8,18.8,302.0
2025-05-19,9,14.5,284.0
2025-05-19,10,12.6,270.0
2025-05-19,11,12.1,253.0
2025-05-19,12,14.8,238.0
2025-05-19,13,17.5,246.0
2025-05-19,14,20.7,241.0
2025-05-19,15,19.8,250.0
2025-05-19,16,27.2,240.0
2025-05-19,17,27.1,236.0
2025-05-19,18,27.0,227.0
2025-05-19,19,25.3,226.0
2025-05-19,20,21.4,200.0
2025-05-19,21,21.5,176.0
2025-05-19,22,28.1,212.0
2025-05-19,23,32.3,199.0
2025-05-19,24,33.6,206.0
2025-05-20,1,37.2,203.0
2025-05-20,2,37.1,202.0
2025-05-20,3,36.1,203.0
2025-05-20,4,35.3,206.0
2025-05-20,5,35.4,208.0
2025-05-20,6,32.8,210.0
2025-05-20,7,32.4,205.0
2025-05-20,8,30.7,204.0
2025-05-20,9,28.6,212.0
2025-05-20,10,34.3,221.0
2025-05-20,11,33.0,227.0
2025-05-20,12,36.3,230.0
2025-05-20,13,35.6,229.0
2025-05-20,14,30.7,233.0
2025-05-20,15,35.0,241.0
2025-05-20,16,36.9,238.0
2025-05-20,17,37.9,239.0
2025-05-20,18,39.3,240.0
2025-05-20,19,40.1,238.0
2025-05-20,20,35.8,243.0
2025-05-20,21,31.8,232.0
2025-05-20,22,35.6,225.0
2025-05-20,23,33.8,219.0
2025-05-20,24,25.2,219.0
2025-05-21,1,28.5,208.0
2025-05-21,2,26.8,201.0
2025-05-21,3,24.1,202.0
2025-05-21,4,17.5,209.0
2025-05-21,5,18.9,201.0
2025-05-21,6,23.0,202.0
2025-05-21,7,24.0,202.0
2025-05-21,8,20.7,206.0
2025-05-21,9,18.2,218.0
2025-05-21,10,16.4,219.0
2025-05-21,11,16.5,219.0
2025-05-21,12,17.7,219.0
2025-05-21,13,22.4,226.0
2025-05-21,14,23.4,227.0
2025-05-21,15,23.8,230.0
2025-05-21,16,24.1,234.0
2025-05-21,17,22.1,237.0
2025-05-21,18,21.4,239.0
2025-05-21,19,21.5,245.0
2025-05-21,20,21.6,232.0
2025-05-21,21,16.9,216.0
2025-05-21,22,13.6,203.0
2025-05-21,23,12.0,188.0
2025-05-21,24,8.5,180.0
2025-05-22,1,5.8,154.0
2025-05-22,2,6.1,137.0
2025-05-22,3,10.3,125.0
2025-05-22,4,10.4,148.0
2025-05-22,5,9.5,155.0
2025-05-22,6,7.9,145.0
2025-05-22,7,7.5,127.0
2025-05-22,8,12.9,115.0
2025-05-22,9,12.9,120.0
2025-05-22,10,10.7,127.0
2025-05-22,11,8.6,338.0
2025-05-22,12,5.3,327.0
2025-05-22,13,5.8,275.0
2025-05-22,14,13.6,230.0
2025-05-22,15,24.5,218.0
2025-05-22,16,33.6,213.0
2025-05-22,17,41.9,247.0
2025-05-22,18,51.4,250.0
2025-05-22,19,45.8,253.0
2025-05-22,20,37.9,257.0
2025-05-22,21,27.1,246.0
2025-05-22,22,27.3,232.0
2025-05-22,23,26.0,217.0
2025-05-22,24,15.4,229.0
2025-05-23,1,4.6,244.0
2025-05-23,2,0.7,104.0
2025-05-23,3,5.2,6.0
2025-05-23,4,4.2,36.0
2025-05-23,5,3.8,329.0
2025-05-23,6,2.9,330.0
2025-05-23,7,1.8,246.0
2025-05-23,8,1.2,117.0
2025-05-23,9,1.2,231.0
2025-05-23,10,2.4,261.0
2025-05-23,11,5.5,226.0
2025-05-23,12,5.2,224.0
2025-05-23,13,5.1,216.0
2025-05-23,14,7.1,227.0
2025-05-23,15,11.5,247.0
2025-05-23,16,11.6,246.0
2025-05-23,17,11.2,237.0
2025-05-23,18,11.4,247.0
2025-05-23,19,14.0,255.0
2025-05-23,20,18.4,267.0
2025-05-23,21,15.5,255.0
2025-05-23,22,17.3,278.0
2025-05-23,23,12.1,308.0
2025-05-23,24,5.1,318.0
2025-05-24,1,5.4,352.0
2025-05-24,2,3.9,338.0
2025-05-24,3,7.7,359.0
2025-05-24,4,2.2,360.0
2025-05-24,5,9.8,330.0
2025-05-24,6,10.0,17.0
2025-05-24,7,2.4,48.0
2025-05-24,8,22.0,33.0
2025-05-24,9,19.6,68.0
2025-05-24,10,8.9,47.0
2025-05-24,11,11.1,30.0
2025-05-24,12,15.2,19.0
2025-05-24,13,15.5,10.0
2025-05-24,14,12.1,3.0
2025-05-24,15,10.0,6.0
2025-05-24,16,8.9,7.0
2025-05-24,17,8.3,355.0
2025-05-24,18,9.4,3.0
2025-05-24,19,12.4,26.0
2025-05-24,20,13.3,13.0
2025-05-24,21,16.6,53.0
2025-05-24,22,25.1,94.0
2025-05-24,23,19.0,103.0
2025-05-24,24,14.2,92.0
2025-05-25,1,12.5,63.0
2025-05-25,2,10.1,29.0
2025-05-25,3,8.7,45.0
2025-05-25,4,7.5,57.0
2025-05-25,5,11.8,17.0
2025-05-25,6,12.5,30.0
2025-05-25,7,11.3,39.0
2025-05-25,8,7.7,57.0
2025-05-25,9,5.6,61.0
2025-05-25,10,5.1,17.0
2025-05-25,11,6.6,347.0
2025-05-25,12,5.3,336.0
2025-05-25,13,3.1,7.0
2025-05-25,14,2.0,333.0
2025-05-25,15,4.2,295.0
2025-05-25,16,5.4,285.0
2025-05-25,17,7.5,330.0
2025-05-25,18,10.1,357.0
2025-05-25,19,11.3,10.0
2025-05-25,20,6.0,80.0
2025-05-25,21,19.5,106.0
2025-05-25,22,28.7,114.0
2025-05-25,23,23.3,109.0
2025-05-25,24,22.4,116.0
2025-05-26,1,13.8,164.0
2025-05-26,2,13.5,177.0
2025-05-26,3,13.2,154.0
2025-05-26,4,11.7,165.0
2025-05-26,5,0.5,270.0
2025-05-26,6,0.9,11.0
2025-05-26,7,2.9,120.0
2025-05-26,8,8.2,130.0
2025-05-26,9,4.8,132.0
2025-05-26,10,3.3,331.0
2025-05-26,11,3.4,295.0
2025-05-26,12,5.4,244.0
2025-05-26,13,8.2,237.0
2025-05-26,14,11.1,228.0
2025-05-26,15,12.0,220.0
2025-05-26,16,10.2,204.0
2025-05-26,17,11.1,192.0
2025-05-26,18,13.7,196.0
2025-05-26,19,15.3,207.0
2025-05-26,20,13.2,238.0
2025-05-26,21,16.9,254.0
2025-05-26,22,21.8,274.0
2025-05-26,23,7.4,61.0
2025-05-26,24,17.5,171.0
2025-05-27,1,9.8,229.0
2025-05-27,2,11.1,194.0
2025-05-27,3,24.7,199.0
2025-05-27,4,30.3,209.0
2025-05-27,5,29.9,205.0
2025-05-27,6,28.2,206.0
2025-05-27,7,28.2,205.0
2025-05-27,8,22.3,206.0
2025-05-27,9,19.6,212.0
2025-05-27,10,18.7,220.0
2025-05-27,11,18.9,218.0
2025-05-27,12,17.7,218.0
2025-05-27,13,17.0,219.0
2025-05-27,14,17.2,225.0
2025-05-27,15,18.1,232.0
2025-05-27,16,18.8,231.0
2025-05-27,17,20.8,235.0
2025-05-27,18,21.5,242.0
2025-05-27,19,26.9,253.0
2025-05-27,20,30.9,259.0
2025-05-27,21,23.7,234.0
2025-05-27,22,25.4,222.0
2025-05-27,23,24.9,228.0
2025-05-27,24,20.2,231.0
2025-05-28,1,21.4,211.0
2025-05-28,2,26.8,203.0
2025-05-28,3,29.8,197.0
2025-05-28,4,28.9,204.0
2025-05-28,5,18.2,211.0
2025-05-28,6,13.5,190.0
2025-05-28,7,13.4,175.0
2025-05-28,8,4.8,165.0
2025-05-28,9,2.1,329.0
2025-05-28,10,4.2,353.0
2025-05-28,11,1.5,277.0
2025-05-28,12,1.7,229.0
2025-05-28,13,0.6,326.0
2025-05-28,14,3.1,50.0
2025-05-28,15,2.8,40.0
2025-05-28,16,1.7,13.0
2025-05-28,17,1.3,45.0
2025-05-28,18,5.0,49.0
2025-05-28,19,11.1,44.0
2025-05-28,20,14.3,51.0
2025-05-28,21,17.9,72.0
2025-05-28,22,13.3,92.0
2025-05-28,23,14.1,95.0
2025-05-28,24,8.8,64.0
2025-05-29,1,11.2,40.0
2025-05-29,2,9.0,80.0
2025-05-29,3,3.3,81.0
2025-05-29,4,12.1,115.0
2025-05-29,5,18.3,142.0
2025-05-29,6,12.0,136.0
2025-05-29,7,6.3,129.0
2025-05-29,8,5.6,115.0
2025-05-29,9,2.6,106.0
2025-05-29,10,6.9,321.0
2025-05-29,11,5.0,319.0
2025-05-29,12,2.5,278.0
2025-05-29,13,3.7,241.0
2025-05-29,14,4.8,233.0
2025-05-29,15,6.6,237.0
2025-05-29,16,9.5,231.0
2025-05-29,17,11.0,208.0
2025-05-29,18,6.7,211.0
2025-05-29,19,7.7,282.0
2025-05-29,20,3.5,246.0
2025-05-29,21,3.3,77.0
2025-05-29,22,26.7,67.0
2025-05-29,23,20.2,106.0
2025-05-29,24,28.4,171.0
2025-05-30,1,33.5,247.0
2025-05-30,2,26.1,263.0
2025-05-30,3,15.4,240.0
2025-05-30,4,27.4,197.0
2025-05-30,5,30.8,208.0
2025-05-30,6,25.7,227.0
2025-05-30,7,16.6,229.0
2025-05-30,8,20.5,214.0
2025-05-30,9,21.4,212.0
2025-05-30,10,20.1,216.0
2025-05-30,11,18.7,219.0
2025-05-30,12,14.4,221.0
2025-05-30,13,10.9,218.0
2025-05-30,14,9.0,206.0
2025-05-30,15,9.0,200.0
2025-05-30,16,8.4,196.0
2025-05-30,17,6.1,185.0
2025-05-30,18,5.6,158.0
2025-05-30,19,7.9,131.0
2025-05-30,20,8.0,136.0
2025-05-30,21,11.8,119.0
2025-05-30,22,15.4,123.0
2025-05-30,23,13.8,141.0
2025-05-30,24,11.6,150.0
2025-05-31,1,8.5,117.0
2025-05-31,2,10.5,19.0
2025-05-31,3,1.0,31.0
2025-05-31,4,1.3,164.0
2025-05-31,5,2.5,159.0
2025-05-31,6,4.2,220.0
2025-05-31,7,4.6,257.0
2025-05-31,8,0.2,360.0
2025-05-31,9,0.9,37.0
2025-05-31,10,3.7,346.0
2025-05-31,11,4.2,317.0
2025-05-31,12,2.4,306.0
2025-05-31,13,3.2,196.0
2025-05-31,14,8.9,205.0
2025-05-31,15,12.1,208.0
2025-05-31,16,12.2,207.0
2025-05-31,17,10.5,197.0
2025-05-31,18,11.2,199.0
2025-05-31,19,13.6,209.0
2025-05-31,20,16.2,203.0
2025-05-31,21,24.9,182.0
2025-05-31,22,30.7,172.0
2025-05-31,23,27.8,175.0
2025-05-31,24,24.3,181.0
2025-06-01,1,24.1,177.0
2025-06-01,2,24.1,178.0
2025-06-01,3,22.2,177.0
2025-06-01,4,21.3,183.0
2025-06-01,5,15.4,191.0
2025-06-01,6,9.1,187.0
2025-06-01,7,3.6,180.0
2025-06-01,8,15.2,221.0
2025-06-01,9,35.2,206.0
2025-06-01,10,29.4,205.0
2025-06-01,11,28.2,208.0
2025-06-01,12,28.5,213.0
2025-06-01,13,28.2,213.0
2025-06-01,14,30.7,217.0
2025-06-01,15,31.0,222.0
2025-06-01,16,28.3,234.0
2025-06-01,17,30.0,237.0
2025-06-01,18,26.8,232.0
2025-06-01,19,36.8,245.0
2025-06-01,20,28.0,241.0
2025-06-01,21,27.1,244.0
2025-06-01,22,33.1,230.0
2025-06-01,23,33.7,226.0
2025-06-01,24,37.5,212.0
2025-06-02,1,43.7,209.0
2025-06-02,2,44.2,208.0
2025-06-02,3,43.0,209.0
2025-06-02,4,43.3,210.0
2025-06-02,5,35.4,222.0
2025-06-02,6,32.2,223.0
2025-06-02,7,32.6,215.0
2025-06-02,8,27.8,215.0
2025-06-02,9,14.2,221.0
2025-06-02,10,7.1,345.0
2025-06-02,11,17.2,347.0
2025-06-02,12,16.7,342.0
2025-06-02,13,15.1,334.0
2025-06-02,14,16.0,330.0
2025-06-02,15,18.3,332.0
2025-06-02,16,16.9,335.0
2025-06-02,17,14.5,338.0
2025-06-02,18,13.2,356.0
2025-06-02,19,16.5,10.0
2025-06-02,20,20.6,36.0
2025-06-02,21,25.0,359.0
2025-06-02,22,31.3,30.0
2025-06-02,23,22.6,37.0
2025-06-02,24,27.6,45.0
2025-06-03,1,25.8,32.0
2025-06-03,2,28.8,17.0
2025-06-03,3,25.7,20.0
2025-06-03,4,25.8,27.0
2025-06-03,5,25.8,25.0
2025-06-03,6,23.7,23.0
2025-06-03,7,23.0,17.0
2025-06-03,8,20.2,16.0
2025-06-03,9,17.9,21.0
2025-06-03,10,16.5,14.0
2025-06-03,11,13.4,15.0
2025-06-03,12,10.6,9.0
2025-06-03,13,7.6,341.0
2025-06-03,14,14.1,297.0
2025-06-03,15,15.2,289.0
2025-06-03,16,16.8,282.0
2025-06-03,17,19.0,283.0
2025-06-03,18,17.6,268.0
2025-06-03,19,20.5,249.0
2025-06-03,20,17.0,247.0
2025-06-03,21,11.4,229.0
2025-06-03,22,23.2,344.0
2025-06-03,23,29.6,23.0
2025-06-03,24,22.1,46.0
2025-06-04,1,13.2,43.0
2025-06-04,2,27.8,4.0
2025-06-04,3,27.4,19.0
2025-06-04,4,29.1,19.0
2025-06-04,5,25.2,17.0
2025-06-04,6,24.9,16.0
2025-06-04,7,24.1,22.0
2025-06-04,8,21.0,23.0
2025-06-04,9,16.2,30.0
2025-06-04,10,17.6,29.0
2025-06-04,11,18.4,25.0
2025-06-04,12,16.4,21.0
2025-06-04,13,13.2,14.0
2025-06-04,14,10.5,355.0
2025-06-04,15,12.3,346.0
2025-06-04,16,12.5,342.0
2025-06-04,17,10.7,348.0
2025-06-04,18,10.6,346.0
2025-06-04,19,9.9,339.0
2025-06-04,20,13.6,324.0
2025-06-04,21,13.5,323.0
2025-06-04,22,16.5,323.0
2025-06-04,23,12.3,8.0
2025-06-04,24,13.4,24.0
2025-06-05,1,31.6,46.0
2025-06-05,2,23.2,54.0
2025-06-05,3,16.9,50.0
2025-06-05,4,16.2,26.0
2025-06-05,5,17.1,26.0
2025-06-05,6,19.5,22.0
2025-06-05,7,20.5,25.0
2025-06-05,8,20.7,33.0
2025-06-05,9,16.0,31.0
2025-06-05,10,15.1,27.0
2025-06-05,11,14.9,28.0
2025-06-05,12,15.5,26.0
2025-06-05,13,14.7,23.0
2025-06-05,14,11.5,17.0
2025-06-05,15,9.6,3.0
2025-06-05,16,11.3,342.0
2025-06-05,17,17.7,345.0
2025-06-05,18,11.9,4.0
2025-06-05,19,2.3,337.0
2025-06-05,20,11.3,358.0
2025-06-05,21,18.6,351.0
2025-06-05,22,22.6,4.0
2025-06-05,23,17.1,14.0
2025-06-05,24,16.1,25.0
2025-06-06,1,12.6,24.0
2025-06-06,2,17.0,19.0
2025-06-06,3,18.7,38.0
2025-06-06,4,14.6,46.0
2025-06-06,5,14.4,36.0
2025-06-06,6,16.1,56.0
2025-06-06,7,8.1,45.0
2025-06-06,8,9.0,35.0
2025-06-06,9,5.7,11.0
2025-06-06,10,5.2,360.0
2025-06-06,11,4.1,2.0
2025-06-06,12,4.2,348.0
2025-06-06,13,4.5,307.0
2025-06-06,14,6.3,290.0
2025-06-06,15,6.8,259.0
2025-06-06,16,7.6,236.0
2025-06-06,17,11.2,218.0
2025-06-06,18,14.8,222.0
2025-06-06,19,17.8,225.0
2025-06-06,20,26.6,218.0
2025-06-06,21,27.8,200.0
2025-06-06,22,29.7,202.0
2025-06-06,23,29.6,200.0
2025-06-06,24,31.0,217.0
2025-06-07,1,30.5,215.0
2025-06-07,2,32.2,210.0
2025-06-07,3,32.5,206.0
2025-06-07,4,28.2,211.0
2025-06-07,5,25.5,209.0
2025-06-07,6,25.6,209.0
2025-06-07,7,25.4,205.0
2025-06-07,8,20.9,209.0
2025-06-07,9,15.4,209.0
2025-06-07,10,13.2,218.0
2025-06-07,11,12.0,223.0
2025-06-07,12,6.3,235.0
2025-06-07,13,5.5,238.0
2025-06-07,14,9.6,227.0
2025-06-07,15,12.9,227.0
2025-06-07,16,15.9,233.0
2025-06-07,17,20.1,237.0
2025-06-07,18,21.9,231.0
2025-06-07,19,24.1,228.0
2025-06-07,20,10.6,252.0
2025-06-07,21,28.7,217.0
2025-06-07,22,28.9,213.0
2025-06-07,23,35.9,213.0
2025-06-07,24,30.6,222.0
2025-06-08,1,29.3,216.0
2025-06-08,2,27.0,210.0
2025-06-08,3,24.7,217.0
2025-06-08,4,10.3,239.0
2025-06-08,5,1.6,243.0
2025-06-08,6,3.7,35.0
2025-06-08,7,9.1,27.0
2025-06-08,8,11.9,14.0
2025-06-08,9,12.4,16.0
2025-06-08,10,13.0,19.0
2025-06-08,11,15.3,20.0
2025-06-08,12,16.4,19.0
2025-06-08,13,14.5,14.0
2025-06-08,14,14.7,6.0
2025-06-08,15,12.3,8.0
2025-06-08,16,9.0,359.0
2025-06-08,17,12.0,347.0
2025-06-08,18,17.3,350.0
2025-06-08,19,16.6,359.0
2025-06-08,20,10.8,15.0
2025-06-08,21,10.0,69.0
2025-06-08,22,18.4,108.0
2025-06-08,23,19.0,70.0
2025-06-08,24,21.8,60.0
2025-06-09,1,19.1,71.0
2025-06-09,2,16.6,87.0
2025-06-09,3,14.4,98.0
2025-06-09,4,12.4,100.0
2025-06-09,5,6.7,38.0
2025-06-09,6,9.1,36.0
2025-06-09,7,6.0,39.0
2025-06-09,8,10.4,64.0
2025-06-09,9,5.5,63.0
2025-06-09,10,5.0,311.0
2025-06-09,11,6.0,277.0
2025-06-09,12,6.6,241.0
2025-06-09,13,9.3,224.0
2025-06-09,14,13.4,220.0
2025-06-09,15,13.9,233.0
2025-06-09,16,13.6,252.0
2025-06-09,17,13.1,232.0
2025-06-09,18,13.2,225.0
2025-06-09,19,12.5,225.0
2025-06-09,20,12.2,234.0
2025-06-09,21,8.9,214.0
2025-06-09,22,19.2,156.0
2025-06-09,23,24.9,177.0
2025-06-09,24,24.0,190.0
2025-06-10,1,29.4,199.0
2025-06-10,2,33.1,208.0
2025-06-10,3,30.1,200.0
2025-06-10,4,32.2,195.0
2025-06-10,5,27.0,198.0
2025-06-10,6,20.0,206.0
2025-06-10,7,19.1,206.0
2025-06-10,8,12.9,213.0
2025-06-10,9,10.7,213.0
2025-06-10,10,13.7,210.0
2025-06-10,11,18.0,214.0
2025-06-10,12,18.6,220.0
2025-06-10,13,18.4,231.0
2025-06-10,14,17.5,241.0
2025-06-10,15,16.2,255.0
2025-06-10,16,14.3,253.0
2025-06-10,17,17.1,248.0
2025-06-10,18,21.5,238.0
2025-06-10,19,27.3,238.0
2025-06-10,20,23.8,278.0
2025-06-10,21,18.3,340.0
2025-06-10,22,15.3,345.0
2025-06-10,23,19.0,121.0
2025-06-10,24,13.9,101.0
2025-06-11,1,12.0,139.0
2025-06-11,2,12.3,177.0
2025-06-11,3,1.8,191.0
2025-06-11,4,7.7,332.0
2025-06-11,5,8.1,339.0
2025-06-11,6,4.4,339.0
2025-06-11,7,0.9,37.0
2025-06-11,8,4.9,4.0
2025-06-11,9,1.7,49.0
2025-06-11,10,2.3,315.0
2025-06-11,11,3.6,297.0
2025-06-11,12,5.8,290.0
2025-06-11,13,5.9,305.0
2025-06-11,14,7.6,234.0
2025-06-11,15,18.4,261.0
2025-06-11,16,25.4,201.0
2025-06-11,17,22.5,273.0
2025-06-11,18,14.4,217.0
2025-06-11,19,28.4,232.0
2025-06-11,20,16.4,222.0
2025-06-11,21,20.2,229.0
2025-06-11,22,18.0,222.0
2025-06-11,23,17.9,216.0
2025-06-11,24,20.0,211.0
2025-06-12,1,16.1,208.0
2025-06-12,2,15.5,205.0
2025-06-12,3,12.7,212.0
2025-06-12,4,7.8,206.0
2025-06-12,5,9.9,196.0
2025-06-12,6,12.2,207.0
2025-06-12,7,7.9,231.0
2025-06-12,8,5.1,306.0
2025-06-12,9,5.8,306.0
2025-06-12,10,4.1,304.0
2025-06-12,11,3.5,246.0
2025-06-12,12,4.0,252.0
2025-06-12,13,3.2,289.0
2025-06-12,14,3.7,299.0
2025-06-12,15,7.3,303.0
2025-06-12,16,9.6,313.0
2025-06-12,17,9.1,288.0
2025-06-12,18,8.3,254.0
2025-06-12,19,9.1,263.0
2025-06-12,20,10.9,263.0
2025-06-12,21,7.3,191.0
2025-06-12,22,6.3,175.0
2025-06-12,23,4.1,61.0
2025-06-12,24,13.6,121.0
2025-06-13,1,14.6,135.0
2025-06-13,2,11.7,136.0
2025-06-13,3,10.3,173.0
2025-06-13,4,7.6,256.0
2025-06-13,5,5.5,212.0
2025-06-13,6,5.9,247.0
2025-06-13,7,6.5,283.0
2025-06-13,8,3.1,28.0
2025-06-13,9,3.0,104.0
2025-06-13,10,3.4,295.0
2025-06-13,11,6.4,297.0
2025-06-13,12,6.5,284.0
2025-06-13,13,7.5,253.0
2025-06-13,14,13.9,236.0
2025-06-13,15,23.0,225.0
2025-06-13,16,27.0,219.0
2025-06-13,17,29.6,218.0
2025-06-13,18,28.9,216.0
2025-06-13,19,28.7,218.0
2025-06-13,20,25.4,221.0
2025-06-13,21,20.5,221.0
2025-06-13,22,14.4,240.0
2025-06-13,23,17.3,274.0
2025-06-13,24,17.3,314.0
2025-06-14,1,8.1,31.0
2025-06-14,2,11.2,80.0
2025-06-14,3,7.7,99.0
2025-06-14,4,3.9,118.0
2025-06-14,5,3.2,161.0
2025-06-14,6,6.0,196.0
2025-06-14,7,7.0,220.0
2025-06-14,8,6.4,315.0
2025-06-14,9,8.1,321.0
2025-06-14,10,10.1,220.0
2025-06-14,11,21.0,208.0
2025-06-14,12,21.7,212.0
2025-06-14,13,21.3,219.0
2025-06-14,14,20.4,219.0
2025-06-14,15,19.6,219.0
2025-06-14,16,20.9,218.0
2025-06-14,17,22.8,218.0
2025-06-14,18,23.9,220.0
2025-06-14,19,23.7,224.0
2025-06-14,20,23.1,239.0
2025-06-14,21,17.4,265.0
2025-06-14,22,14.6,272.0
2025-06-14,23,10.0,263.0
2025-06-14,24,2.8,285.0
2025-06-15,1,8.1,90.0
2025-06-15,2,13.6,85.0
2025-06-15,3,14.8,89.0
2025-06-15,4,12.3,108.0
2025-06-15,5,10.4,92.0
2025-06-15,6,9.5,65.0
2025-06-15,7,10.5,38.0
2025-06-15,8,13.6,42.0
2025-06-15,9,11.2,38.0
2025-06-15,10,9.7,4.0
2025-06-15,11,7.7,329.0
2025-06-15,12,7.9,300.0
2025-06-15,13,8.3,250.0
2025-06-15,14,9.4,239.0
2025-06-15,15,13.8,230.0
2025-06-15,16,21.3,227.0
2025-06-15,17,26.7,227.0
2025-06-15,18,29.3,227.0
2025-06-15,19,31.1,231.0
2025-06-15,20,31.3,240.0
2025-06-15,21,31.6,260.0
2025-06-15,22,33.0,276.0
2025-06-15,23,25.7,294.0
2025-06-15,24,16.7,317.0
2025-06-16,1,2.9,86.0
2025-06-16,2,12.5,148.0
2025-06-16,3,9.1,187.0
2025-06-16,4,8.4,171.0
2025-06-16,5,8.2,213.0
2025-06-16,6,7.4,267.0
2025-06-16,7,4.5,236.0
2025-06-16,8,1.8,354.0
2025-06-16,9,0.2,270.0
2025-06-16,10,1.8,143.0
2025-06-16,11,4.8,209.0
2025-06-16,12,9.0,213.0
2025-06-16,13,11.2,222.0
2025-06-16,14,13.9,216.0
2025-06-16,15,15.5,220.0
2025-06-16,16,20.3,220.0
2025-06-16,17,24.8,234.0
2025-06-16,18,26.5,231.0
2025-06-16,19,30.8,235.0
2025-06-16,20,38.7,254.0
2025-06-16,21,36.9,260.0
2025-06-16,22,26.2,334.0
2025-06-16,23,33.4,10.0
2025-06-16,24,24.3,32.0
2025-06-17,1,16.7,26.0
2025-06-17,2,14.1,30.0
2025-06-17,3,15.8,8.0
2025-06-17,4,16.7,11.0
2025-06-17,5,10.2,36.0
2025-06-17,6,10.4,58.0
2025-06-17,7,7.5,46.0
2025-06-17,8,3.6,30.0
2025-06-17,9,3.3,9.0
2025-06-17,10,5.0,19.0
2025-06-17,11,8.0,6.0
2025-06-17,12,8.5,353.0
2025-06-17,13,9.4,329.0
2025-06-17,14,8.3,316.0
2025-06-17,15,9.0,282.0
2025-06-17,16,9.7,272.0
2025-06-17,17,11.4,265.0
2025-06-17,18,14.2,255.0
2025-06-17,19,12.3,255.0
2025-06-17,20,8.4,225.0
2025-06-17,21,5.3,225.0
2025-06-17,22,4.1,345.0
2025-06-17,23,14.4,206.0
2025-06-17,24,30.0,247.0
2025-06-18,1,27.2,226.0
2025-06-18,2,27.0,206.0
2025-06-18,3,29.9,205.0
2025-06-18,4,28.3,213.0
2025-06-18,5,24.8,222.0
2025-06-18,6,18.8,218.0
2025-06-18,7,18.1,212.0
2025-06-18,8,17.3,210.0
2025-06-18,9,15.8,212.0
2025-06-18,10,14.0,216.0
2025-06-18,11,13.5,218.0
2025-06-18,12,12.3,220.0
2025-06-18,13,13.0,219.0
2025-06-18,14,14.4,221.0
2025-06-18,15,15.6,230.0
2025-06-18,16,17.1,229.0
2025-06-18,17,20.8,226.0
2025-06-18,18,23.2,229.0
2025-06-18,19,21.6,231.0
2025-06-18,20,23.3,219.0
2025-06-18,21,19.8,213.0
2025-06-18,22,18.0,233.0
2025-06-18,23,21.4,245.0
2025-06-18,24,14.6,257.0
2025-06-19,1,16.6,167.0
2025-06-19,2,18.8,159.0
2025-06-19,3,11.4,151.0
2025-06-19,4,10.6,162.0
2025-06-19,5,3.1,156.0
2025-06-19,6,4.1,135.0
2025-06-19,7,4.6,141.0
2025-06-19,8,3.0,14.0
2025-06-19,9,1.9,119.0
2025-06-19,10,1.9,311.0
2025-06-19,11,5.7,283.0
2025-06-19,12,7.2,251.0
2025-06-19,13,12.6,229.0
2025-06-19,14,16.9,225.0
2025-06-19,15,21.0,224.0
2025-06-19,16,25.1,229.0
2025-06-19,17,26.9,223.0
2025-06-19,18,32.0,217.0
2025-06-19,19,33.2,216.0
2025-06-19,20,17.7,223.0
2025-06-19,21,11.6,266.0
2025-06-19,22,3.1,45.0
2025-06-19,23,27.5,102.0
2025-06-19,24,20.0,86.0
2025-06-20,1,6.8,119.0
2025-06-20,2,17.8,306.0
2025-06-20,3,20.4,338.0
2025-06-20,4,10.1,6.0
2025-06-20,5,6.6,281.0
2025-06-20,6,1.3,56.0
2025-06-20,7,11.2,152.0
2025-06-20,8,8.4,341.0
2025-06-20,9,12.1,49.0
2025-06-20,10,21.2,95.0
2025-06-20,11,15.1,155.0
2025-06-20,12,21.8,208.0
2025-06-20,13,32.0,219.0
2025-06-20,14,33.6,215.0
2025-06-20,15,38.4,221.0
2025-06-20,16,34.5,236.0
2025-06-20,17,33.0,239.0
2025-06-20,18,27.6,252.0
2025-06-20,19,16.9,277.0
2025-06-20,20,22.5,282.0
2025-06-20,21,28.5,275.0
2025-06-20,22,27.7,264.0
2025-06-20,23,44.0,259.0
2025-06-20,24,39.5,244.0
2025-06-21,1,44.7,250.0
2025-06-21,2,36.5,216.0
2025-06-21,3,42.6,221.0
2025-06-21,4,43.2,222.0
2025-06-21,5,42.9,209.0
2025-06-21,6,39.3,207.0
2025-06-21,7,38.0,202.0
2025-06-21,8,33.1,202.0
2025-06-21,9,32.1,208.0
2025-06-21,10,29.8,214.0
2025-06-21,11,26.7,218.0
2025-06-21,12,24.2,221.0
2025-06-21,13,22.8,221.0
2025-06-21,14,20.6,220.0
2025-06-21,15,19.8,220.0
2025-06-21,16,19.6,227.0
2025-06-21,17,20.8,242.0
2025-06-21,18,23.8,255.0
2025-06-21,19,22.0,267.0
2025-06-21,20,11.1,261.0
2025-06-21,21,18.0,241.0
2025-06-21,22,31.5,242.0
2025-06-21,23,30.0,225.0
2025-06-21,24,27.0,219.0
2025-06-22,1,28.3,228.0
2025-06-22,2,29.0,224.0
2025-06-22,3,25.9,214.0
2025-06-22,4,26.4,211.0
2025-06-22,5,30.4,214.0
2025-06-22,6,32.8,215.0
2025-06-22,7,30.1,205.0
2025-06-22,8,26.7,192.0
2025-06-22,9,24.0,183.0
2025-06-22,10,35.6,211.0
2025-06-22,11,38.5,215.0
2025-06-22,12,41.0,217.0
2025-06-22,13,43.7,219.0
2025-06-22,14,44.2,224.0
2025-06-22,15,45.8,229.0
2025-06-22,16,46.2,235.0
2025-06-22,17,45.1,240.0
2025-06-22,18,39.3,244.0
2025-06-22,19,34.1,250.0
2025-06-22,20,24.3,268.0
2025-06-22,21,18.9,261.0
2025-06-22,22,11.6,286.0
2025-06-22,23,4.5,277.0
2025-06-22,24,10.5,185.0
2025-06-23,1,16.2,194.0
2025-06-23,2,18.8,190.0
2025-06-23,3,16.8,192.0
2025-06-23,4,10.5,183.0
2025-06-23,5,7.3,157.0
2025-06-23,6,6.6,143.0
2025-06-23,7,4.2,149.0
2025-06-23,8,1.1,180.0
2025-06-23,9,1.9,338.0
2025-06-23,10,1.4,247.0
2025-06-23,11,8.4,220.0
2025-06-23,12,11.1,230.0
2025-06-23,13,9.4,235.0
2025-06-23,14,8.5,235.0
2025-06-23,15,7.8,236.0
2025-06-23,16,7.7,239.0
2025-06-23,17,7.0,249.0
2025-06-23,18,6.1,268.0
2025-06-23,19,6.4,281.0
2025-06-23,20,9.1,322.0
2025-06-23,21,11.4,348.0
2025-06-23,22,14.5,20.0
2025-06-23,23,18.1,57.0
2025-06-23,24,17.3,71.0
2025-06-24,1,17.5,71.0
2025-06-24,2,15.0,83.0
2025-06-24,3,7.4,64.0
2025-06-24,4,13.3,32.0
2025-06-24,5,13.1,41.0
2025-06-24,6,15.3,25.0
2025-06-24,7,16.5,23.0
2025-06-24,8,15.4,32.0
2025-06-24,9,14.6,27.0
2025-06-24,10,10.4,11.0
2025-06-24,11,8.1,1.0
2025-06-24,12,7.8,345.0
2025-06-24,13,4.0,355.0
2025-06-24,14,5.1,278.0
2025-06-24,15,9.4,241.0
2025-06-24,16,8.7,227.0
2025-06-24,17,11.9,229.0
2025-06-24,18,7.9,257.0
2025-06-24,19,4.0,297.0
2025-06-24,20,3.2,137.0
2025-06-24,21,5.3,135.0
2025-06-24,22,7.9,210.0
2025-06-24,23,7.8,143.0
2025-06-24,24,13.6,126.0
2025-06-25,1,13.2,174.0
2025-06-25,2,22.7,199.0
2025-06-25,3,19.6,202.0
2025-06-25,4,17.1,204.0
2025-06-25,5,18.0,205.0
2025-06-25,6,16.0,203.0
2025-06-25,7,10.3,216.0
2025-06-25,8,4.0,207.0
2025-06-25,9,3.6,198.0
2025-06-25,10,2.2,246.0
2025-06-25,11,5.0,249.0
2025-06-25,12,6.2,244.0
2025-06-25,13,7.6,243.0
2025-06-25,14,11.7,234.0
2025-06-25,15,12.2,217.0
2025-06-25,16,12.8,204.0
2025-06-25,17,14.9,202.0
2025-06-25,18,15.7,218.0
2025-06-25,19,15.1,238.0
2025-06-25,20,34.4,172.0
2025-06-25,21,27.9,183.0
2025-06-25,22,14.4,233.0
2025-06-25,23,6.4,260.0
2025-06-25,24,2.3,176.0
2025-06-26,1,7.3,118.0
2025-06-26,2,11.3,134.0
2025-06-26,3,12.6,163.0
2025-06-26,4,7.8,148.0
2025-06-26,5,9.3,153.0
2025-06-26,6,7.8,158.0
2025-06-26,7,3.8,172.0
2025-06-26,8,4.2,350.0
2025-06-26,9,1.8,96.0
2025-06-26,10,2.4,189.0
2025-06-26,11,3.3,209.0
2025-06-26,12,10.3,211.0
2025-06-26,13,18.3,231.0
2025-06-26,14,21.3,232.0
2025-06-26,15,30.7,224.0
2025-06-26,16,27.0,222.0
2025-06-26,17,30.9,219.0
2025-06-26,18,37.6,232.0
2025-06-26,19,34.0,238.0
2025-06-26,20,34.0,237.0
2025-06-26,21,32.8,238.0
2025-06-26,22,27.9,248.0
2025-06-26,23,17.3,265.0
2025-06-26,24,18.0,268.0
2025-06-27,1,13.5,251.0
2025-06-27,2,13.6,228.0
2025-06-27,3,21.4,180.0
2025-06-27,4,20.4,191.0
2025-06-27,5,15.6,204.0
2025-06-27,6,8.6,244.0
2025-06-27,7,1.8,225.0
2025-06-27,8,6.1,166.0
2025-06-27,9,9.7,191.0
2025-06-27,10,11.6,213.0
2025-06-27,11,17.4,216.0
2025-06-27,12,18.5,221.0
2025-06-27,13,19.4,227.0
2025-06-27,14,22.5,225.0
2025-06-27,15,27.2,228.0
2025-06-27,16,32.3,234.0
2025-06-27,17,36.4,239.0
2025-06-27,18,40.2,243.0
2025-06-27,19,42.5,242.0
2025-06-27,20,41.2,245.0
2025-06-27,21,42.0,247.0
2025-06-27,22,39.1,245.0
2025-06-27,23,32.5,254.0
2025-06-27,24,28.1,254.0
2025-06-28,1,23.5,229.0
2025-06-28,2,25.9,206.0
2025-06-28,3,28.8,206.0
2025-06-28,4,27.6,217.0
2025-06-28,5,25.8,213.0
2025-06-28,6,24.7,213.0
2025-06-28,7,22.9,210.0
2025-06-28,8,23.3,201.0
2025-06-28,9,21.7,209.0
2025-06-28,10,20.1,211.0
2025-06-28,11,21.3,215.0
2025-06-28,12,22.7,223.0
2025-06-28,13,25.1,227.0
2025-06-28,14,28.5,226.0
2025-06-28,15,30.3,233.0
2025-06-28,16,35.4,241.0
2025-06-28,17,37.2,242.0
2025-06-28,18,39.2,240.0
2025-06-28,19,39.0,237.0
2025-06-28,20,39.2,236.0
2025-06-28,21,37.3,232.0
2025-06-28,22,33.9,229.0
2025-06-28,23,33.7,227.0
2025-06-28,24,31.6,225.0
2025-06-29,1,31.0,217.0
2025-06-29,2,31.2,211.0
2025-06-29,3,29.2,223.0
2025-06-29,4,16.6,243.0
2025-06-29,5,10.3,270.0
2025-06-29,6,9.2,296.0
2025-06-29,7,8.4,305.0
2025-06-29,8,4.2,313.0
2025-06-29,9,4.0,243.0
2025-06-29,10,8.4,233.0
2025-06-29,11,11.2,233.0
2025-06-29,12,10.7,243.0
2025-06-29,13,7.8,266.0
2025-06-29,14,6.2,291.0
2025-06-29,15,6.0,307.0
2025-06-29,16,8.6,300.0
2025-06-29,17,9.7,312.0
2025-06-29,18,7.0,314.0
2025-06-29,19,5.9,317.0
2025-06-29,20,3.7,14.0
2025-06-29,21,8.4,43.0
2025-06-29,22,12.2,98.0
2025-06-29,23,14.1,121.0
2025-06-29,24,10.9,121.0
2025-06-30,1,10.9,99.0
2025-06-30,2,13.0,63.0
2025-06-30,3,15.9,87.0
2025-06-30,4,13.0,84.0
2025-06-30,5,12.1,47.0
2025-06-30,6,14.3,41.0
2025-06-30,7,10.5,53.0
2025-06-30,8,6.3,70.0
2025-06-30,9,6.0,63.0
2025-06-30,10,8.0,6.0
2025-06-30,11,7.8,7.0
2025-06-30,12,3.0,142.0
2025-06-30,13,8.1,181.0
2025-06-30,14,8.1,186.0
2025-06-30,15,6.8,198.0
2025-06-30,16,7.3,222.0
2025-06-30,17,10.2,224.0
2025-06-30,18,11.8,214.0
2025-06-30,19,8.8,184.0
2025-06-30,20,11.3,121.0
2025-06-30,21,9.5,171.0
2025-06-30,22,18.5,201.0
2025-06-30,23,15.6,188.0
2025-06-30,24,8.2,188.0
2025-07-01,1,7.4,154.0
2025-07-01,2,6.2,150.0
2025-07-01,3,9.3,161.0
2025-07-01,4,11.7,182.0
2025-07-01,5,9.9,181.0
2025-07-01,6,5.6,184.0
2025-07-01,7,4.0,328.0
2025-07-01,8,3.1,36.0
2025-07-01,9,2.9,60.0
2025-07-01,10,4.7,40.0
2025-07-01,11,6.9,28.0
2025-07-01,12,6.9,335.0
2025-07-01,13,2.4,193.0
2025-07-01,14,15.3,204.0
2025-07-01,15,20.5,198.0
2025-07-01,16,32.6,220.0
2025-07-01,17,18.8,243.0
2025-07-01,18,16.9,207.0
2025-07-01,19,20.9,209.0
2025-07-01,20,32.5,208.0
2025-07-01,21,38.2,177.0
2025-07-01,22,40.0,178.0
2025-07-01,23,43.2,169.0
2025-07-01,24,41.4,161.0
2025-07-02,1,38.0,160.0
2025-07-02,2,25.0,161.0
2025-07-02,3,7.7,144.0
2025-07-02,4,8.2,131.0
2025-07-02,5,8.1,149.0
2025-07-02,6,8.6,168.0
2025-07-02,7,13.6,173.0
2025-07-02,8,10.5,145.0
2025-07-02,9,2.7,217.0
2025-07-02,10,5.1,297.0
2025-07-02,11,5.1,238.0
2025-07-02,12,17.6,191.0
2025-07-02,13,16.8,190.0
2025-07-02,14,9.1,232.0
2025-07-02,15,30.7,238.0
2025-07-02,16,21.3,177.0
2025-07-02,17,24.3,180.0
2025-07-02,18,24.2,193.0
2025-07-02,19,31.7,174.0
2025-07-02,20,28.9,200.0
2025-07-02,21,34.6,168.0
2025-07-02,22,34.0,145.0
2025-07-02,23,36.6,149.0
2025-07-02,24,34.5,161.0
2025-07-03,1,33.5,164.0
2025-07-03,2,25.9,178.0
2025-07-03,3,24.0,183.0
2025-07-03,4,25.6,176.0
2025-07-03,5,20.5,181.0
2025-07-03,6,17.0,196.0
2025-07-03,7,2.8,259.0
2025-07-03,8,4.3,268.0
2025-07-03,9,4.8,191.0
2025-07-03,10,7.8,206.0
2025-07-03,11,12.4,214.0
2025-07-03,12,9.4,192.0
2025-07-03,13,8.5,145.0
2025-07-03,14,13.9,153.0
2025-07-03,15,24.5,183.0
2025-07-03,16,21.2,195.0
2025-07-03,17,16.6,189.0
2025-07-03,18,15.9,186.0
2025-07-03,19,10.6,194.0
2025-07-03,20,7.7,208.0
2025-07-03,21,4.9,262.0
2025-07-03,22,40.5,43.0
2025-07-03,23,26.2,95.0
2025-07-03,24,19.8,111.0
2025-07-04,1,14.2,116.0
2025-07-04,2,8.1,114.0
2025-07-04,3,8.1,24.0
2025-07-04,4,2.7,360.0
2025-07-04,5,3.6,340.0
2025-07-04,6,1.8,307.0
2025-07-04,7,5.4,174.0
2025-07-04,8,4.3,228.0
2025-07-04,9,18.4,219.0
2025-07-04,10,28.3,211.0
2025-07-04,11,17.4,214.0
2025-07-04,12,15.4,216.0
2025-07-04,13,13.1,233.0
2025-07-04,14,14.9,229.0
2025-07-04,15,21.9,223.0
2025-07-04,16,28.2,218.0
2025-07-04,17,28.8,216.0
2025-07-04,18,31.8,165.0
2025-07-04,19,29.9,187.0
2025-07-04,20,25.9,220.0
2025-07-04,21,25.4,188.0
2025-07-04,22,15.4,225.0
2025-07-04,23,15.8,172.0
2025-07-04,24,12.9,167.0
2025-07-05,1,11.4,161.0
2025-07-05,2,9.0,167.0
2025-07-05,3,7.6,177.0
2025-07-05,4,6.9,174.0
2025-07-05,5,8.6,200.0
2025-07-05,6,16.1,209.0
2025-07-05,7,25.0,207.0
2025-07-05,8,16.5,217.0
2025-07-05,9,15.5,209.0
2025-07-05,10,13.0,214.0
2025-07-05,11,12.3,212.0
2025-07-05,12,11.9,221.0
2025-07-05,13,13.0,221.0
2025-07-05,14,15.9,241.0
2025-07-05,15,20.1,238.0
2025-07-05,16,24.0,227.0
2025-07-05,17,27.4,235.0
2025-07-05,18,31.2,244.0
2025-07-05,19,32.0,245.0
2025-07-05,20,33.2,247.0
2025-07-05,21,30.1,241.0
2025-07-05,22,28.3,230.0
2025-07-05,23,28.0,222.0
2025-07-05,24,27.1,214.0
2025-07-06,1,26.4,212.0
2025-07-06,2,26.9,210.0
2025-07-06,3,27.1,199.0
2025-07-06,4,26.9,202.0
2025-07-06,5,29.0,200.0
2025-07-06,6,28.2,204.0
2025-07-06,7,28.3,206.0
2025-07-06,8,22.9,211.0
2025-07-06,9,18.7,219.0
2025-07-06,10,17.4,223.0
2025-07-06,11,15.2,229.0
2025-07-06,12,13.3,232.0
2025-07-06,13,12.1,235.0
2025-07-06,14,12.2,237.0
2025-07-06,15,12.0,233.0
2025-07-06,16,9.3,234.0
2025-07-06,17,8.4,247.0
2025-07-06,18,11.8,251.0
2025-07-06,19,13.5,245.0
2025-07-06,20,7.2,252.0
2025-07-06,21,5.6,241.0
2025-07-06,22,9.1,148.0
2025-07-06,23,18.4,147.0
2025-07-06,24,16.8,177.0
2025-07-07,1,12.7,187.0
2025-07-07,2,12.2,202.0
2025-07-07,3,14.0,198.0
2025-07-07,4,13.6,195.0
2025-07-07,5,13.5,190.0
2025-07-07,6,14.8,202.0
2025-07-07,7,15.1,211.0
2025-07-07,8,6.8,338.0
2025-07-07,9,4.8,335.0
2025-07-07,10,1.1,351.0
2025-07-07,11,4.6,211.0
2025-07-07,12,9.3,216.0
2025-07-07,13,11.1,211.0
2025-07-07,14,11.7,218.0
2025-07-07,15,12.1,224.0
2025-07-07,16,14.7,228.0
2025-07-07,17,19.0,239.0
2025-07-07,18,20.5,235.0
2025-07-07,19,22.0,232.0
2025-07-07,20,22.7,229.0
2025-07-07,21,18.4,235.0
2025-07-07,22,16.2,236.0
2025-07-07,23,19.6,224.0
2025-07-07,24,19.6,207.0
2025-07-08,1,20.3,186.0
2025-07-08,2,22.2,191.0
2025-07-08,3,21.1,194.0
2025-07-08,4,19.7,192.0
2025-07-08,5,20.4,202.0
2025-07-08,6,17.5,205.0
2025-07-08,7,13.4,209.0
2025-07-08,8,2.2,305.0
2025-07-08,9,3.1,315.0
2025-07-08,10,4.6,318.0
2025-07-08,11,7.0,314.0
2025-07-08,12,5.0,311.0
2025-07-08,13,4.1,268.0
2025-07-08,14,7.8,248.0
2025-07-08,15,13.7,238.0
2025-07-08,16,15.2,237.0
2025-07-08,17,14.6,230.0
2025-07-08,18,21.3,217.0
2025-07-08,19,15.8,243.0
2025-07-08,20,23.6,199.0
2025-07-08,21,18.2,153.0
2025-07-08,22,25.0,168.0
2025-07-08,23,40.7,139.0
2025-07-08,24,35.2,161.0
2025-07-09,1,21.3,178.0
2025-07-09,2,5.1,234.0
2025-07-09,3,6.9,135.0
2025-07-09,4,12.1,170.0
2025-07-09,5,18.1,167.0
2025-07-09,6,18.1,173.0
2025-07-09,7,7.5,215.0
2025-07-09,8,4.2,198.0
2025-07-09,9,4.1,272.0
2025-07-09,10,10.6,314.0
2025-07-09,11,7.8,299.0
2025-07-09,12,8.5,277.0
2025-07-09,13,11.2,235.0
2025-07-09,14,16.7,227.0
2025-07-09,15,18.0,230.0
2025-07-09,16,19.2,234.0
2025-07-09,17,21.6,235.0
2025-07-09,18,23.7,229.0
2025-07-09,19,23.7,229.0
2025-07-09,20,24.2,222.0
2025-07-09,21,31.4,260.0
2025-07-09,22,33.4,263.0
2025-07-09,23,31.3,296.0
2025-07-09,24,40.6,342.0
2025-07-10,1,32.8,7.0
2025-07-10,2,19.2,11.0
2025-07-10,3,13.2,355.0
2025-07-10,4,16.6,1.0
2025-07-10,5,9.6,20.0
2025-07-10,6,4.4,235.0
2025-07-10,7,7.3,286.0
2025-07-10,8,15.3,252.0
2025-07-10,9,20.0,218.0
2025-07-10,10,24.0,213.0
2025-07-10,11,22.9,214.0
2025-07-10,12,19.4,220.0
2025-07-10,13,17.7,218.0
2025-07-10,14,17.9,219.0
2025-07-10,15,19.8,222.0
2025-07-10,16,22.8,221.0
2025-07-10,17,23.8,230.0
2025-07-10,18,26.3,236.0
2025-07-10,19,27.3,234.0
2025-07-10,20,25.9,234.0
2025-07-10,21,25.1,224.0
2025-07-10,22,31.6,203.0
2025-07-10,23,34.9,205.0
2025-07-10,24,34.3,215.0
2025-07-11,1,40.7,209.0
2025-07-11,2,33.7,209.0
2025-07-11,3,37.7,207.0
2025-07-11,4,19.4,211.0
2025-07-11,5,6.7,232.0
2025-07-11,6,5.5,17.0
2025-07-11,7,13.2,29.0
2025-07-11,8,9.9,69.0
2025-07-11,9,9.5,39.0
2025-07-11,10,8.5,18.0
2025-07-11,11,10.6,19.0
2025-07-11,12,10.7,23.0
2025-07-11,13,9.2,17.0
2025-07-11,14,9.0,355.0
2025-07-11,15,11.2,344.0
2025-07-11,16,12.1,339.0
2025-07-11,17,13.7,330.0
2025-07-11,18,15.9,321.0
2025-07-11,19,14.1,325.0
2025-07-11,20,9.1,9.0
2025-07-11,21,14.4,50.0
2025-07-11,22,16.6,69.0
2025-07-11,23,12.1,60.0
2025-07-11,24,6.6,125.0
2025-07-12,1,1.7,342.0
2025-07-12,2,7.3,40.0
2025-07-12,3,6.7,160.0
2025-07-12,4,16.6,202.0
2025-07-12,5,16.7,217.0
2025-07-12,6,15.3,223.0
2025-07-12,7,16.3,215.0
2025-07-12,8,11.0,199.0
2025-07-12,9,12.8,202.0
2025-07-12,10,12.9,207.0
2025-07-12,11,15.8,210.0
2025-07-12,12,17.8,215.0
2025-07-12,13,18.9,219.0
2025-07-12,14,19.1,223.0
2025-07-12,15,18.4,231.0
2025-07-12,16,17.2,235.0
2025-07-12,17,16.3,235.0
2025-07-12,18,16.6,230.0
2025-07-12,19,15.7,225.0
2025-07-12,20,15.3,214.0
2025-07-12,21,15.0,201.0
2025-07-12,22,22.4,176.0
2025-07-12,23,30.5,176.0
2025-07-12,24,28.2,194.0
2025-07-13,1,27.5,211.0
2025-07-13,2,25.1,202.0
2025-07-13,3,27.5,200.0
2025-07-13,4,27.6,204.0
2025-07-13,5,19.3,214.0
2025-07-13,6,17.8,204.0
2025-07-13,7,16.0,199.0
2025-07-13,8,7.0,201.0
2025-07-13,9,3.2,214.0
2025-07-13,10,3.9,286.0
2025-07-13,11,6.9,247.0
2025-07-13,12,8.1,238.0
2025-07-13,13,8.9,230.0
2025-07-13,14,11.6,221.0
2025-07-13,15,14.7,220.0
2025-07-13,16,15.5,222.0
2025-07-13,17,15.1,225.0
2025-07-13,18,13.6,219.0
2025-07-13,19,10.8,213.0
2025-07-13,20,14.2,204.0
2025-07-13,21,15.2,191.0
2025-07-13,22,17.9,175.0
2025-07-13,23,28.1,176.0
2025-07-13,24,29.9,191.0
2025-07-14,1,26.9,200.0
2025-07-14,2,29.9,194.0
2025-07-14,3,33.4,200.0
2025-07-14,4,33.5,208.0
2025-07-14,5,32.4,206.0
2025-07-14,6,29.1,215.0
2025-07-14,7,29.7,209.0
2025-07-14,8,23.8,210.0
2025-07-14,9,19.4,217.0
2025-07-14,10,17.5,221.0
2025-07-14,11,18.7,220.0
2025-07-14,12,17.5,220.0
2025-07-14,13,15.4,218.0
2025-07-14,14,14.9,221.0
2025-07-14,15,15.1,221.0
2025-07-14,16,15.3,220.0
2025-07-14,17,17.4,223.0
2025-07-14,18,17.5,246.0
2025-07-14,19,21.7,257.0
2025-07-14,20,20.7,323.0
2025-07-14,21,9.6,57.0
2025-07-14,22,12.9,111.0
2025-07-14,23,17.0,141.0
2025-07-14,24,17.4,170.0
2025-07-15,1,25.9,187.0
2025-07-15,2,28.6,198.0
2025-07-15,3,32.1,197.0
2025-07-15,4,31.5,205.0
2025-07-15,5,28.1,218.0
2025-07-15,6,21.5,227.0
2025-07-15,7,20.0,218.0
2025-07-15,8,13.7,201.0
2025-07-15,9,12.8,215.0
2025-07-15,10,11.5,240.0
2025-07-15,11,13.0,228.0
2025-07-15,12,15.1,219.0
2025-07-15,13,20.2,221.0
2025-07-15,14,35.5,231.0
2025-07-15,15,37.6,234.0
2025-07-15,16,26.9,250.0
2025-07-15,17,32.2,239.0
2025-07-15,18,24.0,199.0
2025-07-15,19,22.6,201.0
2025-07-15,20,17.7,231.0
2025-07-15,21,23.0,146.0
2025-07-15,22,8.5,55.0
2025-07-15,23,11.5,32.0
2025-07-15,24,10.6,360.0
2025-07-16,1,19.5,5.0
2025-07-16,2,25.2,20.0
2025-07-16,3,23.7,15.0
2025-07-16,4,23.7,17.0
2025-07-16,5,22.5,13.0
2025-07-16,6,21.0,10.0
2025-07-16,7,18.8,17.0
2025-07-16,8,12.3,14.0
2025-07-16,9,9.2,7.0
2025-07-16,10,7.6,4.0
2025-07-16,11,4.9,356.0
2025-07-16,12,3.7,331.0
2025-07-16,13,4.1,283.0
2025-07-16,14,6.2,249.0
2025-07-16,15,8.0,228.0
2025-07-16,16,11.2,232.0
2025-07-16,17,14.4,241.0
2025-07-16,18,13.9,250.0
2025-07-16,19,9.1,260.0
2025-07-16,20,2.2,312.0
2025-07-16,21,12.0,76.0
2025-07-16,22,19.1,86.0
2025-07-16,23,19.1,115.0
2025-07-16,24,25.4,155.0
2025-07-17,1,25.0,189.0
2025-07-17,2,25.7,195.0
2025-07-17,3,25.9,197.0
2025-07-17,4,24.9,194.0
2025-07-17,5,23.6,193.0
2025-07-17,6,25.8,193.0
2025-07-17,7,24.1,197.0
2025-07-17,8,20.7,211.0
2025-07-17,9,19.1,224.0
2025-07-17,10,14.7,221.0
2025-07-17,11,15.7,221.0
2025-07-17,12,16.5,221.0
2025-07-17,13,17.4,230.0
2025-07-17,14,17.9,238.0
2025-07-17,15,17.2,240.0
2025-07-17,16,27.8,249.0
2025-07-17,17,35.4,243.0
2025-07-17,18,32.8,244.0
2025-07-17,19,32.7,247.0
2025-07-17,20,32.3,242.0
2025-07-17,21,27.4,242.0
2025-07-17,22,27.0,239.0
2025-07-17,23,28.2,229.0
2025-07-17,24,27.6,241.0
2025-07-18,1,23.8,227.0
2025-07-18,2,20.2,237.0
2025-07-18,3,18.8,230.0
2025-07-18,4,23.6,204.0
2025-07-18,5,20.2,221.0
2025-07-18,6,11.8,250.0
2025-07-18,7,2.2,235.0
2025-07-18,8,1.9,131.0
2025-07-18,9,3.9,227.0
2025-07-18,10,3.3,276.0
2025-07-18,11,3.1,263.0
2025-07-18,12,7.9,221.0
2025-07-18,13,11.7,221.0
2025-07-18,14,15.8,228.0
2025-07-18,15,20.6,211.0
2025-07-18,16,36.2,196.0
2025-07-18,17,8.9,204.0
2025-07-18,18,11.5,219.0
2025-07-18,19,27.3,164.0
2025-07-18,20,8.1,155.0
2025-07-18,21,14.9,155.0
2025-07-18,22,25.1,169.0
2025-07-18,23,31.9,150.0
2025-07-18,24,32.0,157.0
2025-07-19,1,35.2,157.0
2025-07-19,2,31.9,159.0
2025-07-19,3,29.4,168.0
2025-07-19,4,27.9,179.0
2025-07-19,5,28.2,188.0
2025-07-19,6,19.1,200.0
2025-07-19,7,17.1,199.0
2025-07-19,8,8.0,218.0
2025-07-19,9,5.3,213.0
2025-07-19,10,7.7,213.0
2025-07-19,11,18.7,219.0
2025-07-19,12,26.3,221.0
2025-07-19,13,31.1,225.0
2025-07-19,14,32.6,224.0
2025-07-19,15,36.8,235.0
2025-07-19,16,41.9,238.0
2025-07-19,17,44.5,235.0
2025-07-19,18,43.9,236.0
2025-07-19,19,40.7,238.0
2025-07-19,20,39.3,235.0
2025-07-19,21,36.3,229.0
2025-07-19,22,35.2,228.0
2025-07-19,23,34.2,230.0
2025-07-19,24,38.0,236.0
2025-07-20,1,35.3,225.0
2025-07-20,2,31.3,221.0
2025-07-20,3,26.6,202.0
2025-07-20,4,27.3,203.0
2025-07-20,5,20.2,217.0
2025-07-20,6,17.2,214.0
2025-07-20,7,17.1,194.0
2025-07-20,8,6.5,222.0
2025-07-20,9,5.7,238.0
2025-07-20,10,5.9,225.0
2025-07-20,11,11.3,213.0
2025-07-20,12,15.6,219.0
2025-07-20,13,21.3,224.0
2025-07-20,14,26.8,229.0
2025-07-20,15,30.3,236.0
2025-07-20,16,36.6,242.0
2025-07-20,17,40.5,246.0
2025-07-20,18,40.4,245.0
2025-07-20,19,39.4,241.0
2025-07-20,20,38.5,247.0
2025-07-20,21,28.0,249.0
2025-07-20,22,17.3,258.0
2025-07-20,23,12.7,301.0
2025-07-20,24,2.4,318.0
2025-07-21,1,11.5,140.0
2025-07-21,2,4.8,115.0
2025-07-21,3,5.6,138.0
2025-07-21,4,4.0,185.0
2025-07-21,5,5.8,95.0
2025-07-21,6,8.4,118.0
2025-07-21,7,15.2,176.0
2025-07-21,8,5.3,188.0
2025-07-21,9,9.3,204.0
2025-07-21,10,10.1,197.0
2025-07-21,11,22.1,205.0
2025-07-21,12,22.5,217.0
2025-07-21,13,22.8,207.0
2025-07-21,14,28.7,217.0
2025-07-21,15,36.2,214.0
2025-07-21,16,39.2,220.0
2025-07-21,17,36.8,223.0
2025-07-21,18,30.3,223.0
2025-07-21,19,27.9,238.0
2025-07-21,20,30.5,252.0
2025-07-21,21,33.1,260.0
2025-07-21,22,28.4,270.0
2025-07-21,23,16.9,259.0
2025-07-21,24,18.2,225.0
2025-07-22,1,18.2,207.0
2025-07-22,2,22.1,221.0
2025-07-22,3,19.4,203.0
2025-07-22,4,22.9,190.0
2025-07-22,5,25.8,198.0
2025-07-22,6,24.8,205.0
2025-07-22,7,27.4,210.0
2025-07-22,8,26.7,208.0
2025-07-22,9,23.8,213.0
2025-07-22,10,23.5,214.0
2025-07-22,11,21.0,211.0
2025-07-22,12,20.8,213.0
2025-07-22,13,21.9,216.0
2025-07-22,14,22.8,221.0
2025-07-22,15,25.0,222.0
2025-07-22,16,29.3,228.0
2025-07-22,17,30.8,234.0
2025-07-22,18,30.7,236.0
2025-07-22,19,31.0,240.0
2025-07-22,20,32.8,244.0
2025-07-22,21,26.7,247.0
2025-07-22,22,26.1,252.0
2025-07-22,23,25.1,249.0
2025-07-22,24,19.4,245.0
2025-07-23,1,17.4,231.0
2025-07-23,2,18.3,203.0
2025-07-23,3,20.1,204.0
2025-07-23,4,21.6,201.0
2025-07-23,5,18.7,194.0
2025-07-23,6,18.5,209.0
2025-07-23,7,16.6,217.0
2025-07-23,8,16.0,216.0
2025-07-23,9,17.3,219.0
2025-07-23,10,12.8,230.0
2025-07-23,11,17.7,221.0
2025-07-23,12,18.5,224.0
2025-07-23,13,18.4,229.0
2025-07-23,14,19.2,236.0
2025-07-23,15,20.3,237.0
2025-07-23,16,23.7,239.0
2025-07-23,17,27.2,242.0
2025-07-23,18,30.1,241.0
2025-07-23,19,31.7,238.0
2025-07-23,20,34.6,243.0
2025-07-23,21,33.2,237.0
2025-07-23,22,32.2,226.0
2025-07-23,23,31.4,224.0
2025-07-23,24,29.4,226.0
2025-07-24,1,25.7,223.0
2025-07-24,2,23.7,212.0
2025-07-24,3,28.2,195.0
2025-07-24,4,30.8,193.0
2025-07-24,5,27.8,201.0
2025-07-24,6,25.0,207.0
2025-07-24,7,24.1,214.0
2025-07-24,8,18.3,219.0
2025-07-24,9,17.1,214.0
2025-07-24,10,14.3,215.0
2025-07-24,11,18.1,218.0
2025-07-24,12,18.7,218.0
2025-07-24,13,18.5,224.0
2025-07-24,14,18.7,224.0
2025-07-24,15,21.8,228.0
2025-07-24,16,23.9,230.0
2025-07-24,17,24.0,230.0
2025-07-24,18,24.6,226.0
2025-07-24,19,27.2,217.0
2025-07-24,20,33.6,207.0
2025-07-24,21,29.7,191.0
2025-07-24,22,29.7,202.0
2025-07-24,23,28.1,179.0
2025-07-24,24,29.5,174.0
2025-07-25,1,28.6,178.0
2025-07-25,2,23.4,173.0
2025-07-25,3,19.1,183.0
2025-07-25,4,17.3,189.0
2025-07-25,5,18.2,183.0
2025-07-25,6,19.2,188.0
2025-07-25,7,17.3,189.0
2025-07-25,8,10.3,186.0
2025-07-25,9,9.7,204.0
2025-07-25,10,4.5,277.0
2025-07-25,11,6.4,248.0
2025-07-25,12,11.5,224.0
2025-07-25,13,14.1,228.0
2025-07-25,14,17.7,227.0
2025-07-25,15,18.3,218.0
2025-07-25,16,21.1,218.0
2025-07-25,17,27.4,215.0
2025-07-25,18,26.0,215.0
2025-07-25,19,23.2,218.0
2025-07-25,20,22.0,233.0
2025-07-25,21,17.7,229.0
2025-07-25,22,20.5,193.0
2025-07-25,23,29.9,187.0
2025-07-25,24,20.9,180.0
2025-07-26,1,9.5,281.0
2025-07-26,2,6.5,34.0
2025-07-26,3,15.1,148.0
2025-07-26,4,12.7,157.0
2025-07-26,5,2.3,176.0
2025-07-26,6,2.7,184.0
2025-07-26,7,0.4,180.0
2025-07-26,8,3.6,342.0
2025-07-26,9,3.1,10.0
2025-07-26,10,4.0,297.0
2025-07-26,11,6.2,300.0
2025-07-26,12,9.7,235.0
2025-07-26,13,23.6,218.0
2025-07-26,14,26.3,202.0
2025-07-26,15,31.5,200.0
2025-07-26,16,28.0,209.0
2025-07-26,17,24.8,205.0
2025-07-26,18,26.1,198.0
2025-07-26,19,18.2,197.0
2025-07-26,20,24.4,223.0
2025-07-26,21,22.7,224.0
2025-07-26,22,9.9,217.0
2025-07-26,23,17.7,123.0
2025-07-26,24,25.3,140.0
2025-07-27,1,30.2,135.0
2025-07-27,2,20.9,148.0
2025-07-27,3,16.9,153.0
2025-07-27,4,12.1,160.0
2025-07-27,5,9.2,180.0
2025-07-27,6,12.6,223.0
2025-07-27,7,12.3,210.0
2025-07-27,8,4.2,335.0
2025-07-27,9,3.8,329.0
2025-07-27,10,8.7,323.0
2025-07-27,11,11.7,317.0
2025-07-27,12,11.5,269.0
2025-07-27,13,15.0,236.0
2025-07-27,14,21.6,219.0
2025-07-27,15,27.3,223.0
2025-07-27,16,27.3,230.0
2025-07-27,17,27.7,228.0
2025-07-27,18,26.1,231.0
2025-07-27,19,24.5,236.0
2025-07-27,20,25.2,242.0
2025-07-27,21,22.6,249.0
2025-07-27,22,16.6,230.0
2025-07-27,23,17.5,184.0
2025-07-27,24,20.1,171.0
2025-07-28,1,20.2,179.0
2025-07-28,2,14.5,192.0
2025-07-28,3,9.7,317.0
2025-07-28,4,2.4,138.0
2025-07-28,5,1.1,252.0
2025-07-28,6,3.3,131.0
2025-07-28,7,1.1,81.0
2025-07-28,8,10.2,72.0
2025-07-28,9,7.4,89.0
2025-07-28,10,8.3,5.0
2025-07-28,11,12.6,338.0
2025-07-28,12,11.7,328.0
2025-07-28,13,9.6,296.0
2025-07-28,14,12.9,231.0
2025-07-28,15,19.1,225.0
2025-07-28,16,18.7,220.0
2025-07-28,17,21.0,223.0
2025-07-28,18,21.7,222.0
2025-07-28,19,18.9,230.0
2025-07-28,20,19.2,245.0
2025-07-28,21,18.6,261.0
2025-07-28,22,16.5,277.0
2025-07-28,23,5.1,219.0
2025-07-28,24,9.6,146.0
2025-07-29,1,6.1,212.0
2025-07-29,2,22.9,345.0
2025-07-29,3,14.9,359.0
2025-07-29,4,14.8,6.0
2025-07-29,5,11.2,16.0
2025-07-29,6,15.2,10.0
2025-07-29,7,16.0,21.0
2025-07-29,8,19.6,23.0
2025-07-29,9,20.2,28.0
2025-07-29,10,16.9,31.0
2025-07-29,11,15.5,22.0
2025-07-29,12,15.5,18.0
2025-07-29,13,15.7,13.0
2025-07-29,14,8.4,115.0
2025-07-29,15,11.9,145.0
2025-07-29,16,21.8,218.0
2025-07-29,17,23.5,204.0
2025-07-29,18,18.6,203.0
2025-07-29,19,12.7,203.0
2025-07-29,20,8.5,182.0
2025-07-29,21,7.3,200.0
2025-07-29,22,7.4,264.0
2025-07-29,23,25.9,341.0
2025-07-29,24,31.6,16.0
2025-07-30,1,30.0,49.0
2025-07-30,2,21.8,52.0
2025-07-30,3,17.4,16.0
2025-07-30,4,13.6,39.0
2025-07-30,5,11.7,54.0
2025-07-30,6,7.6,62.0
2025-07-30,7,9.7,35.0
2025-07-30,8,15.2,16.0
2025-07-30,9,18.3,24.0
2025-07-30,10,18.9,13.0
2025-07-30,11,20.2,21.0
2025-07-30,12,10.2,60.0
2025-07-30,13,4.5,133.0
2025-07-30,14,6.0,189.0
2025-07-30,15,5.2,192.0
2025-07-30,16,17.2,186.0
2025-07-30,17,14.0,172.0
2025-07-30,18,9.4,132.0
2025-07-30,19,14.4,130.0
2025-07-30,20,38.0,108.0
2025-07-30,21,27.2,57.0
2025-07-30,22,35.1,90.0
2025-07-30,23,24.2,99.0
2025-07-30,24,21.0,85.0
2025-07-31,1,18.4,92.0
2025-07-31,2,21.1,101.0
2025-07-31,3,27.8,123.0
2025-07-31,4,25.5,128.0
2025-07-31,5,16.2,125.0
2025-07-31,6,10.3,49.0
2025-07-31,7,18.3,19.0
2025-07-31,8,25.6,42.0
2025-07-31,9,21.5,45.0
2025-07-31,10,17.8,16.0
2025-07-31,11,7.5,11.0
2025-07-31,12,2.7,293.0
2025-07-31,13,3.3,158.0
2025-07-31,14,12.6,217.0
2025-07-31,15,21.4,201.0
2025-07-31,16,22.4,200.0
2025-07-31,17,23.3,208.0
2025-07-31,18,24.4,214.0
2025-07-31,19,24.8,220.0
2025-07-31,20,29.5,218.0
2025-07-31,21,34.2,236.0
2025-07-31,22,42.3,249.0
2025-07-31,23,31.0,222.0
2025-07-31,24,24.4,229.0
2025-08-01,1,18.8,214.0
2025-08-01,2,15.1,205.0
2025-08-01,3,18.4,201.0
2025-08-01,4,21.3,191.0
2025-08-01,5,21.9,199.0
2025-08-01,6,21.7,206.0
2025-08-01,7,21.9,208.0
2025-08-01,8,15.8,217.0
2025-08-01,9,16.3,234.0
2025-08-01,10,13.4,220.0
2025-08-01,11,15.9,219.0
2025-08-01,12,17.3,222.0
2025-08-01,13,19.1,223.0
2025-08-01,14,23.7,219.0
2025-08-01,15,28.1,223.0
2025-08-01,16,29.9,229.0
2025-08-01,17,34.7,226.0
2025-08-01,18,34.0,230.0
2025-08-01,19,36.4,235.0
2025-08-01,20,32.8,232.0
2025-08-01,21,31.0,241.0
2025-08-01,22,32.8,243.0
2025-08-01,23,28.3,239.0
2025-08-01,24,24.9,236.0
2025-08-02,1,19.3,233.0
2025-08-02,2,14.2,209.0
2025-08-02,3,18.0,196.0
2025-08-02,4,16.6,217.0
2025-08-02,5,12.1,221.0
2025-08-02,6,9.9,238.0
2025-08-02,7,8.7,230.0
2025-08-02,8,7.5,217.0
2025-08-02,9,9.2,215.0
2025-08-02,10,5.9,232.0
2025-08-02,11,9.7,248.0
2025-08-02,12,7.6,242.0
2025-08-02,13,9.8,230.0
2025-08-02,14,14.2,237.0
2025-08-02,15,16.3,247.0
2025-08-02,16,19.9,239.0
2025-08-02,17,23.3,228.0
2025-08-02,18,32.3,219.0
2025-08-02,19,28.1,226.0
2025-08-02,20,30.0,232.0
2025-08-02,21,29.8,231.0
2025-08-02,22,30.8,222.0
2025-08-02,23,37.3,229.0
2025-08-02,24,23.0,340.0
2025-08-03,1,12.9,6.0
2025-08-03,2,6.8,297.0
2025-08-03,3,7.2,276.0
2025-08-03,4,5.0,283.0
2025-08-03,5,1.6,90.0
2025-08-03,6,2.8,105.0
2025-08-03,7,1.2,219.0
2025-08-03,8,1.6,180.0
2025-08-03,9,2.9,259.0
2025-08-03,10,4.5,293.0
2025-08-03,11,4.7,310.0
2025-08-03,12,3.7,305.0
2025-08-03,13,4.5,263.0
2025-08-03,14,8.6,237.0
2025-08-03,15,10.0,237.0
2025-08-03,16,13.2,236.0
2025-08-03,17,12.7,234.0
2025-08-03,18,13.1,227.0
2025-08-03,19,18.2,225.0
2025-08-03,20,17.2,222.0
2025-08-03,21,16.2,199.0
2025-08-03,22,21.1,168.0
2025-08-03,23,22.2,191.0
2025-08-03,24,13.3,257.0
2025-08-04,1,8.2,15.0
2025-08-04,2,7.6,59.0
2025-08-04,3,4.5,40.0
2025-08-04,4,7.1,27.0
2025-08-04,5,8.8,57.0
2025-08-04,6,5.5,328.0
2025-08-04,7,5.5,41.0
2025-08-04,8,10.0,13.0
2025-08-04,9,15.2,39.0
2025-08-04,10,6.5,44.0
2025-08-04,11,8.5,335.0
2025-08-04,12,10.7,348.0
2025-08-04,13,5.5,328.0
2025-08-04,14,13.2,246.0
2025-08-04,15,18.1,225.0
2025-08-04,16,23.5,221.0
2025-08-04,17,31.4,221.0
2025-08-04,18,32.2,227.0
2025-08-04,19,28.5,235.0
2025-08-04,20,24.6,228.0
2025-08-04,21,23.1,238.0
2025-08-04,22,25.6,233.0
2025-08-04,23,28.0,234.0
2025-08-04,24,28.5,230.0
2025-08-05,1,28.9,222.0
2025-08-05,2,27.9,216.0
2025-08-05,3,20.4,224.0
2025-08-05,4,15.8,221.0
2025-08-05,5,26.4,208.0
2025-08-05,6,26.1,215.0
2025-08-05,7,24.7,212.0
2025-08-05,8,27.3,200.0
2025-08-05,9,27.2,203.0
2025-08-05,10,21.4,210.0
2025-08-05,11,20.3,215.0
2025-08-05,12,21.8,218.0
2025-08-05,13,23.6,223.0
2025-08-05,14,24.4,225.0
2025-08-05,15,25.8,225.0
2025-08-05,16,26.6,223.0
2025-08-05,17,27.4,223.0
2025-08-05,18,27.7,225.0
2025-08-05,19,26.1,231.0
2025-08-05,20,23.3,233.0
2025-08-05,21,19.2,242.0
2025-08-05,22,16.4,269.0
2025-08-05,23,13.6,277.0
2025-08-05,24,10.1,223.0
2025-08-06,1,11.7,184.0
2025-08-06,2,9.4,168.0
2025-08-06,3,8.0,194.0
2025-08-06,4,9.1,162.0
2025-08-06,5,6.9,149.0
2025-08-06,6,8.7,6.0
2025-08-06,7,6.0,7.0
2025-08-06,8,4.7,2.0
2025-08-06,9,1.0,31.0
2025-08-06,10,6.0,335.0
2025-08-06,11,9.7,332.0
2025-08-06,12,8.9,333.0
2025-08-06,13,4.8,283.0
2025-08-06,14,15.8,232.0
2025-08-06,15,21.4,227.0
2025-08-06,16,23.1,228.0
2025-08-06,17,25.3,225.0
2025-08-06,18,23.8,227.0
2025-08-06,19,25.6,235.0
2025-08-06,20,26.0,229.0
2025-08-06,21,20.3,250.0
2025-08-06,22,22.3,286.0
2025-08-06,23,15.8,284.0
2025-08-06,24,2.9,281.0
2025-08-07,1,3.1,126.0
2025-08-07,2,0.9,307.0
2025-08-07,3,13.6,202.0
2025-08-07,4,23.5,198.0
2025-08-07,5,18.0,221.0
2025-08-07,6,26.8,200.0
2025-08-07,7,34.1,207.0
2025-08-07,8,29.2,203.0
2025-08-07,9,27.0,204.0
2025-08-07,10,29.4,210.0
2025-08-07,11,28.9,210.0
2025-08-07,12,28.5,210.0
2025-08-07,13,29.3,220.0
2025-08-07,14,28.8,227.0
2025-08-07,15,32.9,228.0
2025-08-07,16,38.8,230.0
2025-08-07,17,42.4,235.0
2025-08-07,18,43.7,240.0
2025-08-07,19,41.6,245.0
2025-08-07,20,44.3,244.0
2025-08-07,21,39.6,250.0
2025-08-07,22,32.0,235.0
2025-08-07,23,30.8,226.0
2025-08-07,24,26.5,234.0
2025-08-08,1,24.4,236.0
2025-08-08,2,15.1,278.0
2025-08-08,3,25.3,24.0
2025-08-08,4,17.8,33.0
2025-08-08,5,20.8,17.0
2025-08-08,6,26.5,13.0
2025-08-08,7,24.4,8.0
2025-08-08,8,20.1,335.0
2025-08-08,9,19.0,353.0
2025-08-08,10,18.0,18.0
2025-08-08,11,15.6,15.0
2025-08-08,12,8.6,8.0
2025-08-08,13,2.6,309.0
2025-08-08,14,6.3,275.0
2025-08-08,15,9.9,258.0
2025-08-08,16,8.5,253.0
2025-08-08,17,5.8,248.0
2025-08-08,18,7.1,243.0
2025-08-08,19,14.1,207.0
2025-08-08,20,10.0,198.0
2025-08-08,21,14.6,178.0
2025-08-08,22,21.6,170.0
2025-08-08,23,21.5,185.0
2025-08-08,24,27.4,211.0
2025-08-09,1,23.7,216.0
2025-08-09,2,24.7,212.0
2025-08-09,3,25.1,214.0
2025-08-09,4,25.5,211.0
2025-08-09,5,26.2,206.0
2025-08-09,6,25.0,207.0
2025-08-09,7,23.9,211.0
2025-08-09,8,18.8,210.0
2025-08-09,9,14.7,216.0
2025-08-09,10,10.9,236.0
2025-08-09,11,9.0,232.0
2025-08-09,12,6.0,229.0
2025-08-09,13,0.0,270.0
2025-08-09,14,1.5,324.0
2025-08-09,15,3.5,291.0
2025-08-09,16,2.6,282.0
2025-08-09,17,2.8,342.0
2025-08-09,18,10.8,349.0
2025-08-09,19,13.6,354.0
2025-08-09,20,8.1,17.0
2025-08-09,21,8.0,98.0
2025-08-09,22,17.9,118.0
2025-08-09,23,9.7,135.0
2025-08-09,24,9.3,212.0
2025-08-10,1,10.1,192.0
2025-08-10,2,9.7,198.0
2025-08-10,3,2.9,169.0
2025-08-10,4,1.3,344.0
2025-08-10,5,1.6,174.0
2025-08-10,6,4.6,329.0
2025-08-10,7,5.6,343.0
2025-08-10,8,6.0,39.0
2025-08-10,9,2.9,47.0
2025-08-10,10,1.7,18.0
2025-08-10,11,2.1,285.0
2025-08-10,12,3.0,303.0
2025-08-10,13,4.7,332.0
2025-08-10,14,4.7,317.0
2025-08-10,15,6.4,313.0
2025-08-10,16,10.0,326.0
2025-08-10,17,11.0,330.0
2025-08-10,18,10.9,303.0
2025-08-10,19,12.6,335.0
2025-08-10,20,1.7,103.0
2025-08-10,21,21.4,210.0
2025-08-10,22,24.6,210.0
2025-08-10,23,16.3,223.0
2025-08-10,24,12.7,238.0
2025-08-11,1,3.5,165.0
2025-08-11,2,5.1,190.0
2025-08-11,3,10.0,195.0
2025-08-11,4,13.6,195.0
2025-08-11,5,6.6,248.0
2025-08-11,6,5.1,228.0
2025-08-11,7,6.6,202.0
2025-08-11,8,4.9,174.0
2025-08-11,9,4.9,178.0
2025-08-11,10,1.0,239.0
2025-08-11,11,2.7,274.0
2025-08-11,12,3.3,292.0
2025-08-11,13,2.7,328.0
2025-08-11,14,3.2,322.0
2025-08-11,15,4.2,313.0
2025-08-11,16,6.6,311.0
2025-08-11,17,9.6,320.0
2025-08-11,18,8.9,332.0
2025-08-11,19,5.9,2.0
2025-08-11,20,6.6,29.0
2025-08-11,21,4.4,83.0
2025-08-11,22,9.5,127.0
2025-08-11,23,10.9,144.0
2025-08-11,24,8.8,175.0
2025-08-12,1,8.4,196.0
2025-08-12,2,3.8,197.0
2025-08-12,3,3.2,56.0
2025-08-12,4,4.0,32.0
2025-08-12,5,1.0,158.0
2025-08-12,6,1.3,180.0
2025-08-12,7,1.5,150.0
2025-08-12,8,2.5,278.0
2025-08-12,9,5.6,277.0
2025-08-12,10,5.2,274.0
2025-08-12,11,6.4,295.0
2025-08-12,12,9.9,238.0
2025-08-12,13,15.2,229.0
2025-08-12,14,18.5,225.0
2025-08-12,15,20.4,226.0
2025-08-12,16,20.9,226.0
2025-08-12,17,21.3,229.0
2025-08-12,18,22.2,230.0
2025-08-12,19,22.7,228.0
2025-08-12,20,23.2,226.0
2025-08-12,21,15.9,213.0
2025-08-12,22,18.7,263.0
2025-08-12,23,17.5,294.0
2025-08-12,24,10.7,239.0
2025-08-13,1,13.2,206.0
2025-08-13,2,26.0,197.0
2025-08-13,3,19.8,212.0
2025-08-13,4,12.1,208.0
2025-08-13,5,11.7,209.0
2025-08-13,6,15.7,197.0
2025-08-13,7,14.6,207.0
2025-08-13,8,8.4,312.0
2025-08-13,9,13.7,88.0
2025-08-13,10,16.2,141.0
2025-08-13,11,14.7,8.0
2025-08-13,12,7.2,174.0
2025-08-13,13,19.4,218.0
2025-08-13,14,23.0,224.0
2025-08-13,15,29.2,237.0
2025-08-13,16,32.4,246.0
2025-08-13,17,32.4,245.0
2025-08-13,18,36.5,248.0
2025-08-13,19,34.1,249.0
2025-08-13,20,34.6,250.0
2025-08-13,21,31.9,232.0
2025-08-13,22,40.2,216.0
2025-08-13,23,38.0,234.0
2025-08-13,24,30.0,231.0
2025-08-14,1,30.5,229.0
2025-08-14,2,27.4,212.0
2025-08-14,3,25.9,205.0
2025-08-14,4,25.9,204.0
2025-08-14,5,26.6,205.0
2025-08-14,6,22.3,207.0
2025-08-14,7,18.9,209.0
2025-08-14,8,4.2,192.0
2025-08-14,9,14.5,169.0
2025-08-14,10,15.5,170.0
2025-08-14,11,10.0,234.0
2025-08-14,12,13.9,211.0
2025-08-14,13,18.4,229.0
2025-08-14,14,20.4,238.0
2025-08-14,15,23.2,234.0
2025-08-14,16,25.3,234.0
2025-08-14,17,24.7,243.0
2025-08-14,18,26.6,246.0
2025-08-14,19,30.2,244.0
2025-08-14,20,32.3,242.0
2025-08-14,21,28.7,238.0
2025-08-14,22,31.1,231.0
2025-08-14,23,32.8,229.0
2025-08-14,24,29.5,231.0
2025-08-15,1,24.1,227.0
2025-08-15,2,24.4,198.0
2025-08-15,3,22.3,201.0
2025-08-15,4,23.1,212.0
2025-08-15,5,21.2,202.0
2025-08-15,6,27.0,191.0
2025-08-15,7,9.1,188.0
2025-08-15,8,0.9,217.0
2025-08-15,9,2.0,280.0
2025-08-15,10,3.2,308.0
2025-08-15,11,6.3,309.0
2025-08-15,12,6.3,273.0
2025-08-15,13,8.5,238.0
2025-08-15,14,16.0,232.0
2025-08-15,15,19.9,225.0
2025-08-15,16,24.9,233.0
2025-08-15,17,23.1,228.0
2025-08-15,18,24.7,218.0
2025-08-15,19,26.5,222.0
2025-08-15,20,25.3,186.0
2025-08-15,21,31.5,171.0
2025-08-15,22,26.8,178.0
2025-08-15,23,24.8,180.0
2025-08-15,24,29.7,160.0
2025-08-16,1,33.2,162.0
2025-08-16,2,25.5,167.0
2025-08-16,3,20.5,165.0
2025-08-16,4,15.1,165.0
2025-08-16,5,12.9,172.0
2025-08-16,6,12.5,162.0
2025-08-16,7,11.5,166.0
2025-08-16,8,10.8,159.0
2025-08-16,9,14.5,160.0
2025-08-16,10,11.4,195.0
2025-08-16,11,12.6,197.0
2025-08-16,12,18.4,200.0
2025-08-16,13,18.6,223.0
2025-08-16,14,22.3,246.0
2025-08-16,15,32.6,201.0
2025-08-16,16,23.4,225.0
2025-08-16,17,23.0,212.0
2025-08-16,18,23.0,204.0
2025-08-16,19,24.6,194.0
2025-08-16,20,22.2,246.0
2025-08-16,21,12.8,266.0
2025-08-16,22,16.3,232.0
2025-08-16,23,16.4,215.0
2025-08-16,24,17.0,148.0
2025-08-17,1,17.7,147.0
2025-08-17,2,14.7,174.0
2025-08-17,3,4.4,168.0
2025-08-17,4,5.9,162.0
2025-08-17,5,7.7,205.0
2025-08-17,6,10.3,186.0
2025-08-17,7,18.0,181.0
2025-08-17,8,14.9,225.0
2025-08-17,9,16.0,211.0
2025-08-17,10,16.9,216.0
2025-08-17,11,17.9,236.0
2025-08-17,12,18.3,236.0
2025-08-17,13,18.9,227.0
2025-08-17,14,22.9,224.0
2025-08-17,15,21.7,217.0
2025-08-17,16,23.8,217.0
2025-08-17,17,25.2,227.0
2025-08-17,18,28.4,222.0
2025-08-17,19,24.5,200.0
2025-08-17,20,24.2,213.0
2025-08-17,21,26.6,195.0
2025-08-17,22,11.1,173.0
2025-08-17,23,18.5,137.0
2025-08-17,24,13.5,139.0
2025-08-18,1,14.8,136.0
2025-08-18,2,17.1,137.0
2025-08-18,3,15.3,142.0
2025-08-18,4,13.4,132.0
2025-08-18,5,7.2,108.0
2025-08-18,6,7.1,9.0
2025-08-18,7,6.4,25.0
2025-08-18,8,10.0,57.0
2025-08-18,9,6.3,63.0
2025-08-18,10,6.4,350.0
2025-08-18,11,9.3,319.0
2025-08-18,12,3.8,275.0
2025-08-18,13,8.6,229.0
2025-08-18,14,14.9,221.0
2025-08-18,15,21.9,208.0
2025-08-18,16,19.7,215.0
2025-08-18,17,21.2,228.0
2025-08-18,18,22.7,231.0
2025-08-18,19,23.4,227.0
2025-08-18,20,22.5,227.0
2025-08-18,21,20.1,237.0
2025-08-18,22,12.9,227.0
2025-08-18,23,14.1,190.0
2025-08-18,24,14.1,183.0
2025-08-19,1,13.9,170.0
2025-08-19,2,15.9,154.0
2025-08-19,3,14.7,153.0
2025-08-19,4,13.8,152.0
2025-08-19,5,3.6,110.0
2025-08-19,6,5.6,21.0
2025-08-19,7,3.2,71.0
2025-08-19,8,4.6,64.0
2025-08-19,9,2.3,94.0
2025-08-19,10,3.5,62.0
2025-08-19,11,5.0,19.0
2025-08-19,12,4.4,7.0
2025-08-19,13,2.2,351.0
2025-08-19,14,1.9,236.0
2025-08-19,15,9.4,216.0
2025-08-19,16,15.0,203.0
2025-08-19,17,14.7,186.0
2025-08-19,18,12.2,155.0
2025-08-19,19,10.6,159.0
2025-08-19,20,23.5,206.0
2025-08-19,21,30.7,212.0
2025-08-19,22,29.5,218.0
2025-08-19,23,17.4,207.0
2025-08-19,24,21.3,162.0
2025-08-20,1,22.6,165.0
2025-08-20,2,17.1,176.0
2025-08-20,3,11.5,194.0
2025-08-20,4,6.6,167.0
2025-08-20,5,9.0,200.0
2025-08-20,6,11.8,168.0
2025-08-20,7,17.9,163.0
2025-08-20,8,3.8,253.0
2025-08-20,9,12.3,247.0
2025-08-20,10,8.4,173.0
2025-08-20,11,19.7,234.0
2025-08-20,12,15.9,205.0
2025-08-20,13,8.3,210.0
2025-08-20,14,7.8,167.0
2025-08-20,15,21.0,234.0
2025-08-20,16,18.6,207.0
2025-08-20,17,30.3,216.0
2025-08-20,18,29.9,218.0
2025-08-20,19,30.6,221.0
2025-08-20,20,23.6,220.0
2025-08-20,21,17.3,211.0
2025-08-20,22,23.0,202.0
2025-08-20,23,22.7,200.0
2025-08-20,24,20.4,197.0
2025-08-21,1,20.7,206.0
2025-08-21,2,21.7,208.0
2025-08-21,3,19.9,205.0
2025-08-21,4,16.6,216.0
2025-08-21,5,19.0,222.0
2025-08-21,6,24.4,216.0
2025-08-21,7,18.8,224.0
2025-08-21,8,20.6,217.0
2025-08-21,9,23.2,224.0
2025-08-21,10,18.8,227.0
2025-08-21,11,11.7,229.0
2025-08-21,12,12.6,223.0
2025-08-21,13,12.9,226.0
2025-08-21,14,14.7,229.0
2025-08-21,15,14.6,235.0
2025-08-21,16,15.0,235.0
2025-08-21,17,16.6,236.0
2025-08-21,18,18.6,233.0
2025-08-21,19,19.1,224.0
2025-08-21,20,19.6,226.0
2025-08-21,21,22.9,212.0
2025-08-21,22,23.1,215.0
2025-08-21,23,21.7,218.0
2025-08-21,24,22.5,219.0
2025-08-22,1,23.4,206.0
2025-08-22,2,25.7,197.0
2025-08-22,3,27.2,193.0
2025-08-22,4,21.6,204.0
2025-08-22,5,18.5,216.0
2025-08-22,6,17.8,219.0
2025-08-22,7,16.9,214.0
2025-08-22,8,6.5,208.0
2025-08-22,9,0.6,288.0
2025-08-22,10,3.3,45.0
2025-08-22,11,1.1,18.0
2025-08-22,12,1.8,264.0
2025-08-22,13,3.2,243.0
2025-08-22,14,4.5,241.0
2025-08-22,15,5.6,237.0
2025-08-22,16,6.7,264.0
2025-08-22,17,9.4,282.0
2025-08-22,18,13.7,288.0
2025-08-22,19,14.0,296.0
2025-08-22,20,14.5,328.0
2025-08-22,21,12.5,354.0
2025-08-22,22,13.3,358.0
2025-08-22,23,14.9,349.0
2025-08-22,24,18.9,9.0
2025-08-23,1,17.2,47.0
2025-08-23,2,11.1,58.0
2025-08-23,3,10.7,30.0
2025-08-23,4,10.6,325.0
2025-08-23,5,13.9,359.0
2025-08-23,6,10.9,27.0
2025-08-23,7,7.9,41.0
2025-08-23,8,8.5,84.0
2025-08-23,9,5.9,70.0
2025-08-23,10,8.5,355.0
2025-08-23,11,12.8,336.0
2025-08-23,12,12.6,343.0
2025-08-23,13,6.5,341.0
2025-08-23,14,5.6,266.0
2025-08-23,15,11.7,241.0
2025-08-23,16,12.6,244.0
2025-08-23,17,11.0,272.0
2025-08-23,18,10.5,307.0
2025-08-23,19,10.6,339.0
2025-08-23,20,10.2,7.0
2025-08-23,21,14.7,57.0
2025-08-23,22,13.5,87.0
2025-08-23,23,11.6,131.0
2025-08-23,24,7.5,125.0
2025-08-24,1,12.2,31.0
2025-08-24,2,13.0,41.0
2025-08-24,3,5.7,79.0
2025-08-24,4,6.3,355.0
2025-08-24,5,8.9,8.0
2025-08-24,6,5.2,90.0
2025-08-24,7,1.9,119.0
2025-08-24,8,11.3,25.0
2025-08-24,9,7.2,35.0
2025-08-24,10,4.8,34.0
2025-08-24,11,3.1,353.0
2025-08-24,12,3.3,276.0
2025-08-24,13,12.1,229.0
2025-08-24,14,13.1,236.0
2025-08-24,15,14.9,228.0
2025-08-24,16,15.0,231.0
2025-08-24,17,16.8,226.0
2025-08-24,18,19.5,211.0
2025-08-24,19,27.1,194.0
2025-08-24,20,30.8,218.0
2025-08-24,21,27.5,212.0
2025-08-24,22,29.6,196.0
2025-08-24,23,27.8,199.0
2025-08-24,24,29.6,220.0
2025-08-25,1,22.6,230.0
2025-08-25,2,15.2,233.0
2025-08-25,3,8.4,125.0
2025-08-25,4,6.6,143.0
2025-08-25,5,2.7,143.0
2025-08-25,6,1.3,304.0
2025-08-25,7,0.5,90.0
2025-08-25,8,3.9,164.0
2025-08-25,9,3.9,47.0
2025-08-25,10,8.0,333.0
2025-08-25,11,8.7,322.0
2025-08-25,12,6.6,299.0
2025-08-25,13,9.3,254.0
2025-08-25,14,16.7,222.0
2025-08-25,15,15.9,213.0
2025-08-25,16,12.6,211.0
2025-08-25,17,12.5,224.0
2025-08-25,18,6.2,285.0
2025-08-25,19,2.0,315.0
2025-08-25,20,8.0,20.0
2025-08-25,21,5.0,35.0
2025-08-25,22,12.7,33.0
2025-08-25,23,13.1,43.0
2025-08-25,24,15.7,49.0
2025-08-26,1,15.9,55.0
2025-08-26,2,13.8,76.0
2025-08-26,3,12.8,96.0
2025-08-26,4,11.1,117.0
2025-08-26,5,7.3,140.0
2025-08-26,6,3.3,324.0
2025-08-26,7,10.2,343.0
2025-08-26,8,2.7,250.0
2025-08-26,9,10.0,256.0
2025-08-26,10,5.4,26.0
2025-08-26,11,6.7,19.0
2025-08-26,12,10.3,12.0
2025-08-26,13,17.0,153.0
2025-08-26,14,14.3,216.0
2025-08-26,15,13.9,214.0
2025-08-26,16,13.3,178.0
2025-08-26,17,6.0,196.0
2025-08-26,18,2.9,248.0
2025-08-26,19,8.2,260.0
2025-08-26,20,11.9,184.0
2025-08-26,21,3.1,193.0
2025-08-26,22,1.1,261.0
2025-08-26,23,8.2,49.0
2025-08-26,24,12.7,23.0
2025-08-27,1,14.8,2.0
2025-08-27,2,17.0,353.0
2025-08-27,3,15.9,46.0
2025-08-27,4,2.8,35.0
2025-08-27,5,11.8,297.0
2025-08-27,6,6.0,286.0
2025-08-27,7,7.7,269.0
2025-08-27,8,2.9,79.0
2025-08-27,9,6.9,233.0
2025-08-27,10,9.7,236.0
2025-08-27,11,10.1,220.0
2025-08-27,12,15.5,222.0
2025-08-27,13,14.3,214.0
2025-08-27,14,16.0,224.0
2025-08-27,15,24.6,217.0
2025-08-27,16,17.0,216.0
2025-08-27,17,14.8,225.0
2025-08-27,18,20.8,221.0
2025-08-27,19,20.9,226.0
2025-08-27,20,13.2,206.0
2025-08-27,21,10.0,200.0
2025-08-27,22,12.8,177.0
2025-08-27,23,12.4,234.0
2025-08-27,24,11.2,215.0
2025-08-28,1,6.7,207.0
2025-08-28,2,16.5,211.0
2025-08-28,3,18.6,198.0
2025-08-28,4,19.5,183.0
2025-08-28,5,25.3,207.0
2025-08-28,6,19.9,196.0
2025-08-28,7,21.3,194.0
2025-08-28,8,27.0,205.0
2025-08-28,9,21.0,214.0
2025-08-28,10,24.8,213.0
2025-08-28,11,32.7,223.0
2025-08-28,12,28.2,230.0
2025-08-28,13,25.6,229.0
2025-08-28,14,25.0,229.0
2025-08-28,15,27.9,231.0
2025-08-28,16,26.3,232.0
2025-08-28,17,25.2,238.0
2025-08-28,18,23.1,242.0
2025-08-28,19,20.0,242.0
2025-08-28,20,5.1,260.0
2025-08-28,21,11.7,183.0
2025-08-28,22,19.6,190.0
2025-08-28,23,12.6,200.0
2025-08-28,24,17.5,200.0
2025-08-29,1,17.3,205.0
2025-08-29,2,14.7,219.0
2025-08-29,3,15.9,212.0
2025-08-29,4,14.7,217.0
2025-08-29,5,13.2,211.0
2025-08-29,6,13.0,204.0
2025-08-29,7,10.8,201.0
2025-08-29,8,1.3,270.0
2025-08-29,9,1.3,106.0
2025-08-29,10,1.0,45.0
2025-08-29,11,3.2,322.0
2025-08-29,12,4.2,265.0
2025-08-29,13,5.5,251.0
2025-08-29,14,5.2,266.0
2025-08-29,15,5.9,282.0
2025-08-29,16,5.8,290.0
2025-08-29,17,6.4,295.0
2025-08-29,18,5.5,283.0
2025-08-29,19,5.7,294.0
2025-08-29,20,5.9,125.0
2025-08-29,21,13.0,147.0
2025-08-29,22,9.7,168.0
2025-08-29,23,6.8,212.0
2025-08-29,24,4.7,184.0
2025-08-30,1,8.5,175.0
2025-08-30,2,11.8,203.0
2025-08-30,3,11.3,207.0
2025-08-30,4,8.9,198.0
2025-08-30,5,6.1,178.0
2025-08-30,6,7.8,184.0
2025-08-30,7,5.8,194.0
2025-08-30,8,8.4,155.0
2025-08-30,9,5.4,165.0
2025-08-30,10,1.0,248.0
2025-08-30,11,1.5,291.0
2025-08-30,12,1.5,315.0
2025-08-30,13,2.2,346.0
2025-08-30,14,5.1,328.0
2025-08-30,15,8.0,322.0
2025-08-30,16,7.3,320.0
2025-08-30,17,6.4,306.0
2025-08-30,18,6.0,273.0
2025-08-30,19,8.8,221.0
2025-08-30,20,11.2,191.0
2025-08-30,21,25.0,208.0
2025-08-30,22,18.1,220.0
2025-08-30,23,14.4,202.0
2025-08-30,24,11.6,202.0
2025-08-31,1,9.8,200.0
2025-08-31,2,2.0,153.0
2025-08-31,3,2.7,70.0
2025-08-31,4,4.7,164.0
2025-08-31,5,2.5,266.0
2025-08-31,6,6.1,328.0
2025-08-31,7,3.2,341.0
2025-08-31,8,2.7,360.0
2025-08-31,9,3.6,9.0
2025-08-31,10,4.9,8.0
2025-08-31,11,6.9,346.0
2025-08-31,12,7.8,347.0
2025-08-31,13,9.5,351.0
2025-08-31,14,10.2,352.0
2025-08-31,15,9.6,348.0
2025-08-31,16,10.0,343.0
2025-08-31,17,10.0,340.0
2025-08-31,18,9.9,333.0
2025-08-31,19,10.7,340.0
2025-08-31,20,18.2,3.0
2025-08-31,21,19.5,18.0
2025-08-31,22,18.3,50.0
2025-08-31,23,11.9,61.0
2025-08-31,24,8.0,74.0
2025-09-01,1,8.3,77.0
2025-09-01,2,10.2,66.0
2025-09-01,3,12.7,74.0
2025-09-01,4,11.6,83.0
2025-09-01,5,11.1,73.0
2025-09-01,6,9.5,63.0
2025-09-01,7,7.5,44.0
2025-09-01,8,6.9,60.0
2025-09-01,9,6.7,38.0
2025-09-01,10,7.8,32.0
2025-09-01,11,10.3,7.0
2025-09-01,12,10.5,356.0
2025-09-01,13,7.7,339.0
2025-09-01,14,8.1,307.0
2025-09-01,15,8.2,292.0
2025-09-01,16,10.6,285.0
2025-09-01,17,12.6,272.0
2025-09-01,18,8.3,252.0
2025-09-01,19,4.8,248.0
2025-09-01,20,11.6,285.0
2025-09-01,21,8.4,16.0
2025-09-01,22,16.6,51.0
2025-09-01,23,13.1,69.0
2025-09-01,24,10.2,82.0
2025-09-02,1,8.1,86.0
2025-09-02,2,6.3,95.0
2025-09-02,3,5.2,74.0
2025-09-02,4,5.3,33.0
2025-09-02,5,6.2,41.0
2025-09-02,6,6.9,49.0
2025-09-02,7,6.6,35.0
2025-09-02,8,9.0,52.0
2025-09-02,9,5.6,73.0
2025-09-02,10,5.3,38.0
2025-09-02,11,7.0,357.0
2025-09-02,12,7.0,360.0
2025-09-02,13,7.4,359.0
2025-09-02,14,8.1,357.0
2025-09-02,15,8.5,343.0
2025-09-02,16,10.6,341.0
2025-09-02,17,14.4,351.0
2025-09-02,18,15.3,359.0
2025-09-02,19,16.4,4.0
2025-09-02,20,16.8,351.0
2025-09-02,21,15.4,355.0
2025-09-02,22,8.3,11.0
2025-09-02,23,6.4,52.0
2025-09-02,24,12.1,62.0
2025-09-03,1,12.9,55.0
2025-09-03,2,7.7,65.0
2025-09-03,3,6.8,29.0
2025-09-03,4,9.1,38.0
2025-09-03,5,10.0,36.0
2025-09-03,6,12.9,30.0
2025-09-03,7,12.6,38.0
2025-09-03,8,15.6,53.0
2025-09-03,9,11.2,53.0
2025-09-03,10,6.2,44.0
2025-09-03,11,6.2,339.0
2025-09-03,12,5.0,347.0
2025-09-03,13,4.4,351.0
2025-09-03,14,5.4,345.0
2025-09-03,15,9.1,338.0
2025-09-03,16,13.7,333.0
2025-09-03,17,16.3,334.0
2025-09-03,18,15.1,340.0
2025-09-03,19,14.5,355.0
2025-09-03,20,9.3,8.0
2025-09-03,21,4.4,30.0
2025-09-03,22,5.0,77.0
2025-09-03,23,8.9,156.0
2025-09-03,24,9.2,184.0
2025-09-04,1,8.0,230.0
2025-09-04,2,3.9,248.0
2025-09-04,3,2.4,99.0
2025-09-04,4,4.1,157.0
2025-09-04,5,1.3,124.0
2025-09-04,6,7.0,183.0
2025-09-04,7,7.7,210.0
2025-09-04,8,2.7,266.0
2025-09-04,9,3.7,194.0
2025-09-04,10,3.2,214.0
2025-09-04,11,3.7,281.0
2025-09-04,12,7.3,240.0
2025-09-04,13,9.5,238.0
2025-09-04,14,9.6,242.0
2025-09-04,15,8.6,255.0
2025-09-04,16,8.6,286.0
2025-09-04,17,9.3,319.0
2025-09-04,18,9.6,343.0
2025-09-04,19,10.1,357.0
2025-09-04,20,16.7,12.0
2025-09-04,21,18.1,42.0
2025-09-04,22,20.5,54.0
2025-09-04,23,26.1,42.0
2025-09-04,24,25.6,55.0
2025-09-05,1,23.4,32.0
2025-09-05,2,26.4,32.0
2025-09-05,3,27.0,26.0
2025-09-05,4,30.9,29.0
2025-09-05,5,31.4,31.0
2025-09-05,6,29.7,28.0
2025-09-05,7,26.4,27.0
2025-09-05,8,22.6,32.0
2025-09-05,9,21.7,26.0
2025-09-05,10,18.1,19.0
2025-09-05,11,16.5,14.0
2025-09-05,12,16.3,11.0
2025-09-05,13,15.3,12.0
2025-09-05,14,14.5,11.0
2025-09-05,15,14.4,9.0
2025-09-05,16,15.2,5.0
2025-09-05,17,16.6,5.0
2025-09-05,18,16.0,3.0
2025-09-05,19,15.0,10.0
2025-09-05,20,13.4,24.0
2025-09-05,21,9.8,41.0
2025-09-05,22,4.2,78.0
2025-09-05,23,3.3,347.0
2025-09-05,24,2.8,55.0
2025-09-06,1,11.3,47.0
2025-09-06,2,13.4,54.0
2025-09-06,3,10.2,66.0
2025-09-06,4,6.6,47.0
2025-09-06,5,7.7,53.0
2025-09-06,6,5.4,50.0
2025-09-06,7,6.9,37.0
2025-09-06,8,5.8,51.0
2025-09-06,9,2.4,27.0
2025-09-06,10,3.5,12.0
2025-09-06,11,5.8,321.0
2025-09-06,12,7.5,314.0
2025-09-06,13,5.1,306.0
2025-09-06,14,6.5,278.0
2025-09-06,15,11.3,263.0
2025-09-06,16,32.8,226.0
2025-09-06,17,27.1,206.0
2025-09-06,18,27.6,201.0
2025-09-06,19,24.8,210.0
2025-09-06,20,22.7,195.0
2025-09-06,21,22.1,186.0
2025-09-06,22,23.3,206.0
2025-09-06,23,19.8,218.0
2025-09-06,24,17.0,207.0
2025-09-07,1,14.1,196.0
2025-09-07,2,10.5,156.0
2025-09-07,3,7.8,148.0
2025-09-07,4,9.4,157.0
2025-09-07,5,11.5,151.0
2025-09-07,6,8.7,156.0
2025-09-07,7,5.9,157.0
2025-09-07,8,3.1,149.0
2025-09-07,9,2.9,353.0
2025-09-07,10,6.7,360.0
2025-09-07,11,5.2,356.0
2025-09-07,12,1.5,339.0
2025-09-07,13,7.4,244.0
2025-09-07,14,10.2,234.0
2025-09-07,15,13.2,225.0
2025-09-07,16,38.2,243.0
2025-09-07,17,11.4,244.0
2025-09-07,18,16.1,216.0
2025-09-07,19,17.9,214.0
2025-09-07,20,25.5,117.0
2025-09-07,21,19.1,138.0
2025-09-07,22,15.9,164.0
2025-09-07,23,9.8,174.0
2025-09-07,24,13.3,170.0
2025-09-08,1,16.8,159.0
2025-09-08,2,9.5,159.0
2025-09-08,3,3.5,351.0
2025-09-08,4,9.6,340.0
2025-09-08,5,10.0,353.0
2025-09-08,6,7.7,12.0
2025-09-08,7,7.9,43.0
2025-09-08,8,5.1,39.0
2025-09-08,9,3.9,34.0
2025-09-08,10,4.6,21.0
2025-09-08,11,7.2,356.0
2025-09-08,12,7.8,356.0
2025-09-08,13,5.4,352.0
2025-09-08,14,3.9,317.0
2025-09-08,15,4.3,268.0
2025-09-08,16,9.1,248.0
2025-09-08,17,14.0,233.0
2025-09-08,18,15.3,226.0
2025-09-08,19,12.0,225.0
2025-09-08,20,5.6,163.0
2025-09-08,21,6.1,152.0
2025-09-08,22,9.8,163.0
2025-09-08,23,17.2,150.0
2025-09-08,24,15.2,134.0
2025-09-09,1,18.2,120.0
2025-09-09,2,18.4,123.0
2025-09-09,3,20.3,125.0
2025-09-09,4,18.2,124.0
2025-09-09,5,14.5,120.0
2025-09-09,6,12.3,108.0
2025-09-09,7,9.8,95.0
2025-09-09,8,3.6,96.0
2025-09-09,9,3.4,18.0
2025-09-09,10,5.8,324.0
2025-09-09,11,0.6,342.0
2025-09-09,12,6.1,47.0
2025-09-09,13,13.8,149.0
2025-09-09,14,17.7,168.0
2025-09-09,15,14.8,138.0
2025-09-09,16,16.4,177.0
2025-09-09,17,15.0,120.0
2025-09-09,18,21.6,91.0
2025-09-09,19,14.9,71.0
2025-09-09,20,20.2,31.0
2025-09-09,21,27.8,50.0
2025-09-09,22,24.8,60.0
2025-09-09,23,18.8,70.0
2025-09-09,24,18.1,73.0
2025-09-10,1,17.7,78.0
2025-09-10,2,15.4,64.0
2025-09-10,3,15.1,62.0
2025-09-10,4,13.0,61.0
2025-09-10,5,11.1,65.0
2025-09-10,6,18.7,61.0
2025-09-10,7,19.5,94.0
2025-09-10,8,14.8,64.0
2025-09-10,9,11.3,53.0
2025-09-10,10,7.4,108.0
2025-09-10,11,5.8,158.0
2025-09-10,12,9.2,169.0
2025-09-10,13,25.5,193.0
2025-09-10,14,28.3,196.0
2025-09-10,15,23.7,199.0
2025-09-10,16,25.3,203.0
2025-09-10,17,25.3,199.0
2025-09-10,18,23.2,201.0
2025-09-10,19,19.0,192.0
2025-09-10,20,15.9,208.0
2025-09-10,21,12.9,193.0
2025-09-10,22,8.1,96.0
2025-09-10,23,14.2,119.0
2025-09-10,24,18.7,141.0
2025-09-11,1,21.4,142.0
2025-09-11,2,28.6,148.0
2025-09-11,3,30.6,160.0
2025-09-11,4,25.1,199.0
2025-09-11,5,32.1,214.0
2025-09-11,6,25.3,199.0
2025-09-11,7,24.4,231.0
2025-09-11,8,16.1,233.0
2025-09-11,9,7.1,189.0
2025-09-11,10,3.6,110.0
2025-09-11,11,3.3,22.0
2025-09-11,12,5.7,328.0
2025-09-11,13,7.6,278.0
2025-09-11,14,7.9,219.0
2025-09-11,15,24.9,213.0
2025-09-11,16,26.4,208.0
2025-09-11,17,26.9,224.0
2025-09-11,18,31.6,225.0
2025-09-11,19,23.5,221.0
2025-09-11,20,19.4,230.0
2025-09-11,21,14.1,255.0
2025-09-11,22,11.9,285.0
2025-09-11,23,7.4,311.0
2025-09-11,24,6.0,175.0
2025-09-12,1,15.7,197.0
2025-09-12,2,14.8,206.0
2025-09-12,3,13.6,203.0
2025-09-12,4,16.7,202.0
2025-09-12,5,19.8,211.0
2025-09-12,6,16.8,213.0
2025-09-12,7,12.2,206.0
2025-09-12,8,2.7,266.0
2025-09-12,9,1.9,248.0
2025-09-12,10,2.7,250.0
2025-09-12,11,4.3,228.0
2025-09-12,12,7.0,252.0
2025-09-12,13,7.6,266.0
2025-09-12,14,7.7,288.0
2025-09-12,15,3.2,326.0
2025-09-12,16,3.8,341.0
2025-09-12,17,2.2,156.0
2025-09-12,18,4.7,152.0
2025-09-12,19,8.0,152.0
2025-09-12,20,19.8,211.0
2025-09-12,21,19.2,208.0
2025-09-12,22,16.0,192.0
2025-09-12,23,15.2,166.0
2025-09-12,24,21.4,138.0
2025-09-13,1,25.8,148.0
2025-09-13,2,20.9,159.0
2025-09-13,3,22.1,198.0
2025-09-13,4,26.0,196.0
2025-09-13,5,22.1,194.0
2025-09-13,6,22.7,199.0
2025-09-13,7,23.7,201.0
2025-09-13,8,14.7,199.0
2025-09-13,9,11.6,215.0
2025-09-13,10,5.6,239.0
2025-09-13,11,7.9,231.0
2025-09-13,12,12.7,227.0
2025-09-13,13,15.5,231.0
2025-09-13,14,15.8,230.0
2025-09-13,15,16.2,227.0
2025-09-13,16,15.5,225.0
2025-09-13,17,15.4,225.0
2025-09-13,18,17.3,223.0
2025-09-13,19,15.7,225.0
2025-09-13,20,14.7,216.0
2025-09-13,21,21.3,223.0
2025-09-13,22,22.5,217.0
2025-09-13,23,22.4,202.0
2025-09-13,24,21.5,189.0
2025-09-14,1,18.0,194.0
2025-09-14,2,14.5,197.0
2025-09-14,3,11.6,199.0
2025-09-14,4,9.2,184.0
2025-09-14,5,7.7,177.0
2025-09-14,6,6.7,178.0
2025-09-14,7,7.0,176.0
2025-09-14,8,0.9,90.0
2025-09-14,9,1.4,90.0
2025-09-14,10,1.7,328.0
2025-09-14,11,6.3,325.0
2025-09-14,12,5.0,283.0
2025-09-14,13,9.5,233.0
2025-09-14,14,17.8,223.0
2025-09-14,15,18.6,226.0
2025-09-14,16,21.2,221.0
2025-09-14,17,25.4,215.0
2025-09-14,18,24.2,206.0
2025-09-14,19,30.5,215.0
2025-09-14,20,28.3,214.0
2025-09-14,21,26.0,184.0
2025-09-14,22,27.0,181.0
2025-09-14,23,24.8,199.0
2025-09-14,24,22.9,206.0
2025-09-15,1,29.2,210.0
2025-09-15,2,23.7,210.0
2025-09-15,3,36.2,221.0
2025-09-15,4,30.4,218.0
2025-09-15,5,31.0,184.0
2025-09-15,6,29.2,183.0
2025-09-15,7,33.1,195.0
2025-09-15,8,34.4,190.0
2025-09-15,9,31.7,195.0
2025-09-15,10,31.7,204.0
2025-09-15,11,31.1,212.0
2025-09-15,12,33.2,221.0
2025-09-15,13,31.4,225.0
2025-09-15,14,27.8,222.0
2025-09-15,15,25.1,233.0
2025-09-15,16,22.4,233.0
2025-09-15,17,17.6,232.0
2025-09-15,18,18.2,219.0
2025-09-15,19,12.5,213.0
2025-09-15,20,8.7,214.0
2025-09-15,21,14.1,25.0
2025-09-15,22,24.8,54.0
2025-09-15,23,19.9,61.0
2025-09-15,24,15.1,57.0
2025-09-16,1,11.8,39.0
2025-09-16,2,16.2,19.0
2025-09-16,3,17.0,24.0
2025-09-16,4,17.3,23.0
2025-09-16,5,17.9,28.0
2025-09-16,6,17.3,30.0
2025-09-16,7,16.5,38.0
2025-09-16,8,13.6,30.0
2025-09-16,9,16.3,25.0
2025-09-16,10,13.2,32.0
2025-09-16,11,10.7,22.0
2025-09-16,12,12.1,15.0
2025-09-16,13,15.1,12.0
2025-09-16,14,16.0,9.0
2025-09-16,15,17.8,6.0
2025-09-16,16,20.2,355.0
2025-09-16,17,18.4,346.0
2025-09-16,18,17.5,355.0
2025-09-16,19,14.2,2.0
2025-09-16,20,21.3,354.0
2025-09-16,21,16.9,1.0
2025-09-16,22,14.8,26.0
2025-09-16,23,19.5,30.0
2025-09-16,24,24.6,32.0
2025-09-17,1,24.3,22.0
2025-09-17,2,24.9,24.0
2025-09-17,3,22.2,26.0
2025-09-17,4,20.7,25.0
2025-09-17,5,18.5,25.0
2025-09-17,6,17.2,21.0
2025-09-17,7,16.5,23.0
2025-09-17,8,15.1,20.0
2025-09-17,9,13.5,31.0
2025-09-17,10,10.4,18.0
2025-09-17,11,12.0,18.0
2025-09-17,12,10.1,17.0
2025-09-17,13,9.2,1.0
2025-09-17,14,9.7,359.0
2025-09-17,15,9.2,360.0
2025-09-17,16,9.8,355.0
2025-09-17,17,12.5,353.0
2025-09-17,18,13.7,358.0
2025-09-17,19,11.0,360.0
2025-09-17,20,9.4,320.0
2025-09-17,21,6.9,15.0
2025-09-17,22,4.8,75.0
2025-09-17,23,6.6,171.0
2025-09-17,24,4.0,243.0
2025-09-18,1,1.8,294.0
2025-09-18,2,2.2,66.0
2025-09-18,3,6.9,95.0
2025-09-18,4,4.5,85.0
2025-09-18,5,2.7,62.0
2025-09-18,6,3.1,21.0
2025-09-18,7,2.7,318.0
2025-09-18,8,2.3,337.0
2025-09-18,9,0.6,108.0
2025-09-18,10,1.9,61.0
2025-09-18,11,4.1,360.0
2025-09-18,12,9.0,337.0
2025-09-18,13,9.8,328.0
2025-09-18,14,7.2,298.0
2025-09-18,15,8.8,281.0
2025-09-18,16,8.8,275.0
2025-09-18,17,7.2,274.0
2025-09-18,18,7.4,273.0
2025-09-18,19,6.0,295.0
2025-09-18,20,5.2,276.0
2025-09-18,21,3.7,11.0
2025-09-18,22,7.3,81.0
2025-09-18,23,10.0,98.0
2025-09-18,24,10.0,103.0
2025-09-19,1,8.7,112.0
2025-09-19,2,6.2,139.0
2025-09-19,3,3.2,109.0
2025-09-19,4,5.1,45.0
2025-09-19,5,7.3,44.0
2025-09-19,6,5.8,70.0
2025-09-19,7,3.1,59.0
2025-09-19,8,5.7,53.0
2025-09-19,9,6.4,45.0
2025-09-19,10,9.7,45.0
2025-09-19,11,7.1,16.0
2025-09-19,12,7.3,351.0
2025-09-19,13,6.5,341.0
2025-09-19,14,6.6,343.0
2025-09-19,15,6.7,333.0
2025-09-19,16,7.3,316.0
2025-09-19,17,7.3,300.0
2025-09-19,18,5.7,283.0
2025-09-19,19,2.8,285.0
2025-09-19,20,14.4,226.0
2025-09-19,21,11.0,215.0
2025-09-19,22,5.8,194.0
2025-09-19,23,8.7,128.0
2025-09-19,24,8.8,154.0
2025-09-20,1,7.7,181.0
2025-09-20,2,10.7,189.0
2025-09-20,3,6.9,205.0
2025-09-20,4,6.1,192.0
2025-09-20,5,6.1,182.0
2025-09-20,6,2.2,194.0
2025-09-20,7,2.5,352.0
2025-09-20,8,4.0,51.0
2025-09-20,9,1.4,90.0
2025-09-20,10,1.5,284.0
2025-09-20,11,6.0,316.0
2025-09-20,12,6.5,316.0
2025-09-20,13,6.5,256.0
2025-09-20,14,11.9,240.0
2025-09-20,15,14.4,239.0
2025-09-20,16,14.5,240.0
2025-09-20,17,13.2,242.0
2025-09-20,18,10.5,239.0
2025-09-20,19,10.0,231.0
2025-09-20,20,17.5,197.0
2025-09-20,21,20.8,194.0
2025-09-20,22,22.1,205.0
2025-09-20,23,27.1,194.0
2025-09-20,24,25.2,204.0
2025-09-21,1,24.0,220.0
2025-09-21,2,21.9,219.0
2025-09-21,3,19.0,211.0
2025-09-21,4,15.6,191.0
2025-09-21,5,12.1,176.0
2025-09-21,6,11.2,175.0
2025-09-21,7,13.3,193.0
2025-09-21,8,7.8,199.0
2025-09-21,9,6.4,230.0
2025-09-21,10,8.4,227.0
2025-09-21,11,6.8,209.0
2025-09-21,12,18.4,184.0
2025-09-21,13,20.3,181.0
2025-09-21,14,15.6,145.0
2025-09-21,15,11.1,150.0
2025-09-21,16,11.2,179.0
2025-09-21,17,13.5,217.0
2025-09-21,18,14.5,219.0
2025-09-21,19,21.0,226.0
2025-09-21,20,6.9,131.0
2025-09-21,21,9.1,150.0
2025-09-21,22,13.1,157.0
2025-09-21,23,13.7,158.0
2025-09-21,24,12.2,197.0
2025-09-22,1,16.2,203.0
2025-09-22,2,27.6,208.0
2025-09-22,3,29.1,208.0
2025-09-22,4,30.5,202.0
2025-09-22,5,28.5,216.0
2025-09-22,6,21.7,230.0
2025-09-22,7,12.8,250.0
2025-09-22,8,9.9,153.0
2025-09-22,9,15.9,198.0
2025-09-22,10,17.8,215.0
2025-09-22,11,18.9,217.0
2025-09-22,12,13.9,245.0
2025-09-22,13,7.3,280.0
2025-09-22,14,7.0,320.0
2025-09-22,15,12.1,325.0
2025-09-22,16,16.7,310.0
2025-09-22,17,18.7,338.0
2025-09-22,18,27.2,350.0
2025-09-22,19,24.0,352.0
2025-09-22,20,21.3,20.0
2025-09-22,21,26.5,56.0
2025-09-22,22,25.3,40.0
2025-09-22,23,19.3,39.0
2025-09-22,24,19.4,35.0
2025-09-23,1,19.5,31.0
2025-09-23,2,17.7,19.0
2025-09-23,3,18.3,16.0
2025-09-23,4,17.7,13.0
2025-09-23,5,17.1,17.0
2025-09-23,6,15.1,25.0
2025-09-23,7,9.6,47.0
2025-09-23,8,7.9,17.0
2025-09-23,9,14.8,358.0
2025-09-23,10,10.4,23.0
2025-09-23,11,5.0,38.0
2025-09-23,12,3.0,25.0
2025-09-23,13,2.4,324.0
2025-09-23,14,3.6,307.0
2025-09-23,15,4.1,293.0
2025-09-23,16,4.2,288.0
2025-09-23,17,3.8,289.0
2025-09-23,18,2.7,302.0
2025-09-23,19,2.7,340.0
2025-09-23,20,1.2,27.0
2025-09-23,21,7.7,39.0
2025-09-23,22,9.5,69.0
2025-09-23,23,8.8,86.0
2025-09-23,24,8.9,97.0
2025-09-24,1,6.5,88.0
2025-09-24,2,5.3,62.0
2025-09-24,3,3.9,77.0
2025-09-24,4,3.3,131.0
2025-09-24,5,3.4,133.0
2025-09-24,6,3.8,82.0
2025-09-24,7,5.1,42.0
2025-09-24,8,5.3,24.0
2025-09-24,9,5.4,26.0
2025-09-24,10,5.9,18.0
2025-09-24,11,8.1,354.0
2025-09-24,12,10.6,351.0
2025-09-24,13,9.7,359.0
2025-09-24,14,5.8,360.0
2025-09-24,15,3.7,325.0
2025-09-24,16,4.6,281.0
2025-09-24,17,5.9,258.0
2025-09-24,18,7.4,241.0
2025-09-24,19,7.4,238.0
2025-09-24,20,7.0,252.0
2025-09-24,21,3.5,282.0
2025-09-24,22,3.8,71.0
2025-09-24,23,9.4,87.0
2025-09-24,24,9.9,94.0
2025-09-25,1,7.8,94.0
2025-09-25,2,6.5,92.0
2025-09-25,3,5.7,103.0
2025-09-25,4,3.7,104.0
2025-09-25,5,1.2,39.0
2025-09-25,6,4.0,352.0
2025-09-25,7,5.4,2.0
2025-09-25,8,5.7,9.0
2025-09-25,9,4.7,360.0
2025-09-25,10,5.2,348.0
2025-09-25,11,6.4,338.0
2025-09-25,12,9.3,335.0
2025-09-25,13,7.4,337.0
2025-09-25,14,5.2,292.0
2025-09-25,15,10.1,241.0
2025-09-25,16,13.3,222.0
2025-09-25,17,14.8,213.0
2025-09-25,18,13.9,211.0
2025-09-25,19,15.0,209.0
2025-09-25,20,17.8,198.0
2025-09-25,21,16.4,178.0
2025-09-25,22,22.0,176.0
2025-09-25,23,23.1,175.0
2025-09-25,24,18.2,191.0
2025-09-26,1,14.3,199.0
2025-09-26,2,19.6,191.0
2025-09-26,3,22.3,205.0
2025-09-26,4,28.3,204.0
2025-09-26,5,35.4,202.0
2025-09-26,6,36.7,204.0
2025-09-26,7,34.8,213.0
2025-09-26,8,33.1,214.0
2025-09-26,9,28.3,226.0
2025-09-26,10,28.0,217.0
2025-09-26,11,28.2,213.0
2025-09-26,12,27.5,216.0
2025-09-26,13,26.2,220.0
2025-09-26,14,26.3,222.0
2025-09-26,15,26.0,220.0
2025-09-26,16,27.0,224.0
2025-09-26,17,26.3,229.0
2025-09-26,18,27.2,231.0
2025-09-26,19,27.7,229.0
2025-09-26,20,27.2,224.0
2025-09-26,21,28.3,216.0
2025-09-26,22,28.2,212.0
2025-09-26,23,31.2,209.0
2025-09-26,24,30.9,205.0
2025-09-27,1,27.1,197.0
2025-09-27,2,21.6,197.0
2025-09-27,3,20.5,200.0
2025-09-27,4,20.7,198.0
2025-09-27,5,18.2,201.0
2025-09-27,6,13.0,211.0
2025-09-27,7,5.8,234.0
2025-09-27,8,6.6,351.0
2025-09-27,9,8.9,21.0
2025-09-27,10,10.9,34.0
2025-09-27,11,9.1,22.0
2025-09-27,12,9.5,15.0
2025-09-27,13,9.4,4.0
2025-09-27,14,8.1,356.0
2025-09-27,15,7.1,336.0
2025-09-27,16,5.5,306.0
2025-09-27,17,5.1,278.0
2025-09-27,18,4.5,265.0
2025-09-27,19,3.3,283.0
2025-09-27,20,6.0,25.0
2025-09-27,21,9.2,70.0
2025-09-27,22,11.7,101.0
2025-09-27,23,12.0,116.0
2025-09-27,24,11.4,125.0
2025-09-28,1,7.1,131.0
2025-09-28,2,2.3,148.0
2025-09-28,3,3.2,227.0
2025-09-28,4,3.5,201.0
2025-09-28,5,3.8,188.0
2025-09-28,6,3.0,322.0
2025-09-28,7,4.1,345.0
2025-09-28,8,3.4,32.0
2025-09-28,9,1.8,79.0
2025-09-28,10,2.3,122.0
2025-09-28,11,1.2,141.0
2025-09-28,12,1.1,279.0
2025-09-28,13,8.3,228.0
2025-09-28,14,9.4,215.0
2025-09-28,15,11.2,208.0
2025-09-28,16,12.7,155.0
2025-09-28,17,14.1,193.0
2025-09-28,18,12.3,195.0
2025-09-28,19,9.6,200.0
2025-09-28,20,14.7,145.0
2025-09-28,21,16.0,141.0
2025-09-28,22,17.4,144.0
2025-09-28,23,17.4,142.0
2025-09-28,24,18.1,145.0
2025-09-29,1,14.8,154.0
2025-09-29,2,8.4,165.0
2025-09-29,3,4.5,164.0
2025-09-29,4,5.4,154.0
2025-09-29,5,3.9,152.0
2025-09-29,6,0.7,256.0
2025-09-29,7,1.6,6.0
2025-09-29,8,4.9,82.0
2025-09-29,9,6.0,111.0
2025-09-29,10,3.3,139.0
2025-09-29,11,6.0,314.0
2025-09-29,12,6.0,297.0
2025-09-29,13,8.4,225.0
2025-09-29,14,13.9,205.0
2025-09-29,15,15.3,204.0
2025-09-29,16,15.4,204.0
2025-09-29,17,18.0,202.0
2025-09-29,18,19.7,203.0
2025-09-29,19,19.5,200.0
2025-09-29,20,19.8,210.0
2025-09-29,21,14.8,181.0
2025-09-29,22,21.0,147.0
2025-09-29,23,25.3,150.0
2025-09-29,24,30.0,149.0
2025-09-30,1,28.8,150.0
2025-09-30,2,28.8,145.0
2025-09-30,3,30.3,148.0
2025-09-30,4,26.5,256.0
2025-09-30,5,20.0,196.0
2025-09-30,6,28.0,201.0
2025-09-30,7,27.4,201.0
2025-09-30,8,29.1,194.0
2025-09-30,9,22.5,193.0
2025-09-30,10,14.5,214.0
2025-09-30,11,14.4,229.0
2025-09-30,12,17.6,233.0
2025-09-30,13,21.7,230.0
2025-09-30,14,22.7,235.0
2025-09-30,15,20.7,231.0
2025-09-30,16,22.7,221.0
2025-09-30,17,21.8,214.0
2025-09-30,18,24.8,216.0
2025-09-30,19,21.8,187.0
2025-09-30,20,21.6,193.0
2025-09-30,21,23.4,181.0
2025-09-30,22,24.0,177.0
2025-09-30,23,23.8,180.0
2025-09-30,24,22.5,180.0
2025-10-01,1,18.5,178.0
2025-10-01,2,17.3,181.0
2025-10-01,3,16.9,179.0
2025-10-01,4,17.8,227.0
2025-10-01,5,19.3,171.0
2025-10-01,6,16.8,183.0
2025-10-01,7,16.7,205.0
2025-10-01,8,12.5,201.0
2025-10-01,9,15.0,183.0
2025-10-01,10,13.9,177.0
2025-10-01,11,8.8,191.0
2025-10-01,12,11.7,211.0
2025-10-01,13,16.8,221.0
2025-10-01,14,21.3,221.0
2025-10-01,15,20.0,221.0
2025-10-01,16,18.7,223.0
2025-10-01,17,17.4,221.0
2025-10-01,18,14.4,209.0
2025-10-01,19,18.0,218.0
2025-10-01,20,13.7,198.0
2025-10-01,21,19.1,184.0
2025-10-01,22,17.3,170.0
2025-10-01,23,13.9,149.0
2025-10-01,24,13.7,142.0
2025-10-02,1,11.1,150.0
2025-10-02,2,13.1,150.0
2025-10-02,3,11.5,163.0
2025-10-02,4,7.0,148.0
2025-10-02,5,6.6,112.0
2025-10-02,6,7.6,115.0
2025-10-02,7,3.4,108.0
2025-10-02,8,4.1,119.0
2025-10-02,9,2.7,127.0
2025-10-02,10,6.3,336.0
2025-10-02,11,3.9,326.0
2025-10-02,12,6.0,287.0
2025-10-02,13,8.7,263.0
2025-10-02,14,16.9,237.0
2025-10-02,15,20.5,225.0
2025-10-02,16,20.9,223.0
2025-10-02,17,20.5,219.0
2025-10-02,18,21.1,226.0
2025-10-02,19,18.9,235.0
2025-10-02,20,13.9,233.0
2025-10-02,21,11.7,193.0
2025-10-02,22,10.3,140.0
2025-10-02,23,12.2,131.0
2025-10-02,24,14.6,135.0
2025-10-03,1,18.5,138.0
2025-10-03,2,18.7,133.0
2025-10-03,3,18.2,136.0
2025-10-03,4,21.7,145.0
2025-10-03,5,23.3,168.0
2025-10-03,6,35.5,224.0
2025-10-03,7,36.5,205.0
2025-10-03,8,34.2,205.0
2025-10-03,9,25.8,209.0
2025-10-03,10,20.3,217.0
2025-10-03,11,20.0,222.0
2025-10-03,12,15.7,224.0
2025-10-03,13,10.7,237.0
2025-10-03,14,6.8,253.0
2025-10-03,15,6.5,270.0
2025-10-03,16,8.8,259.0
2025-10-03,17,5.9,268.0
2025-10-03,18,2.9,281.0
2025-10-03,19,5.8,256.0
2025-10-03,20,10.8,242.0
2025-10-03,21,12.6,242.0
2025-10-03,22,14.6,266.0
2025-10-03,23,8.4,261.0
2025-10-03,24,11.3,217.0
2025-10-04,1,22.1,206.0
2025-10-04,2,21.7,207.0
2025-10-04,3,20.9,205.0
2025-10-04,4,20.2,215.0
2025-10-04,5,16.0,210.0
2025-10-04,6,19.7,215.0
2025-10-04,7,15.1,195.0
2025-10-04,8,11.5,225.0
2025-10-04,9,5.8,234.0
2025-10-04,10,6.7,256.0
2025-10-04,11,6.4,299.0
2025-10-04,12,6.8,358.0
2025-10-04,13,10.5,343.0
2025-10-04,14,19.0,337.0
2025-10-04,15,28.4,329.0
2025-10-04,16,22.6,331.0
2025-10-04,17,21.4,316.0
2025-10-04,18,20.2,310.0
2025-10-04,19,15.0,228.0
2025-10-04,20,19.3,215.0
2025-10-04,21,24.7,222.0
2025-10-04,22,24.7,208.0
2025-10-04,23,22.8,205.0
2025-10-04,24,23.0,209.0
2025-10-05,1,19.9,212.0
2025-10-05,2,20.6,220.0
2025-10-05,3,21.4,216.0
2025-10-05,4,20.9,209.0
2025-10-05,5,21.4,219.0
2025-10-05,6,18.3,214.0
2025-10-05,7,18.2,224.0
2025-10-05,8,15.1,231.0
2025-10-05,9,15.6,233.0
2025-10-05,10,14.1,223.0
2025-10-05,11,14.3,234.0
2025-10-05,12,10.5,274.0
2025-10-05,13,11.4,356.0
2025-10-05,14,13.2,24.0
2025-10-05,15,5.0,15.0
2025-10-05,16,9.2,26.0
2025-10-05,17,6.3,329.0
2025-10-05,18,8.0,310.0
2025-10-05,19,5.6,68.0
2025-10-05,20,7.9,49.0
2025-10-05,21,4.6,79.0
2025-10-05,22,5.8,97.0
2025-10-05,23,3.8,90.0
2025-10-05,24,3.8,41.0
2025-10-06,1,8.1,43.0
2025-10-06,2,10.4,46.0
2025-10-06,3,9.8,40.0
2025-10-06,4,9.5,36.0
2025-10-06,5,7.3,38.0
2025-10-06,6,6.1,34.0
2025-10-06,7,6.1,43.0
2025-10-06,8,6.8,53.0
2025-10-06,9,6.5,56.0
2025-10-06,10,4.8,29.0
2025-10-06,11,5.6,6.0
2025-10-06,12,6.1,355.0
2025-10-06,13,7.2,360.0
2025-10-06,14,7.2,354.0
2025-10-06,15,6.7,340.0
2025-10-06,16,6.1,330.0
2025-10-06,17,5.0,322.0
2025-10-06,18,4.5,313.0
2025-10-06,19,2.2,305.0
2025-10-06,20,1.9,107.0
2025-10-06,21,5.0,120.0
2025-10-06,22,4.9,123.0
2025-10-06,23,3.9,103.0
2025-10-06,24,4.4,83.0
2025-10-07,1,1.8,79.0
2025-10-07,2,2.9,60.0
2025-10-07,3,4.9,62.0
2025-10-07,4,6.5,58.0
2025-10-07,5,7.3,65.0
2025-10-07,6,7.5,79.0
2025-10-07,7,7.6,63.0
2025-10-07,8,9.6,50.0
2025-10-07,9,10.3,46.0
2025-10-07,10,10.4,46.0
2025-10-07,11,7.4,43.0
2025-10-07,12,6.7,354.0
2025-10-07,13,7.8,353.0
2025-10-07,14,7.3,350.0
2025-10-07,15,7.2,332.0
2025-10-07,16,7.3,312.0
2025-10-07,17,6.1,302.0
2025-10-07,18,4.4,300.0
2025-10-07,19,4.2,187.0
2025-10-07,20,5.9,153.0
2025-10-07,21,6.2,97.0
2025-10-07,22,10.2,58.0
2025-10-07,23,12.0,55.0
2025-10-07,24,8.0,65.0
2025-10-08,1,3.5,114.0
2025-10-08,2,1.8,174.0
2025-10-08,3,2.3,198.0
2025-10-08,4,3.4,180.0
2025-10-08,5,3.2,180.0
2025-10-08,6,2.4,167.0
2025-10-08,7,2.4,138.0
2025-10-08,8,1.8,127.0
2025-10-08,9,1.8,66.0
2025-10-08,10,2.1,52.0
2025-10-08,11,4.3,5.0
2025-10-08,12,9.6,340.0
2025-10-08,13,8.6,327.0
2025-10-08,14,7.9,315.0
2025-10-08,15,7.3,287.0
2025-10-08,16,8.6,239.0
2025-10-08,17,13.2,231.0
2025-10-08,18,14.9,225.0
2025-10-08,19,15.5,223.0
2025-10-08,20,16.1,208.0
2025-10-08,21,12.7,157.0
2025-10-08,22,15.9,148.0
2025-10-08,23,12.2,146.0
2025-10-08,24,9.3,146.0
2025-10-09,1,5.6,117.0
2025-10-09,2,5.8,83.0
2025-10-09,3,8.5,65.0
2025-10-09,4,6.4,101.0
2025-10-09,5,5.6,69.0
2025-10-09,6,5.2,59.0
2025-10-09,7,5.5,131.0
2025-10-09,8,1.7,148.0
2025-10-09,9,2.6,34.0
2025-10-09,10,3.8,65.0
2025-10-09,11,3.2,27.0
2025-10-09,12,9.0,340.0
2025-10-09,13,9.7,341.0
2025-10-09,14,8.3,342.0
2025-10-09,15,4.4,325.0
2025-10-09,16,11.1,209.0
2025-10-09,17,15.0,200.0
2025-10-09,18,19.7,215.0
2025-10-09,19,14.0,204.0
2025-10-09,20,11.7,162.0
2025-10-09,21,24.0,140.0
2025-10-09,22,29.2,145.0
2025-10-09,23,30.3,143.0
2025-10-09,24,30.7,140.0
2025-10-10,1,29.6,129.0
2025-10-10,2,25.8,135.0
2025-10-10,3,19.1,155.0
2025-10-10,4,19.6,229.0
2025-10-10,5,10.9,343.0
2025-10-10,6,7.5,42.0
2025-10-10,7,22.8,107.0
2025-10-10,8,27.4,89.0
2025-10-10,9,17.5,92.0
2025-10-10,10,16.0,147.0
2025-10-10,11,14.9,180.0
2025-10-10,12,8.8,251.0
2025-10-10,13,13.0,224.0
2025-10-10,14,18.8,212.0
2025-10-10,15,19.2,202.0
2025-10-10,16,19.5,205.0
2025-10-10,17,20.6,201.0
2025-10-10,18,19.0,206.0
2025-10-10,19,21.8,181.0
2025-10-10,20,25.6,164.0
2025-10-10,21,29.9,157.0
2025-10-10,22,32.3,158.0
2025-10-10,23,35.1,157.0
2025-10-10,24,35.8,159.0
2025-10-11,1,39.9,157.0
2025-10-11,2,4.5,263.0
2025-10-11,3,14.4,42.0
2025-10-11,4,27.1,168.0
2025-10-11,5,26.5,182.0
2025-10-11,6,13.6,229.0
2025-10-11,7,23.7,246.0
2025-10-11,8,23.3,193.0
2025-10-11,9,27.5,206.0
2025-10-11,10,27.8,215.0
2025-10-11,11,29.4,221.0
2025-10-11,12,32.6,205.0
2025-10-11,13,29.7,213.0
2025-10-11,14,33.4,217.0
2025-10-11,15,29.5,221.0
2025-10-11,16,33.5,220.0
2025-10-11,17,37.6,223.0
2025-10-11,18,34.2,217.0
2025-10-11,19,42.3,205.0
2025-10-11,20,41.9,200.0
2025-10-11,21,41.1,187.0
2025-10-11,22,43.0,190.0
2025-10-11,23,38.3,191.0
2025-10-11,24,40.8,194.0
2025-10-12,1,44.3,201.0
2025-10-12,2,46.3,207.0
2025-10-12,3,48.9,214.0
2025-10-12,4,48.5,218.0
2025-10-12,5,45.5,219.0
2025-10-12,6,42.3,221.0
2025-10-12,7,40.5,215.0
2025-10-12,8,40.2,215.0
2025-10-12,9,38.6,215.0
2025-10-12,10,34.1,209.0
2025-10-12,11,38.4,214.0
2025-10-12,12,43.5,229.0
2025-10-12,13,34.9,218.0
2025-10-12,14,37.3,221.0
2025-10-12,15,37.1,219.0
2025-10-12,16,34.0,221.0
2025-10-12,17,31.5,215.0
2025-10-12,18,31.2,215.0
2025-10-12,19,23.9,201.0
2025-10-12,20,16.5,169.0
2025-10-12,21,19.2,140.0
2025-10-12,22,25.2,146.0
2025-10-12,23,25.3,150.0
2025-10-12,24,19.6,146.0
2025-10-13,1,16.0,129.0
2025-10-13,2,12.4,123.0
2025-10-13,3,17.0,129.0
2025-10-13,4,17.8,133.0
2025-10-13,5,13.8,133.0
2025-10-13,6,9.4,122.0
2025-10-13,7,7.9,107.0
2025-10-13,8,6.9,95.0
2025-10-13,9,8.1,86.0
2025-10-13,10,9.7,88.0
2025-10-13,11,9.4,95.0
2025-10-13,12,6.7,6.0
2025-10-13,13,2.7,110.0
2025-10-13,14,10.2,210.0
2025-10-13,15,18.4,205.0
2025-10-13,16,22.8,213.0
2025-10-13,17,18.6,195.0
2025-10-13,18,15.2,202.0
2025-10-13,19,8.9,242.0
2025-10-13,20,5.4,352.0
2025-10-13,21,8.7,58.0
2025-10-13,22,6.2,73.0
2025-10-13,23,6.2,46.0
2025-10-13,24,9.2,67.0
2025-10-14,1,14.2,38.0
2025-10-14,2,14.0,62.0
2025-10-14,3,8.5,29.0
2025-10-14,4,6.1,19.0
2025-10-14,5,4.4,83.0
2025-10-14,6,10.5,95.0
2025-10-14,7,15.9,123.0
2025-10-14,8,15.9,185.0
2025-10-14,9,12.5,192.0
2025-10-14,10,10.5,168.0
2025-10-14,11,2.4,283.0
2025-10-14,12,5.7,311.0
2025-10-14,13,18.2,189.0
2025-10-14,14,10.0,252.0
2025-10-14,15,3.2,270.0
2025-10-14,16,2.4,207.0
2025-10-14,17,0.9,217.0
2025-10-14,18,3.6,323.0
2025-10-14,19,12.5,23.0
2025-10-14,20,24.5,328.0
2025-10-14,21,22.1,7.0
2025-10-14,22,14.5,34.0
2025-10-14,23,13.8,42.0
2025-10-14,24,10.2,82.0
2025-10-15,1,7.8,44.0
2025-10-15,2,13.8,61.0
2025-10-15,3,11.6,64.0
2025-10-15,4,14.4,81.0
2025-10-15,5,15.0,64.0
2025-10-15,6,10.6,44.0
2025-10-15,7,17.4,53.0
2025-10-15,8,14.4,62.0
2025-10-15,9,12.5,67.0
2025-10-15,10,11.2,52.0
2025-10-15,11,12.2,34.0
2025-10-15,12,8.1,309.0
2025-10-15,13,13.6,259.0
2025-10-15,14,1.3,236.0
2025-10-15,15,3.2,232.0
2025-10-15,16,4.1,270.0
2025-10-15,17,4.5,326.0
2025-10-15,18,4.7,2.0
2025-10-15,19,6.4,248.0
2025-10-15,20,4.7,279.0
2025-10-15,21,5.4,182.0
2025-10-15,22,5.1,170.0
2025-10-15,23,7.0,305.0
2025-10-15,24,3.9,344.0
2025-10-16,1,1.8,6.0
2025-10-16,2,2.7,332.0
2025-10-16,3,2.3,342.0
2025-10-16,4,1.8,246.0
2025-10-16,5,7.6,252.0
2025-10-16,6,9.1,240.0
2025-10-16,7,19.2,206.0
2025-10-16,8,18.8,220.0
2025-10-16,9,19.1,225.0
2025-10-16,10,18.8,216.0
2025-10-16,11,16.8,223.0
2025-10-16,12,19.9,217.0
2025-10-16,13,15.9,237.0
2025-10-16,14,17.6,256.0
2025-10-16,15,16.2,251.0
2025-10-16,16,16.3,232.0
2025-10-16,17,21.0,212.0
2025-10-16,18,26.3,199.0
2025-10-16,19,22.1,212.0
2025-10-16,20,20.2,206.0
2025-10-16,21,20.2,188.0
2025-10-16,22,21.2,192.0
2025-10-16,23,22.6,205.0
2025-10-16,24,24.6,207.0
2025-10-17,1,26.7,205.0
2025-10-17,2,27.5,207.0
2025-10-17,3,29.2,204.0
2025-10-17,4,28.9,207.0
2025-10-17,5,28.2,208.0
2025-10-17,6,27.9,205.0
2025-10-17,7,23.4,213.0
2025-10-17,8,24.5,203.0
2025-10-17,9,22.5,208.0
2025-10-17,10,19.9,212.0
2025-10-17,11,19.0,215.0
2025-10-17,12,24.0,221.0
2025-10-17,13,26.5,219.0
2025-10-17,14,27.7,221.0
2025-10-17,15,30.6,219.0
2025-10-17,16,31.5,217.0
2025-10-17,17,34.9,220.0
2025-10-17,18,38.3,219.0
2025-10-17,19,36.4,217.0
2025-10-17,20,38.4,219.0
2025-10-17,21,43.3,214.0
2025-10-17,22,44.5,216.0
2025-10-17,23,42.9,214.0
2025-10-17,24,41.7,213.0
2025-10-18,1,39.2,218.0
2025-10-18,2,37.3,220.0
2025-10-18,3,34.0,217.0
2025-10-18,4,30.2,217.0
2025-10-18,5,29.5,215.0
2025-10-18,6,16.8,221.0
2025-10-18,7,12.5,216.0
2025-10-18,8,7.6,175.0
2025-10-18,9,6.6,145.0
2025-10-18,10,6.0,107.0
2025-10-18,11,4.6,121.0
2025-10-18,12,4.6,72.0
2025-10-18,13,3.9,74.0
2025-10-18,14,3.3,171.0
2025-10-18,15,7.1,221.0
2025-10-18,16,11.2,228.0
2025-10-18,17,15.5,220.0
2025-10-18,18,20.5,214.0
2025-10-18,19,21.2,215.0
2025-10-18,20,22.3,203.0
2025-10-18,21,24.0,187.0
2025-10-18,22,22.5,190.0
2025-10-18,23,19.1,194.0
2025-10-18,24,14.8,190.0
2025-10-19,1,15.2,176.0
2025-10-19,2,13.7,175.0
2025-10-19,3,7.7,183.0
2025-10-19,4,3.7,194.0
2025-10-19,5,1.1,252.0
2025-10-19,6,0.6,252.0
2025-10-19,7,3.5,192.0
2025-10-19,8,5.2,186.0
2025-10-19,9,6.9,194.0
2025-10-19,10,13.0,181.0
2025-10-19,11,21.8,188.0
2025-10-19,12,16.9,211.0
2025-10-19,13,25.7,202.0
2025-10-19,14,40.1,213.0
2025-10-19,15,46.3,218.0
2025-10-19,16,55.6,258.0
2025-10-19,17,58.6,252.0
2025-10-19,18,45.1,224.0
2025-10-19,19,41.0,215.0
2025-10-19,20,39.5,223.0
2025-10-19,21,37.4,222.0
2025-10-19,22,36.8,223.0
2025-10-19,23,39.4,231.0
2025-10-19,24,32.9,234.0
2025-10-20,1,30.6,224.0
2025-10-20,2,28.8,221.0
2025-10-20,3,30.5,212.0
2025-10-20,4,31.9,209.0
2025-10-20,5,33.0,207.0
2025-10-20,6,33.5,202.0
2025-10-20,7,32.1,201.0
2025-10-20,8,31.7,196.0
2025-10-20,9,32.6,194.0
2025-10-20,10,32.3,197.0
2025-10-20,11,28.6,203.0
2025-10-20,12,24.3,208.0
2025-10-20,13,20.0,218.0
2025-10-20,14,18.7,239.0
2025-10-20,15,19.3,249.0
2025-10-20,16,20.3,249.0
2025-10-20,17,21.4,250.0
2025-10-20,18,22.6,238.0
2025-10-20,19,19.1,225.0
2025-10-20,20,22.6,208.0
2025-10-20,21,24.4,203.0
2025-10-20,22,25.0,198.0
2025-10-20,23,24.5,199.0
2025-10-20,24,24.4,199.0
2025-10-21,1,22.8,201.0
2025-10-21,2,18.9,195.0
2025-10-21,3,13.7,178.0
2025-10-21,4,9.4,168.0
2025-10-21,5,7.0,170.0
2025-10-21,6,4.2,168.0
2025-10-21,7,3.7,151.0
2025-10-21,8,2.4,77.0
2025-10-21,9,5.2,22.0
2025-10-21,10,7.1,7.0
2025-10-21,11,8.3,360.0
2025-10-21,12,6.4,352.0
2025-10-21,13,5.1,352.0
2025-10-21,14,3.4,335.0
2025-10-21,15,3.5,291.0
2025-10-21,16,4.2,265.0
2025-10-21,17,4.7,263.0
2025-10-21,18,4.5,268.0
2025-10-21,19,5.0,257.0
2025-10-21,20,2.3,342.0
2025-10-21,21,8.3,44.0
2025-10-21,22,14.0,44.0
2025-10-21,23,14.6,46.0
2025-10-21,24,12.6,47.0
2025-10-22,1,9.4,35.0
2025-10-22,2,8.7,48.0
2025-10-22,3,5.5,32.0
2025-10-22,4,8.2,10.0
2025-10-22,5,11.1,14.0
2025-10-22,6,9.3,22.0
2025-10-22,7,10.7,12.0
2025-10-22,8,15.1,28.0
2025-10-22,9,11.5,40.0
2025-10-22,10,9.0,33.0
2025-10-22,11,9.0,22.0
2025-10-22,12,10.3,359.0
2025-10-22,13,12.7,353.0
2025-10-22,14,12.3,355.0
2025-10-22,15,11.2,350.0
2025-10-22,16,8.5,342.0
2025-10-22,17,6.4,335.0
2025-10-22,18,6.5,3.0
2025-10-22,19,7.5,30.0
2025-10-22,20,11.8,29.0
2025-10-22,21,12.0,39.0
2025-10-22,22,10.4,46.0
2025-10-22,23,8.4,43.0
2025-10-22,24,6.2,46.0
2025-10-23,1,1.2,51.0
2025-10-23,2,5.7,328.0
2025-10-23,3,4.5,2.0
2025-10-23,4,2.0,180.0
2025-10-23,5,3.9,298.0
2025-10-23,6,4.9,156.0
2025-10-23,7,11.1,173.0
2025-10-23,8,8.9,236.0
2025-10-23,9,6.6,244.0
2025-10-23,10,6.3,195.0
2025-10-23,11,8.1,215.0
2025-10-23,12,8.5,224.0
2025-10-23,13,11.1,224.0
2025-10-23,14,9.5,241.0
2025-10-23,15,8.0,252.0
2025-10-23,16,6.5,257.0
2025-10-23,17,5.7,233.0
2025-10-23,18,8.9,245.0
2025-10-23,19,13.9,231.0
2025-10-23,20,15.8,221.0
2025-10-23,21,13.9,217.0
2025-10-23,22,16.2,199.0
2025-10-23,23,17.9,193.0
2025-10-23,24,19.4,200.0
2025-10-24,1,17.9,216.0
2025-10-24,2,19.5,206.0
2025-10-24,3,18.4,204.0
2025-10-24,4,17.1,197.0
2025-10-24,5,11.7,207.0
2025-10-24,6,6.6,217.0
2025-10-24,7,3.5,258.0
2025-10-24,8,1.2,321.0
2025-10-24,9,4.7,332.0
2025-10-24,10,5.8,351.0
2025-10-24,11,7.4,13.0
2025-10-24,12,5.8,14.0
2025-10-24,13,4.2,340.0
2025-10-24,14,4.2,288.0
2025-10-24,15,9.9,265.0
2025-10-24,16,10.7,243.0
2025-10-24,17,11.0,230.0
2025-10-24,18,9.9,222.0
2025-10-24,19,12.1,192.0
2025-10-24,20,14.8,176.0
2025-10-24,21,14.6,171.0
2025-10-24,22,15.8,169.0
2025-10-24,23,15.8,168.0
2025-10-24,24,11.2,176.0
2025-10-25,1,7.7,169.0
2025-10-25,2,10.3,157.0
2025-10-25,3,5.5,167.0
2025-10-25,4,3.2,214.0
2025-10-25,5,4.5,164.0
2025-10-25,6,8.4,161.0
2025-10-25,7,14.3,160.0
2025-10-25,8,12.1,163.0
2025-10-25,9,3.7,157.0
2025-10-25,10,0.4,207.0
2025-10-25,11,5.2,297.0
2025-10-25,12,5.6,239.0
2025-10-25,13,10.4,238.0
2025-10-25,14,18.4,220.0
2025-10-25,15,20.9,209.0
2025-10-25,16,29.2,187.0
2025-10-25,17,27.1,210.0
2025-10-25,18,21.3,230.0
2025-10-25,19,15.0,190.0
2025-10-25,20,18.1,224.0
2025-10-25,21,11.7,267.0
2025-10-25,22,4.2,200.0
2025-10-25,23,29.3,225.0
2025-10-25,24,34.9,206.0
2025-10-26,1,41.3,196.0
2025-10-26,2,41.2,204.0
2025-10-26,3,41.1,210.0
2025-10-26,4,40.5,210.0
2025-10-26,5,41.5,214.0
2025-10-26,6,39.1,202.0
2025-10-26,7,38.2,204.0
2025-10-26,8,37.0,203.0
2025-10-26,9,35.6,201.0
2025-10-26,10,36.0,203.0
2025-10-26,11,32.8,206.0
2025-10-26,12,32.9,217.0
2025-10-26,13,24.6,213.0
2025-10-26,14,22.4,212.0
2025-10-26,15,18.6,211.0
2025-10-26,16,19.6,195.0
2025-10-26,17,15.0,193.0
2025-10-26,18,14.6,189.0
2025-10-26,19,8.7,207.0
2025-10-26,20,6.5,247.0
2025-10-26,21,3.3,299.0
2025-10-26,22,3.8,301.0
2025-10-26,23,12.0,353.0
2025-10-26,24,10.3,354.0
2025-10-27,1,1.1,108.0
2025-10-27,2,2.3,270.0
2025-10-27,3,13.6,241.0
2025-10-27,4,20.1,220.0
2025-10-27,5,34.7,217.0
2025-10-27,6,40.1,220.0
2025-10-27,7,41.5,224.0
2025-10-27,8,41.6,221.0
2025-10-27,9,40.8,221.0
2025-10-27,10,40.9,221.0
2025-10-27,11,42.3,220.0
2025-10-27,12,38.2,224.0
2025-10-27,13,31.5,245.0
2025-10-27,14,15.7,283.0
2025-10-27,15,16.4,269.0
2025-10-27,16,23.4,284.0
2025-10-27,17,24.4,285.0
2025-10-27,18,22.6,278.0
2025-10-27,19,13.3,288.0
2025-10-27,20,15.9,218.0
2025-10-27,21,26.7,211.0
2025-10-27,22,29.5,201.0
2025-10-27,23,26.2,194.0
2025-10-27,24,28.0,196.0
2025-10-28,1,24.2,198.0
2025-10-28,2,24.7,197.0
2025-10-28,3,26.4,205.0
2025-10-28,4,26.2,207.0
2025-10-28,5,23.5,201.0
2025-10-28,6,19.8,201.0
2025-10-28,7,16.3,200.0
2025-10-28,8,12.8,200.0
2025-10-28,9,5.7,198.0
2025-10-28,10,3.1,140.0
2025-10-28,11,0.6,304.0
2025-10-28,12,3.2,267.0
2025-10-28,13,5.0,229.0
2025-10-28,14,4.8,250.0
2025-10-28,15,5.3,246.0
2025-10-28,16,2.4,261.0
2025-10-28,17,3.9,283.0
2025-10-28,18,5.7,294.0
2025-10-28,19,7.4,321.0
2025-10-28,20,13.0,33.0
2025-10-28,21,16.6,64.0
2025-10-28,22,12.2,57.0
2025-10-28,23,10.8,47.0
2025-10-28,24,11.2,41.0
2025-10-29,1,7.4,39.0
2025-10-29,2,5.3,35.0
2025-10-29,3,7.3,16.0
2025-10-29,4,9.3,10.0
2025-10-29,5,8.2,8.0
2025-10-29,6,7.4,13.0
2025-10-29,7,6.9,355.0
2025-10-29,8,9.2,359.0
2025-10-29,9,10.1,2.0
2025-10-29,10,8.8,360.0
2025-10-29,11,8.7,355.0
2025-10-29,12,10.3,335.0
2025-10-29,13,9.1,321.0
2025-10-29,14,7.3,300.0
2025-10-29,15,7.3,279.0
2025-10-29,16,5.1,280.0
2025-10-29,17,5.9,211.0
2025-10-29,18,12.3,205.0
2025-10-29,19,15.1,220.0
2025-10-29,20,12.1,218.0
2025-10-29,21,11.8,230.0
2025-10-29,22,9.8,221.0
2025-10-29,23,8.4,196.0
2025-10-29,24,13.1,203.0
2025-10-30,1,18.8,217.0
2025-10-30,2,16.3,225.0
2025-10-30,3,13.2,220.0
2025-10-30,4,13.2,206.0
2025-10-30,5,13.4,200.0
2025-10-30,6,13.1,198.0
2025-10-30,7,8.9,205.0
2025-10-30,8,5.2,224.0
2025-10-30,9,3.3,261.0
2025-10-30,10,2.8,345.0
2025-10-30,11,4.0,21.0
2025-10-30,12,2.2,5.0
2025-10-30,13,0.6,326.0
2025-10-30,14,3.1,306.0
2025-10-30,15,4.1,293.0
2025-10-30,16,3.2,270.0
2025-10-30,17,3.5,258.0
2025-10-30,18,2.4,253.0
2025-10-30,19,6.9,239.0
2025-10-30,20,5.7,242.0
2025-10-30,21,0.9,259.0
2025-10-30,22,2.3,67.0
2025-10-30,23,3.6,93.0
2025-10-30,24,3.1,118.0
2025-10-31,1,0.4,207.0
2025-10-31,2,2.7,337.0
2025-10-31,3,3.6,30.0
2025-10-31,4,2.3,122.0
2025-10-31,5,1.9,202.0
2025-10-31,6,3.5,345.0
2025-10-31,7,6.7,20.0
2025-10-31,8,2.0,90.0
2025-10-31,9,2.8,342.0
2025-10-31,10,3.2,56.0
2025-10-31,11,2.1,340.0
2025-10-31,12,1.2,51.0
2025-10-31,13,2.7,307.0
2025-10-31,14,3.5,309.0
2025-10-31,15,2.7,270.0
2025-10-31,16,3.8,259.0
2025-10-31,17,5.2,258.0
2025-10-31,18,4.8,259.0
2025-10-31,19,9.4,232.0
2025-10-31,20,6.8,212.0
2025-10-31,21,6.1,175.0
2025-10-31,22,6.8,168.0
2025-10-31,23,5.4,184.0
2025-10-31,24,5.0,195.0
2025-11-01,1,3.4,227.0
2025-11-01,2,2.5,176.0
2025-11-01,3,3.4,164.0
2025-11-01,4,0.7,284.0
2025-11-01,5,0.7,76.0
2025-11-01,6,0.8,63.0
2025-11-01,7,0.9,270.0
2025-11-01,8,1.2,63.0
2025-11-01,9,3.2,344.0
2025-11-01,10,5.2,2.0
2025-11-01,11,4.2,12.0
2025-11-01,12,5.2,333.0
2025-11-01,13,7.2,307.0
2025-11-01,14,7.2,288.0
2025-11-01,15,8.3,266.0
2025-11-01,16,8.8,237.0
2025-11-01,17,11.2,222.0
2025-11-01,18,13.0,219.0
2025-11-01,19,16.3,213.0
2025-11-01,20,20.8,185.0
2025-11-01,21,22.5,178.0
2025-11-01,22,20.0,181.0
2025-11-01,23,17.5,183.0
2025-11-01,24,16.8,184.0
2025-11-02,1,18.3,187.0
2025-11-02,2,15.8,192.0
2025-11-02,3,14.2,200.0
2025-11-02,4,16.4,195.0
2025-11-02,5,19.3,198.0
2025-11-02,6,21.3,207.0
2025-11-02,7,28.2,203.0
2025-11-02,8,29.5,203.0
2025-11-02,9,31.8,198.0
2025-11-02,10,29.2,204.0
2025-11-02,11,29.7,215.0
2025-11-02,12,29.6,209.0
2025-11-02,13,35.6,217.0
2025-11-02,14,37.0,217.0
2025-11-02,15,40.4,222.0
2025-11-02,16,44.6,233.0
2025-11-02,17,42.2,233.0
2025-11-02,18,37.7,232.0
2025-11-02,19,37.9,224.0
2025-11-02,20,39.2,224.0
2025-11-02,21,34.7,219.0
2025-11-02,22,33.8,213.0
2025-11-02,23,33.2,202.0
2025-11-02,24,32.8,198.0
2025-11-03,1,29.4,207.0
2025-11-03,2,25.6,205.0
2025-11-03,3,19.5,210.0
2025-11-03,4,11.7,224.0
2025-11-03,5,6.2,258.0
2025-11-03,6,6.4,322.0
2025-11-03,7,11.1,353.0
2025-11-03,8,13.1,9.0
2025-11-03,9,11.1,12.0
2025-11-03,10,9.2,7.0
2025-11-03,11,11.3,359.0
2025-11-03,12,13.3,344.0
2025-11-03,13,12.4,330.0
2025-11-03,14,9.5,327.0
2025-11-03,15,6.8,305.0
2025-11-03,16,8.8,289.0
2025-11-03,17,8.5,246.0
2025-11-03,18,9.2,211.0
2025-11-03,19,16.3,193.0
2025-11-03,20,23.1,197.0
2025-11-03,21,26.5,194.0
2025-11-03,22,26.3,198.0
2025-11-03,23,22.6,199.0
2025-11-03,24,16.6,193.0
2025-11-04,1,12.0,194.0
2025-11-04,2,13.7,185.0
2025-11-04,3,17.3,184.0
2025-11-04,4,21.1,180.0
2025-11-04,5,19.2,191.0
2025-11-04,6,15.5,207.0
2025-11-04,7,18.2,203.0
2025-11-04,8,27.6,196.0
2025-11-04,9,31.2,208.0
2025-11-04,10,36.2,216.0
2025-11-04,11,34.3,217.0
2025-11-04,12,34.2,202.0
2025-11-04,13,36.3,210.0
2025-11-04,14,33.4,209.0
2025-11-04,15,32.6,211.0
2025-11-04,16,34.5,218.0
2025-11-04,17,30.8,216.0
2025-11-04,18,31.0,215.0
2025-11-04,19,30.5,222.0
2025-11-04,20,24.7,215.0
2025-11-04,21,22.1,199.0
2025-11-04,22,20.9,188.0
2025-11-04,23,18.8,175.0
2025-11-04,24,15.7,160.0
2025-11-05,1,9.5,147.0
2025-11-05,2,6.3,121.0
2025-11-05,3,6.9,113.0
2025-11-05,4,6.6,116.0
2025-11-05,5,5.8,90.0
2025-11-05,6,6.4,8.0
2025-11-05,7,8.3,13.0
2025-11-05,8,4.7,43.0
2025-11-05,9,3.8,360.0
2025-11-05,10,3.5,309.0
2025-11-05,11,4.1,337.0
2025-11-05,12,4.9,197.0
2025-11-05,13,5.7,259.0
2025-11-05,14,8.6,269.0
2025-11-05,15,21.2,208.0
2025-11-05,16,25.0,204.0
2025-11-05,17,27.0,199.0
2025-11-05,18,28.7,213.0
2025-11-05,19,31.2,226.0
2025-11-05,20,28.0,221.0
2025-11-05,21,26.1,219.0
2025-11-05,22,23.7,221.0
2025-11-05,23,35.4,241.0
2025-11-05,24,34.2,228.0
2025-11-06,1,35.2,231.0
2025-11-06,2,35.0,230.0
2025-11-06,3,32.6,224.0
2025-11-06,4,33.4,214.0
2025-11-06,5,36.2,220.0
2025-11-06,6,35.8,218.0
2025-11-06,7,37.5,220.0
2025-11-06,8,39.4,214.0
2025-11-06,9,40.4,213.0
2025-11-06,10,40.1,213.0
2025-11-06,11,39.2,214.0
2025-11-06,12,39.2,217.0
2025-11-06,13,39.6,228.0
2025-11-06,14,40.3,229.0
2025-11-06,15,41.3,238.0
2025-11-06,16,40.7,246.0
2025-11-06,17,38.3,245.0
2025-11-06,18,33.9,240.0
2025-11-06,19,30.8,226.0
2025-11-06,20,32.7,227.0
2025-11-06,21,30.7,219.0
2025-11-06,22,30.9,215.0
2025-11-06,23,28.9,200.0
2025-11-06,24,27.9,193.0
2025-11-07,1,25.8,191.0
2025-11-07,2,23.7,191.0
2025-11-07,3,22.2,188.0
2025-11-07,4,20.2,184.0
2025-11-07,5,21.8,181.0
2025-11-07,6,21.6,195.0
2025-11-07,7,21.0,189.0
2025-11-07,8,24.0,200.0
2025-11-07,9,26.8,211.0
2025-11-07,10,29.1,215.0
2025-11-07,11,29.1,208.0
2025-11-07,12,31.5,203.0
2025-11-07,13,42.1,214.0
2025-11-07,14,41.7,212.0
2025-11-07,15,48.4,240.0
2025-11-07,16,48.5,245.0
2025-11-07,17,45.1,250.0
2025-11-07,18,33.7,254.0
2025-11-07,19,11.1,316.0
2025-11-07,20,6.6,286.0
2025-11-07,21,11.1,284.0
2025-11-07,22,8.8,253.0
2025-11-07,23,8.5,222.0
2025-11-07,24,10.4,179.0
2025-11-08,1,22.2,201.0
2025-11-08,2,23.4,197.0
2025-11-08,3,24.0,193.0
2025-11-08,4,25.4,196.0
2025-11-08,5,23.9,196.0
2025-11-08,6,22.0,200.0
2025-11-08,7,12.7,207.0
2025-11-08,8,8.5,207.0
2025-11-08,9,6.4,198.0
2025-11-08,10,6.1,175.0
2025-11-08,11,5.4,160.0
2025-11-08,12,4.6,193.0
2025-11-08,13,5.2,200.0
2025-11-08,14,5.4,233.0
2025-11-08,15,6.7,236.0
2025-11-08,16,7.7,245.0
2025-11-08,17,5.0,244.0
2025-11-08,18,3.5,249.0
2025-11-08,19,3.5,298.0
2025-11-08,20,7.3,337.0
2025-11-08,21,7.4,13.0
2025-11-08,22,6.9,60.0
2025-11-08,23,7.6,62.0
2025-11-08,24,8.0,54.0
2025-11-09,1,5.7,55.0
2025-11-09,2,4.0,36.0
2025-11-09,3,4.0,58.0
2025-11-09,4,3.6,33.0
2025-11-09,5,6.2,21.0
2025-11-09,6,6.5,8.0
2025-11-09,7,5.6,25.0
2025-11-09,8,6.4,32.0
2025-11-09,9,7.5,27.0
2025-11-09,10,7.5,35.0
2025-11-09,11,8.5,24.0
2025-11-09,12,7.8,353.0
2025-11-09,13,6.7,358.0
2025-11-09,14,5.9,11.0
2025-11-09,15,5.3,8.0
2025-11-09,16,4.7,7.0
2025-11-09,17,4.0,8.0
2025-11-09,18,7.4,356.0
2025-11-09,19,12.0,21.0
2025-11-09,20,10.7,30.0
2025-11-09,21,11.0,30.0
2025-11-09,22,12.5,27.0
2025-11-09,23,13.2,35.0
2025-11-09,24,10.2,30.0
2025-11-10,1,7.5,8.0
2025-11-10,2,7.4,3.0
2025-11-10,3,5.2,31.0
2025-11-10,4,3.4,18.0
2025-11-10,5,4.2,25.0
2025-11-10,6,7.8,4.0
2025-11-10,7,8.6,349.0
2025-11-10,8,9.7,358.0
2025-11-10,9,8.9,14.0
2025-11-10,10,8.1,357.0
2025-11-10,11,7.5,343.0
2025-11-10,12,6.2,348.0
2025-11-10,13,6.9,317.0
2025-11-10,14,5.8,330.0
2025-11-10,15,3.1,324.0
2025-11-10,16,2.2,305.0
2025-11-10,17,2.6,321.0
2025-11-10,18,2.4,197.0
2025-11-10,19,8.1,209.0
2025-11-10,20,3.6,217.0
2025-11-10,21,2.2,246.0
2025-11-10,22,2.8,305.0
2025-11-10,23,3.6,252.0
2025-11-10,24,5.1,243.0
2025-11-11,1,3.5,282.0
2025-11-11,2,8.6,200.0
2025-11-11,3,17.4,211.0
2025-11-11,4,20.9,215.0
2025-11-11,5,21.4,216.0
2025-11-11,6,24.6,212.0
2025-11-11,7,25.4,214.0
2025-11-11,8,17.9,225.0
2025-11-11,9,16.1,219.0
2025-11-11,10,14.9,216.0
2025-11-11,11,15.7,216.0
2025-11-11,12,14.4,224.0
2025-11-11,13,14.3,222.0
2025-11-11,14,17.8,218.0
2025-11-11,15,18.1,220.0
2025-11-11,16,15.2,220.0
2025-11-11,17,12.2,214.0
2025-11-11,18,8.9,227.0
2025-11-11,19,5.4,244.0
2025-11-11,20,2.5,69.0
2025-11-11,21,3.3,36.0
2025-11-11,22,0.3,135.0
2025-11-11,23,0.9,191.0
2025-11-11,24,3.1,170.0
2025-11-12,1,2.6,231.0
2025-11-12,2,0.9,270.0
2025-11-12,3,2.5,360.0
2025-11-12,4,5.2,358.0
2025-11-12,5,5.6,7.0
2025-11-12,6,4.9,360.0
2025-11-12,7,6.0,353.0
2025-11-12,8,6.2,21.0
2025-11-12,9,4.6,21.0
2025-11-12,10,6.0,17.0
2025-11-12,11,5.6,7.0
2025-11-12,12,7.9,357.0
2025-11-12,13,7.8,345.0
2025-11-12,14,7.5,343.0
2025-11-12,15,7.8,337.0
2025-11-12,16,7.9,333.0
2025-11-12,17,7.4,353.0
2025-11-12,18,6.0,7.0
2025-11-12,19,2.4,73.0
2025-11-12,20,3.6,70.0
2025-11-12,21,1.3,90.0
2025-11-12,22,2.0,153.0
2025-11-12,23,4.7,171.0
2025-11-12,24,5.0,199.0
2025-11-13,1,4.0,330.0
2025-11-13,2,5.9,358.0
2025-11-13,3,4.5,5.0
2025-11-13,4,3.5,348.0
2025-11-13,5,4.5,14.0
2025-11-13,6,2.8,40.0
2025-11-13,7,1.1,72.0
2025-11-13,8,1.6,84.0
2025-11-13,9,1.9,41.0
2025-11-13,10,1.3,34.0
2025-11-13,11,1.7,58.0
2025-11-13,12,2.8,11.0
2025-11-13,13,7.5,303.0
2025-11-13,14,9.6,320.0
2025-11-13,15,7.9,333.0
2025-11-13,16,4.9,309.0
2025-11-13,17,4.5,304.0
2025-11-13,18,4.4,215.0
2025-11-13,19,22.9,184.0
2025-11-13,20,24.7,172.0
2025-11-13,21,24.2,175.0
2025-11-13,22,18.2,179.0
2025-11-13,23,12.6,194.0
2025-11-13,24,10.2,204.0
2025-11-14,1,17.2,191.0
2025-11-14,2,19.4,187.0
2025-11-14,3,21.1,185.0
2025-11-14,4,22.6,191.0
2025-11-14,5,17.5,199.0
2025-11-14,6,17.1,204.0
2025-11-14,7,11.8,208.0
2025-11-14,8,18.3,211.0
2025-11-14,9,19.4,228.0
2025-11-14,10,21.9,214.0
2025-11-14,11,26.9,205.0
2025-11-14,12,25.3,211.0
2025-11-14,13,35.9,226.0
2025-11-14,14,35.6,248.0
2025-11-14,15,35.7,233.0
2025-11-14,16,35.9,234.0
2025-11-14,17,34.5,232.0
2025-11-14,18,31.6,229.0
2025-11-14,19,30.6,233.0
2025-11-14,20,30.2,235.0
2025-11-14,21,28.6,230.0
2025-11-14,22,29.8,222.0
2025-11-14,23,29.9,203.0
2025-11-14,24,29.3,200.0
2025-11-15,1,31.3,208.0
2025-11-15,2,33.4,210.0
2025-11-15,3,33.1,213.0
2025-11-15,4,32.3,215.0
2025-11-15,5,29.9,214.0
2025-11-15,6,29.7,211.0
2025-11-15,7,31.9,206.0
2025-11-15,8,30.1,205.0
2025-11-15,9,29.4,207.0
2025-11-15,10,25.1,209.0
2025-11-15,11,24.3,210.0
2025-11-15,12,21.6,213.0
2025-11-15,13,22.0,220.0
2025-11-15,14,22.5,224.0
2025-11-15,15,21.5,232.0
2025-11-15,16,18.6,232.0
2025-11-15,17,15.5,230.0
2025-11-15,18,15.0,214.0
2025-11-15,19,17.2,190.0
2025-11-15,20,14.6,178.0
2025-11-15,21,8.1,167.0
2025-11-15,22,1.9,68.0
2025-11-15,23,7.0,32.0
2025-11-15,24,6.9,45.0
2025-11-16,1,6.2,44.0
2025-11-16,2,6.5,51.0
2025-11-16,3,7.5,27.0
2025-11-16,4,13.3,16.0
2025-11-16,5,16.4,23.0
2025-11-16,6,13.8,37.0
2025-11-16,7,9.6,40.0
2025-11-16,8,6.0,51.0
2025-11-16,9,1.2,117.0
2025-11-16,10,12.8,355.0
2025-11-16,11,13.8,8.0
2025-11-16,12,9.0,5.0
2025-11-16,13,9.6,304.0
2025-11-16,14,8.4,310.0
2025-11-16,15,5.6,45.0
2025-11-16,16,11.2,46.0
2025-11-16,17,9.9,32.0
2025-11-16,18,11.2,12.0
2025-11-16,19,17.8,20.0
2025-11-16,20,14.9,8.0
2025-11-16,21,12.0,351.0
2025-11-16,22,9.0,22.0
2025-11-16,23,3.1,7.0
2025-11-16,24,21.3,197.0
2025-11-17,1,18.1,221.0
2025-11-17,2,23.5,220.0
2025-11-17,3,20.3,209.0
2025-11-17,4,23.3,213.0
2025-11-17,5,25.0,209.0
2025-11-17,6,29.1,204.0
2025-11-17,7,31.2,209.0
2025-11-17,8,31.1,214.0
2025-11-17,9,30.8,220.0
2025-11-17,10,28.3,222.0
2025-11-17,11,25.7,222.0
2025-11-17,12,27.4,224.0
2025-11-17,13,31.3,227.0
2025-11-17,14,27.0,231.0
2025-11-17,15,26.3,231.0
2025-11-17,16,24.1,228.0
2025-11-17,17,22.9,226.0
2025-11-17,18,17.8,219.0
2025-11-17,19,16.2,199.0
2025-11-17,20,14.3,169.0
2025-11-17,21,16.7,150.0
2025-11-17,22,17.1,158.0
2025-11-17,23,17.8,158.0
2025-11-17,24,17.1,154.0
2025-11-18,1,16.3,155.0
2025-11-18,2,14.4,162.0
2025-11-18,3,12.4,163.0
2025-11-18,4,10.8,159.0
2025-11-18,5,7.9,160.0
2025-11-18,6,4.8,149.0
2025-11-18,7,6.2,128.0
2025-11-18,8,5.9,142.0
2025-11-18,9,7.5,163.0
2025-11-18,10,9.0,164.0
2025-11-18,11,5.7,145.0
2025-11-18,12,3.6,139.0
2025-11-18,13,0.3,225.0
2025-11-18,14,4.4,212.0
2025-11-18,15,8.8,206.0
2025-11-18,16,11.1,210.0
2025-11-18,17,13.4,220.0
2025-11-18,18,11.9,222.0
2025-11-18,19,9.6,210.0
2025-11-18,20,8.8,178.0
2025-11-18,21,10.8,169.0
2025-11-18,22,10.4,169.0
2025-11-18,23,8.7,159.0
2025-11-18,24,8.4,149.0
2025-11-19,1,11.0,159.0
2025-11-19,2,11.2,169.0
2025-11-19,3,8.3,184.0
2025-11-19,4,6.8,192.0
2025-11-19,5,9.2,182.0
2025-11-19,6,7.6,183.0
2025-11-19,7,4.0,153.0
2025-11-19,8,2.4,153.0
2025-11-19,9,3.5,159.0
2025-11-19,10,3.6,174.0
2025-11-19,11,1.4,157.0
2025-11-19,12,2.4,189.0
2025-11-19,13,4.7,230.0
2025-11-19,14,11.2,215.0
2025-11-19,15,14.9,192.0
2025-11-19,16,13.6,219.0
2025-11-19,17,27.4,203.0
2025-11-19,18,17.3,166.0
2025-11-19,19,16.3,153.0
2025-11-19,20,14.1,155.0
2025-11-19,21,13.1,167.0
2025-11-19,22,13.3,161.0
2025-11-19,23,11.0,152.0
2025-11-19,24,9.3,151.0
2025-11-20,1,3.6,147.0
2025-11-20,2,7.3,351.0
2025-11-20,3,8.9,14.0
2025-11-20,4,6.1,58.0
2025-11-20,5,5.2,44.0
2025-11-20,6,3.7,67.0
2025-11-20,7,2.9,43.0
2025-11-20,8,5.4,21.0
2025-11-20,9,7.1,21.0
2025-11-20,10,5.1,45.0
2025-11-20,11,3.8,25.0
2025-11-20,12,3.8,11.0
2025-11-20,13,7.6,346.0
2025-11-20,14,7.7,351.0
2025-11-20,15,5.1,352.0
2025-11-20,16,4.0,330.0
2025-11-20,17,6.4,344.0
2025-11-20,18,10.4,1.0
2025-11-20,19,14.4,3.0
2025-11-20,20,13.1,2.0
2025-11-20,21,9.9,350.0
2025-11-20,22,7.5,8.0
2025-11-20,23,5.6,61.0
2025-11-20,24,4.9,90.0
2025-11-21,1,4.9,73.0
2025-11-21,2,0.8,207.0
2025-11-21,3,2.7,233.0
2025-11-21,4,3.8,211.0
2025-11-21,5,8.0,208.0
2025-11-21,6,12.2,213.0
2025-11-21,7,14.3,225.0
2025-11-21,8,15.4,217.0
2025-11-21,9,16.8,207.0
2025-11-21,10,17.3,219.0
2025-11-21,11,17.1,218.0
2025-11-21,12,16.6,211.0
2025-11-21,13,17.8,210.0
2025-11-21,14,18.3,212.0
2025-11-21,15,20.1,216.0
2025-11-21,16,19.5,221.0
2025-11-21,17,16.4,225.0
2025-11-21,18,14.8,223.0
2025-11-21,19,14.3,217.0
2025-11-21,20,13.8,213.0
2025-11-21,21,11.6,215.0
2025-11-21,22,13.2,200.0
2025-11-21,23,11.1,210.0
2025-11-21,24,14.4,202.0
2025-11-22,1,11.4,186.0
2025-11-22,2,11.4,175.0
2025-11-22,3,11.4,185.0
2025-11-22,4,14.7,209.0
2025-11-22,5,16.6,216.0
2025-11-22,6,15.0,209.0
2025-11-22,7,14.2,212.0
2025-11-22,8,11.6,240.0
2025-11-22,9,10.3,245.0
2025-11-22,10,9.4,235.0
2025-11-22,11,9.6,240.0
2025-11-22,12,9.1,240.0
2025-11-22,13,12.7,220.0
2025-11-22,14,12.7,230.0
2025-11-22,15,13.0,246.0
2025-11-22,16,13.3,254.0
2025-11-22,17,12.2,262.0
2025-11-22,18,9.4,294.0
2025-11-22,19,4.4,302.0
2025-11-22,20,5.6,31.0
2025-11-22,21,8.3,46.0
2025-11-22,22,10.3,44.0
2025-11-22,23,11.0,50.0
2025-11-22,24,9.6,40.0
2025-11-23,1,7.1,10.0
2025-11-23,2,8.6,8.0
2025-11-23,3,9.2,17.0
2025-11-23,4,6.5,30.0
2025-11-23,5,8.3,16.0
2025-11-23,6,9.1,25.0
2025-11-23,7,7.7,25.0
2025-11-23,8,6.7,66.0
2025-11-23,9,5.0,21.0
2025-11-23,10,8.9,8.0
2025-11-23,11,5.6,40.0
2025-11-23,12,4.1,49.0
2025-11-23,13,3.8,355.0
2025-11-23,14,3.0,327.0
2025-11-23,15,3.4,295.0
2025-11-23,16,2.8,255.0
2025-11-23,17,5.1,253.0
2025-11-23,18,5.4,262.0
2025-11-23,19,9.3,209.0
2025-11-23,20,10.7,211.0
2025-11-23,21,11.0,208.0
2025-11-23,22,9.5,205.0
2025-11-23,23,8.1,198.0
2025-11-23,24,8.6,188.0
2025-11-24,1,8.9,201.0
2025-11-24,2,6.8,205.0
2025-11-24,3,8.6,195.0
2025-11-24,4,12.1,195.0
2025-11-24,5,13.7,210.0
2025-11-24,6,14.6,207.0
2025-11-24,7,19.6,206.0
2025-11-24,8,19.5,209.0
2025-11-24,9,21.6,217.0
2025-11-24,10,29.9,217.0
2025-11-24,11,32.8,216.0
2025-11-24,12,30.1,215.0
2025-11-24,13,42.7,213.0
2025-11-24,14,46.3,213.0
2025-11-24,15,50.0,224.0
2025-11-24,16,54.4,234.0
2025-11-24,17,51.3,239.0
2025-11-24,18,45.2,238.0
2025-11-24,19,49.1,240.0
2025-11-24,20,35.5,240.0
2025-11-24,21,23.3,235.0
2025-11-24,22,3.2,236.0
2025-11-24,23,7.3,128.0
2025-11-24,24,11.7,198.0
2025-11-25,1,12.9,75.0
2025-11-25,2,13.2,86.0
2025-11-25,3,8.2,81.0
2025-11-25,4,5.3,57.0
2025-11-25,5,2.7,23.0
2025-11-25,6,1.5,315.0
2025-11-25,7,7.3,62.0
2025-11-25,8,3.1,93.0
2025-11-25,9,1.5,120.0
2025-11-25,10,2.8,79.0
2025-11-25,11,3.5,78.0
2025-11-25,12,0.4,270.0
2025-11-25,13,2.1,329.0
2025-11-25,14,2.5,278.0
2025-11-25,15,5.9,250.0
2025-11-25,16,8.1,242.0
2025-11-25,17,8.4,230.0
2025-11-25,18,12.9,231.0
2025-11-25,19,12.6,239.0
2025-11-25,20,9.7,222.0
2025-11-25,21,10.2,194.0
2025-11-25,22,13.5,182.0
2025-11-25,23,16.4,192.0
2025-11-25,24,14.1,191.0
2025-11-26,1,14.3,195.0
2025-11-26,2,13.2,190.0
2025-11-26,3,13.5,207.0
2025-11-26,4,11.8,208.0
2025-11-26,5,10.1,205.0
2025-11-26,6,7.2,219.0
2025-11-26,7,7.0,252.0
2025-11-26,8,7.0,215.0
2025-11-26,9,8.6,231.0
2025-11-26,10,6.8,243.0
2025-11-26,11,5.1,315.0
2025-11-26,12,4.8,56.0
2025-11-26,13,6.1,161.0
2025-11-26,14,14.3,221.0
2025-11-26,15,19.7,225.0
2025-11-26,16,22.8,228.0
2025-11-26,17,21.5,230.0
2025-11-26,18,19.0,227.0
2025-11-26,19,17.0,219.0
2025-11-26,20,13.5,199.0
2025-11-26,21,7.8,203.0
2025-11-26,22,5.0,229.0
2025-11-26,23,3.5,235.0
2025-11-26,24,5.0,210.0
2025-11-27,1,6.2,216.0
2025-11-27,2,6.1,227.0
2025-11-27,3,6.2,237.0
2025-11-27,4,3.2,199.0
2025-11-27,5,2.7,184.0
2025-11-27,6,3.6,288.0
2025-11-27,7,5.1,342.0
2025-11-27,8,6.0,353.0
2025-11-27,9,4.9,360.0
2025-11-27,10,3.9,22.0
2025-11-27,11,2.7,8.0
2025-11-27,12,2.3,360.0
2025-11-27,13,8.2,327.0
2025-11-27,14,7.5,330.0
2025-11-27,15,7.2,332.0
2025-11-27,16,6.7,351.0
2025-11-27,17,5.1,10.0
2025-11-27,18,4.0,3.0
2025-11-27,19,1.7,108.0
2025-11-27,20,5.2,166.0
2025-11-27,21,2.8,252.0
2025-11-27,22,3.1,216.0
2025-11-27,23,6.1,203.0
2025-11-27,24,10.7,205.0
2025-11-28,1,15.2,199.0
2025-11-28,2,9.3,216.0
2025-11-28,3,4.7,310.0
2025-11-28,4,2.7,352.0
2025-11-28,5,2.0,333.0
2025-11-28,6,1.9,304.0
2025-11-28,7,1.8,276.0
2025-11-28,8,4.7,310.0
2025-11-28,9,5.2,268.0
2025-11-28,10,12.0,198.0
2025-11-28,11,19.2,225.0
2025-11-28,12,25.5,221.0
2025-11-28,13,28.6,216.0
2025-11-28,14,31.5,215.0
2025-11-28,15,31.3,225.0
2025-11-28,16,32.3,232.0
2025-11-28,17,33.4,241.0
2025-11-28,18,29.6,231.0
2025-11-28,19,31.4,236.0
2025-11-28,20,11.6,306.0
2025-11-28,21,11.7,159.0
2025-11-28,22,8.2,234.0
2025-11-28,23,14.5,333.0
2025-11-28,24,23.1,32.0
2025-11-29,1,26.4,51.0
2025-11-29,2,29.6,49.0
2025-11-29,3,30.4,43.0
2025-11-29,4,31.6,39.0
2025-11-29,5,30.6,46.0
2025-11-29,6,21.3,58.0
2025-11-29,7,8.9,50.0
2025-11-29,8,10.9,9.0
2025-11-29,9,12.4,14.0
2025-11-29,10,11.3,18.0
2025-11-29,11,10.2,14.0
2025-11-29,12,8.7,6.0
2025-11-29,13,7.3,23.0
2025-11-29,14,6.5,24.0
2025-11-29,15,4.8,29.0
2025-11-29,16,4.6,11.0
2025-11-29,17,4.8,20.0
2025-11-29,18,8.6,12.0
2025-11-29,19,15.9,34.0
2025-11-29,20,18.9,38.0
2025-11-29,21,18.6,38.0
2025-11-29,22,17.3,31.0
2025-11-29,23,19.8,26.0
2025-11-29,24,20.2,27.0
2025-11-30,1,17.7,22.0
2025-11-30,2,18.0,20.0
2025-11-30,3,19.9,26.0
2025-11-30,4,19.6,29.0
2025-11-30,5,17.9,36.0
2025-11-30,6,15.7,34.0
2025-11-30,7,15.0,32.0
2025-11-30,8,15.3,27.0
2025-11-30,9,13.4,32.0
2025-11-30,10,12.6,33.0
2025-11-30,11,18.4,9.0
2025-11-30,12,20.2,12.0
2025-11-30,13,14.3,25.0
2025-11-30,14,12.1,3.0
2025-11-30,15,13.1,345.0
2025-11-30,16,12.1,340.0
2025-11-30,17,12.1,342.0
2025-11-30,18,10.0,324.0
2025-11-30,19,8.9,297.0
2025-11-30,20,13.1,258.0
2025-11-30,21,27.7,214.0
2025-11-30,22,30.9,201.0
2025-11-30,23,30.1,205.0
2025-11-30,24,28.4,211.0
2025-12-01,1,24.1,208.0
2025-12-01,2,24.1,204.0
2025-12-01,3,25.3,217.0
2025-12-01,4,24.7,214.0
2025-12-01,5,23.4,211.0
2025-12-01,6,22.0,213.0
2025-12-01,7,19.9,211.0
2025-12-01,8,20.8,212.0
2025-12-01,9,20.6,215.0
2025-12-01,10,19.4,215.0
2025-12-01,11,21.6,216.0
2025-12-01,12,20.8,217.0
2025-12-01,13,23.7,219.0
2025-12-01,14,23.0,220.0
2025-12-01,15,21.8,219.0
2025-12-01,16,21.8,219.0
2025-12-01,17,21.3,217.0
2025-12-01,18,19.8,222.0
2025-12-01,19,17.9,234.0
2025-12-01,20,16.1,220.0
2025-12-01,21,14.5,202.0
2025-12-01,22,18.7,199.0
2025-12-01,23,18.6,197.0
2025-12-01,24,22.0,201.0
2025-12-02,1,24.8,211.0
2025-12-02,2,25.8,214.0
2025-12-02,3,25.3,217.0
2025-12-02,4,23.1,219.0
2025-12-02,5,23.9,215.0
2025-12-02,6,26.9,216.0
2025-12-02,7,25.4,222.0
2025-12-02,8,23.1,219.0
2025-12-02,9,22.7,214.0
2025-12-02,10,20.6,212.0
2025-12-02,11,15.1,215.0
2025-12-02,12,10.9,226.0
2025-12-02,13,14.9,211.0
2025-12-02,14,25.6,225.0
2025-12-02,15,18.9,220.0
2025-12-02,16,15.9,223.0
2025-12-02,17,13.1,205.0
2025-12-02,18,6.3,180.0
2025-12-02,19,7.4,6.0
2025-12-02,20,14.8,16.0
2025-12-02,21,11.9,30.0
2025-12-02,22,15.5,15.0
2025-12-02,23,13.9,17.0
2025-12-02,24,18.3,13.0
2025-12-03,1,19.1,41.0
2025-12-03,2,18.2,33.0
2025-12-03,3,17.7,30.0
2025-12-03,4,16.8,23.0
2025-12-03,5,16.9,21.0
2025-12-03,6,18.7,18.0
2025-12-03,7,16.5,23.0
2025-12-03,8,16.4,29.0
2025-12-03,9,16.8,39.0
2025-12-03,10,18.6,43.0
2025-12-03,11,18.0,46.0
2025-12-03,12,14.4,56.0
2025-12-03,13,9.0,64.0
2025-12-03,14,3.9,286.0
2025-12-03,15,11.7,259.0
2025-12-03,16,11.8,226.0
2025-12-03,17,15.5,206.0
2025-12-03,18,21.4,205.0
2025-12-03,19,28.6,207.0
2025-12-03,20,29.6,215.0
2025-12-03,21,27.1,207.0
2025-12-03,22,26.4,203.0
2025-12-03,23,25.8,203.0
2025-12-03,24,26.2,197.0
2025-12-04,1,25.7,198.0
2025-12-04,2,27.0,200.0
2025-12-04,3,27.9,209.0
2025-12-04,4,26.7,213.0
2025-12-04,5,25.4,213.0
2025-12-04,6,25.7,216.0
2025-12-04,7,24.9,216.0
2025-12-04,8,24.6,218.0
2025-12-04,9,24.8,219.0
2025-12-04,10,24.5,215.0
2025-12-04,11,24.8,216.0
2025-12-04,12,26.4,216.0
2025-12-04,13,34.2,219.0
2025-12-04,14,35.0,220.0
2025-12-04,15,36.8,222.0
2025-12-04,16,35.4,223.0
2025-12-04,17,29.7,222.0
2025-12-04,18,29.3,217.0
2025-12-04,19,29.2,213.0
2025-12-04,20,32.8,210.0
2025-12-04,21,35.6,211.0
2025-12-04,22,35.3,211.0
2025-12-04,23,33.9,210.0
2025-12-04,24,33.7,212.0
2025-12-05,1,31.7,211.0
2025-12-05,2,31.8,211.0
2025-12-05,3,31.7,213.0
2025-12-05,4,30.4,218.0
2025-12-05,5,28.6,218.0
2025-12-05,6,26.6,219.0
2025-12-05,7,22.6,229.0
2025-12-05,8,21.3,229.0
2025-12-05,9,18.0,229.0
2025-12-05,10,18.5,225.0
2025-12-05,11,18.1,225.0
2025-12-05,12,21.5,223.0
2025-12-05,13,25.1,220.0
2025-12-05,14,26.9,221.0
2025-12-05,15,28.7,222.0
2025-12-05,16,24.2,220.0
2025-12-05,17,24.0,211.0
2025-12-05,18,31.2,206.0
2025-12-05,19,33.5,209.0
2025-12-05,20,41.1,207.0
2025-12-05,21,48.5,210.0
2025-12-05,22,49.4,213.0
2025-12-05,23,49.5,216.0
2025-12-05,24,50.4,218.0
2025-12-06,1,48.7,220.0
2025-12-06,2,48.6,227.0
2025-12-06,3,49.3,235.0
2025-12-06,4,46.7,236.0
2025-12-06,5,44.4,237.0
2025-12-06,6,42.8,238.0
2025-12-06,7,42.6,242.0
2025-12-06,8,42.7,245.0
2025-12-06,9,39.7,246.0
2025-12-06,10,35.0,236.0
2025-12-06,11,30.5,220.0
2025-12-06,12,31.3,204.0
2025-12-06,13,30.3,206.0
2025-12-06,14,32.0,215.0
2025-12-06,15,30.4,234.0
2025-12-06,16,28.7,237.0
2025-12-06,17,30.4,223.0
2025-12-06,18,40.6,225.0
2025-12-06,19,33.9,202.0
2025-12-06,20,36.0,203.0
2025-12-06,21,30.8,218.0
2025-12-06,22,28.3,221.0
2025-12-06,23,30.8,202.0
2025-12-06,24,33.8,196.0
2025-12-07,1,33.4,203.0
2025-12-07,2,36.2,205.0
2025-12-07,3,34.6,205.0
2025-12-07,4,33.0,197.0
2025-12-07,5,34.6,194.0
2025-12-07,6,33.2,200.0
2025-12-07,7,27.8,197.0
2025-12-07,8,28.5,197.0
2025-12-07,9,29.8,198.0
2025-12-07,10,27.9,195.0
2025-12-07,11,25.5,199.0
2025-12-07,12,22.2,207.0
2025-12-07,13,16.4,212.0
2025-12-07,14,16.1,222.0
2025-12-07,15,20.5,214.0
2025-12-07,16,29.2,207.0
2025-12-07,17,29.4,203.0
2025-12-07,18,30.9,204.0
2025-12-07,19,27.8,195.0
2025-12-07,20,31.0,197.0
2025-12-07,21,33.1,201.0
2025-12-07,22,35.0,204.0
2025-12-07,23,42.6,214.0
2025-12-07,24,42.2,221.0
2025-12-08,1,39.8,214.0
2025-12-08,2,36.2,217.0
2025-12-08,3,35.6,218.0
2025-12-08,4,36.9,216.0
2025-12-08,5,36.6,213.0
2025-12-08,6,35.7,206.0
2025-12-08,7,35.3,207.0
2025-12-08,8,35.1,204.0
2025-12-08,9,34.5,202.0
2025-12-08,10,35.0,207.0
2025-12-08,11,32.4,213.0
2025-12-08,12,34.0,218.0
2025-12-08,13,35.3,216.0
2025-12-08,14,33.9,227.0
2025-12-08,15,33.1,225.0
2025-12-08,16,33.0,223.0
2025-12-08,17,33.1,224.0
2025-12-08,18,33.9,222.0
2025-12-08,19,36.4,220.0
2025-12-08,20,38.5,221.0
2025-12-08,21,40.4,217.0
2025-12-08,22,40.4,211.0
2025-12-08,23,40.2,213.0
2025-12-08,24,42.1,212.0
2025-12-09,1,46.2,215.0
2025-12-09,2,49.7,217.0
2025-12-09,3,49.2,216.0
2025-12-09,4,47.4,213.0
2025-12-09,5,46.3,212.0
2025-12-09,6,44.2,214.0
2025-12-09,7,49.7,215.0
2025-12-09,8,52.1,216.0
2025-12-09,9,54.1,217.0
2025-12-09,10,54.3,213.0
2025-12-09,11,52.3,211.0
2025-12-09,12,51.9,212.0
2025-12-09,13,52.3,217.0
2025-12-09,14,50.0,215.0
2025-12-09,15,53.3,218.0
2025-12-09,16,54.4,229.0
2025-12-09,17,49.4,228.0
2025-12-09,18,44.7,231.0
2025-12-09,19,31.7,235.0
2025-12-09,20,21.1,232.0
2025-12-09,21,5.2,121.0
2025-12-09,22,12.2,147.0
2025-12-09,23,13.7,161.0
2025-12-09,24,14.4,144.0
2025-12-10,1,23.6,112.0
2025-12-10,2,24.4,124.0
2025-12-10,3,20.1,135.0
2025-12-10,4,19.5,177.0
2025-12-10,5,29.4,213.0
2025-12-10,6,34.1,217.0
2025-12-10,7,38.0,218.0
2025-12-10,8,39.5,220.0
2025-12-10,9,42.1,219.0
2025-12-10,10,43.9,219.0
2025-12-10,11,44.0,221.0
2025-12-10,12,47.9,220.0
2025-12-10,13,44.1,219.0
2025-12-10,14,46.9,216.0
2025-12-10,15,48.4,222.0
2025-12-10,16,48.6,221.0
2025-12-10,17,45.6,219.0
2025-12-10,18,45.0,218.0
2025-12-10,19,43.0,221.0
2025-12-10,20,41.3,219.0
2025-12-10,21,43.1,217.0
2025-12-10,22,43.1,212.0
2025-12-10,23,42.8,214.0
2025-12-10,24,42.2,211.0
2025-12-11,1,42.7,213.0
2025-12-11,2,42.1,214.0
2025-12-11,3,42.0,213.0
2025-12-11,4,44.5,212.0
2025-12-11,5,43.8,212.0
2025-12-11,6,43.2,211.0
2025-12-11,7,42.3,212.0
2025-12-11,8,43.1,213.0
2025-12-11,9,44.3,211.0
2025-12-11,10,43.6,213.0
2025-12-11,11,40.9,214.0
2025-12-11,12,37.5,211.0
2025-12-11,13,41.9,215.0
2025-12-11,14,43.3,220.0
2025-12-11,15,44.3,225.0
2025-12-11,16,44.3,225.0
2025-12-11,17,43.7,225.0
2025-12-11,18,43.9,225.0
2025-12-11,19,45.4,221.0
2025-12-11,20,42.8,219.0
2025-12-11,21,40.5,215.0
2025-12-11,22,39.9,212.0
2025-12-11,23,39.1,206.0
2025-12-11,24,38.0,205.0
2025-12-12,1,39.0,205.0
2025-12-12,2,39.7,204.0
2025-12-12,3,38.7,204.0
2025-12-12,4,37.6,205.0
2025-12-12,5,37.4,205.0
2025-12-12,6,35.7,207.0
2025-12-12,7,34.9,207.0
2025-12-12,8,34.6,205.0
2025-12-12,9,31.1,206.0
2025-12-12,10,30.7,205.0
2025-12-12,11,31.5,207.0
2025-12-12,12,29.2,211.0
2025-12-12,13,31.1,217.0
2025-12-12,14,28.3,216.0
2025-12-12,15,26.4,215.0
2025-12-12,16,28.0,217.0
2025-12-12,17,29.5,219.0
2025-12-12,18,28.2,219.0
2025-12-12,19,30.9,218.0
2025-12-12,20,31.9,214.0
2025-12-12,21,33.9,211.0
2025-12-12,22,36.0,212.0
2025-12-12,23,35.4,212.0
2025-12-12,24,35.3,210.0
2025-12-13,1,35.5,210.0
2025-12-13,2,35.8,210.0
2025-12-13,3,34.5,209.0
2025-12-13,4,35.2,208.0
2025-12-13,5,35.5,209.0
2025-12-13,6,34.0,213.0
2025-12-13,7,33.8,217.0
2025-12-13,8,32.4,215.0
2025-12-13,9,26.1,218.0
2025-12-13,10,20.0,218.0
2025-12-13,11,17.5,222.0
2025-12-13,12,15.0,232.0
2025-12-13,13,14.8,240.0
2025-12-13,14,15.6,234.0
2025-12-13,15,16.7,233.0
2025-12-13,16,15.9,227.0
2025-12-13,17,13.7,232.0
2025-12-13,18,9.4,270.0
2025-12-13,19,13.1,344.0
2025-12-13,20,16.4,15.0
2025-12-13,21,16.2,19.0
2025-12-13,22,13.6,15.0
2025-12-13,23,11.4,19.0
2025-12-13,24,9.1,18.0
2025-12-14,1,9.0,5.0
2025-12-14,2,8.8,12.0
2025-12-14,3,8.9,7.0
2025-12-14,4,9.2,360.0
2025-12-14,5,9.5,360.0
2025-12-14,6,10.3,1.0
2025-12-14,7,8.8,345.0
2025-12-14,8,8.5,354.0
2025-12-14,9,10.8,355.0
2025-12-14,10,11.0,356.0
2025-12-14,11,10.5,354.0
2025-12-14,12,8.8,360.0
2025-12-14,13,9.7,332.0
2025-12-14,14,7.7,344.0
2025-12-14,15,6.3,333.0
2025-12-14,16,5.1,318.0
2025-12-14,17,5.2,311.0
2025-12-14,18,6.5,294.0
2025-12-14,19,3.5,255.0
2025-12-14,20,3.0,287.0
2025-12-14,21,7.7,349.0
2025-12-14,22,8.9,14.0
2025-12-14,23,4.8,31.0
2025-12-14,24,2.0,10.0
2025-12-15,1,5.6,331.0
2025-12-15,2,1.8,354.0
2025-12-15,3,4.3,343.0
2025-12-15,4,6.8,360.0
2025-12-15,5,4.7,7.0
2025-12-15,6,1.7,49.0
2025-12-15,7,5.6,327.0
2025-12-15,8,4.7,2.0
2025-12-15,9,7.2,347.0
2025-12-15,10,6.5,358.0
2025-12-15,11,8.2,351.0
2025-12-15,12,2.5,339.0
2025-12-15,13,4.5,331.0
2025-12-15,14,5.3,308.0
2025-12-15,15,6.7,286.0
2025-12-15,16,7.2,273.0
2025-12-15,17,5.3,246.0
2025-12-15,18,13.3,215.0
2025-12-15,19,17.8,203.0
2025-12-15,20,9.7,274.0
2025-12-15,21,3.5,285.0
2025-12-15,22,7.3,253.0
2025-12-15,23,14.9,218.0
2025-12-15,24,21.2,204.0
2025-12-16,1,23.0,209.0
2025-12-16,2,25.0,214.0
2025-12-16,3,22.4,210.0
2025-12-16,4,23.8,212.0
2025-12-16,5,27.2,210.0
2025-12-16,6,30.2,212.0
2025-12-16,7,33.7,212.0
2025-12-16,8,33.1,215.0
2025-12-16,9,38.6,207.0
2025-12-16,10,40.2,208.0
2025-12-16,11,40.1,210.0
2025-12-16,12,38.8,210.0
2025-12-16,13,26.9,217.0
2025-12-16,14,34.6,221.0
2025-12-16,15,35.5,215.0
2025-12-16,16,37.2,206.0
2025-12-16,17,35.8,202.0
2025-12-16,18,34.2,205.0
2025-12-16,19,34.1,199.0
2025-12-16,20,33.3,191.0
2025-12-16,21,34.4,193.0
2025-12-16,22,35.2,197.0
2025-12-16,23,34.1,198.0
2025-12-16,24,34.1,203.0
2025-12-17,1,37.8,194.0
2025-12-17,2,38.3,204.0
2025-12-17,3,35.8,204.0
2025-12-17,4,35.2,205.0
2025-12-17,5,32.5,195.0
2025-12-17,6,33.9,198.0
2025-12-17,7,46.6,208.0
2025-12-17,8,48.8,200.0
2025-12-17,9,44.8,191.0
2025-12-17,10,60.5,210.0
2025-12-17,11,60.1,214.0
2025-12-17,12,67.1,216.0
2025-12-17,13,65.1,216.0
2025-12-17,14,66.1,220.0
2025-12-17,15,67.0,244.0
2025-12-17,16,57.2,258.0
2025-12-17,17,51.6,263.0
2025-12-17,18,48.6,269.0
2025-12-17,19,48.6,280.0
2025-12-17,20,41.8,275.0
2025-12-17,21,36.9,271.0
2025-12-17,22,38.2,264.0
2025-12-17,23,34.0,256.0
2025-12-17,24,31.2,257.0
2025-12-18,1,28.0,258.0
2025-12-18,2,25.8,251.0
2025-12-18,3,19.5,228.0
2025-12-18,4,24.2,193.0
2025-12-18,5,30.4,185.0
2025-12-18,6,28.3,196.0
2025-12-18,7,25.5,193.0
2025-12-18,8,24.6,195.0
2025-12-18,9,22.4,194.0
2025-12-18,10,17.2,190.0
2025-12-18,11,16.2,179.0
2025-12-18,12,9.8,160.0
2025-12-18,13,5.1,170.0
2025-12-18,14,13.8,192.0
2025-12-18,15,14.1,193.0
2025-12-18,16,18.6,183.0
2025-12-18,17,22.9,183.0
2025-12-18,18,29.6,190.0
2025-12-18,19,24.6,185.0
2025-12-18,20,23.3,184.0
2025-12-18,21,20.3,191.0
2025-12-18,22,19.0,193.0
2025-12-18,23,20.0,209.0
2025-12-18,24,22.6,205.0
2025-12-19,1,21.9,203.0
2025-12-19,2,25.7,210.0
2025-12-19,3,25.9,204.0
2025-12-19,4,24.2,203.0
2025-12-19,5,29.6,210.0
2025-12-19,6,36.5,213.0
2025-12-19,7,47.0,221.0
2025-12-19,8,50.2,222.0
2025-12-19,9,54.2,223.0
2025-12-19,10,51.5,223.0
2025-12-19,11,55.3,223.0
2025-12-19,12,58.2,221.0
2025-12-19,13,59.5,222.0
2025-12-19,14,57.4,219.0
2025-12-19,15,54.5,215.0
2025-12-19,16,52.5,214.0
2025-12-19,17,51.5,215.0
2025-12-19,18,52.3,218.0
2025-12-19,19,54.4,217.0
2025-12-19,20,54.8,221.0
2025-12-19,21,51.5,222.0
2025-12-19,22,47.2,225.0
2025-12-19,23,42.3,226.0
2025-12-19,24,36.1,225.0
2025-12-20,1,39.5,232.0
2025-12-20,2,42.3,227.0
2025-12-20,3,37.3,225.0
2025-12-20,4,35.5,217.0
2025-12-20,5,37.8,219.0
2025-12-20,6,35.6,215.0
2025-12-20,7,31.9,218.0
2025-12-20,8,28.8,214.0
2025-12-20,9,31.6,214.0
2025-12-20,10,38.0,212.0
2025-12-20,11,35.8,216.0
2025-12-20,12,31.8,219.0
2025-12-20,13,28.5,223.0
2025-12-20,14,30.2,226.0
2025-12-20,15,35.0,230.0
2025-12-20,16,33.7,230.0
2025-12-20,17,33.0,227.0
2025-12-20,18,32.0,224.0
2025-12-20,19,29.0,213.0
2025-12-20,20,24.8,198.0
2025-12-20,21,25.4,190.0
2025-12-20,22,25.7,191.0
2025-12-20,23,24.1,186.0
2025-12-20,24,19.6,187.0
2025-12-21,1,15.5,193.0
2025-12-21,2,9.9,183.0
2025-12-21,3,4.7,189.0
2025-12-21,4,3.7,219.0
2025-12-21,5,3.6,288.0
2025-12-21,6,5.9,192.0
2025-12-21,7,11.0,195.0
2025-12-21,8,3.8,177.0
2025-12-21,9,2.0,45.0
2025-12-21,10,5.7,114.0
2025-12-21,11,4.3,222.0
2025-12-21,12,16.4,197.0
2025-12-21,13,16.2,199.0
2025-12-21,14,16.7,194.0
2025-12-21,15,16.7,209.0
2025-12-21,16,16.8,228.0
2025-12-21,17,17.9,225.0
2025-12-21,18,17.1,221.0
2025-12-21,19,20.4,203.0
2025-12-21,20,30.3,194.0
2025-12-21,21,33.9,207.0
2025-12-21,22,34.4,198.0
2025-12-21,23,29.4,192.0
2025-12-21,24,28.7,194.0
2025-12-22,1,27.7,192.0
2025-12-22,2,28.2,188.0
2025-12-22,3,27.2,202.0
2025-12-22,4,27.7,210.0
2025-12-22,5,31.8,196.0
2025-12-22,6,30.1,200.0
2025-12-22,7,32.5,192.0
2025-12-22,8,32.9,202.0
2025-12-22,9,34.0,199.0
2025-12-22,10,29.9,207.0
2025-12-22,11,32.1,206.0
2025-12-22,12,38.5,217.0
2025-12-22,13,38.8,221.0
2025-12-22,14,34.7,212.0
2025-12-22,15,35.9,218.0
2025-12-22,16,34.1,214.0
2025-12-22,17,23.5,193.0
2025-12-22,18,29.2,207.0
2025-12-22,19,24.8,219.0
2025-12-22,20,19.2,197.0
2025-12-22,21,23.9,215.0
2025-12-22,22,25.7,181.0
2025-12-22,23,24.0,178.0
2025-12-22,24,21.3,177.0
2025-12-23,1,26.8,180.0
2025-12-23,2,17.6,172.0
2025-12-23,3,13.6,163.0
2025-12-23,4,11.7,143.0
2025-12-23,5,6.8,102.0
2025-12-23,6,8.6,82.0
2025-12-23,7,9.2,97.0
2025-12-23,8,8.2,128.0
2025-12-23,9,7.8,154.0
2025-12-23,10,6.6,164.0
2025-12-23,11,6.2,163.0
2025-12-23,12,3.1,173.0
2025-12-23,13,6.3,270.0
2025-12-23,14,8.6,250.0
2025-12-23,15,6.7,268.0
2025-12-23,16,6.6,334.0
2025-12-23,17,5.8,360.0
2025-12-23,18,5.3,38.0
2025-12-23,19,5.7,139.0
2025-12-23,20,11.8,153.0
2025-12-23,21,17.4,156.0
2025-12-23,22,17.5,156.0
2025-12-23,23,16.3,157.0
2025-12-23,24,16.2,154.0
2025-12-24,1,16.3,157.0
2025-12-24,2,17.6,166.0
2025-12-24,3,20.9,188.0
2025-12-24,4,22.1,180.0
2025-12-24,5,27.6,151.0
2025-12-24,6,30.3,149.0
2025-12-24,7,23.3,165.0
2025-12-24,8,23.5,174.0
2025-12-24,9,23.9,161.0
2025-12-24,10,20.2,172.0
2025-12-24,11,12.4,219.0
2025-12-24,12,7.9,243.0
2025-12-24,13,10.3,227.0
2025-12-24,14,25.4,197.0
2025-12-24,15,26.6,172.0
2025-12-24,16,25.7,165.0
2025-12-24,17,30.3,162.0
2025-12-24,18,25.2,138.0
2025-12-24,19,26.7,157.0
2025-12-24,20,30.3,174.0
2025-12-24,21,31.6,175.0
2025-12-24,22,29.6,185.0
2025-12-24,23,23.7,207.0
2025-12-24,24,31.8,191.0
2025-12-25,1,28.7,193.0
2025-12-25,2,30.3,211.0
2025-12-25,3,24.3,216.0
2025-12-25,4,26.6,202.0
2025-12-25,5,29.9,203.0
2025-12-25,6,27.5,196.0
2025-12-25,7,22.7,213.0
2025-12-25,8,24.4,204.0
2025-12-25,9,14.1,201.0
2025-12-25,10,14.9,171.0
2025-12-25,11,20.0,179.0
2025-12-25,12,18.7,180.0
2025-12-25,13,12.6,184.0
2025-12-25,14,17.1,181.0
2025-12-25,15,27.1,209.0
2025-12-25,16,33.8,210.0
2025-12-25,17,30.1,209.0
2025-12-25,18,27.2,208.0
2025-12-25,19,25.7,185.0
2025-12-25,20,27.7,177.0
2025-12-25,21,28.1,179.0
2025-12-25,22,32.0,170.0
2025-12-25,23,36.5,179.0
2025-12-25,24,31.9,184.0
2025-12-26,1,28.5,191.0
2025-12-26,2,29.7,205.0
2025-12-26,3,30.4,202.0
2025-12-26,4,35.6,193.0
2025-12-26,5,35.9,187.0
2025-12-26,6,34.7,186.0
2025-12-26,7,37.8,177.0
2025-12-26,8,43.0,185.0
2025-12-26,9,38.9,186.0
2025-12-26,10,34.1,187.0
2025-12-26,11,35.5,179.0
2025-12-26,12,38.5,204.0
2025-12-26,13,41.0,255.0
2025-12-26,14,35.5,239.0
2025-12-26,15,29.0,199.0
2025-12-26,16,30.3,206.0
2025-12-26,17,30.9,199.0
2025-12-26,18,31.1,203.0
2025-12-26,19,33.2,193.0
2025-12-26,20,33.4,190.0
2025-12-26,21,33.9,199.0
2025-12-26,22,39.6,199.0
2025-12-26,23,40.6,201.0
2025-12-26,24,39.1,210.0
2025-12-27,1,41.2,209.0
2025-12-27,2,39.5,212.0
2025-12-27,3,36.0,206.0
2025-12-27,4,35.2,211.0
2025-12-27,5,33.4,213.0
2025-12-27,6,39.4,212.0
2025-12-27,7,43.7,221.0
2025-12-27,8,44.0,220.0
2025-12-27,9,46.3,223.0
2025-12-27,10,47.0,232.0
2025-12-27,11,46.8,231.0
2025-12-27,12,48.3,228.0
2025-12-27,13,48.6,236.0
2025-12-27,14,44.6,249.0
2025-12-27,15,32.8,254.0
2025-12-27,16,29.2,294.0
2025-12-27,17,30.9,291.0
2025-12-27,18,22.7,274.0
2025-12-27,19,9.1,236.0
2025-12-27,20,15.5,182.0
2025-12-27,21,17.4,202.0
2025-12-27,22,10.0,237.0
2025-12-27,23,23.6,12.0
2025-12-27,24,22.3,7.0
2025-12-28,1,23.1,18.0
2025-12-28,2,23.5,6.0
2025-12-28,3,30.2,6.0
2025-12-28,4,30.6,15.0
2025-12-28,5,24.2,28.0
2025-12-28,6,14.9,53.0
2025-12-28,7,10.3,97.0
2025-12-28,8,8.1,125.0
2025-12-28,9,6.5,136.0
2025-12-28,10,6.1,210.0
2025-12-28,11,3.9,202.0
2025-12-28,12,4.0,148.0
2025-12-28,13,5.8,200.0
2025-12-28,14,10.6,204.0
2025-12-28,15,9.3,227.0
2025-12-28,16,6.5,231.0
2025-12-28,17,7.2,205.0
2025-12-28,18,8.1,201.0
2025-12-28,19,8.5,197.0
2025-12-28,20,10.9,193.0
2025-12-28,21,12.1,177.0
2025-12-28,22,10.6,169.0
2025-12-28,23,11.8,153.0
2025-12-28,24,10.0,146.0
2025-12-29,1,9.2,141.0
2025-12-29,2,8.5,142.0
2025-12-29,3,3.7,137.0
2025-12-29,4,3.4,106.0
2025-12-29,5,2.7,98.0
2025-12-29,6,2.3,58.0
2025-12-29,7,2.4,312.0
2025-12-29,8,2.7,290.0
2025-12-29,9,1.7,311.0
2025-12-29,10,1.4,67.0
2025-12-29,11,1.5,324.0
2025-12-29,12,2.2,312.0
2025-12-29,13,3.5,298.0
2025-12-29,14,3.4,354.0
2025-12-29,15,2.1,38.0
2025-12-29,16,0.4,180.0
2025-12-29,17,1.4,230.0
2025-12-29,18,2.5,291.0
2025-12-29,19,7.0,312.0
2025-12-29,20,9.7,348.0
2025-12-29,21,9.7,16.0
2025-12-29,22,10.1,24.0
2025-12-29,23,12.0,21.0
2025-12-29,24,9.0,31.0
2025-12-30,1,5.2,12.0
2025-12-30,2,5.8,7.0
2025-12-30,3,7.6,7.0
2025-12-30,4,5.9,20.0
2025-12-30,5,8.8,358.0
2025-12-30,6,7.0,18.0
2025-12-30,7,4.1,347.0
2025-12-30,8,6.6,13.0
2025-12-30,9,6.5,14.0
2025-12-30,10,9.1,7.0
2025-12-30,11,12.1,10.0
2025-12-30,12,6.9,14.0
2025-12-30,13,6.9,340.0
2025-12-30,14,7.3,351.0
2025-12-30,15,7.6,7.0
2025-12-30,16,6.7,8.0
2025-12-30,17,6.5,357.0
2025-12-30,18,9.1,352.0
2025-12-30,19,9.9,358.0
2025-12-30,20,11.6,15.0
2025-12-30,21,12.2,24.0
2025-12-30,22,14.3,23.0
2025-12-30,23,13.1,27.0
2025-12-30,24,11.4,25.0
2025-12-31,1,9.3,24.0
2025-12-31,2,9.7,24.0
2025-12-31,3,5.9,358.0
2025-12-31,4,6.4,8.0
2025-12-31,5,9.8,35.0
2025-12-31,6,8.5,355.0
2025-12-31,7,5.9,360.0
2025-12-31,8,8.2,10.0
2025-12-31,9,8.6,350.0
2025-12-31,10,8.6,345.0
2025-12-31,11,9.7,360.0
2025-12-31,12,9.2,359.0
2025-12-31,13,8.4,351.0
2025-12-31,14,8.9,353.0
2025-12-31,15,9.7,357.0
2025-12-31,16,8.3,347.0
2025-12-31,17,9.6,339.0
2025-12-31,18,12.5,353.0
2025-12-31,19,14.0,13.0
2025-12-31,20,15.5,26.0
2025-12-31,21,13.6,20.0
2025-12-31,22,14.7,14.0
2025-12-31,23,14.1,23.0
2025-12-31,24,8.8,12.0
2026-01-01,1,8.8,4.0
2026-01-01,2,7.6,7.0
2026-01-01,3,6.3,13.0
2026-01-01,4,6.7,3.0
2026-01-01,5,5.4,339.0
2026-01-01,6,6.0,323.0
2026-01-01,7,3.0,308.0
2026-01-01,8,5.0,347.0
2026-01-01,9,5.2,344.0
2026-01-01,10,3.1,350.0
2026-01-01,11,1.1,342.0
2026-01-01,12,1.7,238.0
2026-01-01,13,3.4,254.0
2026-01-01,14,4.5,307.0
2026-01-01,15,6.9,307.0
2026-01-01,16,6.2,319.0
2026-01-01,17,7.5,340.0
2026-01-01,18,7.2,348.0
2026-01-01,19,4.4,351.0
2026-01-01,20,2.3,356.0
2026-01-01,21,1.5,291.0
2026-01-01,22,3.3,257.0
2026-01-01,23,3.9,223.0
2026-01-01,24,5.8,231.0
2026-01-02,1,9.0,217.0
2026-01-02,2,10.4,222.0
2026-01-02,3,11.6,228.0
2026-01-02,4,15.7,225.0
2026-01-02,5,21.5,222.0
2026-01-02,6,26.4,223.0
2026-01-02,7,27.5,218.0
2026-01-02,8,29.0,214.0
2026-01-02,9,29.6,213.0
2026-01-02,10,30.1,213.0
2026-01-02,11,30.0,212.0
2026-01-02,12,30.2,212.0
2026-01-02,13,29.1,211.0
2026-01-02,14,30.6,210.0
2026-01-02,15,30.6,209.0
2026-01-02,16,29.8,207.0
2026-01-02,17,28.4,204.0
2026-01-02,18,26.3,202.0
2026-01-02,19,26.3,198.0
2026-01-02,20,24.9,197.0
2026-01-02,21,18.5,191.0
2026-01-02,22,9.7,183.0
2026-01-02,23,2.7,184.0
2026-01-02,24,2.4,257.0
2026-01-03,1,4.6,191.0
2026-01-03,2,6.1,130.0
2026-01-03,3,5.9,133.0
2026-01-03,4,1.6,174.0
2026-01-03,5,2.3,51.0
2026-01-03,6,4.7,83.0
2026-01-03,7,1.3,45.0
2026-01-03,8,3.5,345.0
2026-01-03,9,3.1,10.0
2026-01-03,10,2.9,349.0
2026-01-03,11,1.5,45.0
2026-01-03,12,1.7,319.0
2026-01-03,13,5.1,297.0
2026-01-03,14,7.5,291.0
2026-01-03,15,5.0,226.0
2026-01-03,16,12.5,188.0
2026-01-03,17,15.3,182.0
2026-01-03,18,18.3,161.0
2026-01-03,19,25.7,157.0
2026-01-03,20,27.1,164.0
2026-01-03,21,25.7,159.0
2026-01-03,22,19.0,168.0
2026-01-03,23,21.6,181.0
2026-01-03,24,26.2,184.0
2026-01-04,1,28.0,191.0
2026-01-04,2,31.5,254.0
2026-01-04,3,30.3,206.0
2026-01-04,4,21.6,210.0
2026-01-04,5,13.4,229.0
2026-01-04,6,15.7,223.0
2026-01-04,7,25.8,210.0
2026-01-04,8,24.6,207.0
2026-01-04,9,21.2,189.0
2026-01-04,10,23.3,175.0
2026-01-04,11,23.6,184.0
2026-01-04,12,16.6,176.0
2026-01-04,13,18.4,231.0
2026-01-04,14,21.1,213.0
2026-01-04,15,25.8,206.0
2026-01-04,16,31.2,199.0
2026-01-04,17,29.6,198.0
2026-01-04,18,28.7,187.0
2026-01-04,19,23.8,185.0
2026-01-04,20,28.3,173.0
2026-01-04,21,24.6,169.0
2026-01-04,22,24.3,159.0
2026-01-04,23,22.4,175.0
2026-01-04,24,21.4,202.0
2026-01-05,1,23.8,196.0
2026-01-05,2,26.6,193.0
2026-01-05,3,26.8,192.0
2026-01-05,4,23.2,188.0
2026-01-05,5,20.0,187.0
2026-01-05,6,18.0,200.0
2026-01-05,7,28.3,213.0
2026-01-05,8,28.8,214.0
2026-01-05,9,27.2,213.0
2026-01-05,10,29.5,213.0
2026-01-05,11,30.0,207.0
2026-01-05,12,32.0,205.0
2026-01-05,13,38.4,216.0
2026-01-05,14,39.1,224.0
2026-01-05,15,35.7,223.0
2026-01-05,16,33.3,221.0
2026-01-05,17,32.4,220.0
2026-01-05,18,32.5,219.0
2026-01-05,19,32.4,217.0
2026-01-05,20,29.6,205.0
2026-01-05,21,31.4,202.0
2026-01-05,22,34.8,202.0
2026-01-05,23,34.0,199.0
2026-01-05,24,34.0,204.0
2026-01-06,1,32.3,201.0
2026-01-06,2,30.7,208.0
2026-01-06,3,27.1,220.0
2026-01-06,4,28.6,210.0
2026-01-06,5,32.5,214.0
2026-01-06,6,34.1,214.0
2026-01-06,7,39.1,217.0
2026-01-06,8,40.6,215.0
2026-01-06,9,38.4,212.0
2026-01-06,10,34.4,213.0
2026-01-06,11,30.4,213.0
2026-01-06,12,26.1,210.0
2026-01-06,13,27.8,208.0
2026-01-06,14,37.2,213.0
2026-01-06,15,36.9,213.0
2026-01-06,16,34.5,212.0
2026-01-06,17,35.6,214.0
2026-01-06,18,33.1,217.0
2026-01-06,19,39.0,228.0
2026-01-06,20,31.7,214.0
2026-01-06,21,31.5,211.0
2026-01-06,22,31.8,210.0
2026-01-06,23,30.3,216.0
2026-01-06,24,36.9,220.0
2026-01-07,1,41.6,225.0
2026-01-07,2,38.6,221.0
2026-01-07,3,36.3,217.0
2026-01-07,4,33.7,209.0
2026-01-07,5,31.3,206.0
2026-01-07,6,35.4,203.0
2026-01-07,7,38.0,213.0
2026-01-07,8,35.8,211.0
2026-01-07,9,33.9,210.0
2026-01-07,10,37.6,210.0
2026-01-07,11,38.9,210.0
2026-01-07,12,39.4,216.0
2026-01-07,13,47.3,217.0
2026-01-07,14,45.3,223.0
2026-01-07,15,44.3,227.0
2026-01-07,16,45.2,227.0
2026-01-07,17,41.2,221.0
2026-01-07,18,35.5,212.0
2026-01-07,19,35.7,206.0
2026-01-07,20,34.4,209.0
2026-01-07,21,34.1,206.0
2026-01-07,22,34.0,209.0
2026-01-07,23,29.5,207.0
2026-01-07,24,28.9,207.0
2026-01-08,1,27.8,210.0
2026-01-08,2,25.9,208.0
2026-01-08,3,24.1,207.0
2026-01-08,4,23.7,208.0
2026-01-08,5,27.5,208.0
2026-01-08,6,27.9,208.0
2026-01-08,7,28.9,215.0
2026-01-08,8,29.5,215.0
2026-01-08,9,29.3,218.0
2026-01-08,10,30.2,220.0
2026-01-08,11,32.8,222.0
2026-01-08,12,31.6,227.0
2026-01-08,13,12.2,253.0
2026-01-08,14,11.7,319.0
2026-01-08,15,7.3,247.0
2026-01-08,16,14.2,198.0
2026-01-08,17,11.2,229.0
2026-01-08,18,10.2,212.0
2026-01-08,19,22.2,201.0
2026-01-08,20,21.7,210.0
2026-01-08,21,28.2,207.0
2026-01-08,22,29.5,198.0
2026-01-08,23,24.8,193.0
2026-01-08,24,28.5,187.0
2026-01-09,1,30.8,190.0
2026-01-09,2,31.9,198.0
2026-01-09,3,29.9,201.0
2026-01-09,4,28.1,199.0
2026-01-09,5,29.9,198.0
2026-01-09,6,31.0,200.0
2026-01-09,7,30.0,203.0
2026-01-09,8,30.1,202.0
2026-01-09,9,31.1,200.0
2026-01-09,10,30.6,200.0
2026-01-09,11,30.4,202.0
2026-01-09,12,29.3,201.0
2026-01-09,13,26.4,206.0
2026-01-09,14,26.2,208.0
2026-01-09,15,28.0,209.0
2026-01-09,16,27.7,205.0
2026-01-09,17,25.9,202.0
2026-01-09,18,25.7,196.0
2026-01-09,19,29.1,186.0
2026-01-09,20,32.1,191.0
2026-01-09,21,33.8,203.0
2026-01-09,22,33.4,207.0
2026-01-09,23,31.9,208.0
2026-01-09,24,32.4,209.0
2026-01-10,1,30.4,207.0
2026-01-10,2,31.0,209.0
2026-01-10,3,30.0,210.0
2026-01-10,4,28.9,211.0
2026-01-10,5,27.5,209.0
2026-01-10,6,26.3,207.0
2026-01-10,7,22.9,208.0
2026-01-10,8,23.4,204.0
2026-01-10,9,22.2,206.0
2026-01-10,10,19.9,211.0
2026-01-10,11,19.1,213.0
2026-01-10,12,14.7,221.0
2026-01-10,13,16.8,210.0
2026-01-10,14,18.3,214.0
2026-01-10,15,17.4,216.0
2026-01-10,16,13.5,218.0
2026-01-10,17,9.4,215.0
2026-01-10,18,6.5,222.0
2026-01-10,19,6.9,284.0
2026-01-10,20,3.6,340.0
2026-01-10,21,9.4,43.0
2026-01-10,22,12.8,35.0
2026-01-10,23,10.1,39.0
2026-01-10,24,6.3,5.0
2026-01-11,1,5.1,17.0
2026-01-11,2,5.0,30.0
2026-01-11,3,7.5,8.0
2026-01-11,4,8.9,6.0
2026-01-11,5,6.5,23.0
2026-01-11,6,7.1,7.0
2026-01-11,7,6.8,17.0
2026-01-11,8,8.5,7.0
2026-01-11,9,13.4,355.0
2026-01-11,10,12.4,13.0
2026-01-11,11,6.2,22.0
2026-01-11,12,12.0,343.0
2026-01-11,13,6.8,349.0
2026-01-11,14,4.6,329.0
2026-01-11,15,4.3,303.0
2026-01-11,16,5.4,304.0
2026-01-11,17,3.6,300.0
2026-01-11,18,1.9,214.0
2026-01-11,19,3.6,307.0
2026-01-11,20,3.1,306.0
2026-01-11,21,10.1,63.0
2026-01-11,22,5.8,112.0
2026-01-11,23,4.1,347.0
2026-01-11,24,3.4,25.0
2026-01-12,1,5.3,332.0
2026-01-12,2,6.8,342.0
2026-01-12,3,5.0,358.0
2026-01-12,4,5.3,8.0
2026-01-12,5,3.9,28.0
2026-01-12,6,5.1,10.0
2026-01-12,7,3.6,303.0
2026-01-12,8,4.3,358.0
2026-01-12,9,5.6,25.0
2026-01-12,10,5.2,20.0
2026-01-12,11,4.5,40.0
2026-01-12,12,2.7,360.0
2026-01-12,13,5.7,307.0
2026-01-12,14,5.0,270.0
2026-01-12,15,7.3,263.0
2026-01-12,16,6.5,238.0
2026-01-12,17,7.6,239.0
2026-01-12,18,7.2,233.0
2026-01-12,19,6.7,254.0
2026-01-12,20,4.7,266.0
2026-01-12,21,6.3,3.0
2026-01-12,22,5.9,70.0
2026-01-12,23,2.3,51.0
2026-01-12,24,2.1,255.0
2026-01-13,1,5.9,325.0
2026-01-13,2,5.3,18.0
2026-01-13,3,5.5,38.0
2026-01-13,4,3.8,270.0
2026-01-13,5,6.4,310.0
2026-01-13,6,4.0,10.0
2026-01-13,7,10.0,26.0
2026-01-13,8,7.3,50.0
2026-01-13,9,3.4,43.0
2026-01-13,10,1.6,186.0
2026-01-13,11,4.0,159.0
2026-01-13,12,3.5,75.0
2026-01-13,13,1.4,67.0
2026-01-13,14,0.3,45.0
2026-01-13,15,7.9,221.0
2026-01-13,16,10.4,222.0
2026-01-13,17,11.1,230.0
2026-01-13,18,14.0,235.0
2026-01-13,19,10.6,249.0
2026-01-13,20,6.7,232.0
2026-01-13,21,6.3,195.0
2026-01-13,22,5.1,197.0
2026-01-13,23,4.6,228.0
2026-01-13,24,1.7,283.0
2026-01-14,1,2.6,56.0
2026-01-14,2,2.6,106.0
2026-01-14,3,1.0,31.0
2026-01-14,4,0.6,108.0
2026-01-14,5,0.5,45.0
2026-01-14,6,3.3,338.0
2026-01-14,7,8.1,3.0
2026-01-14,8,8.1,24.0
2026-01-14,9,9.2,20.0
2026-01-14,10,10.1,10.0
2026-01-14,11,8.0,14.0
2026-01-14,12,4.8,25.0
2026-01-14,13,5.2,344.0
2026-01-14,14,4.0,333.0
2026-01-14,15,2.0,275.0
2026-01-14,16,3.3,216.0
2026-01-14,17,4.9,208.0
2026-01-14,18,5.2,229.0
2026-01-14,19,3.6,270.0
2026-01-14,20,1.3,352.0
2026-01-14,21,2.5,30.0
2026-01-14,22,1.9,29.0
2026-01-14,23,1.8,360.0
2026-01-14,24,3.8,355.0
2026-01-15,1,2.3,342.0
2026-01-15,2,4.4,173.0
2026-01-15,3,5.4,339.0
2026-01-15,4,3.7,43.0
2026-01-15,5,4.3,68.0
2026-01-15,6,2.8,75.0
2026-01-15,7,4.2,355.0
2026-01-15,8,5.7,18.0
2026-01-15,9,3.5,102.0
2026-01-15,10,1.5,284.0
2026-01-15,11,3.2,322.0
2026-01-15,12,6.9,242.0
2026-01-15,13,5.5,247.0
2026-01-15,14,9.6,210.0
2026-01-15,15,15.8,209.0
2026-01-15,16,17.4,215.0
2026-01-15,17,19.4,216.0
2026-01-15,18,22.3,215.0
2026-01-15,19,19.7,220.0
2026-01-15,20,27.6,211.0
2026-01-15,21,30.3,211.0
2026-01-15,22,29.8,212.0
2026-01-15,23,30.2,213.0
2026-01-15,24,29.5,213.0
2026-01-16,1,27.4,215.0
2026-01-16,2,27.1,214.0
2026-01-16,3,21.9,219.0
2026-01-16,4,16.2,225.0
2026-01-16,5,8.3,236.0
2026-01-16,6,2.7,238.0
2026-01-16,7,10.0,64.0
2026-01-16,8,8.8,71.0
2026-01-16,9,11.8,67.0
2026-01-16,10,14.5,67.0
2026-01-16,11,12.8,64.0
2026-01-16,12,10.3,57.0
2026-01-16,13,11.0,50.0
2026-01-16,14,12.8,50.0
2026-01-16,15,13.0,49.0
2026-01-16,16,11.3,48.0
2026-01-16,17,10.0,52.0
2026-01-16,18,8.6,53.0
2026-01-16,19,7.5,24.0
2026-01-16,20,6.8,349.0
2026-01-16,21,5.2,12.0
2026-01-16,22,3.3,22.0
2026-01-16,23,1.2,321.0
2026-01-16,24,3.8,273.0
2026-01-17,1,4.2,40.0
2026-01-17,2,5.2,92.0
2026-01-17,3,4.9,107.0
2026-01-17,4,4.8,127.0
2026-01-17,5,4.4,148.0
2026-01-17,6,4.5,194.0
2026-01-17,7,2.8,117.0
2026-01-17,8,1.9,253.0
2026-01-17,9,1.2,297.0
2026-01-17,10,0.4,117.0
2026-01-17,11,5.0,221.0
2026-01-17,12,5.1,238.0
2026-01-17,13,7.5,237.0
2026-01-17,14,7.0,222.0
2026-01-17,15,6.5,208.0
2026-01-17,16,6.6,206.0
2026-01-17,17,5.4,195.0
2026-01-17,18,4.3,202.0
2026-01-17,19,9.6,221.0
2026-01-17,20,6.1,240.0
2026-01-17,21,1.3,56.0
2026-01-17,22,3.3,96.0
2026-01-17,23,3.0,38.0
2026-01-17,24,5.8,36.0
2026-01-18,1,5.9,27.0
2026-01-18,2,3.8,49.0
2026-01-18,3,2.3,18.0
2026-01-18,4,3.3,351.0
2026-01-18,5,5.2,340.0
2026-01-18,6,6.7,346.0
2026-01-18,7,5.6,338.0
2026-01-18,8,6.3,355.0
2026-01-18,9,6.8,3.0
2026-01-18,10,7.0,359.0
2026-01-18,11,8.2,9.0
2026-01-18,12,6.4,8.0
2026-01-18,13,4.3,358.0
2026-01-18,14,5.0,339.0
2026-01-18,15,4.4,353.0
2026-01-18,16,3.3,9.0
2026-01-18,17,1.6,27.0
2026-01-18,18,2.6,39.0
2026-01-18,19,9.9,29.0
2026-01-18,20,13.9,41.0
2026-01-18,21,9.4,54.0
2026-01-18,22,6.0,41.0
2026-01-18,23,6.3,15.0
2026-01-18,24,6.8,18.0
2026-01-19,1,11.5,39.0
2026-01-19,2,6.8,63.0
2026-01-19,3,4.1,29.0
2026-01-19,4,10.3,27.0
2026-01-19,5,9.1,58.0
2026-01-19,6,6.9,43.0
2026-01-19,7,7.8,40.0
2026-01-19,8,9.8,32.0
2026-01-19,9,6.7,20.0
2026-01-19,10,4.1,326.0
2026-01-19,11,3.3,283.0
2026-01-19,12,2.0,265.0
2026-01-19,13,4.4,263.0
2026-01-19,14,4.2,245.0
2026-01-19,15,5.6,220.0
2026-01-19,16,8.2,212.0
2026-01-19,17,9.1,207.0
2026-01-19,18,11.0,215.0
2026-01-19,19,14.0,221.0
2026-01-19,20,14.7,209.0
2026-01-19,21,13.3,199.0
2026-01-19,22,10.9,197.0
2026-01-19,23,13.9,204.0
2026-01-19,24,16.9,209.0
2026-01-20,1,16.5,205.0
2026-01-20,2,17.9,199.0
2026-01-20,3,17.9,202.0
2026-01-20,4,16.9,211.0
2026-01-20,5,16.2,215.0
2026-01-20,6,13.4,216.0
2026-01-20,7,12.6,211.0
2026-01-20,8,9.7,211.0
2026-01-20,9,9.1,210.0
2026-01-20,10,8.0,222.0
2026-01-20,11,6.0,231.0
2026-01-20,12,3.4,273.0
2026-01-20,13,8.5,222.0
2026-01-20,14,10.3,241.0
2026-01-20,15,12.6,222.0
2026-01-20,16,8.2,248.0
2026-01-20,17,9.4,218.0
2026-01-20,18,9.7,208.0
2026-01-20,19,4.8,209.0
2026-01-20,20,2.3,337.0
2026-01-20,21,10.6,34.0
2026-01-20,22,8.8,55.0
2026-01-20,23,5.5,32.0
2026-01-20,24,7.6,355.0
2026-01-21,1,6.1,360.0
2026-01-21,2,3.4,32.0
2026-01-21,3,3.6,357.0
2026-01-21,4,6.5,6.0
2026-01-21,5,4.1,77.0
2026-01-21,6,0.7,104.0
2026-01-21,7,3.9,22.0
2026-01-21,8,5.3,10.0
2026-01-21,9,4.1,13.0
2026-01-21,10,3.2,360.0
2026-01-21,11,2.1,322.0
2026-01-21,12,5.8,330.0
2026-01-21,13,5.0,334.0
2026-01-21,14,3.6,323.0
2026-01-21,15,3.1,301.0
2026-01-21,16,2.9,263.0
2026-01-21,17,3.1,263.0
2026-01-21,18,3.7,305.0
2026-01-21,19,6.2,330.0
2026-01-21,20,13.0,6.0
2026-01-21,21,11.8,24.0
2026-01-21,22,8.3,20.0
2026-01-21,23,6.9,6.0
2026-01-21,24,7.0,1.0
2026-01-22,1,5.6,360.0
2026-01-22,2,6.0,21.0
2026-01-22,3,4.8,20.0
2026-01-22,4,4.0,27.0
2026-01-22,5,3.2,52.0
2026-01-22,6,2.8,50.0
2026-01-22,7,0.8,63.0
2026-01-22,8,2.4,27.0
2026-01-22,9,5.0,2.0
2026-01-22,10,5.8,356.0
2026-01-22,11,6.1,5.0
2026-01-22,12,5.1,354.0
2026-01-22,13,4.7,342.0
2026-01-22,14,4.2,348.0
2026-01-22,15,2.3,331.0
2026-01-22,16,2.6,245.0
2026-01-22,17,4.2,234.0
2026-01-22,18,5.2,256.0
2026-01-22,19,6.7,289.0
2026-01-22,20,11.3,351.0
2026-01-22,21,13.6,18.0
2026-01-22,22,11.1,30.0
2026-01-22,23,9.3,28.0
2026-01-22,24,8.5,29.0
2026-01-23,1,7.8,44.0
2026-01-23,2,5.0,46.0
2026-01-23,3,4.2,7.0
2026-01-23,4,4.7,32.0
2026-01-23,5,4.4,60.0
2026-01-23,6,0.6,56.0
2026-01-23,7,3.9,16.0
2026-01-23,8,3.6,41.0
2026-01-23,9,2.3,72.0
2026-01-23,10,2.3,23.0
2026-01-23,11,1.5,36.0
2026-01-23,12,1.8,360.0
2026-01-23,13,2.2,360.0
2026-01-23,14,3.3,351.0
2026-01-23,15,5.2,338.0
2026-01-23,16,9.5,358.0
2026-01-23,17,11.7,13.0
2026-01-23,18,14.8,21.0
2026-01-23,19,15.4,32.0
2026-01-23,20,15.8,21.0
2026-01-23,21,30.7,43.0
2026-01-23,22,26.9,47.0
2026-01-23,23,23.2,36.0
2026-01-23,24,21.3,30.0
2026-01-24,1,19.4,33.0
2026-01-24,2,16.8,32.0
2026-01-24,3,15.6,38.0
2026-01-24,4,13.5,45.0
2026-01-24,5,13.6,32.0
2026-01-24,6,11.5,20.0
2026-01-24,7,9.4,45.0
2026-01-24,8,6.8,25.0
2026-01-24,9,5.9,18.0
2026-01-24,10,0.9,169.0
2026-01-24,11,5.1,207.0
2026-01-24,12,4.9,188.0
2026-01-24,13,6.8,192.0
2026-01-24,14,7.7,210.0
2026-01-24,15,13.4,229.0
2026-01-24,16,15.2,231.0
2026-01-24,17,15.6,232.0
2026-01-24,18,15.6,230.0
2026-01-24,19,14.6,210.0
2026-01-24,20,16.1,194.0
2026-01-24,21,16.7,187.0
2026-01-24,22,18.9,183.0
2026-01-24,23,22.2,182.0
2026-01-24,24,23.3,191.0
2026-01-25,1,20.6,200.0
2026-01-25,2,20.1,208.0
2026-01-25,3,19.8,211.0
2026-01-25,4,21.7,208.0
2026-01-25,5,23.3,207.0
2026-01-25,6,20.9,213.0
2026-01-25,7,14.3,219.0
2026-01-25,8,16.8,218.0
2026-01-25,9,15.3,230.0
2026-01-25,10,16.2,225.0
2026-01-25,11,14.2,216.0
2026-01-25,12,7.9,219.0
2026-01-25,13,5.6,220.0
2026-01-25,14,4.1,221.0
2026-01-25,15,5.9,325.0
2026-01-25,16,6.9,309.0
2026-01-25,17,3.0,213.0
2026-01-25,18,11.7,176.0
2026-01-25,19,16.7,169.0
2026-01-25,20,22.9,160.0
2026-01-25,21,18.9,164.0
2026-01-25,22,16.7,164.0
2026-01-25,23,15.5,167.0
2026-01-25,24,14.4,171.0
2026-01-26,1,14.0,164.0
2026-01-26,2,13.8,166.0
2026-01-26,3,10.7,163.0
2026-01-26,4,4.8,158.0
2026-01-26,5,1.8,127.0
2026-01-26,6,1.7,108.0
2026-01-26,7,0.9,127.0
2026-01-26,8,0.5,135.0
2026-01-26,9,0.6,162.0
2026-01-26,10,0.4,333.0
2026-01-26,11,2.0,350.0
2026-01-26,12,2.7,8.0
2026-01-26,13,6.8,335.0
2026-01-26,14,5.6,345.0
2026-01-26,15,4.2,340.0
2026-01-26,16,3.9,323.0
2026-01-26,17,2.8,305.0
2026-01-26,18,3.8,315.0
2026-01-26,19,8.1,347.0
2026-01-26,20,17.0,33.0
2026-01-26,21,15.6,38.0
2026-01-26,22,12.0,32.0
2026-01-26,23,9.0,20.0
2026-01-26,24,7.5,10.0
2026-01-27,1,8.9,347.0
2026-01-27,2,6.7,6.0
2026-01-27,3,5.4,15.0
2026-01-27,4,6.2,7.0
2026-01-27,5,9.1,17.0
2026-01-27,6,8.7,45.0
2026-01-27,7,4.4,12.0
2026-01-27,8,4.8,20.0
2026-01-27,9,5.4,30.0
2026-01-27,10,5.1,48.0
2026-01-27,11,4.7,50.0
2026-01-27,12,4.6,31.0
2026-01-27,13,4.0,350.0
2026-01-27,14,2.3,309.0
2026-01-27,15,1.6,186.0
2026-01-27,16,4.7,223.0
2026-01-27,17,6.3,231.0
2026-01-27,18,3.8,239.0
2026-01-27,19,2.6,192.0
2026-01-27,20,2.1,345.0
2026-01-27,21,7.3,28.0
2026-01-27,22,8.5,38.0
2026-01-27,23,5.6,27.0
2026-01-27,24,2.6,16.0
2026-01-28,1,1.0,22.0
2026-01-28,2,1.4,360.0
2026-01-28,3,3.1,360.0
2026-01-28,4,3.8,3.0
2026-01-28,5,6.1,341.0
2026-01-28,6,7.7,349.0
2026-01-28,7,4.5,346.0
2026-01-28,8,5.1,333.0
2026-01-28,9,6.5,336.0
2026-01-28,10,5.1,343.0
2026-01-28,11,4.0,309.0
2026-01-28,12,5.5,232.0
2026-01-28,13,12.2,217.0
2026-01-28,14,14.4,220.0
2026-01-28,15,19.0,222.0
2026-01-28,16,15.6,211.0
2026-01-28,17,16.9,216.0
2026-01-28,18,14.8,209.0
2026-01-28,19,18.4,201.0
2026-01-28,20,22.5,190.0
2026-01-28,21,22.8,192.0
2026-01-28,22,22.0,193.0
2026-01-28,23,21.9,208.0
2026-01-28,24,23.5,214.0
2026-01-29,1,24.8,216.0
2026-01-29,2,25.3,213.0
2026-01-29,3,22.9,212.0
2026-01-29,4,19.1,208.0
2026-01-29,5,19.4,209.0
2026-01-29,6,20.5,212.0
2026-01-29,7,19.5,215.0
2026-01-29,8,19.4,215.0
2026-01-29,9,15.7,223.0
2026-01-29,10,11.8,224.0
2026-01-29,11,9.5,226.0
2026-01-29,12,11.0,204.0
2026-01-29,13,14.3,209.0
2026-01-29,14,15.4,217.0
2026-01-29,15,16.8,224.0
2026-01-29,16,18.3,225.0
2026-01-29,17,18.2,227.0
2026-01-29,18,12.2,233.0
2026-01-29,19,10.2,293.0
2026-01-29,20,9.9,5.0
2026-01-29,21,15.0,34.0
2026-01-29,22,10.6,21.0
2026-01-29,23,7.9,39.0
2026-01-29,24,4.1,41.0
2026-01-30,1,5.2,27.0
2026-01-30,2,4.1,75.0
2026-01-30,3,1.2,141.0
2026-01-30,4,2.7,332.0
2026-01-30,5,2.6,12.0
2026-01-30,6,4.2,59.0
2026-01-30,7,2.7,323.0
2026-01-30,8,1.8,66.0
2026-01-30,9,0.9,360.0
2026-01-30,10,2.7,94.0
2026-01-30,11,2.2,346.0
2026-01-30,12,3.9,22.0
2026-01-30,13,5.5,319.0
2026-01-30,14,3.1,320.0
2026-01-30,15,2.9,274.0
2026-01-30,16,4.4,249.0
2026-01-30,17,3.8,221.0
2026-01-30,18,3.5,215.0
2026-01-30,19,5.5,232.0
2026-01-30,20,1.1,261.0
2026-01-30,21,2.8,45.0
2026-01-30,22,1.6,84.0
2026-01-30,23,2.3,203.0
2026-01-30,24,4.0,297.0
2026-01-31,1,3.0,303.0
2026-01-31,2,2.7,200.0
2026-01-31,3,2.6,282.0
2026-01-31,4,2.7,278.0
2026-01-31,5,3.9,326.0
2026-01-31,6,2.7,62.0
2026-01-31,7,4.4,210.0
2026-01-31,8,8.4,211.0
2026-01-31,9,5.1,219.0
2026-01-31,10,2.8,230.0
2026-01-31,11,4.9,350.0
2026-01-31,12,6.2,52.0
2026-01-31,13,1.9,29.0
2026-01-31,14,0.6,342.0
2026-01-31,15,6.7,234.0
2026-01-31,16,11.9,235.0
2026-01-31,17,7.3,234.0
2026-01-31,18,4.1,214.0
2026-01-31,19,2.2,246.0
2026-01-31,20,4.8,34.0
2026-01-31,21,6.9,53.0
2026-01-31,22,2.7,58.0
2026-01-31,23,2.7,42.0
2026-01-31,24,3.4,354.0
2026-02-01,1,5.6,353.0
2026-02-01,2,7.0,10.0
2026-02-01,3,6.2,12.0
2026-02-01,4,5.1,10.0
2026-02-01,5,4.1,337.0
2026-02-01,6,4.2,320.0
2026-02-01,7,4.2,329.0
2026-02-01,8,3.6,340.0
2026-02-01,9,2.0,360.0
2026-02-01,10,2.9,7.0
2026-02-01,11,4.0,357.0
2026-02-01,12,6.2,350.0
2026-02-01,13,7.0,339.0
2026-02-01,14,4.1,326.0
2026-02-01,15,7.5,303.0
2026-02-01,16,3.8,281.0
2026-02-01,17,5.4,274.0
2026-02-01,18,9.1,284.0
2026-02-01,19,11.5,203.0
2026-02-01,20,16.7,199.0
2026-02-01,21,13.9,209.0
2026-02-01,22,8.0,254.0
2026-02-01,23,10.9,214.0
2026-02-01,24,18.7,214.0
2026-02-02,1,20.5,223.0
2026-02-02,2,23.7,213.0
2026-02-02,3,27.5,206.0
2026-02-02,4,29.2,202.0
2026-02-02,5,27.7,203.0
2026-02-02,6,27.3,203.0
2026-02-02,7,21.8,211.0
2026-02-02,8,20.4,209.0
2026-02-02,9,19.9,204.0
2026-02-02,10,18.4,209.0
2026-02-02,11,15.3,221.0
2026-02-02,12,11.5,214.0
2026-02-02,13,15.8,206.0
2026-02-02,14,16.3,221.0
2026-02-02,15,15.3,223.0
2026-02-02,16,14.7,221.0
2026-02-02,17,16.8,215.0
2026-02-02,18,17.0,214.0
2026-02-02,19,19.9,207.0
2026-02-02,20,24.4,201.0
2026-02-02,21,24.7,200.0
2026-02-02,22,24.0,195.0
2026-02-02,23,25.6,201.0
2026-02-02,24,25.4,205.0
2026-02-03,1,26.7,213.0
2026-02-03,2,30.0,214.0
2026-02-03,3,30.8,211.0
2026-02-03,4,29.2,208.0
2026-02-03,5,26.5,205.0
2026-02-03,6,25.5,208.0
2026-02-03,7,25.1,212.0
2026-02-03,8,24.7,212.0
2026-02-03,9,21.2,210.0
2026-02-03,10,18.2,208.0
2026-02-03,11,15.2,207.0
2026-02-03,12,12.2,211.0
2026-02-03,13,13.5,209.0
2026-02-03,14,12.4,213.0
2026-02-03,15,13.7,219.0
2026-02-03,16,12.5,217.0
2026-02-03,17,10.9,207.0
2026-02-03,18,12.5,205.0
2026-02-03,19,14.9,197.0
2026-02-03,20,16.1,200.0
2026-02-03,21,11.2,215.0
2026-02-03,22,6.4,188.0
2026-02-03,23,6.0,177.0
2026-02-03,24,3.4,180.0
2026-02-04,1,3.1,170.0
2026-02-04,2,4.3,165.0
2026-02-04,3,2.8,169.0
2026-02-04,4,0.3,225.0
2026-02-04,5,1.3,45.0
2026-02-04,6,1.6,333.0
2026-02-04,7,1.3,326.0
2026-02-04,8,3.1,50.0
2026-02-04,9,3.3,22.0
2026-02-04,10,4.8,345.0
2026-02-04,11,5.1,350.0
2026-02-04,12,6.7,360.0
2026-02-04,13,3.1,339.0
2026-02-04,14,1.7,347.0
2026-02-04,15,1.2,219.0
2026-02-04,16,3.5,215.0
2026-02-04,17,3.3,186.0
2026-02-04,18,4.5,185.0
2026-02-04,19,5.4,217.0
2026-02-04,20,4.9,354.0
2026-02-04,21,8.1,45.0
2026-02-04,22,8.0,62.0
2026-02-04,23,7.1,52.0
2026-02-04,24,7.9,47.0
2026-02-05,1,8.4,35.0
2026-02-05,2,7.4,45.0
2026-02-05,3,6.9,33.0
2026-02-05,4,4.8,59.0
2026-02-05,5,2.8,63.0
2026-02-05,6,7.2,32.0
2026-02-05,7,7.7,30.0
2026-02-05,8,8.5,46.0
2026-02-05,9,9.9,38.0
2026-02-05,10,13.7,35.0
2026-02-05,11,12.9,37.0
2026-02-05,12,10.4,28.0
2026-02-05,13,7.9,17.0
2026-02-05,14,9.4,26.0
2026-02-05,15,7.4,29.0
2026-02-05,16,4.4,21.0
2026-02-05,17,5.2,31.0
2026-02-05,18,5.2,27.0
2026-02-05,19,7.4,64.0
2026-02-05,20,10.3,55.0
2026-02-05,21,14.7,48.0
2026-02-05,22,17.8,55.0
2026-02-05,23,16.1,59.0
2026-02-05,24,3.9,62.0
2026-02-06,1,2.0,350.0
2026-02-06,2,4.0,355.0
2026-02-06,3,9.1,17.0
2026-02-06,4,10.1,29.0
2026-02-06,5,5.6,40.0
2026-02-06,6,2.4,9.0
2026-02-06,7,4.1,360.0
2026-02-06,8,4.0,3.0
2026-02-06,9,5.4,310.0
2026-02-06,10,7.5,325.0
2026-02-06,11,8.6,345.0
2026-02-06,12,6.4,338.0
2026-02-06,13,7.7,342.0
2026-02-06,14,6.0,335.0
2026-02-06,15,5.2,311.0
2026-02-06,16,6.1,289.0
2026-02-06,17,8.1,274.0
2026-02-06,18,8.0,265.0
2026-02-06,19,9.4,218.0
2026-02-06,20,11.8,201.0
2026-02-06,21,13.9,205.0
2026-02-06,22,14.8,186.0
2026-02-06,23,10.4,190.0
2026-02-06,24,7.6,218.0
2026-02-07,1,6.8,205.0
2026-02-07,2,5.0,215.0
2026-02-07,3,6.2,224.0
2026-02-07,4,9.7,198.0
2026-02-07,5,10.6,212.0
2026-02-07,6,8.3,237.0
2026-02-07,7,13.5,223.0
2026-02-07,8,15.2,217.0
2026-02-07,9,18.6,214.0
2026-02-07,10,20.2,219.0
2026-02-07,11,16.7,225.0
2026-02-07,12,16.0,214.0
2026-02-07,13,19.0,213.0
2026-02-07,14,21.2,222.0
2026-02-07,15,20.4,224.0
2026-02-07,16,20.6,219.0
2026-02-07,17,22.5,214.0
2026-02-07,18,22.7,211.0
2026-02-07,19,25.0,210.0
2026-02-07,20,24.7,201.0
2026-02-07,21,29.7,201.0
2026-02-07,22,32.7,205.0
2026-02-07,23,32.7,200.0
2026-02-07,24,34.3,207.0
2026-02-08,1,34.8,210.0
2026-02-08,2,31.8,209.0
2026-02-08,3,31.3,210.0
2026-02-08,4,30.8,208.0
2026-02-08,5,28.6,214.0
2026-02-08,6,26.6,207.0
2026-02-08,7,23.3,208.0
2026-02-08,8,22.9,202.0
2026-02-08,9,23.0,207.0
2026-02-08,10,19.6,206.0
2026-02-08,11,17.2,207.0
2026-02-08,12,17.0,198.0
2026-02-08,13,14.7,198.0
2026-02-08,14,16.9,195.0
2026-02-08,15,23.9,201.0
2026-02-08,16,30.3,209.0
2026-02-08,17,32.5,205.0
2026-02-08,18,36.3,199.0
2026-02-08,19,32.3,190.0
2026-02-08,20,32.4,182.0
2026-02-08,21,29.4,183.0
2026-02-08,22,30.8,182.0
2026-02-08,23,29.0,177.0
2026-02-08,24,24.7,181.0
2026-02-09,1,22.1,187.0
2026-02-09,2,22.2,191.0
2026-02-09,3,20.8,192.0
2026-02-09,4,19.3,230.0
2026-02-09,5,27.9,218.0
2026-02-09,6,50.8,226.0
2026-02-09,7,53.6,232.0
2026-02-09,8,50.4,218.0
2026-02-09,9,52.9,215.0
2026-02-09,10,51.6,218.0
2026-02-09,11,49.5,220.0
2026-02-09,12,51.3,223.0
2026-02-09,13,49.0,225.0
2026-02-09,14,45.3,227.0
2026-02-09,15,40.4,228.0
2026-02-09,16,37.7,239.0
2026-02-09,17,33.6,247.0
2026-02-09,18,33.9,247.0
2026-02-09,19,31.3,240.0
2026-02-09,20,36.5,225.0
2026-02-09,21,32.6,215.0
2026-02-09,22,34.2,218.0
2026-02-09,23,31.5,210.0
2026-02-09,24,30.6,207.0
2026-02-10,1,27.2,205.0
2026-02-10,2,24.4,198.0
2026-02-10,3,20.9,193.0
2026-02-10,4,20.4,199.0
2026-02-10,5,11.7,184.0
2026-02-10,6,6.2,172.0
2026-02-10,7,7.7,156.0
2026-02-10,8,4.1,124.0
2026-02-10,9,4.6,54.0
2026-02-10,10,6.8,32.0
2026-02-10,11,8.6,37.0
2026-02-10,12,10.8,24.0
2026-02-10,13,11.4,24.0
2026-02-10,14,11.0,25.0
2026-02-10,15,9.9,19.0
2026-02-10,16,10.1,19.0
2026-02-10,17,12.0,22.0
2026-02-10,18,13.8,20.0
2026-02-10,19,18.6,16.0
2026-02-10,20,20.7,25.0
2026-02-10,21,19.5,38.0
2026-02-10,22,21.0,45.0
2026-02-10,23,16.2,40.0
2026-02-10,24,10.2,56.0
2026-02-11,1,7.6,89.0
2026-02-11,2,7.1,106.0
2026-02-11,3,4.4,122.0
2026-02-11,4,2.0,95.0
2026-02-11,5,3.7,101.0
2026-02-11,6,4.8,121.0
2026-02-11,7,6.4,142.0
2026-02-11,8,3.5,24.0
2026-02-11,9,7.4,13.0
2026-02-11,10,7.9,12.0
2026-02-11,11,8.5,13.0
2026-02-11,12,11.4,3.0
2026-02-11,13,8.5,18.0
2026-02-11,14,8.8,9.0
2026-02-11,15,6.6,21.0
2026-02-11,16,3.9,24.0
2026-02-11,17,4.6,18.0
2026-02-11,18,5.4,20.0
2026-02-11,19,2.1,38.0
2026-02-11,20,7.2,78.0
2026-02-11,21,6.6,57.0
2026-02-11,22,11.0,14.0
2026-02-11,23,12.4,22.0
2026-02-11,24,10.7,37.0
2026-02-12,1,10.8,37.0
2026-02-12,2,12.8,39.0
2026-02-12,3,10.7,57.0
2026-02-12,4,9.7,29.0
2026-02-12,5,11.0,11.0
2026-02-12,6,10.3,11.0
2026-02-12,7,8.5,12.0
2026-02-12,8,8.1,35.0
2026-02-12,9,3.3,96.0
2026-02-12,10,2.9,187.0
2026-02-12,11,2.2,275.0
2026-02-12,12,1.5,291.0
2026-02-12,13,3.3,216.0
2026-02-12,14,4.9,234.0
2026-02-12,15,8.7,225.0
2026-02-12,16,10.1,213.0
2026-02-12,17,7.3,213.0
2026-02-12,18,6.6,217.0
2026-02-12,19,12.7,203.0
2026-02-12,20,11.8,204.0
2026-02-12,21,11.2,191.0
2026-02-12,22,12.2,193.0
2026-02-12,23,9.3,207.0
2026-02-12,24,7.9,215.0
2026-02-13,1,9.0,215.0
2026-02-13,2,12.0,219.0
2026-02-13,3,13.6,229.0
2026-02-13,4,13.6,220.0
2026-02-13,5,15.4,199.0
2026-02-13,6,14.7,202.0
2026-02-13,7,13.3,216.0
2026-02-13,8,13.0,225.0
2026-02-13,9,11.8,219.0
2026-02-13,10,13.0,206.0
2026-02-13,11,18.0,207.0
2026-02-13,12,15.1,208.0
2026-02-13,13,15.5,222.0
2026-02-13,14,16.5,229.0
2026-02-13,15,15.8,227.0
2026-02-13,16,14.9,228.0
2026-02-13,17,13.5,229.0
2026-02-13,18,13.3,222.0
2026-02-13,19,13.5,217.0
2026-02-13,20,13.1,222.0
2026-02-13,21,13.1,222.0
2026-02-13,22,12.4,222.0
2026-02-13,23,7.0,224.0
2026-02-13,24,6.1,152.0
2026-02-14,1,8.7,166.0
2026-02-14,2,10.0,152.0
2026-02-14,3,8.0,146.0
2026-02-14,4,9.0,134.0
2026-02-14,5,10.1,139.0
2026-02-14,6,6.9,141.0
2026-02-14,7,7.1,150.0
2026-02-14,8,3.9,158.0
2026-02-14,9,3.3,131.0
2026-02-14,10,4.1,142.0
2026-02-14,11,3.1,156.0
2026-02-14,12,2.7,298.0
2026-02-14,13,4.7,238.0
2026-02-14,14,6.9,221.0
2026-02-14,15,11.8,216.0
2026-02-14,16,14.8,212.0
2026-02-14,17,17.1,198.0
2026-02-14,18,16.4,188.0
2026-02-14,19,14.5,197.0
2026-02-14,20,9.3,202.0
2026-02-14,21,7.6,146.0
2026-02-14,22,14.2,150.0
2026-02-14,23,16.8,161.0
2026-02-14,24,13.1,157.0
2026-02-15,1,10.4,159.0
2026-02-15,2,6.3,149.0
2026-02-15,3,3.4,162.0
2026-02-15,4,2.4,197.0
2026-02-15,5,1.6,174.0
2026-02-15,6,2.4,153.0
2026-02-15,7,4.4,161.0
2026-02-15,8,6.2,170.0
2026-02-15,9,3.6,174.0
2026-02-15,10,3.3,174.0
2026-02-15,11,3.4,180.0
2026-02-15,12,4.4,207.0
2026-02-15,13,6.2,221.0
2026-02-15,14,14.9,214.0
2026-02-15,15,18.6,215.0
2026-02-15,16,20.0,214.0
2026-02-15,17,22.6,214.0
2026-02-15,18,23.4,211.0
2026-02-15,19,23.2,200.0
2026-02-15,20,30.0,185.0
2026-02-15,21,27.9,177.0
2026-02-15,22,24.1,186.0
2026-02-15,23,16.8,203.0
2026-02-15,24,15.0,210.0
2026-02-16,1,16.3,202.0
2026-02-16,2,15.2,193.0
2026-02-16,3,13.7,182.0
2026-02-16,4,12.7,164.0
2026-02-16,5,12.0,154.0
2026-02-16,6,12.5,152.0
2026-02-16,7,15.3,152.0
2026-02-16,8,13.3,161.0
2026-02-16,9,11.6,167.0
2026-02-16,10,10.2,173.0
2026-02-16,11,10.3,165.0
2026-02-16,12,9.8,173.0
2026-02-16,13,20.2,172.0
2026-02-16,14,34.9,182.0
2026-02-16,15,32.1,178.0
2026-02-16,16,29.7,178.0
2026-02-16,17,32.9,185.0
2026-02-16,18,28.8,183.0
2026-02-16,19,24.7,179.0
2026-02-16,20,25.8,166.0
2026-02-16,21,28.1,150.0
2026-02-16,22,37.4,151.0
2026-02-16,23,43.7,148.0
2026-02-16,24,38.9,161.0
2026-02-17,1,39.4,169.0
2026-02-17,2,34.6,168.0
2026-02-17,3,35.5,161.0
2026-02-17,4,34.4,175.0
2026-02-17,5,36.7,180.0
2026-02-17,6,50.6,198.0
2026-02-17,7,40.6,217.0
2026-02-17,8,48.8,216.0
2026-02-17,9,57.7,218.0
2026-02-17,10,57.2,220.0
2026-02-17,11,54.4,217.0
2026-02-17,12,48.6,215.0
2026-02-17,13,45.5,217.0
2026-02-17,14,44.4,225.0
2026-02-17,15,36.9,227.0
2026-02-17,16,34.1,232.0
2026-02-17,17,29.5,224.0
2026-02-17,18,29.7,231.0
2026-02-17,19,15.5,219.0
2026-02-17,20,17.5,163.0
2026-02-17,21,28.9,157.0
2026-02-17,22,25.5,156.0
2026-02-17,23,25.2,149.0
2026-02-17,24,35.1,165.0
2026-02-18,1,24.4,165.0
2026-02-18,2,15.2,140.0
2026-02-18,3,17.4,164.0
2026-02-18,4,21.1,128.0
2026-02-18,5,24.1,139.0
2026-02-18,6,21.8,136.0
2026-02-18,7,10.6,94.0
2026-02-18,8,2.9,97.0
2026-02-18,9,6.8,140.0
2026-02-18,10,9.5,182.0
2026-02-18,11,15.3,231.0
2026-02-18,12,19.9,229.0
2026-02-18,13,27.0,235.0
2026-02-18,14,37.3,230.0
2026-02-18,15,35.8,224.0
2026-02-18,16,41.1,226.0
2026-02-18,17,40.9,220.0
2026-02-18,18,39.7,215.0
2026-02-18,19,41.4,219.0
2026-02-18,20,41.1,215.0
2026-02-18,21,40.7,211.0
2026-02-18,22,43.8,208.0
2026-02-18,23,44.4,210.0
2026-02-18,24,42.7,211.0
2026-02-19,1,38.3,211.0
2026-02-19,2,37.1,210.0
2026-02-19,3,38.1,211.0
2026-02-19,4,35.9,210.0
2026-02-19,5,33.9,212.0
2026-02-19,6,31.3,209.0
2026-02-19,7,29.5,216.0
2026-02-19,8,28.4,217.0
2026-02-19,9,29.0,213.0
2026-02-19,10,27.9,214.0
2026-02-19,11,26.9,216.0
2026-02-19,12,28.1,224.0
2026-02-19,13,27.0,227.0
2026-02-19,14,23.0,225.0
2026-02-19,15,20.9,221.0
2026-02-19,16,20.0,218.0
2026-02-19,17,18.7,219.0
2026-02-19,18,16.0,214.0
2026-02-19,19,12.1,198.0
2026-02-19,20,11.6,174.0
2026-02-19,21,9.7,170.0
2026-02-19,22,12.6,149.0
2026-02-19,23,14.8,141.0
2026-02-19,24,12.0,135.0
2026-02-20,1,4.2,78.0
2026-02-20,2,5.9,40.0
2026-02-20,3,6.5,24.0
2026-02-20,4,6.4,16.0
2026-02-20,5,10.4,360.0
2026-02-20,6,11.6,7.0
2026-02-20,7,9.7,35.0
2026-02-20,8,7.7,33.0
2026-02-20,9,6.0,3.0
2026-02-20,10,2.2,5.0
2026-02-20,11,3.8,301.0
2026-02-20,12,5.8,272.0
2026-02-20,13,7.5,237.0
2026-02-20,14,11.8,223.0
2026-02-20,15,21.5,242.0
2026-02-20,16,23.4,245.0
2026-02-20,17,26.2,249.0
2026-02-20,18,28.8,250.0
2026-02-20,19,27.4,252.0
2026-02-20,20,27.2,234.0
2026-02-20,21,28.4,226.0
2026-02-20,22,29.2,210.0
2026-02-20,23,30.1,214.0
2026-02-20,24,28.8,206.0
2026-02-21,1,27.3,202.0
2026-02-21,2,26.8,201.0
2026-02-21,3,25.4,204.0
2026-02-21,4,23.1,208.0
2026-02-21,5,17.1,201.0
2026-02-21,6,12.7,191.0
2026-02-21,7,7.4,181.0
2026-02-21,8,4.7,173.0
2026-02-21,9,2.0,170.0
2026-02-21,10,2.5,150.0
2026-02-21,11,1.2,141.0
2026-02-21,12,0.9,281.0
2026-02-21,13,8.8,215.0
2026-02-21,14,15.8,209.0
2026-02-21,15,14.5,202.0
2026-02-21,16,12.0,197.0
2026-02-21,17,11.3,182.0
2026-02-21,18,12.3,172.0
2026-02-21,19,9.4,168.0
2026-02-21,20,2.9,97.0
2026-02-21,21,11.6,28.0
2026-02-21,22,9.6,28.0
2026-02-21,23,9.5,21.0
2026-02-21,24,8.9,28.0
2026-02-22,1,7.8,34.0
2026-02-22,2,9.8,32.0
2026-02-22,3,9.9,21.0
2026-02-22,4,9.9,21.0
2026-02-22,5,6.8,25.0
2026-02-22,6,3.7,51.0
2026-02-22,7,1.9,146.0
2026-02-22,8,0.2,360.0
2026-02-22,9,3.2,3.0
2026-02-22,10,2.8,27.0
2026-02-22,11,2.3,29.0
2026-02-22,12,7.6,329.0
2026-02-22,13,6.1,300.0
2026-02-22,14,7.4,241.0
2026-02-22,15,11.0,218.0
2026-02-22,16,14.0,209.0
2026-02-22,17,14.7,203.0
2026-02-22,18,13.0,202.0
2026-02-22,19,15.1,220.0
2026-02-22,20,13.9,217.0
2026-02-22,21,8.8,178.0
2026-02-22,22,7.6,155.0
2026-02-22,23,3.9,133.0
2026-02-22,24,1.7,58.0
2026-02-23,1,2.3,29.0
2026-02-23,2,1.5,83.0
2026-02-23,3,1.2,51.0
2026-02-23,4,1.4,360.0
2026-02-23,5,2.4,343.0
2026-02-23,6,3.1,339.0
2026-02-23,7,0.9,281.0
2026-02-23,8,1.5,291.0
2026-02-23,9,4.7,351.0
2026-02-23,10,3.3,347.0
2026-02-23,11,2.6,326.0
2026-02-23,12,9.8,332.0
2026-02-23,13,8.8,290.0
2026-02-23,14,11.7,245.0
2026-02-23,15,16.8,225.0
2026-02-23,16,20.1,217.0
2026-02-23,17,23.6,214.0
2026-02-23,18,27.4,213.0
2026-02-23,19,26.3,211.0
2026-02-23,20,27.5,189.0
2026-02-23,21,27.5,196.0
2026-02-23,22,27.5,198.0
2026-02-23,23,26.2,205.0
2026-02-23,24,22.7,211.0
2026-02-24,1,26.4,212.0
2026-02-24,2,29.9,218.0
2026-02-24,3,30.6,214.0
2026-02-24,4,29.6,212.0
2026-02-24,5,27.1,219.0
2026-02-24,6,24.3,214.0
2026-02-24,7,18.4,217.0
2026-02-24,8,20.3,213.0
2026-02-24,9,25.9,205.0
2026-02-24,10,37.2,209.0
2026-02-24,11,41.7,218.0
2026-02-24,12,42.2,218.0
2026-02-24,13,39.5,213.0
2026-02-24,14,41.8,214.0
2026-02-24,15,43.0,219.0
2026-02-24,16,40.4,217.0
2026-02-24,17,40.3,216.0
2026-02-24,18,41.0,214.0
2026-02-24,19,42.6,217.0
2026-02-24,20,45.2,216.0
2026-02-24,21,46.7,213.0
2026-02-24,22,48.5,215.0
2026-02-24,23,47.1,216.0
2026-02-24,24,41.7,217.0
2026-02-25,1,42.9,215.0
2026-02-25,2,46.6,217.0
2026-02-25,3,48.5,215.0
2026-02-25,4,47.4,214.0
2026-02-25,5,44.2,216.0
2026-02-25,6,41.3,218.0
2026-02-25,7,44.5,218.0
2026-02-25,8,42.4,220.0
2026-02-25,9,45.7,225.0
2026-02-25,10,47.1,225.0
2026-02-25,11,47.1,229.0
2026-02-25,12,49.1,233.0
2026-02-25,13,47.1,240.0
2026-02-25,14,44.6,246.0
2026-02-25,15,46.0,250.0
2026-02-25,16,47.7,256.0
2026-02-25,17,46.9,253.0
2026-02-25,18,42.3,245.0
2026-02-25,19,41.5,238.0
2026-02-25,20,42.5,237.0
2026-02-25,21,41.3,229.0
2026-02-25,22,38.5,216.0
2026-02-25,23,37.2,213.0
2026-02-25,24,38.1,209.0
2026-02-26,1,39.2,212.0
2026-02-26,2,38.4,215.0
2026-02-26,3,34.8,213.0
2026-02-26,4,32.1,207.0
2026-02-26,5,33.5,202.0
2026-02-26,6,32.9,202.0
2026-02-26,7,31.1,199.0
2026-02-26,8,31.2,201.0
2026-02-26,9,31.6,203.0
2026-02-26,10,32.9,205.0
2026-02-26,11,31.0,206.0
2026-02-26,12,32.3,210.0
2026-02-26,13,34.0,214.0
2026-02-26,14,36.7,218.0
2026-02-26,15,37.3,224.0
2026-02-26,16,37.3,226.0
2026-02-26,17,35.8,224.0
2026-02-26,18,35.3,223.0
2026-02-26,19,35.8,224.0
2026-02-26,20,33.8,219.0
2026-02-26,21,31.9,212.0
2026-02-26,22,33.2,207.0
2026-02-26,23,36.1,206.0
2026-02-26,24,36.8,205.0
2026-02-27,1,37.9,210.0
2026-02-27,2,38.4,213.0
2026-02-27,3,39.2,212.0
2026-02-27,4,39.7,214.0
2026-02-27,5,37.5,214.0
2026-02-27,6,35.8,213.0
2026-02-27,7,33.6,215.0
2026-02-27,8,32.1,212.0
2026-02-27,9,31.8,214.0
2026-02-27,10,31.6,213.0
2026-02-27,11,32.7,214.0
2026-02-27,12,33.6,216.0
2026-02-27,13,33.5,218.0
2026-02-27,14,34.8,222.0
2026-02-27,15,36.0,228.0
2026-02-27,16,37.2,230.0
2026-02-27,17,37.6,228.0
2026-02-27,18,38.6,226.0
2026-02-27,19,38.0,228.0
2026-02-27,20,37.8,224.0
2026-02-27,21,38.3,216.0
2026-02-27,22,38.4,211.0
2026-02-27,23,37.8,208.0
2026-02-27,24,40.5,207.0
2026-02-28,1,41.3,209.0
2026-02-28,2,39.5,207.0
2026-02-28,3,37.5,204.0
2026-02-28,4,38.8,202.0
2026-02-28,5,37.0,203.0
2026-02-28,6,36.8,204.0
2026-02-28,7,36.4,207.0
2026-02-28,8,33.2,210.0
2026-02-28,9,28.4,213.0
2026-02-28,10,22.6,214.0
2026-02-28,11,18.4,217.0
2026-02-28,12,11.6,229.0
2026-02-28,13,18.1,223.0
2026-02-28,14,19.5,225.0
2026-02-28,15,20.6,228.0
2026-02-28,16,20.5,228.0
2026-02-28,17,17.3,228.0
2026-02-28,18,18.2,226.0
2026-02-28,19,19.4,220.0
2026-02-28,20,17.7,209.0
2026-02-28,21,16.2,210.0
2026-02-28,22,12.0,216.0
2026-02-28,23,5.2,221.0
2026-02-28,24,3.0,284.0
2026-03-01,1,4.4,305.0
2026-03-01,2,3.2,322.0
2026-03-01,3,1.8,174.0
2026-03-01,4,4.8,165.0
2026-03-01,5,5.6,195.0
2026-03-01,6,7.7,219.0
2026-03-01,7,6.6,233.0
2026-03-01,8,3.6,276.0
2026-03-01,9,2.3,309.0
2026-03-01,10,0.6,252.0
2026-03-01,11,4.2,245.0
2026-03-01,12,7.6,205.0
2026-03-01,13,14.3,190.0
2026-03-01,14,12.6,190.0
2026-03-01,15,6.9,175.0
2026-03-01,16,5.1,107.0
2026-03-01,17,10.9,82.0
2026-03-01,18,10.3,93.0
2026-03-01,19,3.6,84.0
2026-03-01,20,3.6,60.0
2026-03-01,21,4.0,54.0
2026-03-01,22,5.2,59.0
2026-03-01,23,5.0,64.0
2026-03-01,24,5.6,57.0
2026-03-02,1,6.1,71.0
2026-03-02,2,3.0,57.0
2026-03-02,3,1.0,59.0
2026-03-02,4,0.6,198.0
2026-03-02,5,1.5,256.0
2026-03-02,6,1.7,221.0
2026-03-02,7,1.9,151.0
2026-03-02,8,5.2,136.0
2026-03-02,9,4.1,182.0
2026-03-02,10,5.9,220.0
2026-03-02,11,1.2,309.0
2026-03-02,12,0.9,169.0
2026-03-02,13,1.6,186.0
2026-03-02,14,6.2,287.0
2026-03-02,15,9.7,274.0
2026-03-02,16,9.5,251.0
2026-03-02,17,9.4,246.0
2026-03-02,18,10.9,253.0
2026-03-02,19,11.5,245.0
2026-03-02,20,16.7,233.0
2026-03-02,21,21.8,224.0
2026-03-02,22,23.2,222.0
2026-03-02,23,22.0,212.0
2026-03-02,24,24.7,205.0
2026-03-03,1,27.7,199.0
2026-03-03,2,27.0,209.0
2026-03-03,3,26.2,208.0
2026-03-03,4,25.7,206.0
2026-03-03,5,26.0,208.0
2026-03-03,6,24.3,212.0
2026-03-03,7,21.1,211.0
2026-03-03,8,18.8,214.0
2026-03-03,9,17.0,216.0
2026-03-03,10,15.7,217.0
2026-03-03,11,15.3,216.0
2026-03-03,12,14.4,208.0
2026-03-03,13,13.4,202.0
2026-03-03,14,10.2,238.0
2026-03-03,15,9.3,251.0
2026-03-03,16,9.8,257.0
2026-03-03,17,8.8,258.0
2026-03-03,18,7.3,253.0
2026-03-03,19,8.4,215.0
2026-03-03,20,10.6,204.0
2026-03-03,21,15.5,183.0
2026-03-03,22,19.0,173.0
2026-03-03,23,19.4,159.0
2026-03-03,24,15.7,160.0
2026-03-04,1,17.1,156.0
2026-03-04,2,17.7,163.0
2026-03-04,3,18.2,160.0
2026-03-04,4,16.6,160.0
2026-03-04,5,10.7,167.0
2026-03-04,6,5.5,171.0
2026-03-04,7,0.8,135.0
2026-03-04,8,2.5,159.0
2026-03-04,9,5.4,150.0
2026-03-04,10,8.6,143.0
2026-03-04,11,7.4,148.0
2026-03-04,12,3.0,308.0
2026-03-04,13,8.5,212.0
2026-03-04,14,19.3,194.0
2026-03-04,15,21.1,193.0
2026-03-04,16,21.8,197.0
2026-03-04,17,22.4,200.0
2026-03-04,18,21.1,197.0
2026-03-04,19,20.8,184.0
2026-03-04,20,18.9,178.0
2026-03-04,21,19.2,173.0
2026-03-04,22,38.2,235.0
2026-03-04,23,37.8,207.0
2026-03-04,24,40.8,206.0
2026-03-05,1,43.8,211.0
2026-03-05,2,39.9,211.0
2026-03-05,3,41.7,208.0
2026-03-05,4,44.9,207.0
2026-03-05,5,45.0,202.0
2026-03-05,6,44.2,208.0
2026-03-05,7,40.6,207.0
2026-03-05,8,38.9,207.0
2026-03-05,9,39.0,206.0
2026-03-05,10,37.7,211.0
2026-03-05,11,39.9,213.0
2026-03-05,12,42.1,218.0
2026-03-05,13,38.0,220.0
2026-03-05,14,38.3,217.0
2026-03-05,15,35.2,210.0
2026-03-05,16,25.0,224.0
2026-03-05,17,22.7,226.0
2026-03-05,18,24.0,229.0
2026-03-05,19,15.9,233.0
2026-03-05,20,22.2,219.0
2026-03-05,21,28.2,199.0
2026-03-05,22,26.3,207.0
2026-03-05,23,17.4,229.0
2026-03-05,24,11.2,246.0
2026-03-06,1,9.2,349.0
2026-03-06,2,9.7,349.0
2026-03-06,3,8.2,337.0
2026-03-06,4,7.1,333.0
2026-03-06,5,8.2,345.0
2026-03-06,6,12.3,337.0
2026-03-06,7,21.3,342.0
2026-03-06,8,24.9,340.0
2026-03-06,9,26.8,342.0
2026-03-06,10,23.4,346.0
2026-03-06,11,15.4,339.0
2026-03-06,12,9.7,318.0
2026-03-06,13,16.9,338.0
2026-03-06,14,17.9,342.0
2026-03-06,15,20.1,344.0
2026-03-06,16,22.3,343.0
2026-03-06,17,21.1,331.0
2026-03-06,18,17.9,321.0
2026-03-06,19,16.6,334.0
2026-03-06,20,10.4,318.0
2026-03-06,21,13.4,4.0
2026-03-06,22,16.1,53.0
2026-03-06,23,12.5,85.0
2026-03-06,24,10.4,135.0
2026-03-07,1,10.4,171.0
2026-03-07,2,18.0,199.0
2026-03-07,3,26.8,206.0
2026-03-07,4,28.9,205.0
2026-03-07,5,30.4,204.0
2026-03-07,6,31.9,201.0
2026-03-07,7,31.3,199.0
2026-03-07,8,31.3,205.0
2026-03-07,9,28.3,207.0
2026-03-07,10,27.1,206.0
2026-03-07,11,27.6,204.0
2026-03-07,12,36.6,217.0
2026-03-07,13,33.8,219.0
2026-03-07,14,32.6,215.0
2026-03-07,15,31.7,219.0
2026-03-07,16,29.1,215.0
2026-03-07,17,24.6,203.0
2026-03-07,18,23.9,179.0
2026-03-07,19,27.6,187.0
2026-03-07,20,27.6,197.0
2026-03-07,21,29.2,199.0
2026-03-07,22,29.1,194.0
2026-03-07,23,27.3,198.0
2026-03-07,24,26.9,200.0
2026-03-08,1,31.9,203.0
2026-03-08,2,30.0,205.0
2026-03-08,3,27.8,202.0
2026-03-08,4,27.6,195.0
2026-03-08,5,29.7,197.0
2026-03-08,6,29.1,198.0
2026-03-08,7,30.7,200.0
2026-03-08,8,29.0,203.0
2026-03-08,9,28.8,208.0
2026-03-08,10,26.8,211.0
2026-03-08,11,27.9,216.0
2026-03-08,12,29.1,213.0
2026-03-08,13,38.6,218.0
2026-03-08,14,38.3,216.0
2026-03-08,15,40.2,220.0
2026-03-08,16,40.8,222.0
2026-03-08,17,39.0,215.0
2026-03-08,18,34.1,202.0
2026-03-08,19,34.2,192.0
2026-03-08,20,37.8,197.0
2026-03-08,21,37.2,198.0
2026-03-08,22,35.9,202.0
2026-03-08,23,35.1,208.0
2026-03-08,24,36.9,207.0
2026-03-09,1,37.0,209.0
2026-03-09,2,37.2,206.0
2026-03-09,3,40.3,206.0
2026-03-09,4,37.6,206.0
2026-03-09,5,36.1,205.0
2026-03-09,6,31.9,209.0
2026-03-09,7,34.4,218.0
2026-03-09,8,34.8,213.0
2026-03-09,9,37.8,215.0
2026-03-09,10,42.8,211.0
2026-03-09,11,43.5,207.0
2026-03-09,12,50.2,211.0
2026-03-09,13,53.1,227.0
2026-03-09,14,54.2,235.0
2026-03-09,15,52.8,235.0
2026-03-09,16,53.7,234.0
2026-03-09,17,52.2,233.0
2026-03-09,18,52.2,234.0
2026-03-09,19,54.7,236.0
2026-03-09,20,51.7,233.0
2026-03-09,21,43.9,239.0
2026-03-09,22,35.6,229.0
2026-03-09,23,37.6,212.0
2026-03-09,24,32.6,218.0
2026-03-10,1,29.8,215.0
2026-03-10,2,27.1,215.0
2026-03-10,3,28.6,212.0
2026-03-10,4,33.9,212.0
2026-03-10,5,37.7,210.0
2026-03-10,6,40.8,208.0
2026-03-10,7,44.3,203.0
2026-03-10,8,44.5,212.0
2026-03-10,9,41.6,216.0
2026-03-10,10,40.8,214.0
2026-03-10,11,38.5,215.0
2026-03-10,12,39.2,219.0
2026-03-10,13,34.9,233.0
2026-03-10,14,38.6,250.0
2026-03-10,15,40.5,248.0
2026-03-10,16,42.5,248.0
2026-03-10,17,41.2,252.0
2026-03-10,18,40.4,254.0
2026-03-10,19,32.8,255.0
2026-03-10,20,29.8,260.0
2026-03-10,21,26.6,261.0
2026-03-10,22,27.4,274.0
2026-03-10,23,24.0,275.0
2026-03-10,24,18.2,272.0
2026-03-11,1,8.9,232.0
2026-03-11,2,17.1,183.0
2026-03-11,3,27.9,182.0
2026-03-11,4,32.3,196.0
2026-03-11,5,30.9,204.0
2026-03-11,6,28.7,206.0
2026-03-11,7,27.4,204.0
2026-03-11,8,26.9,202.0
2026-03-11,9,27.2,201.0
2026-03-11,10,26.1,199.0
2026-03-11,11,27.8,211.0
2026-03-11,12,30.6,216.0
2026-03-11,13,33.7,221.0
2026-03-11,14,33.5,223.0
2026-03-11,15,35.4,225.0
2026-03-11,16,41.5,232.0
2026-03-11,17,43.2,229.0
2026-03-11,18,43.8,226.0
2026-03-11,19,42.6,226.0
2026-03-11,20,36.6,220.0
2026-03-11,21,32.0,203.0
2026-03-11,22,37.9,195.0
2026-03-11,23,39.9,194.0
2026-03-11,24,39.7,198.0
2026-03-12,1,39.2,197.0
2026-03-12,2,44.0,208.0
2026-03-12,3,41.5,215.0
2026-03-12,4,39.5,211.0
2026-03-12,5,42.6,214.0
2026-03-12,6,44.6,215.0
2026-03-12,7,48.1,223.0
2026-03-12,8,48.3,220.0
2026-03-12,9,51.7,224.0
2026-03-12,10,51.6,223.0
2026-03-12,11,50.3,227.0
2026-03-12,12,48.2,217.0
2026-03-12,13,64.3,240.0
2026-03-12,14,64.0,243.0
2026-03-12,15,67.2,243.0
2026-03-12,16,65.0,243.0
2026-03-12,17,61.2,242.0
2026-03-12,18,57.6,241.0
2026-03-12,19,57.7,238.0
2026-03-12,20,52.1,237.0
2026-03-12,21,46.6,235.0
2026-03-12,22,44.9,232.0
2026-03-12,23,41.5,226.0
2026-03-12,24,46.2,221.0
2026-03-13,1,46.7,225.0
2026-03-13,2,49.7,222.0
2026-03-13,3,49.1,222.0
2026-03-13,4,49.9,221.0
2026-03-13,5,51.0,220.0
2026-03-13,6,51.0,220.0
2026-03-13,7,51.6,222.0
2026-03-13,8,49.5,220.0
2026-03-13,9,52.1,219.0
2026-03-13,10,50.2,217.0
2026-03-13,11,49.3,215.0
2026-03-13,12,52.4,220.0
2026-03-13,13,53.7,224.0
2026-03-13,14,53.2,225.0
2026-03-13,15,52.5,227.0
2026-03-13,16,53.0,234.0
2026-03-13,17,55.1,235.0
2026-03-13,18,55.7,235.0
2026-03-13,19,55.9,237.0
2026-03-13,20,52.5,239.0
2026-03-13,21,47.0,241.0
2026-03-13,22,42.7,244.0
2026-03-13,23,40.8,236.0
2026-03-13,24,38.4,225.0
2026-03-14,1,36.2,219.0
2026-03-14,2,38.0,205.0
2026-03-14,3,39.1,214.0
2026-03-14,4,37.1,209.0
2026-03-14,5,38.0,209.0
2026-03-14,6,43.1,207.0
2026-03-14,7,40.4,211.0
2026-03-14,8,41.5,217.0
2026-03-14,9,47.6,218.0
2026-03-14,10,50.8,224.0
2026-03-14,11,47.8,222.0
2026-03-14,12,48.8,216.0
2026-03-14,13,61.2,232.0
2026-03-14,14,60.8,232.0
2026-03-14,15,64.1,240.0
2026-03-14,16,67.7,242.0
2026-03-14,17,68.8,252.0
2026-03-14,18,63.3,259.0
2026-03-14,19,70.2,260.0
2026-03-14,20,53.0,275.0
2026-03-14,21,30.1,9.0
2026-03-14,22,37.7,351.0
2026-03-14,23,37.3,358.0
2026-03-14,24,36.4,359.0
2026-03-15,1,36.8,353.0
2026-03-15,2,32.5,356.0
2026-03-15,3,27.9,359.0
2026-03-15,4,22.7,2.0
2026-03-15,5,16.8,6.0
2026-03-15,6,11.5,350.0
2026-03-15,7,10.9,327.0
2026-03-15,8,12.6,319.0
2026-03-15,9,13.4,332.0
2026-03-15,10,10.7,348.0
2026-03-15,11,9.7,342.0
2026-03-15,12,8.6,338.0
2026-03-15,13,9.9,295.0
2026-03-15,14,11.2,276.0
2026-03-15,15,16.2,282.0
2026-03-15,16,16.8,301.0
2026-03-15,17,19.1,303.0
2026-03-15,18,21.8,255.0
2026-03-15,19,15.3,283.0
2026-03-15,20,19.6,255.0
2026-03-15,21,15.8,226.0
2026-03-15,22,23.0,209.0
2026-03-15,23,25.0,218.0
2026-03-15,24,25.9,199.0
2026-03-16,1,25.4,199.0
2026-03-16,2,27.6,200.0
2026-03-16,3,30.9,205.0
2026-03-16,4,32.2,212.0
2026-03-16,5,31.1,213.0
2026-03-16,6,30.7,214.0
2026-03-16,7,27.7,215.0
2026-03-16,8,25.2,212.0
2026-03-16,9,24.6,213.0
2026-03-16,10,21.0,214.0
2026-03-16,11,22.7,214.0
2026-03-16,12,24.3,214.0
2026-03-16,13,22.6,220.0
2026-03-16,14,21.5,225.0
2026-03-16,15,24.5,222.0
2026-03-16,16,26.6,225.0
2026-03-16,17,26.5,227.0
2026-03-16,18,26.6,227.0
2026-03-16,19,27.7,221.0
2026-03-16,20,31.9,217.0
2026-03-16,21,29.8,222.0
2026-03-16,22,30.0,211.0
2026-03-16,23,31.7,212.0
2026-03-16,24,36.1,211.0
2026-03-17,1,35.0,207.0
2026-03-17,2,36.0,204.0
2026-03-17,3,38.2,205.0
2026-03-17,4,40.4,205.0
2026-03-17,5,40.5,206.0
2026-03-17,6,37.0,205.0
2026-03-17,7,33.0,201.0
2026-03-17,8,32.1,202.0
2026-03-17,9,29.6,204.0
2026-03-17,10,31.8,206.0
2026-03-17,11,29.6,208.0
2026-03-17,12,27.0,217.0
2026-03-17,13,27.4,220.0
2026-03-17,14,31.6,225.0
2026-03-17,15,35.5,230.0
2026-03-17,16,38.7,237.0
2026-03-17,17,39.4,241.0
2026-03-17,18,39.5,245.0
2026-03-17,19,38.6,243.0
2026-03-17,20,37.7,242.0
2026-03-17,21,36.6,233.0
2026-03-17,22,33.6,226.0
2026-03-17,23,33.5,214.0
2026-03-17,24,34.5,212.0
2026-03-18,1,32.6,214.0
2026-03-18,2,30.6,214.0
2026-03-18,3,30.7,215.0
2026-03-18,4,30.9,212.0
2026-03-18,5,31.3,210.0
2026-03-18,6,30.2,210.0
2026-03-18,7,28.7,209.0
2026-03-18,8,27.2,209.0
2026-03-18,9,24.5,210.0
2026-03-18,10,21.9,211.0
2026-03-18,11,22.0,212.0
2026-03-18,12,20.9,219.0
2026-03-18,13,23.9,220.0
2026-03-18,14,26.6,225.0
2026-03-18,15,34.5,234.0
2026-03-18,16,39.5,240.0
2026-03-18,17,40.8,240.0
2026-03-18,18,40.9,238.0
2026-03-18,19,40.4,238.0
2026-03-18,20,36.5,240.0
2026-03-18,21,34.9,232.0
2026-03-18,22,30.3,226.0
2026-03-18,23,26.7,218.0
2026-03-18,24,26.0,209.0
2026-03-19,1,25.1,212.0
2026-03-19,2,23.5,212.0
2026-03-19,3,23.0,209.0
2026-03-19,4,23.5,207.0
2026-03-19,5,23.1,210.0
2026-03-19,6,22.8,209.0
2026-03-19,7,16.7,217.0
2026-03-19,8,11.8,216.0
2026-03-19,9,12.0,206.0
2026-03-19,10,10.6,227.0
2026-03-19,11,6.1,270.0
2026-03-19,12,8.3,226.0
2026-03-19,13,18.6,218.0
2026-03-19,14,22.8,223.0
2026-03-19,15,26.7,226.0
2026-03-19,16,33.5,231.0
2026-03-19,17,36.5,236.0
2026-03-19,18,37.1,238.0
2026-03-19,19,36.9,235.0
2026-03-19,20,37.2,233.0
2026-03-19,21,36.3,228.0
2026-03-19,22,34.7,222.0
2026-03-19,23,33.4,209.0
2026-03-19,24,33.3,208.0
2026-03-20,1,32.5,208.0
2026-03-20,2,31.9,209.0
2026-03-20,3,30.9,214.0
2026-03-20,4,32.0,214.0
2026-03-20,5,30.3,210.0
2026-03-20,6,29.7,209.0
2026-03-20,7,27.9,208.0
2026-03-20,8,25.5,206.0
2026-03-20,9,23.0,204.0
2026-03-20,10,19.5,211.0
2026-03-20,11,13.9,227.0
2026-03-20,12,14.8,225.0
2026-03-20,13,20.4,219.0
2026-03-20,14,22.4,222.0
2026-03-20,15,24.0,229.0
2026-03-20,16,25.7,232.0
2026-03-20,17,27.5,236.0
2026-03-20,18,29.3,237.0
2026-03-20,19,30.0,237.0
2026-03-20,20,25.9,237.0
2026-03-20,21,20.8,226.0
2026-03-20,22,18.7,203.0
2026-03-20,23,19.5,194.0
2026-03-20,24,18.4,192.0
2026-03-21,1,12.1,177.0
2026-03-21,2,19.5,152.0
2026-03-21,3,20.5,160.0
2026-03-21,4,14.3,174.0
2026-03-21,5,12.3,183.0
2026-03-21,6,12.6,183.0
2026-03-21,7,6.3,198.0
2026-03-21,8,8.0,205.0
2026-03-21,9,9.5,217.0
2026-03-21,10,14.8,206.0
2026-03-21,11,17.9,219.0
2026-03-21,12,17.4,229.0
2026-03-21,13,28.5,222.0
2026-03-21,14,33.1,227.0
2026-03-21,15,43.2,245.0
2026-03-21,16,45.1,246.0
2026-03-21,17,46.3,242.0
2026-03-21,18,45.8,243.0
2026-03-21,19,46.3,243.0
2026-03-21,20,42.9,241.0
2026-03-21,21,44.0,242.0
2026-03-21,22,41.2,243.0
2026-03-21,23,29.8,244.0
2026-03-21,24,25.3,236.0
2026-03-22,1,18.5,232.0
2026-03-22,2,24.4,216.0
2026-03-22,3,31.9,218.0
2026-03-22,4,31.7,218.0
2026-03-22,5,33.9,217.0
2026-03-22,6,32.1,214.0
2026-03-22,7,28.3,216.0
2026-03-22,8,31.2,205.0
2026-03-22,9,32.9,204.0
2026-03-22,10,27.5,208.0
2026-03-22,11,24.6,212.0
2026-03-22,12,20.7,218.0
2026-03-22,13,16.5,225.0
2026-03-22,14,15.4,226.0
2026-03-22,15,14.9,224.0
2026-03-22,16,12.2,223.0
2026-03-22,17,12.0,216.0
2026-03-22,18,11.6,208.0
2026-03-22,19,15.7,210.0
2026-03-22,20,16.8,208.0
2026-03-22,21,19.7,203.0
2026-03-22,22,18.4,194.0
2026-03-22,23,12.6,191.0
2026-03-22,24,9.8,200.0
2026-03-23,1,7.0,212.0
2026-03-23,2,3.8,253.0
2026-03-23,3,3.2,357.0
2026-03-23,4,4.4,7.0
2026-03-23,5,4.0,3.0
2026-03-23,6,3.2,34.0
2026-03-23,7,2.9,338.0
2026-03-23,8,4.7,351.0
2026-03-23,9,5.5,13.0
2026-03-23,10,4.6,21.0
2026-03-23,11,4.2,10.0
2026-03-23,12,4.5,317.0
2026-03-23,13,5.8,265.0
2026-03-23,14,10.6,251.0
2026-03-23,15,12.5,231.0
2026-03-23,16,14.5,224.0
2026-03-23,17,18.5,224.0
2026-03-23,18,20.0,222.0
2026-03-23,19,23.4,227.0
2026-03-23,20,20.7,219.0
2026-03-23,21,21.1,206.0
2026-03-23,22,20.6,199.0
2026-03-23,23,24.4,198.0
2026-03-23,24,25.9,199.0
2026-03-24,1,28.3,199.0
2026-03-24,2,29.6,205.0
2026-03-24,3,27.5,210.0
2026-03-24,4,25.7,204.0
2026-03-24,5,23.3,202.0
2026-03-24,6,21.2,205.0
2026-03-24,7,20.9,205.0
2026-03-24,8,18.5,204.0
2026-03-24,9,17.7,205.0
2026-03-24,10,22.9,207.0
2026-03-24,11,24.3,209.0
2026-03-24,12,27.2,216.0
2026-03-24,13,31.0,218.0
2026-03-24,14,37.1,229.0
2026-03-24,15,38.2,228.0
2026-03-24,16,38.7,227.0
2026-03-24,17,41.6,225.0
2026-03-24,18,38.0,230.0
2026-03-24,19,45.4,240.0
2026-03-24,20,36.0,226.0
2026-03-24,21,31.4,221.0
2026-03-24,22,22.0,217.0
2026-03-24,23,17.7,197.0
2026-03-24,24,21.9,196.0
2026-03-25,1,23.6,199.0
2026-03-25,2,21.3,198.0
2026-03-25,3,22.5,209.0
2026-03-25,4,28.1,204.0
2026-03-25,5,33.0,205.0
2026-03-25,6,33.6,210.0
2026-03-25,7,32.6,210.0
2026-03-25,8,31.7,206.0
2026-03-25,9,31.8,209.0
2026-03-25,10,34.2,207.0
2026-03-25,11,28.9,212.0
2026-03-25,12,32.4,216.0
2026-03-25,13,38.1,220.0
2026-03-25,14,39.6,223.0
2026-03-25,15,40.3,231.0
2026-03-25,16,40.4,235.0
2026-03-25,17,40.1,239.0
2026-03-25,18,40.7,240.0
2026-03-25,19,39.7,242.0
2026-03-25,20,30.8,246.0
2026-03-25,21,24.6,246.0
2026-03-25,22,12.6,266.0
2026-03-25,23,12.0,249.0
2026-03-25,24,21.5,196.0
2026-03-26,1,30.1,201.0
2026-03-26,2,31.4,210.0
2026-03-26,3,31.2,213.0
2026-03-26,4,33.1,215.0
2026-03-26,5,35.8,215.0
2026-03-26,6,40.7,211.0
2026-03-26,7,45.9,215.0
2026-03-26,8,44.0,216.0
2026-03-26,9,35.6,217.0
2026-03-26,10,36.4,215.0
2026-03-26,11,36.0,220.0
2026-03-26,12,35.5,224.0
2026-03-26,13,34.1,224.0
2026-03-26,14,29.8,224.0
2026-03-26,15,23.8,231.0
2026-03-26,16,17.4,249.0
2026-03-26,17,13.1,278.0
2026-03-26,18,13.1,272.0
2026-03-26,19,11.6,289.0
2026-03-26,20,24.3,228.0
2026-03-26,21,33.4,222.0
2026-03-26,22,25.0,243.0
2026-03-26,23,6.0,287.0
2026-03-26,24,5.8,210.0
2026-03-27,1,20.8,215.0
2026-03-27,2,24.9,211.0
2026-03-27,3,23.5,207.0
2026-03-27,4,17.8,206.0
2026-03-27,5,9.4,204.0
2026-03-27,6,2.0,225.0
2026-03-27,7,5.2,348.0
2026-03-27,8,7.6,5.0
2026-03-27,9,11.9,30.0
2026-03-27,10,15.9,39.0
2026-03-27,11,14.0,24.0
2026-03-27,12,14.8,16.0
2026-03-27,13,13.4,11.0
2026-03-27,14,10.7,9.0
2026-03-27,15,7.6,14.0
2026-03-27,16,5.0,2.0
2026-03-27,17,4.5,313.0
2026-03-27,18,5.6,287.0
2026-03-27,19,5.8,244.0
2026-03-27,20,7.1,240.0
2026-03-27,21,9.4,238.0
2026-03-27,22,6.5,219.0
2026-03-27,23,2.8,169.0
2026-03-27,24,1.8,114.0
2026-03-28,1,3.1,320.0
2026-03-28,2,2.5,360.0
2026-03-28,3,0.2,360.0
2026-03-28,4,1.9,202.0
2026-03-28,5,2.7,200.0
2026-03-28,6,2.3,209.0
2026-03-28,7,2.5,210.0
2026-03-28,8,1.6,270.0
2026-03-28,9,1.7,328.0
2026-03-28,10,5.0,334.0
2026-03-28,11,12.2,340.0
2026-03-28,12,3.8,355.0
2026-03-28,13,8.9,222.0
2026-03-28,14,18.9,220.0
2026-03-28,15,23.9,223.0
2026-03-28,16,25.9,228.0
2026-03-28,17,27.9,228.0
2026-03-28,18,29.7,230.0
2026-03-28,19,32.2,230.0
2026-03-28,20,32.3,229.0
2026-03-28,21,35.0,230.0
2026-03-28,22,35.1,225.0
2026-03-28,23,32.1,228.0
2026-03-28,24,25.2,224.0
2026-03-29,1,26.0,210.0
2026-03-29,2,28.9,201.0
2026-03-29,3,29.1,205.0
2026-03-29,4,29.7,215.0
2026-03-29,5,30.2,212.0
2026-03-29,6,29.4,213.0
2026-03-29,7,29.9,211.0
2026-03-29,8,29.2,212.0
2026-03-29,9,27.1,214.0
2026-03-29,10,22.4,212.0
2026-03-29,11,25.0,211.0
2026-03-29,12,29.5,215.0
2026-03-29,13,33.0,221.0
2026-03-29,14,37.3,225.0
2026-03-29,15,39.4,228.0
2026-03-29,16,41.0,231.0
2026-03-29,17,41.3,234.0
2026-03-29,18,41.9,236.0
2026-03-29,19,40.5,236.0
2026-03-29,20,37.0,238.0
2026-03-29,21,30.2,235.0
2026-03-29,22,22.8,222.0
2026-03-29,23,21.5,225.0
2026-03-29,24,20.7,199.0
2026-03-30,1,25.0,192.0
2026-03-30,2,24.2,193.0
2026-03-30,3,21.2,207.0
2026-03-30,4,15.7,213.0
2026-03-30,5,17.4,210.0
2026-03-30,6,19.2,218.0
2026-03-30,7,28.8,197.0
2026-03-30,8,32.2,203.0
2026-03-30,9,34.0,204.0
2026-03-30,10,30.9,204.0
2026-03-30,11,30.6,211.0
2026-03-30,12,34.4,217.0
2026-03-30,13,40.2,225.0
2026-03-30,14,43.7,232.0
2026-03-30,15,47.3,237.0
2026-03-30,16,49.2,238.0
2026-03-30,17,55.3,244.0
2026-03-30,18,55.9,244.0
2026-03-30,19,48.7,253.0
2026-03-30,20,41.4,258.0
2026-03-30,21,38.3,243.0
2026-03-30,22,37.0,238.0
2026-03-30,23,33.7,236.0
2026-03-30,24,31.2,228.0
2026-03-31,1,32.6,223.0
2026-03-31,2,31.2,212.0
2026-03-31,3,34.5,213.0
2026-03-31,4,33.7,208.0
2026-03-31,5,34.1,205.0
2026-03-31,6,35.0,204.0
2026-03-31,7,34.0,200.0
2026-03-31,8,32.0,206.0
2026-03-31,9,27.1,203.0
2026-03-31,10,20.1,207.0
2026-03-31,11,16.1,210.0
2026-03-31,12,22.2,201.0
2026-03-31,13,23.7,211.0
2026-03-31,14,30.9,215.0
2026-03-31,15,38.4,228.0
2026-03-31,16,37.1,235.0
2026-03-31,17,41.0,238.0
2026-03-31,18,39.6,240.0
2026-03-31,19,31.5,250.0
2026-03-31,20,28.3,238.0
2026-03-31,21,24.9,231.0
2026-03-31,22,24.7,215.0
2026-03-31,23,22.3,201.0
2026-03-31,24,21.4,196.0
2026-04-01,1,16.1,205.0
2026-04-01,2,11.4,195.0
2026-04-01,3,13.1,217.0
2026-04-01,4,15.7,195.0
2026-04-01,5,16.3,197.0
2026-04-01,6,16.8,212.0
2026-04-01,7,18.1,202.0
2026-04-01,8,20.0,202.0
2026-04-01,9,20.8,206.0
2026-04-01,10,21.1,216.0
2026-04-01,11,23.9,226.0
2026-04-01,12,23.0,235.0
2026-04-01,13,26.2,226.0
2026-04-01,14,30.3,228.0
2026-04-01,15,29.8,226.0
2026-04-01,16,31.0,228.0
2026-04-01,17,29.4,228.0
2026-04-01,18,32.7,227.0
2026-04-01,19,38.3,230.0
2026-04-01,20,35.6,232.0
2026-04-01,21,34.7,201.0
2026-04-01,22,32.6,197.0
2026-04-01,23,28.3,181.0
2026-04-01,24,29.1,171.0
2026-04-02,1,26.0,199.0
2026-04-02,2,24.1,174.0
2026-04-02,3,24.0,178.0
2026-04-02,4,24.3,199.0
2026-04-02,5,29.2,206.0
2026-04-02,6,28.2,200.0
2026-04-02,7,26.2,199.0
2026-04-02,8,32.4,195.0
2026-04-02,9,47.2,215.0
2026-04-02,10,48.1,207.0
2026-04-02,11,48.8,218.0
2026-04-02,12,47.8,216.0
2026-04-02,13,51.3,221.0
2026-04-02,14,50.3,223.0
2026-04-02,15,51.3,226.0
2026-04-02,16,55.6,234.0
2026-04-02,17,51.2,236.0
2026-04-02,18,48.5,244.0
2026-04-02,19,38.7,249.0
2026-04-02,20,27.1,241.0
2026-04-02,21,18.4,237.0
2026-04-02,22,24.3,217.0
2026-04-02,23,28.5,201.0
2026-04-02,24,28.9,213.0
2026-04-03,1,25.7,214.0
2026-04-03,2,27.1,224.0
2026-04-03,3,26.1,218.0
2026-04-03,4,28.1,208.0
2026-04-03,5,29.0,203.0
2026-04-03,6,31.6,207.0
2026-04-03,7,31.8,212.0
2026-04-03,8,32.2,215.0
2026-04-03,9,30.8,209.0
2026-04-03,10,30.3,212.0
2026-04-03,11,29.3,214.0
2026-04-03,12,28.5,213.0
2026-04-03,13,24.5,229.0
2026-04-03,14,18.1,246.0
2026-04-03,15,17.3,240.0
2026-04-03,16,22.6,221.0
2026-04-03,17,26.8,215.0
2026-04-03,18,29.0,216.0
2026-04-03,19,30.4,210.0
2026-04-03,20,30.7,217.0
2026-04-03,21,26.7,208.0
2026-04-03,22,27.5,204.0
2026-04-03,23,25.1,209.0
2026-04-03,24,25.2,209.0
2026-04-04,1,24.6,210.0
2026-04-04,2,26.7,200.0
2026-04-04,3,28.5,201.0
2026-04-04,4,28.1,205.0
2026-04-04,5,27.2,207.0
2026-04-04,6,25.8,207.0
2026-04-04,7,21.1,206.0
2026-04-04,8,17.0,211.0
2026-04-04,9,13.4,216.0
2026-04-04,10,10.3,213.0
2026-04-04,11,11.4,217.0
2026-04-04,12,16.1,221.0
2026-04-04,13,15.8,224.0
2026-04-04,14,15.0,228.0
2026-04-04,15,13.3,235.0
2026-04-04,16,11.8,241.0
2026-04-04,17,10.3,258.0
2026-04-04,18,8.2,251.0
2026-04-04,19,4.8,209.0
2026-04-04,20,5.9,180.0
2026-04-04,21,10.3,164.0
2026-04-04,22,13.8,167.0
2026-04-04,23,11.5,184.0
2026-04-04,24,9.7,184.0
2026-04-05,1,6.3,177.0
2026-04-05,2,3.4,96.0
2026-04-05,3,5.6,86.0
2026-04-05,4,2.6,102.0
2026-04-05,5,0.9,79.0
2026-04-05,6,1.5,76.0
2026-04-05,7,3.2,63.0
2026-04-05,8,4.6,79.0
2026-04-05,9,3.6,93.0
2026-04-05,10,1.7,49.0
2026-04-05,11,4.5,337.0
2026-04-05,12,6.4,331.0
2026-04-05,13,5.2,331.0
2026-04-05,14,3.5,339.0
2026-04-05,15,3.3,315.0
2026-04-05,16,4.8,297.0
2026-04-05,17,6.4,292.0
2026-04-05,18,6.2,296.0
2026-04-05,19,6.4,292.0
2026-04-05,20,7.0,357.0
2026-04-05,21,12.2,47.0
2026-04-05,22,10.4,69.0
2026-04-05,23,7.1,71.0
2026-04-05,24,5.2,84.0
2026-04-06,1,2.4,99.0
2026-04-06,2,2.2,104.0
2026-04-06,3,4.9,98.0
2026-04-06,4,3.2,109.0
2026-04-06,5,3.8,267.0
2026-04-06,6,7.6,277.0
2026-04-06,7,4.8,290.0
2026-04-06,8,4.5,313.0
2026-04-06,9,5.1,333.0
2026-04-06,10,3.1,3.0
2026-04-06,11,2.5,330.0
2026-04-06,12,2.8,259.0
2026-04-06,13,6.6,244.0
2026-04-06,14,8.3,236.0
2026-04-06,15,10.1,243.0
2026-04-06,16,11.8,244.0
2026-04-06,17,13.6,240.0
2026-04-06,18,13.1,236.0
2026-04-06,19,13.8,227.0
2026-04-06,20,16.8,242.0
2026-04-06,21,9.9,341.0
2026-04-06,22,10.5,121.0
2026-04-06,23,9.6,164.0
2026-04-06,24,15.8,206.0
2026-04-07,1,22.1,211.0
2026-04-07,2,30.5,197.0
2026-04-07,3,30.6,204.0
2026-04-07,4,29.5,209.0
2026-04-07,5,30.7,209.0
2026-04-07,6,30.6,207.0
2026-04-07,7,30.1,210.0
2026-04-07,8,31.7,208.0
2026-04-07,9,29.9,211.0
2026-04-07,10,25.6,211.0
2026-04-07,11,27.1,211.0
2026-04-07,12,27.0,215.0
2026-04-07,13,32.3,224.0
2026-04-07,14,40.4,242.0
2026-04-07,15,45.2,244.0
2026-04-07,16,48.6,241.0
2026-04-07,17,50.8,241.0
2026-04-07,18,51.1,243.0
2026-04-07,19,53.5,240.0
2026-04-07,20,49.1,237.0
2026-04-07,21,48.2,231.0
2026-04-07,22,46.6,230.0
2026-04-07,23,42.8,233.0
2026-04-07,24,38.5,234.0
2026-04-08,1,33.6,232.0
2026-04-08,2,31.2,233.0
2026-04-08,3,30.4,230.0
2026-04-08,4,32.2,214.0
2026-04-08,5,32.9,215.0
2026-04-08,6,30.5,214.0
2026-04-08,7,30.8,209.0
2026-04-08,8,17.2,223.0
2026-04-08,9,23.6,206.0
2026-04-08,10,19.5,209.0
2026-04-08,11,17.4,211.0
2026-04-08,12,17.1,217.0
2026-04-08,13,16.8,218.0
2026-04-08,14,19.1,219.0
2026-04-08,15,22.6,221.0
2026-04-08,16,27.2,227.0
2026-04-08,17,30.7,230.0
2026-04-08,18,32.5,233.0
2026-04-08,19,34.3,233.0
2026-04-08,20,37.3,227.0
2026-04-08,21,37.0,221.0
2026-04-08,22,37.8,217.0
2026-04-08,23,36.5,213.0
2026-04-08,24,34.3,209.0
2026-04-09,1,37.2,202.0
2026-04-09,2,36.7,209.0
2026-04-09,3,35.6,208.0
2026-04-09,4,34.0,208.0
2026-04-09,5,31.9,208.0
2026-04-09,6,28.3,209.0
2026-04-09,7,24.6,209.0
2026-04-09,8,23.4,200.0
2026-04-09,9,21.6,199.0
2026-04-09,10,14.7,209.0
2026-04-09,11,14.1,218.0
2026-04-09,12,13.3,220.0
2026-04-09,13,10.9,224.0
2026-04-09,14,12.5,231.0
2026-04-09,15,13.3,230.0
2026-04-09,16,13.5,245.0
2026-04-09,17,13.3,257.0
2026-04-09,18,16.1,260.0
2026-04-09,19,10.5,253.0
2026-04-09,20,5.5,302.0
2026-04-09,21,9.9,29.0
2026-04-09,22,14.2,126.0
2026-04-09,23,20.0,159.0
2026-04-09,24,19.0,167.0
2026-04-10,1,15.8,166.0
2026-04-10,2,13.1,167.0
2026-04-10,3,11.0,166.0
2026-04-10,4,4.4,148.0
2026-04-10,5,2.5,69.0
2026-04-10,6,3.1,69.0
2026-04-10,7,4.6,72.0
2026-04-10,8,8.1,91.0
2026-04-10,9,10.5,98.0
2026-04-10,10,8.5,92.0
2026-04-10,11,7.5,11.0
2026-04-10,12,4.2,43.0
2026-04-10,13,13.1,167.0
2026-04-10,14,21.8,180.0
2026-04-10,15,32.0,190.0
2026-04-10,16,21.1,182.0
2026-04-10,17,27.7,205.0
2026-04-10,18,30.6,202.0
2026-04-10,19,27.9,201.0
2026-04-10,20,28.6,191.0
2026-04-10,21,29.6,170.0
2026-04-10,22,30.5,156.0
2026-04-10,23,33.5,148.0
2026-04-10,24,34.4,138.0
2026-04-11,1,34.9,144.0
2026-04-11,2,31.8,140.0
2026-04-11,3,35.3,157.0
2026-04-11,4,30.3,176.0
2026-04-11,5,30.6,219.0
2026-04-11,6,33.8,210.0
2026-04-11,7,31.7,213.0
2026-04-11,8,29.9,203.0
2026-04-11,9,25.8,205.0
2026-04-11,10,23.1,208.0
2026-04-11,11,20.8,217.0
2026-04-11,12,28.5,228.0
2026-04-11,13,31.1,219.0
2026-04-11,14,21.9,219.0
2026-04-11,15,20.4,220.0
2026-04-11,16,28.7,222.0
2026-04-11,17,31.1,188.0
2026-04-11,18,27.6,201.0
2026-04-11,19,28.2,210.0
2026-04-11,20,27.6,205.0
2026-04-11,21,26.2,199.0
2026-04-11,22,28.6,180.0
2026-04-11,23,27.7,180.0
2026-04-11,24,26.5,175.0
2026-04-12,1,25.0,180.0
2026-04-12,2,19.9,176.0
2026-04-12,3,12.7,157.0
2026-04-12,4,13.6,137.0
2026-04-12,5,15.9,129.0
2026-04-12,6,14.4,122.0
2026-04-12,7,15.7,127.0
2026-04-12,8,14.3,118.0
2026-04-12,9,8.1,95.0
2026-04-12,10,7.3,101.0
2026-04-12,11,3.9,114.0
2026-04-12,12,9.4,179.0
2026-04-12,13,33.7,199.0
2026-04-12,14,32.8,211.0
2026-04-12,15,33.7,192.0
2026-04-12,16,28.1,177.0
2026-04-12,17,34.6,196.0
2026-04-12,18,34.4,222.0
2026-04-12,19,33.0,223.0
2026-04-12,20,29.3,231.0
2026-04-12,21,24.4,243.0
2026-04-12,22,27.6,227.0
2026-04-12,23,24.1,209.0
2026-04-12,24,27.8,197.0
2026-04-13,1,29.8,202.0
2026-04-13,2,27.5,206.0
2026-04-13,3,25.4,209.0
2026-04-13,4,24.9,203.0
2026-04-13,5,24.4,212.0
2026-04-13,6,23.1,209.0
2026-04-13,7,29.5,208.0
2026-04-13,8,28.5,203.0
2026-04-13,9,26.7,206.0
2026-04-13,10,29.7,223.0
2026-04-13,11,30.0,220.0
2026-04-13,12,32.1,227.0
2026-04-13,13,32.6,225.0
2026-04-13,14,33.7,227.0
2026-04-13,15,34.2,228.0
2026-04-13,16,33.7,230.0
2026-04-13,17,35.9,223.0
2026-04-13,18,35.9,247.0
2026-04-13,19,28.0,212.0
2026-04-13,20,27.1,231.0
2026-04-13,21,28.7,192.0
2026-04-13,22,29.2,191.0
2026-04-13,23,28.3,194.0
2026-04-13,24,26.8,198.0
2026-04-14,1,28.0,205.0
2026-04-14,2,27.8,208.0
2026-04-14,3,25.5,205.0
2026-04-14,4,24.1,202.0
2026-04-14,5,22.6,199.0
2026-04-14,6,19.3,204.0
2026-04-14,7,16.9,208.0
2026-04-14,8,18.6,203.0
2026-04-14,9,20.7,213.0
2026-04-14,10,22.0,213.0
2026-04-14,11,22.5,216.0
2026-04-14,12,22.3,218.0
2026-04-14,13,22.3,219.0
2026-04-14,14,22.7,225.0
2026-04-14,15,24.4,223.0
2026-04-14,16,27.2,227.0
2026-04-14,17,29.9,224.0
2026-04-14,18,34.1,231.0
2026-04-14,19,30.4,231.0
2026-04-14,20,27.9,231.0
2026-04-14,21,36.1,217.0
2026-04-14,22,32.1,215.0
2026-04-14,23,31.6,208.0
2026-04-14,24,33.1,201.0
2026-04-15,1,37.5,204.0
2026-04-15,2,38.3,207.0
2026-04-15,3,37.0,208.0
2026-04-15,4,33.7,209.0
2026-04-15,5,28.0,209.0
2026-04-15,6,20.0,208.0
2026-04-15,7,23.0,196.0
2026-04-15,8,32.8,211.0
2026-04-15,9,37.5,208.0
2026-04-15,10,38.5,209.0
2026-04-15,11,34.8,207.0
2026-04-15,12,34.9,214.0
2026-04-15,13,31.7,212.0
2026-04-15,14,30.9,210.0
2026-04-15,15,32.9,221.0
2026-04-15,16,40.9,228.0
2026-04-15,17,42.0,223.0
2026-04-15,18,46.7,225.0
2026-04-15,19,34.7,235.0
2026-04-15,20,25.6,210.0
2026-04-15,21,23.8,200.0
2026-04-15,22,23.7,200.0
2026-04-15,23,31.4,188.0
2026-04-15,24,19.8,188.0
2026-04-16,1,34.7,207.0
2026-04-16,2,39.4,212.0
2026-04-16,3,41.0,214.0
2026-04-16,4,41.1,206.0
2026-04-16,5,43.2,217.0
2026-04-16,6,46.1,223.0
2026-04-16,7,40.9,221.0
2026-04-16,8,36.9,219.0
2026-04-16,9,40.7,220.0
2026-04-16,10,40.4,227.0
2026-04-16,11,35.3,225.0
2026-04-16,12,35.7,223.0
2026-04-16,13,39.8,209.0
2026-04-16,14,43.0,213.0
2026-04-16,15,41.6,218.0
2026-04-16,16,42.1,220.0
2026-04-16,17,40.7,229.0
2026-04-16,18,35.9,242.0
2026-04-16,19,17.9,310.0
2026-04-16,20,1.7,122.0
2026-04-16,21,18.2,175.0
2026-04-16,22,20.4,202.0
2026-04-16,23,22.0,181.0
2026-04-16,24,18.2,196.0
2026-04-17,1,19.7,188.0
2026-04-17,2,22.0,206.0
2026-04-17,3,21.7,215.0
2026-04-17,4,19.8,211.0
2026-04-17,5,22.3,202.0
2026-04-17,6,25.3,204.0
2026-04-17,7,25.5,209.0
2026-04-17,8,25.8,208.0
2026-04-17,9,23.8,209.0
2026-04-17,10,19.8,211.0
2026-04-17,11,19.2,215.0
2026-04-17,12,16.1,231.0
2026-04-17,13,16.8,223.0
2026-04-17,14,19.3,236.0
2026-04-17,15,17.0,244.0
2026-04-17,16,15.6,246.0
2026-04-17,17,14.8,238.0
2026-04-17,18,14.4,241.0
2026-04-17,19,16.1,230.0
2026-04-17,20,18.6,230.0
2026-04-17,21,28.4,202.0
2026-04-17,22,21.6,169.0
2026-04-17,23,20.0,169.0
2026-04-17,24,26.3,182.0
2026-04-18,1,26.0,197.0
2026-04-18,2,26.1,196.0
2026-04-18,3,24.4,200.0
2026-04-18,4,25.1,200.0
2026-04-18,5,23.6,202.0
2026-04-18,6,22.0,199.0
2026-04-18,7,19.0,203.0
2026-04-18,8,15.5,205.0
2026-04-18,9,11.1,210.0
2026-04-18,10,7.0,226.0
2026-04-18,11,10.0,231.0
2026-04-18,12,13.7,236.0
2026-04-18,13,14.1,232.0
2026-04-18,14,11.0,229.0
2026-04-18,15,10.7,234.0
2026-04-18,16,11.0,235.0
2026-04-18,17,9.6,233.0
2026-04-18,18,7.6,234.0
2026-04-18,19,3.1,225.0
2026-04-18,20,1.3,214.0
2026-04-18,21,5.5,11.0
2026-04-18,22,12.7,38.0
2026-04-18,23,17.9,66.0
2026-04-18,24,14.8,67.0
2026-04-19,1,8.7,76.0
2026-04-19,2,4.7,97.0
2026-04-19,3,3.3,99.0
2026-04-19,4,2.4,73.0
2026-04-19,5,3.8,17.0
2026-04-19,6,4.8,11.0
2026-04-19,7,4.9,4.0
2026-04-19,8,5.6,6.0
2026-04-19,9,5.3,8.0
2026-04-19,10,6.1,12.0
2026-04-19,11,8.5,347.0
2026-04-19,12,10.3,349.0
2026-04-19,13,8.8,351.0
2026-04-19,14,5.9,346.0
2026-04-19,15,5.1,312.0
2026-04-19,16,3.9,298.0
2026-04-19,17,4.7,272.0
2026-04-19,18,6.7,265.0
2026-04-19,19,7.0,238.0
2026-04-19,20,2.1,250.0
2026-04-19,21,7.0,64.0
2026-04-19,22,14.0,97.0
2026-04-19,23,12.0,131.0
2026-04-19,24,8.7,174.0
2026-04-20,1,7.9,164.0
2026-04-20,2,8.4,157.0
2026-04-20,3,7.3,164.0
2026-04-20,4,4.3,158.0
2026-04-20,5,1.8,101.0
2026-04-20,6,4.9,17.0
2026-04-20,7,4.6,36.0
2026-04-20,8,3.0,25.0
2026-04-20,9,4.2,348.0
2026-04-20,10,7.1,345.0
2026-04-20,11,9.0,327.0
2026-04-20,12,7.1,317.0
2026-04-20,13,10.5,231.0
2026-04-20,14,19.0,225.0
2026-04-20,15,20.8,224.0
2026-04-20,16,22.4,226.0
2026-04-20,17,22.5,220.0
2026-04-20,18,29.0,210.0
2026-04-20,19,31.6,206.0
2026-04-20,20,28.5,194.0
2026-04-20,21,30.2,171.0
2026-04-20,22,30.2,158.0
2026-04-20,23,24.0,164.0
2026-04-20,24,15.1,158.0
2026-04-21,1,13.0,154.0
2026-04-21,2,21.5,147.0
2026-04-21,3,21.1,137.0
2026-04-21,4,22.3,137.0
2026-04-21,5,22.7,142.0
2026-04-21,6,18.9,159.0
2026-04-21,7,5.6,276.0
2026-04-21,8,5.7,235.0
2026-04-21,9,9.0,183.0
2026-04-21,10,11.5,180.0
2026-04-21,11,6.1,230.0
2026-04-21,12,16.7,205.0
2026-04-21,13,32.5,196.0
2026-04-21,14,31.0,189.0
2026-04-21,15,28.9,192.0
2026-04-21,16,33.6,190.0
2026-04-21,17,31.5,188.0
2026-04-21,18,30.2,189.0
2026-04-21,19,29.1,188.0
2026-04-21,20,22.4,186.0
2026-04-21,21,21.2,190.0
2026-04-21,22,15.7,174.0
2026-04-21,23,20.4,149.0
2026-04-21,24,31.8,149.0
2026-04-22,1,40.0,159.0
2026-04-22,2,34.4,182.0
2026-04-22,3,38.9,209.0
2026-04-22,4,36.6,208.0
2026-04-22,5,33.7,208.0
2026-04-22,6,34.5,206.0
2026-04-22,7,35.3,224.0
2026-04-22,8,32.0,207.0
2026-04-22,9,40.2,210.0
2026-04-22,10,42.9,210.0
2026-04-22,11,42.9,216.0
2026-04-22,12,37.4,207.0
2026-04-22,13,44.2,219.0
2026-04-22,14,50.8,224.0
2026-04-22,15,57.7,227.0
2026-04-22,16,64.3,234.0
2026-04-22,17,59.8,231.0
2026-04-22,18,58.5,233.0
2026-04-22,19,58.4,232.0
2026-04-22,20,53.9,227.0
2026-04-22,21,51.3,227.0
2026-04-22,22,50.0,224.0
2026-04-22,23,49.1,224.0
2026-04-22,24,47.0,226.0
2026-04-23,1,42.1,222.0
2026-04-23,2,39.4,221.0
2026-04-23,3,40.9,222.0
2026-04-23,4,39.1,221.0
2026-04-23,5,37.3,216.0
2026-04-23,6,36.6,210.0
2026-04-23,7,33.7,212.0
2026-04-23,8,35.0,212.0
2026-04-23,9,30.6,207.0
2026-04-23,10,30.9,207.0
2026-04-23,11,33.0,216.0
2026-04-23,12,31.3,218.0
2026-04-23,13,34.1,213.0
2026-04-23,14,43.3,226.0
2026-04-23,15,48.5,231.0
2026-04-23,16,62.0,236.0
2026-04-23,17,60.5,236.0
2026-04-23,18,63.6,234.0
2026-04-23,19,56.0,239.0
2026-04-23,20,44.6,246.0
2026-04-23,21,26.3,312.0
2026-04-23,22,23.9,75.0
2026-04-23,23,14.6,80.0
2026-04-23,24,9.9,111.0
2026-04-24,1,12.0,98.0
2026-04-24,2,20.4,113.0
2026-04-24,3,14.1,118.0
2026-04-24,4,11.6,136.0
2026-04-24,5,12.8,92.0
2026-04-24,6,14.9,82.0
2026-04-24,7,12.7,51.0
2026-04-24,8,8.9,77.0
2026-04-24,9,10.4,124.0
2026-04-24,10,5.9,135.0
2026-04-24,11,4.2,140.0
2026-04-24,12,3.5,168.0
2026-04-24,13,6.4,188.0
2026-04-24,14,5.6,241.0
2026-04-24,15,5.2,340.0
2026-04-24,16,10.7,9.0
2026-04-24,17,7.4,13.0
2026-04-24,18,4.9,24.0
2026-04-24,19,8.8,81.0
2026-04-24,20,8.0,121.0
2026-04-24,21,12.6,154.0
2026-04-24,22,14.5,153.0
2026-04-24,23,9.3,153.0
2026-04-24,24,6.0,171.0
2026-04-25,1,1.8,270.0
2026-04-25,2,4.8,70.0
2026-04-25,3,7.7,66.0
2026-04-25,4,6.7,56.0
2026-04-25,5,5.7,72.0
2026-04-25,6,3.5,24.0
2026-04-25,7,3.3,9.0
2026-04-25,8,6.5,42.0
2026-04-25,9,6.4,63.0
2026-04-25,10,3.7,55.0
2026-04-25,11,2.3,51.0
2026-04-25,12,1.1,9.0
2026-04-25,13,2.6,168.0
2026-04-25,14,5.6,211.0
2026-04-25,15,10.2,239.0
2026-04-25,16,12.1,237.0
2026-04-25,17,18.5,236.0
2026-04-25,18,18.6,237.0
2026-04-25,19,15.1,242.0
2026-04-25,20,12.4,239.0
2026-04-25,21,11.3,181.0
2026-04-25,22,23.1,143.0
2026-04-25,23,19.6,148.0
2026-04-25,24,5.8,158.0
2026-04-26,1,4.9,152.0
2026-04-26,2,10.7,97.0
2026-04-26,3,12.5,78.0
2026-04-26,4,14.1,80.0
2026-04-26,5,8.7,58.0
2026-04-26,6,8.8,44.0
2026-04-26,7,10.1,24.0
2026-04-26,8,6.2,46.0
2026-04-26,9,2.2,284.0
2026-04-26,10,10.4,314.0
2026-04-26,11,7.5,316.0
2026-04-26,12,4.9,262.0
2026-04-26,13,4.5,346.0
2026-04-26,14,7.9,330.0
2026-04-26,15,11.2,303.0
2026-04-26,16,12.8,279.0
2026-04-26,17,16.3,256.0
2026-04-26,18,18.0,243.0
2026-04-26,19,14.1,240.0
2026-04-26,20,10.5,177.0
2026-04-26,21,23.2,136.0
2026-04-26,22,20.1,153.0
2026-04-26,23,39.0,222.0
2026-04-26,24,28.4,236.0
2026-04-27,1,8.3,327.0
2026-04-27,2,7.6,195.0
2026-04-27,3,7.5,249.0
2026-04-27,4,6.6,241.0
2026-04-27,5,15.3,210.0
2026-04-27,6,26.7,203.0
2026-04-27,7,28.9,210.0
2026-04-27,8,28.7,211.0
2026-04-27,9,23.8,214.0
2026-04-27,10,19.0,222.0
2026-04-27,11,18.7,222.0
2026-04-27,12,21.1,233.0
2026-04-27,13,18.2,254.0
2026-04-27,14,14.4,260.0
2026-04-27,15,12.7,249.0
2026-04-27,16,12.7,239.0
2026-04-27,17,15.2,237.0
2026-04-27,18,15.2,243.0
2026-04-27,19,11.1,226.0
2026-04-27,20,11.9,236.0
2026-04-27,21,17.3,321.0
2026-04-27,22,19.1,46.0
2026-04-27,23,18.6,85.0
2026-04-27,24,12.6,91.0
2026-04-28,1,4.6,324.0
2026-04-28,2,6.2,319.0
2026-04-28,3,6.5,88.0
2026-04-28,4,6.7,164.0
2026-04-28,5,7.1,187.0
2026-04-28,6,9.9,202.0
2026-04-28,7,17.6,200.0
2026-04-28,8,21.7,199.0
2026-04-28,9,23.9,201.0
2026-04-28,10,18.8,210.0
2026-04-28,11,18.0,216.0
2026-04-28,12,16.7,225.0
2026-04-28,13,15.9,225.0
2026-04-28,14,16.0,231.0
2026-04-28,15,16.2,234.0
2026-04-28,16,15.8,236.0
2026-04-28,17,17.3,239.0
2026-04-28,18,16.8,247.0
2026-04-28,19,17.6,244.0
2026-04-28,20,15.2,228.0
2026-04-28,21,16.2,192.0
2026-04-28,22,22.4,186.0
2026-04-28,23,26.0,188.0
2026-04-28,24,25.7,206.0
2026-04-29,1,25.3,202.0
2026-04-29,2,27.9,200.0
2026-04-29,3,24.6,198.0
2026-04-29,4,22.8,200.0
2026-04-29,5,18.9,205.0
2026-04-29,6,11.5,222.0
2026-04-29,7,6.2,202.0
2026-04-29,8,5.3,215.0
2026-04-29,9,5.4,220.0
2026-04-29,10,4.0,238.0
2026-04-29,11,8.2,237.0
2026-04-29,12,12.8,241.0
2026-04-29,13,13.5,233.0
2026-04-29,14,11.1,233.0
2026-04-29,15,6.5,236.0
2026-04-29,16,8.7,307.0
2026-04-29,17,8.4,313.0
2026-04-29,18,3.5,255.0
2026-04-29,19,10.1,43.0
2026-04-29,20,11.2,312.0
2026-04-29,21,4.3,270.0
2026-04-29,22,12.3,87.0
2026-04-29,23,19.7,86.0
2026-04-29,24,13.3,81.0
2026-04-30,1,10.1,51.0
2026-04-30,2,17.9,31.0
2026-04-30,3,19.2,34.0
2026-04-30,4,19.8,28.0
2026-04-30,5,19.7,24.0
2026-04-30,6,20.0,27.0
2026-04-30,7,20.9,24.0
2026-04-30,8,23.0,29.0
2026-04-30,9,24.3,31.0
2026-04-30,10,17.7,24.0
2026-04-30,11,19.9,16.0
2026-04-30,12,23.0,21.0
2026-04-30,13,20.5,20.0
2026-04-30,14,19.3,15.0
2026-04-30,15,20.0,17.0
2026-04-30,16,15.2,13.0
2026-04-30,17,15.4,350.0
2026-04-30,18,10.4,2.0
2026-04-30,19,11.5,23.0
2026-04-30,20,27.2,39.0
2026-04-30,21,23.9,23.0
2026-04-30,22,23.9,360.0
2026-04-30,23,21.0,26.0
2026-04-30,24,21.6,44.0
2026-05-01,1,18.5,21.0
2026-05-01,2,16.9,22.0
2026-05-01,3,13.2,22.0
2026-05-01,4,12.9,18.0
2026-05-01,5,11.3,17.0
2026-05-01,6,6.0,33.0
2026-05-01,7,4.0,32.0
2026-05-01,8,6.9,41.0
2026-05-01,9,3.9,56.0
2026-05-01,10,3.5,15.0
2026-05-01,11,5.1,342.0
2026-05-01,12,4.0,324.0
2026-05-01,13,3.7,346.0
2026-05-01,14,3.6,360.0
2026-05-01,15,3.1,360.0
2026-05-01,16,2.5,4.0
2026-05-01,17,1.5,30.0
2026-05-01,18,2.7,82.0
2026-05-01,19,6.7,109.0
2026-05-01,20,8.0,108.0
2026-05-01,21,8.3,112.0
2026-05-01,22,4.8,153.0
2026-05-01,23,6.7,161.0
2026-05-01,24,6.6,164.0
2026-05-02,1,4.1,182.0
2026-05-02,2,4.1,218.0
2026-05-02,3,2.5,274.0
2026-05-02,4,3.1,301.0
2026-05-02,5,4.1,331.0
2026-05-02,6,3.9,22.0
2026-05-02,7,3.3,45.0
2026-05-02,8,4.2,100.0
2026-05-02,9,3.2,137.0
2026-05-02,10,2.0,360.0
2026-05-02,11,9.0,337.0
2026-05-02,12,7.1,330.0
2026-05-02,13,8.0,242.0
2026-05-02,14,12.8,230.0
2026-05-02,15,14.5,224.0
2026-05-02,16,14.1,220.0
2026-05-02,17,15.0,213.0
2026-05-02,18,17.7,202.0
2026-05-02,19,18.3,203.0
2026-05-02,20,24.2,195.0
2026-05-02,21,27.6,176.0
2026-05-02,22,31.9,179.0
2026-05-02,23,30.9,172.0
2026-05-02,24,30.0,184.0
2026-05-03,1,29.9,201.0
2026-05-03,2,29.2,212.0
2026-05-03,3,27.7,209.0
2026-05-03,4,23.5,211.0
2026-05-03,5,23.7,210.0
2026-05-03,6,17.2,209.0
2026-05-03,7,6.5,251.0
2026-05-03,8,5.5,234.0
2026-05-03,9,5.2,272.0
2026-05-03,10,6.0,311.0
2026-05-03,11,4.7,272.0
2026-05-03,12,6.7,254.0
2026-05-03,13,9.7,248.0
2026-05-03,14,8.5,253.0
2026-05-03,15,7.9,254.0
2026-05-03,16,7.4,256.0
2026-05-03,17,8.1,267.0
2026-05-03,18,8.9,288.0
2026-05-03,19,7.5,280.0
2026-05-03,20,7.8,277.0
2026-05-03,21,11.0,260.0
2026-05-03,22,6.7,236.0
2026-05-03,23,21.7,175.0
2026-05-03,24,15.3,189.0
2026-05-04,1,16.5,191.0
2026-05-04,2,10.1,205.0
2026-05-04,3,7.3,200.0
2026-05-04,4,3.2,243.0
2026-05-04,5,12.5,185.0
2026-05-04,6,6.0,205.0
2026-05-04,7,5.6,338.0
2026-05-04,8,2.7,110.0
2026-05-04,9,1.3,180.0
2026-05-04,10,5.1,333.0
2026-05-04,11,5.8,353.0
2026-05-04,12,4.9,356.0
2026-05-04,13,8.1,3.0
2026-05-04,14,6.7,352.0
2026-05-04,15,5.9,308.0
2026-05-04,16,12.1,302.0
2026-05-04,17,17.6,311.0
2026-05-04,18,14.5,329.0
2026-05-04,19,9.4,359.0
2026-05-04,20,14.6,16.0
2026-05-04,21,30.8,43.0
2026-05-04,22,36.0,39.0
2026-05-04,23,32.7,40.0
2026-05-04,24,32.7,36.0
2026-05-05,1,35.9,31.0
2026-05-05,2,35.5,27.0
2026-05-05,3,35.2,23.0
2026-05-05,4,35.0,27.0
2026-05-05,5,34.9,25.0
2026-05-05,6,35.3,27.0
2026-05-05,7,32.9,27.0
2026-05-05,8,30.4,30.0
2026-05-05,9,25.0,27.0
2026-05-05,10,26.1,24.0
2026-05-05,11,29.7,28.0
2026-05-05,12,29.7,28.0
2026-05-05,13,27.7,23.0
2026-05-05,14,27.2,20.0
2026-05-05,15,31.9,16.0
2026-05-05,16,26.7,14.0
2026-05-05,17,28.1,1.0
2026-05-05,18,27.9,13.0
2026-05-05,19,20.8,12.0
2026-05-05,20,27.6,21.0
2026-05-05,21,40.5,34.0
2026-05-05,22,45.2,42.0
2026-05-05,23,40.2,44.0
2026-05-05,24,32.7,33.0
2026-05-06,1,34.6,34.0
2026-05-06,2,29.0,34.0
2026-05-06,3,27.1,29.0
2026-05-06,4,25.8,31.0
2026-05-06,5,21.2,32.0
2026-05-06,6,16.7,33.0
2026-05-06,7,13.8,27.0
2026-05-06,8,12.0,44.0
2026-05-06,9,6.0,65.0
2026-05-06,10,3.6,57.0
2026-05-06,11,4.2,47.0
2026-05-06,12,2.1,15.0
2026-05-06,13,4.1,272.0
2026-05-06,14,7.3,254.0
2026-05-06,15,10.7,228.0
2026-05-06,16,15.3,230.0
2026-05-06,17,15.5,231.0
2026-05-06,18,22.3,227.0
2026-05-06,19,26.1,232.0
2026-05-06,20,28.8,250.0
2026-05-06,21,27.8,243.0
2026-05-06,22,31.5,234.0
2026-05-06,23,32.6,218.0
2026-05-06,24,32.6,219.0
2026-05-07,1,32.5,221.0
2026-05-07,2,28.5,216.0
2026-05-07,3,32.7,210.0
2026-05-07,4,34.7,208.0
2026-05-07,5,32.9,208.0
2026-05-07,6,33.0,207.0
2026-05-07,7,27.7,211.0
2026-05-07,8,26.5,204.0
2026-05-07,9,23.3,202.0
2026-05-07,10,24.4,209.0
2026-05-07,11,27.2,213.0
2026-05-07,12,27.4,226.0
2026-05-07,13,23.7,236.0
2026-05-07,14,23.6,254.0
2026-05-07,15,27.9,259.0
2026-05-07,16,27.2,244.0
2026-05-07,17,22.5,257.0
2026-05-07,18,17.9,260.0
2026-05-07,19,19.8,235.0
2026-05-07,20,14.7,233.0
2026-05-07,21,20.3,228.0
2026-05-07,22,25.4,248.0
2026-05-07,23,26.7,213.0
2026-05-07,24,25.1,214.0
2026-05-08,1,23.0,206.0
2026-05-08,2,13.6,209.0
2026-05-08,3,1.5,144.0
2026-05-08,4,1.1,171.0
2026-05-08,5,3.7,299.0
2026-05-08,6,2.8,325.0
2026-05-08,7,1.7,193.0
2026-05-08,8,5.3,188.0
2026-05-08,9,5.4,200.0
2026-05-08,10,7.2,248.0
2026-05-08,11,10.7,235.0
2026-05-08,12,12.3,232.0
2026-05-08,13,11.5,228.0
2026-05-08,14,15.9,224.0
2026-05-08,15,19.6,223.0
2026-05-08,16,20.2,231.0
2026-05-08,17,19.0,247.0
2026-05-08,18,23.1,256.0
2026-05-08,19,24.1,243.0
2026-05-08,20,28.8,231.0
2026-05-08,21,34.3,232.0
2026-05-08,22,37.9,233.0
2026-05-08,23,40.3,221.0
2026-05-08,24,37.1,221.0
2026-05-09,1,28.0,221.0
2026-05-09,2,18.0,229.0
2026-05-09,3,6.7,262.0
2026-05-09,4,2.0,180.0
2026-05-09,5,3.2,142.0
2026-05-09,6,5.2,207.0
2026-05-09,7,1.9,68.0
2026-05-09,8,0.9,79.0
2026-05-09,9,0.9,127.0
2026-05-09,10,2.2,318.0
2026-05-09,11,7.0,320.0
2026-05-09,12,6.8,281.0
2026-05-09,13,9.2,273.0
2026-05-09,14,18.3,302.0
2026-05-09,15,22.5,323.0
2026-05-09,16,17.7,315.0
2026-05-09,17,16.1,327.0
2026-05-09,18,20.2,341.0
2026-05-09,19,12.8,358.0
2026-05-09,20,8.8,26.0
2026-05-09,21,11.5,68.0
2026-05-09,22,10.3,145.0
2026-05-09,23,27.8,71.0
2026-05-09,24,22.9,112.0
2026-05-10,1,16.3,126.0
2026-05-10,2,14.3,118.0
2026-05-10,3,14.8,143.0
2026-05-10,4,11.1,168.0
2026-05-10,5,7.3,218.0
2026-05-10,6,6.2,253.0
2026-05-10,7,3.8,319.0
2026-05-10,8,3.6,20.0
2026-05-10,9,2.2,35.0
2026-05-10,10,1.7,311.0
2026-05-10,11,5.7,235.0
2026-05-10,12,10.2,224.0
2026-05-10,13,16.2,224.0
2026-05-10,14,19.6,222.0
2026-05-10,15,18.6,220.0
2026-05-10,16,18.4,220.0
2026-05-10,17,19.9,215.0
2026-05-10,18,20.5,214.0
2026-05-10,19,23.1,214.0
2026-05-10,20,25.2,204.0
2026-05-10,21,24.8,185.0
2026-05-10,22,30.6,172.0
2026-05-10,23,28.4,180.0
2026-05-10,24,27.6,178.0
2026-05-11,1,28.8,182.0
2026-05-11,2,25.1,177.0
2026-05-11,3,21.5,175.0
2026-05-11,4,13.6,188.0
2026-05-11,5,8.1,180.0
2026-05-11,6,8.4,171.0
2026-05-11,7,6.7,183.0
2026-05-11,8,3.5,192.0
2026-05-11,9,3.6,200.0
2026-05-11,10,3.9,283.0
2026-05-11,11,10.3,235.0
2026-05-11,12,24.4,217.0
2026-05-11,13,30.1,223.0
2026-05-11,14,32.7,226.0
2026-05-11,15,32.8,226.0
2026-05-11,16,33.3,232.0
2026-05-11,17,38.4,239.0
2026-05-11,18,40.8,244.0
2026-05-11,19,39.1,246.0
2026-05-11,20,36.4,249.0
2026-05-11,21,32.1,239.0
2026-05-11,22,32.3,225.0
2026-05-11,23,30.9,226.0
2026-05-11,24,27.1,230.0
2026-05-12,1,21.9,212.0
2026-05-12,2,22.8,196.0
2026-05-12,3,24.3,201.0
2026-05-12,4,19.8,215.0
2026-05-12,5,15.9,203.0
2026-05-12,6,11.1,196.0
2026-05-12,7,5.4,360.0
2026-05-12,8,4.4,7.0
2026-05-12,9,3.6,354.0
2026-05-12,10,4.1,322.0
2026-05-12,11,3.2,286.0
2026-05-12,12,3.8,251.0
2026-05-12,13,4.6,249.0
2026-05-12,14,3.0,253.0
2026-05-12,15,2.1,255.0
2026-05-12,16,2.2,265.0
2026-05-12,17,1.2,297.0
2026-05-12,18,2.1,121.0
2026-05-12,19,6.3,149.0
2026-05-12,20,8.2,158.0
2026-05-12,21,12.1,159.0
2026-05-12,22,21.8,145.0
2026-05-12,23,26.8,148.0
2026-05-12,24,27.0,138.0
2026-05-13,1,27.4,133.0
2026-05-13,2,27.4,134.0
2026-05-13,3,30.1,137.0
2026-05-13,4,31.8,137.0
2026-05-13,5,34.7,143.0
2026-05-13,6,35.6,149.0
2026-05-13,7,6.3,143.0
2026-05-13,8,11.1,134.0
2026-05-13,9,18.3,155.0
2026-05-13,10,8.6,202.0
2026-05-13,11,23.9,197.0
2026-05-13,12,34.2,204.0
2026-05-13,13,44.2,219.0
2026-05-13,14,53.8,207.0
2026-05-13,15,40.6,207.0
2026-05-13,16,59.3,219.0
2026-05-13,17,37.7,201.0
2026-05-13,18,25.6,192.0
2026-05-13,19,38.4,215.0
2026-05-13,20,35.0,212.0
2026-05-13,21,55.7,251.0
2026-05-13,22,43.3,231.0
2026-05-13,23,44.3,230.0
2026-05-13,24,36.3,237.0
2026-05-14,1,35.9,230.0
2026-05-14,2,32.4,218.0
2026-05-14,3,29.3,209.0
2026-05-14,4,29.4,205.0
2026-05-14,5,34.0,200.0
2026-05-14,6,30.1,208.0
2026-05-14,7,30.4,200.0
2026-05-14,8,31.3,209.0
2026-05-14,9,31.9,210.0
2026-05-14,10,31.6,214.0
2026-05-14,11,31.2,216.0
2026-05-14,12,33.8,219.0
2026-05-14,13,35.2,222.0
2026-05-14,14,36.9,224.0
2026-05-14,15,39.1,228.0
2026-05-14,16,39.9,228.0
2026-05-14,17,39.4,229.0
2026-05-14,18,40.3,229.0
2026-05-14,19,42.7,227.0
2026-05-14,20,46.5,223.0
2026-05-14,21,48.1,225.0
2026-05-14,22,45.2,224.0
2026-05-14,23,40.6,226.0
2026-05-14,24,46.2,234.0
2026-05-15,1,37.5,233.0
2026-05-15,2,28.0,222.0
2026-05-15,3,27.5,209.0
2026-05-15,4,27.7,206.0
2026-05-15,5,25.8,208.0
2026-05-15,6,28.0,211.0
2026-05-15,7,30.2,210.0
2026-05-15,8,32.9,205.0
2026-05-15,9,31.2,209.0
2026-05-15,10,34.5,217.0
2026-05-15,11,33.5,219.0
2026-05-15,12,33.7,227.0
2026-05-15,13,34.7,228.0
2026-05-15,14,36.7,227.0
2026-05-15,15,38.8,226.0
2026-05-15,16,42.9,229.0
2026-05-15,17,46.4,233.0
2026-05-15,18,49.4,231.0
2026-05-15,19,50.3,231.0
2026-05-15,20,48.5,231.0
2026-05-15,21,44.7,230.0
2026-05-15,22,42.9,230.0
2026-05-15,23,39.9,228.0
2026-05-15,24,34.7,225.0
2026-05-16,1,27.4,219.0
2026-05-16,2,28.6,208.0
2026-05-16,3,28.3,208.0
2026-05-16,4,27.3,204.0
2026-05-16,5,28.2,208.0
2026-05-16,6,23.6,212.0
2026-05-16,7,20.0,206.0
2026-05-16,8,20.3,207.0
2026-05-16,9,18.7,206.0
2026-05-16,10,21.0,203.0
2026-05-16,11,20.7,213.0
2026-05-16,12,24.0,223.0
2026-05-16,13,25.9,222.0
2026-05-16,14,29.3,225.0
2026-05-16,15,33.2,225.0
2026-05-16,16,40.3,231.0
2026-05-16,17,45.1,235.0
2026-05-16,18,50.6,237.0
2026-05-16,19,51.4,233.0
2026-05-16,20,53.3,227.0
2026-05-16,21,53.4,230.0
2026-05-16,22,50.5,226.0
2026-05-16,23,44.9,229.0
2026-05-16,24,19.0,292.0
2026-05-17,1,21.8,1.0
2026-05-17,2,19.1,9.0
2026-05-17,3,19.6,19.0
2026-05-17,4,17.8,20.0
2026-05-17,5,16.4,17.0
2026-05-17,6,17.9,13.0
2026-05-17,7,15.5,1.0
2026-05-17,8,14.3,7.0
2026-05-17,9,15.6,12.0
2026-05-17,10,15.5,13.0
2026-05-17,11,12.3,6.0
2026-05-17,12,11.4,348.0
2026-05-17,13,14.5,346.0
2026-05-17,14,13.5,348.0
2026-05-17,15,14.9,358.0
2026-05-17,16,17.3,5.0
2026-05-17,17,22.0,8.0
2026-05-17,18,24.5,8.0
2026-05-17,19,28.6,11.0
2026-05-17,20,30.9,18.0
2026-05-17,21,30.2,20.0
2026-05-17,22,31.3,27.0
2026-05-17,23,35.5,28.0
2026-05-17,24,41.6,23.0
2026-05-18,1,38.9,20.0
2026-05-18,2,38.6,13.0
2026-05-18,3,37.7,7.0
2026-05-18,4,39.4,5.0
2026-05-18,5,39.7,4.0
2026-05-18,6,40.3,1.0
2026-05-18,7,39.4,4.0
2026-05-18,8,38.0,3.0
2026-05-18,9,39.2,5.0
2026-05-18,10,39.2,4.0
2026-05-18,11,37.6,6.0
2026-05-18,12,35.8,8.0
2026-05-18,13,33.0,18.0
2026-05-18,14,27.7,15.0
2026-05-18,15,26.8,2.0
2026-05-18,16,23.8,353.0
2026-05-18,17,27.0,351.0
2026-05-18,18,22.4,347.0
2026-05-18,19,24.6,11.0
2026-05-18,20,21.5,11.0
2026-05-18,21,19.5,14.0
2026-05-18,22,16.4,24.0
2026-05-18,23,16.4,47.0
2026-05-18,24,16.6,53.0
2026-05-19,1,22.6,49.0
2026-05-19,2,18.6,65.0
2026-05-19,3,11.6,75.0
2026-05-19,4,7.1,81.0
2026-05-19,5,4.3,73.0
2026-05-19,6,2.7,70.0
2026-05-19,7,3.0,25.0
2026-05-19,8,4.1,52.0
2026-05-19,9,4.3,42.0
2026-05-19,10,4.2,342.0
2026-05-19,11,3.6,297.0
2026-05-19,12,4.2,260.0
2026-05-19,13,6.1,251.0
2026-05-19,14,7.3,253.0
2026-05-19,15,6.8,243.0
2026-05-19,16,8.4,217.0
2026-05-19,17,12.7,225.0
2026-05-19,18,13.5,240.0
2026-05-19,19,13.2,259.0
2026-05-19,20,15.4,236.0
2026-05-19,21,16.2,224.0
2026-05-19,22,16.3,200.0
2026-05-19,23,23.6,177.0
2026-05-19,24,28.6,220.0
2026-05-20,1,18.4,231.0
2026-05-20,2,22.0,184.0
2026-05-20,3,23.2,193.0
2026-05-20,4,23.2,193.0
2026-05-20,5,23.1,194.0
2026-05-20,6,23.7,197.0
2026-05-20,7,21.5,202.0
2026-05-20,8,18.8,201.0
2026-05-20,9,17.7,202.0
2026-05-20,10,20.9,211.0
2026-05-20,11,20.9,220.0
2026-05-20,12,21.6,229.0
2026-05-20,13,18.2,237.0
2026-05-20,14,19.6,248.0
2026-05-20,15,17.6,254.0
2026-05-20,16,19.6,242.0
2026-05-20,17,20.8,242.0
2026-05-20,18,22.6,253.0
2026-05-20,19,22.2,249.0
2026-05-20,20,25.9,245.0
2026-05-20,21,25.3,230.0
2026-05-20,22,21.5,236.0
2026-05-20,23,11.6,227.0
2026-05-20,24,21.7,232.0
2026-05-21,1,15.1,230.0
2026-05-21,2,33.2,3.0
2026-05-21,3,30.8,22.0
2026-05-21,4,23.6,15.0
2026-05-21,5,24.9,358.0
2026-05-21,6,14.8,359.0
2026-05-21,7,7.8,34.0
2026-05-21,8,8.0,9.0
2026-05-21,9,11.0,354.0
2026-05-21,10,20.4,355.0
2026-05-21,11,22.2,358.0
2026-05-21,12,21.1,345.0
2026-05-21,13,20.7,15.0
2026-05-21,14,16.0,357.0
2026-05-21,15,26.3,350.0
2026-05-21,16,25.6,340.0
2026-05-21,17,26.7,345.0
2026-05-21,18,23.0,360.0
2026-05-21,19,22.6,11.0
2026-05-21,20,20.6,9.0
2026-05-21,21,17.1,21.0
2026-05-21,22,21.1,55.0
2026-05-21,23,28.9,66.0
2026-05-21,24,30.9,72.0
2026-05-22,1,25.4,83.0
2026-05-22,2,12.7,103.0
2026-05-22,3,0.6,236.0
2026-05-22,4,1.1,288.0
2026-05-22,5,0.5,45.0
2026-05-22,6,2.7,53.0
2026-05-22,7,3.8,49.0
2026-05-22,8,6.1,45.0
2026-05-22,9,5.3,38.0
2026-05-22,10,3.4,360.0
2026-05-22,11,5.1,328.0
2026-05-22,12,4.3,303.0
2026-05-22,13,3.5,291.0
2026-05-22,14,5.2,258.0
2026-05-22,15,8.3,259.0
2026-05-22,16,7.0,270.0
2026-05-22,17,4.0,273.0
2026-05-22,18,2.8,259.0
2026-05-22,19,6.2,285.0
2026-05-22,20,5.5,279.0
2026-05-22,21,2.9,202.0
2026-05-22,22,8.9,133.0
2026-05-22,23,13.7,128.0
2026-05-22,24,22.7,136.0
2026-05-23,1,22.4,147.0
2026-05-23,2,24.4,143.0
2026-05-23,3,23.7,153.0
2026-05-23,4,18.0,177.0
2026-05-23,5,12.9,195.0
2026-05-23,6,9.9,201.0
2026-05-23,7,7.7,205.0
2026-05-23,8,4.4,207.0
2026-05-23,9,5.5,197.0
2026-05-23,10,7.5,228.0
2026-05-23,11,15.3,223.0
2026-05-23,12,20.5,227.0
2026-05-23,13,22.4,237.0
2026-05-23,14,23.6,247.0
2026-05-23,15,21.4,252.0
2026-05-23,16,18.0,256.0
2026-05-23,17,24.8,255.0
2026-05-23,18,31.8,253.0
2026-05-23,19,27.2,263.0
2026-05-23,20,25.0,268.0
2026-05-23,21,18.7,283.0
2026-05-23,22,18.5,280.0
2026-05-23,23,21.1,223.0
2026-05-23,24,29.4,260.0
2026-05-24,1,18.5,227.0
2026-05-24,2,29.8,203.0
2026-05-24,3,26.0,215.0
2026-05-24,4,23.8,201.0
2026-05-24,5,26.5,204.0
2026-05-24,6,27.0,201.0
2026-05-24,7,25.9,187.0
2026-05-24,8,22.6,205.0
2026-05-24,9,14.5,225.0
2026-05-24,10,10.9,211.0
2026-05-24,11,20.9,212.0
2026-05-24,12,24.3,217.0
2026-05-24,13,24.8,237.0
2026-05-24,14,26.2,239.0
2026-05-24,15,29.7,245.0
2026-05-24,16,30.9,253.0
2026-05-24,17,26.3,271.0
2026-05-24,18,24.6,255.0
2026-05-24,19,13.4,244.0
2026-05-24,20,7.3,222.0
2026-05-24,21,14.4,189.0
2026-05-24,22,35.5,208.0
2026-05-24,23,26.4,202.0
2026-05-24,24,25.7,198.0
2026-05-25,1,21.2,186.0
2026-05-25,2,19.5,183.0
2026-05-25,3,19.1,181.0
2026-05-25,4,16.8,178.0
2026-05-25,5,14.6,171.0
2026-05-25,6,11.1,157.0
2026-05-25,7,2.9,68.0
2026-05-25,8,7.8,9.0
2026-05-25,9,4.6,18.0
2026-05-25,10,5.2,360.0
2026-05-25,11,6.5,354.0
2026-05-25,12,4.6,351.0
2026-05-25,13,7.4,212.0
2026-05-25,14,11.6,206.0
2026-05-25,15,17.6,191.0
2026-05-25,16,20.3,193.0
2026-05-25,17,26.7,195.0
2026-05-25,18,26.5,149.0
2026-05-25,19,20.2,189.0
2026-05-25,20,27.3,175.0
2026-05-25,21,26.8,154.0
2026-05-25,22,27.9,138.0
2026-05-25,23,31.5,138.0
2026-05-25,24,33.8,139.0
2026-05-26,1,35.0,136.0
2026-05-26,2,40.6,143.0
2026-05-26,3,40.7,145.0
2026-05-26,4,45.5,147.0
2026-05-26,5,36.5,159.0
2026-05-26,6,20.4,146.0
2026-05-26,7,42.0,147.0
2026-05-26,8,44.6,141.0
2026-05-26,9,36.5,123.0
2026-05-26,10,38.2,136.0
2026-05-26,11,34.2,150.0
2026-05-26,12,25.5,164.0
2026-05-26,13,11.7,185.0
2026-05-26,14,12.8,358.0
2026-05-26,15,4.0,129.0
2026-05-26,16,14.3,105.0
2026-05-26,17,13.5,54.0
2026-05-26,18,10.4,62.0
2026-05-26,19,8.4,75.0
2026-05-26,20,10.9,45.0
2026-05-26,21,12.3,37.0
2026-05-26,22,19.1,39.0
2026-05-26,23,18.5,55.0
2026-05-26,24,16.3,80.0
2026-05-27,1,18.0,91.0
2026-05-27,2,20.5,91.0
2026-05-27,3,20.8,78.0
2026-05-27,4,18.0,64.0
2026-05-27,5,15.5,52.0
2026-05-27,6,14.1,40.0
2026-05-27,7,17.6,48.0
2026-05-27,8,18.4,57.0
2026-05-27,9,18.9,69.0
2026-05-27,10,15.4,52.0
2026-05-27,11,13.2,60.0
2026-05-27,12,13.2,135.0
2026-05-27,13,20.7,149.0
2026-05-27,14,24.4,142.0
2026-05-27,15,23.1,139.0
2026-05-27,16,21.8,135.0
2026-05-27,17,23.1,154.0
2026-05-27,18,17.7,174.0
2026-05-27,19,19.1,191.0
2026-05-27,20,9.6,206.0
2026-05-27,21,12.3,276.0
2026-05-27,22,5.9,297.0
2026-05-27,23,1.8,79.0
2026-05-27,24,4.6,347.0
2026-05-28,1,9.8,14.0
2026-05-28,2,12.4,66.0
2026-05-28,3,13.9,89.0
2026-05-28,4,15.6,97.0
2026-05-28,5,23.2,100.0
2026-05-28,6,32.5,100.0
2026-05-28,7,32.8,100.0
2026-05-28,8,27.8,102.0
2026-05-28,9,23.7,111.0
2026-05-28,10,8.2,113.0
2026-05-28,11,10.6,145.0
2026-05-28,12,26.7,168.0
2026-05-28,13,25.7,171.0
2026-05-28,14,21.9,173.0
2026-05-28,15,22.0,183.0
2026-05-28,16,23.8,194.0
2026-05-28,17,23.5,196.0
2026-05-28,18,26.6,185.0
2026-05-28,19,23.9,202.0
2026-05-28,20,22.4,202.0
2026-05-28,21,20.2,175.0
2026-05-28,22,18.4,172.0
2026-05-28,23,21.4,212.0
2026-05-28,24,21.1,211.0
2026-05-29,1,19.3,216.0
2026-05-29,2,13.9,191.0
2026-05-29,3,14.8,202.0
2026-05-29,4,15.9,225.0
2026-05-29,5,13.3,196.0
2026-05-29,6,15.4,206.0
2026-05-29,7,21.1,220.0
2026-05-29,8,22.7,218.0
2026-05-29,9,19.3,210.0
2026-05-29,10,18.1,212.0
2026-05-29,11,18.3,213.0
2026-05-29,12,17.6,223.0
2026-05-29,13,15.3,233.0
2026-05-29,14,14.3,223.0
2026-05-29,15,17.5,201.0
2026-05-29,16,17.0,220.0
2026-05-29,17,15.6,210.0
2026-05-29,18,14.5,210.0
2026-05-29,19,13.6,212.0
2026-05-29,20,16.5,188.0
2026-05-29,21,27.9,127.0
2026-05-29,22,30.7,196.0
2026-05-29,23,26.7,215.0
2026-05-29,24,25.1,217.0
2026-05-30,1,29.1,215.0
2026-05-30,2,30.0,203.0
2026-05-30,3,35.2,202.0
2026-05-30,4,34.1,207.0
2026-05-30,5,33.9,202.0
2026-05-30,6,35.2,198.0
2026-05-30,7,33.0,201.0
2026-05-30,8,34.8,205.0
2026-05-30,9,33.5,203.0
2026-05-30,10,32.7,208.0
2026-05-30,11,32.1,215.0
2026-05-30,12,26.1,214.0
2026-05-30,13,22.2,209.0
2026-05-30,14,18.2,184.0
2026-05-30,15,15.8,159.0
2026-05-30,16,13.5,144.0
2026-05-30,17,11.7,124.0
2026-05-30,18,14.7,105.0
2026-05-30,19,11.6,116.0
2026-05-30,20,7.8,81.0
2026-05-30,21,6.0,85.0
2026-05-30,22,4.2,59.0
2026-05-30,23,3.5,325.0
2026-05-30,24,2.6,258.0
2026-05-31,1,5.9,227.0
2026-05-31,2,7.0,238.0
2026-05-31,3,14.0,235.0
2026-05-31,4,11.0,204.0
2026-05-31,5,15.5,213.0
2026-05-31,6,20.9,230.0
2026-05-31,7,19.1,231.0
2026-05-31,8,21.0,216.0
2026-05-31,9,28.4,209.0
2026-05-31,10,28.5,210.0
2026-05-31,11,26.1,213.0
2026-05-31,12,24.4,217.0
2026-05-31,13,19.5,221.0
2026-05-31,14,20.4,226.0
2026-05-31,15,20.5,239.0
2026-05-31,16,24.4,244.0
2026-05-31,17,26.2,297.0
2026-05-31,18,15.7,36.0
2026-05-31,19,12.0,18.0
2026-05-31,20,14.0,37.0
2026-05-31,21,13.6,54.0
2026-05-31,22,21.1,57.0
2026-05-31,23,19.0,72.0
2026-05-31,24,18.0,76.0
2026-06-01,1,14.8,46.0
2026-06-01,2,16.2,32.0
2026-06-01,3,17.7,38.0
2026-06-01,4,14.3,47.0
2026-06-01,5,14.1,39.0
2026-06-01,6,15.9,32.0
2026-06-01,7,14.2,30.0
2026-06-01,8,10.4,30.0
2026-06-01,9,6.2,15.0
2026-06-01,10,6.1,360.0
2026-06-01,11,5.0,360.0
2026-06-01,12,2.4,318.0
2026-06-01,13,6.6,241.0
2026-06-01,14,9.9,232.0
2026-06-01,15,13.1,229.0
2026-06-01,16,16.1,240.0
2026-06-01,17,16.5,233.0
2026-06-01,18,14.2,213.0
2026-06-01,19,17.3,226.0
2026-06-01,20,15.0,243.0
2026-06-01,21,15.0,289.0
2026-06-01,22,24.0,30.0
2026-06-01,23,22.7,92.0
2026-06-01,24,17.8,124.0
2026-06-02,1,6.7,175.0
2026-06-02,2,3.1,177.0
2026-06-02,3,2.2,171.0
2026-06-02,4,1.4,203.0
2026-06-02,5,2.4,197.0
2026-06-02,6,2.7,212.0
2026-06-02,7,6.0,219.0
2026-06-02,8,5.9,218.0
2026-06-02,9,6.6,221.0
2026-06-02,10,6.5,247.0
2026-06-02,11,9.0,240.0
2026-06-02,12,13.5,233.0
2026-06-02,13,13.8,229.0
2026-06-02,14,14.2,229.0
2026-06-02,15,15.0,236.0
2026-06-02,16,14.0,237.0
2026-06-02,17,9.6,240.0
2026-06-02,18,5.0,199.0
2026-06-02,19,6.8,209.0
2026-06-02,20,11.1,217.0
2026-06-02,21,18.1,186.0
2026-06-02,22,22.6,174.0
2026-06-02,23,18.4,177.0
2026-06-02,24,17.3,182.0
2026-06-03,1,20.2,178.0
2026-06-03,2,21.2,170.0
2026-06-03,3,21.7,175.0
2026-06-03,4,20.3,181.0
2026-06-03,5,16.8,197.0
2026-06-03,6,13.7,202.0
2026-06-03,7,13.2,255.0
2026-06-03,8,7.9,225.0
2026-06-03,9,9.9,207.0
2026-06-03,10,6.3,243.0
2026-06-03,11,5.4,256.0
2026-06-03,12,3.6,252.0
2026-06-03,13,2.8,235.0
2026-06-03,14,1.9,209.0
2026-06-03,15,2.4,243.0
2026-06-03,16,2.8,259.0
2026-06-03,17,3.7,259.0
2026-06-03,18,2.5,120.0
2026-06-03,19,13.1,91.0
2026-06-03,20,19.6,71.0
2026-06-03,21,18.7,74.0
2026-06-03,22,25.4,93.0
2026-06-03,23,22.3,96.0
2026-06-03,24,16.3,73.0
2026-06-04,1,20.2,49.0
2026-06-04,2,17.2,44.0
2026-06-04,3,10.0,56.0
2026-06-04,4,10.3,173.0
2026-06-04,5,27.7,222.0
2026-06-04,6,16.7,202.0
2026-06-04,7,23.0,196.0
2026-06-04,8,26.4,201.0
2026-06-04,9,21.0,215.0
2026-06-04,10,25.2,210.0
2026-06-04,11,27.0,218.0
2026-06-04,12,27.6,218.0
2026-06-04,13,31.5,233.0
2026-06-04,14,30.8,246.0
2026-06-04,15,28.8,251.0
2026-06-04,16,31.9,245.0
2026-06-04,17,30.7,249.0
2026-06-04,18,24.2,242.0
2026-06-04,19,23.9,235.0
2026-06-04,20,25.8,230.0
2026-06-04,21,24.9,218.0
2026-06-04,22,27.9,207.0
2026-06-04,23,35.0,202.0
2026-06-04,24,34.1,202.0
2026-06-05,1,30.0,195.0
2026-06-05,2,30.0,192.0
2026-06-05,3,30.3,190.0
2026-06-05,4,31.6,191.0
2026-06-05,5,31.0,194.0
2026-06-05,6,29.3,195.0
2026-06-05,7,26.7,201.0
2026-06-05,8,23.5,207.0
2026-06-05,9,20.7,216.0
2026-06-05,10,18.8,218.0
2026-06-05,11,21.0,221.0
2026-06-05,12,20.8,223.0
2026-06-05,13,20.1,223.0
2026-06-05,14,20.7,221.0
2026-06-05,15,22.2,221.0
2026-06-05,16,22.6,217.0
2026-06-05,17,24.1,215.0
2026-06-05,18,25.8,215.0
2026-06-05,19,27.6,213.0
2026-06-05,20,24.2,210.0
2026-06-05,21,19.2,200.0
2026-06-05,22,14.6,170.0
2026-06-05,23,29.6,143.0
2026-06-05,24,30.5,151.0
2026-06-06,1,29.5,154.0
2026-06-06,2,30.2,159.0
2026-06-06,3,31.4,153.0
2026-06-06,4,33.0,152.0
2026-06-06,5,28.0,154.0
2026-06-06,6,22.4,159.0
2026-06-06,7,9.7,282.0
2026-06-06,8,2.1,165.0
2026-06-06,9,18.1,200.0
2026-06-06,10,23.3,212.0
2026-06-06,11,25.1,212.0
2026-06-06,12,25.7,218.0
2026-06-06,13,23.8,225.0
2026-06-06,14,24.5,228.0
2026-06-06,15,26.2,230.0
2026-06-06,16,28.1,247.0
2026-06-06,17,29.4,238.0
2026-06-06,18,28.4,225.0
2026-06-06,19,27.5,238.0
2026-06-06,20,28.9,248.0
2026-06-06,21,21.1,254.0
2026-06-06,22,13.0,237.0
2026-06-06,23,20.4,226.0
2026-06-06,24,24.5,237.0
2026-06-07,1,15.2,229.0
2026-06-07,2,18.9,202.0
2026-06-07,3,28.4,197.0
2026-06-07,4,30.0,205.0
2026-06-07,5,28.3,203.0
2026-06-07,6,31.6,214.0
2026-06-07,7,36.6,211.0
2026-06-07,8,39.2,212.0
2026-06-07,9,38.6,213.0
2026-06-07,10,37.8,212.0
2026-06-07,11,35.0,212.0
2026-06-07,12,35.4,219.0
2026-06-07,13,39.8,226.0
2026-06-07,14,41.9,228.0
2026-06-07,15,44.5,230.0
2026-06-07,16,46.0,230.0
2026-06-07,17,45.8,232.0
2026-06-07,18,44.6,229.0
2026-06-07,19,40.8,229.0
2026-06-07,20,37.7,232.0
2026-06-07,21,29.7,232.0
2026-06-07,22,27.2,216.0
2026-06-07,23,25.9,207.0
2026-06-07,24,28.0,194.0
2026-06-08,1,26.5,202.0
2026-06-08,2,17.2,210.0
2026-06-08,3,11.1,209.0
2026-06-08,4,10.1,196.0
2026-06-08,5,9.7,195.0
2026-06-08,6,10.7,194.0
2026-06-08,7,10.0,188.0
2026-06-08,8,2.4,216.0
2026-06-08,9,3.4,3.0
2026-06-08,10,2.3,337.0
2026-06-08,11,1.4,320.0
2026-06-08,12,1.8,225.0
2026-06-08,13,2.2,204.0
2026-06-08,14,4.9,204.0
2026-06-08,15,6.0,217.0
2026-06-08,16,7.7,216.0
2026-06-08,17,9.3,190.0
2026-06-08,18,16.1,190.0
2026-06-08,19,13.9,205.0
2026-06-08,20,32.2,199.0
2026-06-08,21,30.3,219.0
2026-06-08,22,30.7,230.0
2026-06-08,23,24.3,231.0
2026-06-08,24,15.5,181.0
2026-06-09,1,43.7,270.0
2026-06-09,2,33.0,264.0
2026-06-09,3,25.8,233.0
2026-06-09,4,24.0,206.0
2026-06-09,5,27.6,204.0
2026-06-09,6,31.9,214.0
2026-06-09,7,29.6,222.0
2026-06-09,8,33.0,212.0
2026-06-09,9,31.4,195.0
2026-06-09,10,28.3,208.0
2026-06-09,11,36.0,217.0
2026-06-09,12,37.6,213.0
2026-06-09,13,39.3,217.0
2026-06-09,14,40.5,219.0
2026-06-09,15,42.1,223.0
2026-06-09,16,46.3,231.0
2026-06-09,17,48.0,236.0
2026-06-09,18,46.5,236.0
2026-06-09,19,48.0,239.0
2026-06-09,20,46.6,241.0
2026-06-09,21,45.7,242.0
2026-06-09,22,43.3,241.0
2026-06-09,23,40.0,239.0
2026-06-09,24,36.4,254.0
2026-06-10,1,20.6,304.0
2026-06-10,2,6.2,44.0
2026-06-10,3,7.5,159.0
2026-06-10,4,22.5,204.0
2026-06-10,5,23.7,208.0
2026-06-10,6,26.8,213.0
2026-06-10,7,26.9,216.0
2026-06-10,8,30.0,212.0
2026-06-10,9,33.8,215.0
2026-06-10,10,39.8,221.0
2026-06-10,11,46.3,228.0
2026-06-10,12,50.2,228.0
2026-06-10,13,51.9,231.0
2026-06-10,14,53.3,237.0
2026-06-10,15,58.1,238.0
2026-06-10,16,61.0,236.0
2026-06-10,17,58.4,256.0
2026-06-10,18,39.9,289.0
2026-06-10,19,34.9,326.0
2026-06-10,20,36.2,343.0
2026-06-10,21,27.4,332.0
2026-06-10,22,21.3,333.0
2026-06-10,23,23.5,345.0
2026-06-10,24,27.3,336.0
2026-06-11,1,16.2,359.0
2026-06-11,2,13.7,4.0
2026-06-11,3,10.5,7.0
2026-06-11,4,6.4,36.0
2026-06-11,5,5.5,52.0
2026-06-11,6,6.6,53.0
2026-06-11,7,11.2,72.0
2026-06-11,8,6.7,87.0
2026-06-11,9,2.5,111.0
2026-06-11,10,1.3,124.0
2026-06-11,11,1.5,194.0
2026-06-11,12,4.6,211.0
2026-06-11,13,5.3,232.0
2026-06-11,14,5.5,226.0
2026-06-11,15,5.8,231.0
2026-06-11,16,5.5,226.0
2026-06-11,17,9.5,212.0
2026-06-11,18,12.0,212.0
2026-06-11,19,12.8,211.0
2026-06-11,20,13.9,207.0
2026-06-11,21,13.7,212.0
2026-06-11,22,16.7,194.0
2026-06-11,23,19.7,175.0
2026-06-11,24,22.6,175.0
2026-06-12,1,21.5,184.0
2026-06-12,2,18.2,185.0
2026-06-12,3,15.3,176.0
2026-06-12,4,15.0,175.0
2026-06-12,5,15.7,177.0
2026-06-12,6,15.7,185.0
2026-06-12,7,9.4,203.0
2026-06-12,8,11.1,203.0
2026-06-12,9,15.0,199.0
2026-06-12,10,16.7,208.0
2026-06-12,11,22.5,215.0
2026-06-12,12,24.1,225.0
2026-06-12,13,26.1,229.0
2026-06-12,14,27.8,227.0
2026-06-12,15,29.0,228.0
2026-06-12,16,31.2,230.0
2026-06-12,17,31.8,229.0
2026-06-12,18,32.1,228.0
2026-06-12,19,32.1,223.0
2026-06-12,20,33.3,234.0
2026-06-12,21,34.0,237.0
2026-06-12,22,40.9,221.0
2026-06-12,23,37.0,224.0
2026-06-12,24,33.9,228.0
2026-06-13,1,17.7,276.0
2026-06-13,2,28.5,353.0
2026-06-13,3,26.8,13.0
2026-06-13,4,27.9,13.0
2026-06-13,5,26.9,20.0
2026-06-13,6,25.7,21.0
2026-06-13,7,23.0,23.0
2026-06-13,8,24.8,26.0
2026-06-13,9,22.9,23.0
2026-06-13,10,23.5,22.0
2026-06-13,11,27.1,21.0
2026-06-13,12,26.4,16.0
2026-06-13,13,23.5,15.0
2026-06-13,14,18.5,11.0
2026-06-13,15,16.4,5.0
2026-06-13,16,15.3,2.0
2026-06-13,17,15.5,358.0
2026-06-13,18,16.4,3.0
2026-06-13,19,16.2,12.0
2026-06-13,20,14.2,18.0
2026-06-13,21,13.8,14.0
2026-06-13,22,23.1,37.0
2026-06-13,23,32.2,27.0
2026-06-13,24,30.7,26.0
2026-06-14,1,29.9,25.0
2026-06-14,2,28.1,22.0
2026-06-14,3,29.6,15.0
2026-06-14,4,28.6,11.0
2026-06-14,5,28.5,10.0
2026-06-14,6,28.5,15.0
2026-06-14,7,21.6,33.0
2026-06-14,8,17.0,24.0
2026-06-14,9,21.6,20.0
2026-06-14,10,19.5,26.0
2026-06-14,11,17.0,23.0
2026-06-14,12,15.9,18.0
2026-06-14,13,15.4,23.0
2026-06-14,14,13.2,20.0
2026-06-14,15,12.3,6.0
2026-06-14,16,14.2,358.0
2026-06-14,17,14.4,9.0
2026-06-14,18,14.7,11.0
2026-06-14,19,16.1,22.0
2026-06-14,20,16.1,35.0
2026-06-14,21,13.9,46.0
2026-06-14,22,17.7,73.0
2026-06-14,23,18.9,76.0
2026-06-14,24,13.2,78.0
2026-06-15,1,5.0,15.0
2026-06-15,2,15.5,13.0
2026-06-15,3,16.2,31.0
2026-06-15,4,15.0,24.0
2026-06-15,5,16.3,22.0
2026-06-15,6,17.2,25.0
2026-06-15,7,16.8,32.0
2026-06-15,8,14.9,45.0
2026-06-15,9,12.3,39.0
2026-06-15,10,10.1,19.0
2026-06-15,11,8.0,23.0
2026-06-15,12,6.2,21.0
2026-06-15,13,3.9,347.0
2026-06-15,14,4.6,309.0
2026-06-15,15,6.8,297.0
2026-06-15,16,6.3,288.0
2026-06-15,17,5.1,276.0
2026-06-15,18,4.6,257.0
2026-06-15,19,7.5,191.0
2026-06-15,20,13.2,185.0
2026-06-15,21,15.6,191.0
2026-06-15,22,21.1,185.0
2026-06-15,23,25.2,181.0
2026-06-15,24,25.0,168.0
2026-06-16,1,26.6,193.0
2026-06-16,2,30.6,200.0
2026-06-16,3,31.1,205.0
2026-06-16,4,33.0,210.0
2026-06-16,5,31.2,212.0
2026-06-16,6,30.3,210.0
2026-06-16,7,26.1,213.0
2026-06-16,8,25.1,207.0
2026-06-16,9,23.5,208.0
2026-06-16,10,24.1,212.0
2026-06-16,11,23.7,216.0
2026-06-16,12,23.9,220.0
2026-06-16,13,25.3,219.0
2026-06-16,14,31.6,220.0
2026-06-16,15,36.0,225.0
2026-06-16,16,38.8,236.0
2026-06-16,17,45.5,242.0
2026-06-16,18,51.8,236.0
2026-06-16,19,54.7,239.0
2026-06-16,20,56.8,242.0
2026-06-16,21,50.6,244.0
2026-06-16,22,49.9,252.0
2026-06-16,23,41.1,254.0
2026-06-16,24,34.0,270.0
2026-06-17,1,34.3,256.0
2026-06-17,2,32.8,252.0
2026-06-17,3,28.1,249.0
2026-06-17,4,26.2,255.0
2026-06-17,5,23.7,259.0
2026-06-17,6,6.2,277.0
2026-06-17,7,19.9,200.0
2026-06-17,8,20.3,207.0
2026-06-17,9,13.4,211.0
2026-06-17,10,5.7,224.0
2026-06-17,11,2.2,294.0
2026-06-17,12,6.4,245.0
2026-06-17,13,9.0,247.0
2026-06-17,14,14.6,231.0
2026-06-17,15,13.9,223.0
2026-06-17,16,19.0,252.0
2026-06-17,17,27.2,232.0
2026-06-17,18,37.6,238.0
2026-06-17,19,41.1,235.0
2026-06-17,20,47.8,214.0
2026-06-17,21,18.7,228.0
2026-06-17,22,27.4,30.0
2026-06-17,23,39.5,39.0
2026-06-17,24,27.9,39.0
2026-06-18,1,22.2,39.0
2026-06-18,2,19.3,21.0
2026-06-18,3,23.9,21.0
2026-06-18,4,20.7,24.0
2026-06-18,5,18.0,27.0
2026-06-18,6,17.2,34.0
2026-06-18,7,15.2,33.0
2026-06-18,8,11.9,42.0
2026-06-18,9,7.1,19.0
2026-06-18,10,7.4,13.0
2026-06-18,11,7.5,17.0
2026-06-18,12,6.5,23.0
2026-06-18,13,3.1,7.0
2026-06-18,14,2.5,249.0
2026-06-18,15,5.2,224.0
2026-06-18,16,7.3,218.0
2026-06-18,17,8.7,217.0
2026-06-18,18,8.9,214.0
2026-06-18,19,14.8,209.0
2026-06-18,20,17.4,213.0
2026-06-18,21,17.2,200.0
2026-06-18,22,21.4,162.0
2026-06-18,23,27.1,170.0
2026-06-18,24,27.7,194.0
2026-06-19,1,23.8,190.0
2026-06-19,2,24.9,193.0
2026-06-19,3,25.7,195.0
2026-06-19,4,23.5,203.0
2026-06-19,5,16.3,213.0
2026-06-19,6,13.4,216.0
2026-06-19,7,1.8,323.0
2026-06-19,8,3.3,347.0
2026-06-19,9,3.1,357.0
2026-06-19,10,4.9,360.0
2026-06-19,11,4.6,324.0
2026-06-19,12,5.6,241.0
2026-06-19,13,8.0,228.0
2026-06-19,14,12.8,230.0
2026-06-19,15,14.3,233.0
2026-06-19,16,16.2,239.0
2026-06-19,17,17.2,246.0
2026-06-19,18,17.3,239.0
2026-06-19,19,14.2,252.0
2026-06-19,20,13.2,230.0
2026-06-19,21,14.6,181.0
2026-06-19,22,22.5,165.0
2026-06-19,23,29.2,195.0
2026-06-19,24,28.1,240.0
2026-06-20,1,14.9,250.0
2026-06-20,2,8.4,196.0
2026-06-20,3,11.7,181.0
2026-06-20,4,10.8,180.0
2026-06-20,5,10.4,197.0
2026-06-20,6,11.1,250.0
2026-06-20,7,9.3,236.0
2026-06-20,8,23.5,189.0
2026-06-20,9,14.8,212.0
2026-06-20,10,23.8,218.0
2026-06-20,11,28.7,246.0
2026-06-20,12,27.2,222.0
2026-06-20,13,23.5,215.0
2026-06-20,14,25.5,213.0
2026-06-20,15,28.8,221.0
2026-06-20,16,36.7,231.0
2026-06-20,17,44.2,230.0
2026-06-20,18,49.4,231.0
2026-06-20,19,47.2,240.0
2026-06-20,20,49.7,241.0
2026-06-20,21,44.2,237.0
2026-06-20,22,31.9,240.0
2026-06-20,23,14.3,332.0
2026-06-20,24,14.1,142.0
2026-06-21,1,20.5,203.0
2026-06-21,2,15.1,203.0
2026-06-21,3,11.8,208.0
2026-06-21,4,12.8,202.0
2026-06-21,5,15.4,194.0
2026-06-21,6,15.8,194.0
2026-06-21,7,8.9,201.0
2026-06-21,8,9.6,214.0
2026-06-21,9,8.4,211.0
2026-06-21,10,10.1,211.0
2026-06-21,11,10.3,216.0
2026-06-21,12,11.0,228.0
2026-06-21,13,13.6,241.0
2026-06-21,14,15.6,251.0
2026-06-21,15,16.1,252.0
2026-06-21,16,15.2,256.0
2026-06-21,17,15.4,263.0
2026-06-21,18,13.6,262.0
2026-06-21,19,13.1,243.0
2026-06-21,20,12.7,232.0
2026-06-21,21,15.4,225.0
2026-06-21,22,12.8,235.0
2026-06-21,23,11.2,238.0
2026-06-21,24,14.3,208.0
2026-06-22,1,13.8,162.0
2026-06-22,2,2.2,35.0
2026-06-22,3,14.2,179.0
2026-06-22,4,21.1,193.0
2026-06-22,5,22.2,203.0
2026-06-22,6,17.3,213.0
2026-06-22,7,12.4,230.0
2026-06-22,8,10.7,261.0
2026-06-22,9,7.9,227.0
2026-06-22,10,11.6,212.0
2026-06-22,11,11.0,218.0
2026-06-22,12,10.3,229.0
2026-06-22,13,10.9,248.0
2026-06-22,14,15.1,250.0
2026-06-22,15,19.3,254.0
2026-06-22,16,18.3,252.0
2026-06-22,17,24.3,246.0
2026-06-22,18,26.9,247.0
2026-06-22,19,23.2,240.0
2026-06-22,20,25.9,236.0
2026-06-22,21,28.0,228.0
2026-06-22,22,28.1,206.0
2026-06-22,23,34.6,206.0
2026-06-22,24,32.7,214.0
2026-06-23,1,16.9,262.0
2026-06-23,2,21.9,16.0
2026-06-23,3,28.6,12.0
2026-06-23,4,24.9,13.0
2026-06-23,5,20.3,359.0
2026-06-23,6,18.4,8.0
2026-06-23,7,17.4,11.0
2026-06-23,8,13.6,22.0
2026-06-23,9,11.8,17.0
2026-06-23,10,7.9,20.0
2026-06-23,11,3.6,357.0
2026-06-23,12,3.4,286.0
2026-06-23,13,4.0,302.0
2026-06-23,14,3.7,309.0
2026-06-23,15,7.2,292.0
2026-06-23,16,9.8,290.0
2026-06-23,17,9.1,292.0
2026-06-23,18,7.6,313.0
2026-06-23,19,2.8,349.0
2026-06-23,20,4.5,272.0
2026-06-23,21,12.5,210.0
2026-06-23,22,15.3,171.0
2026-06-23,23,17.3,172.0
2026-06-23,24,13.4,222.0
2026-06-24,1,12.8,248.0
2026-06-24,2,2.3,225.0
2026-06-24,3,9.1,330.0
2026-06-24,4,9.9,22.0
2026-06-24,5,19.5,351.0
2026-06-24,6,16.0,33.0
2026-06-24,7,19.6,6.0
2026-06-24,8,18.8,27.0
2026-06-24,9,17.8,20.0
2026-06-24,10,18.2,21.0
2026-06-24,11,18.1,24.0
2026-06-24,12,15.8,29.0
2026-06-24,13,14.7,25.0
2026-06-24,14,12.1,18.0
2026-06-24,15,9.7,3.0
2026-06-24,16,9.4,329.0
2026-06-24,17,11.0,305.0
2026-06-24,18,8.7,266.0
2026-06-24,19,28.2,259.0
2026-06-24,20,26.1,272.0
2026-06-24,21,37.4,30.0
2026-06-24,22,32.5,37.0
2026-06-24,23,29.5,59.0
2026-06-24,24,24.9,112.0
2026-06-25,1,10.6,118.0
2026-06-25,2,11.5,357.0
2026-06-25,3,1.8,90.0
2026-06-25,4,16.2,184.0
2026-06-25,5,19.6,190.0
2026-06-25,6,17.5,199.0
2026-06-25,7,4.6,252.0
2026-06-25,8,16.2,192.0
2026-06-25,9,14.5,186.0
2026-06-25,10,21.2,212.0
2026-06-25,11,22.1,210.0
2026-06-25,12,18.9,205.0
2026-06-25,13,18.8,255.0
2026-06-25,14,24.3,273.0
2026-06-25,15,16.6,273.0
2026-06-25,16,24.2,258.0
2026-06-25,17,27.2,249.0
2026-06-25,18,25.4,243.0
2026-06-25,19,22.7,248.0
2026-06-25,20,25.3,253.0
2026-06-25,21,21.8,273.0
2026-06-25,22,17.2,288.0
2026-06-25,23,11.9,308.0
2026-06-25,24,20.9,157.0
2026-06-26,1,20.6,166.0
2026-06-26,2,13.0,156.0
2026-06-26,3,9.2,154.0
2026-06-26,4,4.1,90.0
2026-06-26,5,3.6,72.0
2026-06-26,6,3.7,51.0
2026-06-26,7,5.5,19.0
2026-06-26,8,5.3,100.0
2026-06-26,9,4.1,165.0
2026-06-26,10,4.8,222.0
2026-06-26,11,15.4,207.0
2026-06-26,12,25.7,215.0
2026-06-26,13,29.9,224.0
2026-06-26,14,34.9,208.0
2026-06-26,15,32.6,225.0
2026-06-26,16,37.8,248.0
2026-06-26,17,36.5,244.0
2026-06-26,18,43.8,253.0
2026-06-26,19,40.5,265.0
2026-06-26,20,35.4,233.0
2026-06-26,21,31.1,229.0
2026-06-26,22,22.5,219.0
2026-06-26,23,23.6,195.0
2026-06-26,24,24.8,193.0
2026-06-27,1,23.9,181.0
2026-06-27,2,28.8,192.0
2026-06-27,3,28.2,194.0
2026-06-27,4,26.6,196.0
2026-06-27,5,26.7,206.0
2026-06-27,6,25.6,215.0
2026-06-27,7,18.8,214.0
2026-06-27,8,13.5,237.0
2026-06-27,9,19.5,232.0
2026-06-27,10,22.2,211.0
2026-06-27,11,20.9,213.0
2026-06-27,12,25.4,210.0
2026-06-27,13,30.3,216.0
2026-06-27,14,36.2,200.0
2026-06-27,15,30.3,205.0
2026-06-27,16,36.5,224.0
2026-06-27,17,36.2,211.0
2026-06-27,18,32.4,217.0
2026-06-27,19,36.2,221.0
2026-06-27,20,42.1,210.0
2026-06-27,21,37.6,208.0
2026-06-27,22,39.2,214.0
2026-06-27,23,35.6,211.0
2026-06-27,24,32.4,205.0
2026-06-28,1,37.5,204.0
2026-06-28,2,44.0,205.0
2026-06-28,3,40.4,209.0
2026-06-28,4,35.3,212.0
2026-06-28,5,34.1,208.0
2026-06-28,6,33.8,208.0
2026-06-28,7,31.2,209.0
2026-06-28,8,31.2,209.0
2026-06-28,9,33.2,214.0
2026-06-28,10,30.5,218.0
2026-06-28,11,26.7,223.0
2026-06-28,12,23.6,229.0
2026-06-28,13,29.3,227.0
2026-06-28,14,29.2,232.0
2026-06-28,15,29.5,235.0
2026-06-28,16,31.4,236.0
2026-06-28,17,33.6,245.0
2026-06-28,18,33.5,242.0
2026-06-28,19,29.2,240.0
2026-06-28,20,28.9,243.0
2026-06-28,21,29.2,239.0
2026-06-28,22,28.0,228.0
2026-06-28,23,27.4,223.0
2026-06-28,24,28.8,223.0
2026-06-29,1,28.2,210.0
2026-06-29,2,32.0,198.0
2026-06-29,3,34.3,201.0
2026-06-29,4,36.2,205.0
2026-06-29,5,37.6,209.0
2026-06-29,6,36.6,209.0
2026-06-29,7,35.8,209.0
2026-06-29,8,36.3,213.0
2026-06-29,9,42.0,219.0
2026-06-29,10,41.2,213.0
2026-06-29,11,40.8,205.0
2026-06-29,12,39.9,208.0
2026-06-29,13,43.1,213.0
2026-06-29,14,36.8,219.0
2026-06-29,15,44.5,239.0
2026-06-29,16,44.1,244.0
2026-06-29,17,43.1,242.0
2026-06-29,18,40.3,242.0
2026-06-29,19,32.9,242.0
2026-06-29,20,28.4,244.0
2026-06-29,21,21.1,239.0
2026-06-29,22,10.4,226.0
2026-06-29,23,7.6,223.0
2026-06-29,24,3.8,225.0
2026-06-30,1,3.2,153.0
2026-06-30,2,8.7,184.0
2026-06-30,3,9.8,197.0
2026-06-30,4,4.8,207.0
2026-06-30,5,2.2,194.0
2026-06-30,6,2.4,153.0
2026-06-30,7,1.5,159.0
2026-06-30,8,1.3,8.0
2026-06-30,9,2.2,355.0
2026-06-30,10,3.3,319.0
2026-06-30,11,5.4,307.0
2026-06-30,12,8.3,268.0
2026-06-30,13,9.5,259.0
2026-06-30,14,12.1,237.0
2026-06-30,15,15.5,234.0
2026-06-30,16,16.4,243.0
2026-06-30,17,15.4,244.0
2026-06-30,18,15.4,238.0
2026-06-30,19,20.8,236.0
2026-06-30,20,21.3,234.0
2026-06-30,21,21.1,225.0
2026-06-30,22,27.7,192.0
2026-06-30,23,27.4,176.0
2026-06-30,24,19.1,181.0
2026-07-01,1,5.8,154.0
2026-07-01,2,4.7,152.0
2026-07-01,3,5.4,172.0
2026-07-01,4,5.9,178.0
2026-07-01,5,5.7,152.0
2026-07-01,6,1.7,77.0
2026-07-01,7,3.2,34.0
2026-07-01,8,4.0,36.0
2026-07-01,9,4.8,56.0
2026-07-01,10,6.2,345.0
2026-07-01,11,9.1,352.0
2026-07-01,12,10.4,359.0
2026-07-01,13,9.1,353.0
2026-07-01,14,6.7,236.0
2026-07-01,15,20.0,172.0
2026-07-01,16,37.5,176.0
2026-07-01,17,20.3,155.0
2026-07-01,18,14.8,214.0
2026-07-01,19,16.9,218.0
2026-07-01,20,5.0,52.0
2026-07-01,21,17.1,3.0
2026-07-01,22,19.1,23.0
2026-07-01,23,12.9,48.0
2026-07-01,24,9.4,93.0
2026-07-02,1,6.5,146.0
2026-07-02,2,6.8,158.0
2026-07-02,3,3.1,277.0
2026-07-02,4,8.3,316.0
2026-07-02,5,1.6,354.0
2026-07-02,6,1.6,153.0
2026-07-02,7,3.4,360.0
2026-07-02,8,4.4,339.0
2026-07-02,9,4.0,333.0
2026-07-02,10,2.8,320.0
2026-07-02,11,3.6,307.0
2026-07-02,12,5.3,260.0
2026-07-02,13,7.4,256.0
2026-07-02,14,9.3,234.0
2026-07-02,15,11.8,226.0
2026-07-02,16,26.0,214.0
2026-07-02,17,24.5,208.0
2026-07-02,18,14.8,226.0
2026-07-02,19,26.8,179.0
2026-07-02,20,29.2,177.0
2026-07-02,21,33.5,148.0
2026-07-02,22,37.6,157.0
2026-07-02,23,37.2,160.0
2026-07-02,24,33.6,171.0
2026-07-03,1,30.2,169.0
2026-07-03,2,29.9,171.0
2026-07-03,3,25.7,175.0
2026-07-03,4,21.3,174.0
2026-07-03,5,16.9,178.0
2026-07-03,6,14.8,186.0
2026-07-03,7,8.7,197.0
2026-07-03,8,5.0,210.0
2026-07-03,9,3.8,253.0
2026-07-03,10,5.3,278.0
2026-07-03,11,9.5,256.0
2026-07-03,12,12.3,245.0
2026-07-03,13,13.9,239.0
2026-07-03,14,15.5,242.0
2026-07-03,15,15.9,236.0
2026-07-03,16,17.4,226.0
2026-07-03,17,19.3,222.0
2026-07-03,18,22.0,223.0
2026-07-03,19,20.3,240.0
2026-07-03,20,17.9,241.0
2026-07-03,21,16.8,257.0
2026-07-03,22,14.8,267.0
2026-07-03,23,10.1,349.0
2026-07-03,24,10.1,179.0
2026-07-04,1,22.6,191.0
2026-07-04,2,19.4,186.0
2026-07-04,3,19.0,189.0
2026-07-04,4,18.6,188.0
2026-07-04,5,16.1,196.0
2026-07-04,6,8.0,207.0
2026-07-04,7,3.6,297.0
2026-07-04,8,4.9,306.0
2026-07-04,9,5.8,292.0
2026-07-04,10,5.9,297.0
2026-07-04,11,6.3,267.0
2026-07-04,12,9.6,242.0
2026-07-04,13,12.5,238.0
2026-07-04,14,13.1,238.0
2026-07-04,15,13.0,237.0
2026-07-04,16,12.1,233.0
2026-07-04,17,10.0,232.0
2026-07-04,18,7.6,214.0
2026-07-04,19,13.7,215.0
2026-07-04,20,15.2,197.0
2026-07-04,21,22.8,186.0
2026-07-04,22,33.9,182.0
2026-07-04,23,27.3,203.0
2026-07-04,24,20.1,186.0
2026-07-05,1,15.2,163.0
2026-07-05,2,20.0,163.0
2026-07-05,3,24.6,162.0
2026-07-05,4,16.7,166.0
2026-07-05,5,2.6,335.0
2026-07-05,6,6.7,352.0
2026-07-05,7,3.3,9.0
2026-07-05,8,5.2,348.0
2026-07-05,9,7.4,354.0
2026-07-05,10,6.8,358.0
2026-07-05,11,7.2,342.0
2026-07-05,12,4.1,322.0
2026-07-05,13,1.1,279.0
2026-07-05,14,10.6,215.0
2026-07-05,15,23.2,209.0
2026-07-05,16,23.6,209.0
2026-07-05,17,27.8,212.0
2026-07-05,18,23.5,212.0
2026-07-05,19,19.3,221.0
2026-07-05,20,16.1,217.0
2026-07-05,21,17.2,185.0
2026-07-05,22,16.5,186.0
2026-07-05,23,13.2,263.0
2026-07-05,24,34.5,20.0
2026-07-06,1,30.0,57.0
2026-07-06,2,17.2,72.0
2026-07-06,3,16.6,59.0
2026-07-06,4,17.0,67.0
2026-07-06,5,17.3,77.0
2026-07-06,6,12.4,91.0
2026-07-06,7,12.0,66.0
2026-07-06,8,9.6,106.0
2026-07-06,9,12.9,147.0
2026-07-06,10,10.5,250.0
2026-07-06,11,17.3,226.0
2026-07-06,12,17.7,225.0
2026-07-06,13,8.3,254.0
2026-07-06,14,7.1,251.0
2026-07-06,15,14.7,207.0
2026-07-06,16,29.7,215.0
2026-07-06,17,31.0,221.0
2026-07-06,18,25.9,222.0
2026-07-06,19,19.9,217.0
2026-07-06,20,24.6,221.0
2026-07-06,21,29.4,233.0
2026-07-06,22,26.0,238.0
2026-07-06,23,20.6,192.0
2026-07-06,24,29.9,179.0
2026-07-07,1,16.4,213.0
2026-07-07,2,11.9,229.0
2026-07-07,3,20.7,187.0
2026-07-07,4,18.2,200.0
2026-07-07,5,14.7,208.0
2026-07-07,6,17.3,210.0
2026-07-07,7,19.1,215.0
2026-07-07,8,16.7,213.0
2026-07-07,9,14.9,212.0
2026-07-07,10,16.1,216.0
2026-07-07,11,14.9,214.0
2026-07-07,12,13.8,216.0
2026-07-07,13,10.5,237.0
2026-07-07,14,11.7,243.0
2026-07-07,15,14.0,237.0
2026-07-07,16,15.8,223.0
2026-07-07,17,20.5,219.0
2026-07-07,18,22.0,226.0
2026-07-07,19,21.3,213.0
2026-07-07,20,21.8,203.0
2026-07-07,21,23.9,199.0
2026-07-07,22,26.0,188.0
2026-07-07,23,28.2,188.0
2026-07-07,24,30.6,183.0
2026-07-08,1,29.9,182.0
2026-07-08,2,27.1,197.0
2026-07-08,3,23.9,203.0
2026-07-08,4,24.3,197.0
2026-07-08,5,21.3,205.0
2026-07-08,6,13.5,223.0
2026-07-08,7,7.4,225.0
2026-07-08,8,6.1,199.0
2026-07-08,9,4.7,220.0
2026-07-08,10,3.9,283.0
2026-07-08,11,5.4,249.0
2026-07-08,12,7.2,245.0
2026-07-08,13,8.3,254.0
2026-07-08,14,10.2,246.0
2026-07-08,15,12.4,249.0
2026-07-08,16,12.9,245.0
2026-07-08,17,14.7,259.0
2026-07-08,18,17.1,259.0
2026-07-08,19,17.8,254.0
2026-07-08,20,36.8,297.0
2026-07-08,21,24.8,341.0
2026-07-08,22,9.5,89.0
2026-07-08,23,17.5,118.0
2026-07-08,24,12.2,147.0
2026-07-09,1,5.7,233.0
2026-07-09,2,5.4,214.0
2026-07-09,3,4.1,178.0
2026-07-09,4,3.5,159.0
2026-07-09,5,3.4,106.0
2026-07-09,6,3.5,129.0
2026-07-09,7,4.1,209.0
2026-07-09,8,3.1,193.0
2026-07-09,9,3.2,251.0
2026-07-09,10,4.4,261.0
2026-07-09,11,10.0,234.0
2026-07-09,12,11.4,231.0
2026-07-09,13,12.0,234.0
2026-07-09,14,13.1,243.0
2026-07-09,15,14.1,254.0
2026-07-09,16,17.0,266.0
2026-07-09,17,17.1,268.0
2026-07-09,18,17.0,260.0
2026-07-09,19,17.3,246.0
2026-07-09,20,17.0,237.0
2026-07-09,21,18.8,206.0
2026-07-09,22,28.1,202.0
2026-07-09,23,27.0,214.0
2026-07-09,24,23.1,214.0
2026-07-10,1,18.2,213.0
2026-07-10,2,24.7,190.0
2026-07-10,3,24.2,196.0
2026-07-10,4,22.3,191.0
2026-07-10,5,19.8,199.0
2026-07-10,6,12.8,206.0
2026-07-10,7,7.0,206.0
2026-07-10,8,3.6,311.0
2026-07-10,9,4.9,350.0
2026-07-10,10,4.6,342.0
2026-07-10,11,4.6,306.0
2026-07-10,12,4.3,275.0
2026-07-10,13,5.1,274.0
2026-07-10,14,6.1,242.0
2026-07-10,15,10.4,234.0
2026-07-10,16,13.2,232.0
2026-07-10,17,12.1,232.0
2026-07-10,18,7.9,235.0
2026-07-10,19,21.0,216.0
2026-07-10,20,20.2,201.0
2026-07-10,21,15.3,188.0
2026-07-10,22,11.5,153.0
2026-07-10,23,21.0,133.0
2026-07-10,24,34.1,139.0
2026-07-11,1,31.4,147.0
2026-07-11,2,31.6,153.0
2026-07-11,3,33.5,149.0
2026-07-11,4,32.3,151.0
2026-07-11,5,32.0,155.0
2026-07-11,6,7.2,192.0
2026-07-11,7,6.8,288.0
2026-07-11,8,9.4,182.0
2026-07-11,9,18.9,188.0
2026-07-11,10,20.5,204.0
2026-07-11,11,23.8,209.0
2026-07-11,12,23.6,214.0
2026-07-11,13,21.6,218.0
2026-07-11,14,22.1,217.0
2026-07-11,15,23.4,215.0
2026-07-11,16,24.5,216.0
2026-07-11,17,25.6,216.0
2026-07-11,18,25.1,215.0
2026-07-11,19,23.4,216.0
2026-07-11,20,19.7,217.0
2026-07-11,21,13.6,208.0
2026-07-11,22,12.0,189.0
2026-07-11,23,5.1,144.0
2026-07-11,24,23.5,118.0
2026-07-12,1,19.9,116.0
2026-07-12,2,22.5,112.0
2026-07-12,3,23.1,123.0
2026-07-12,4,16.3,127.0
2026-07-12,5,8.8,107.0
2026-07-12,6,9.1,122.0
2026-07-12,7,7.2,122.0
2026-07-12,8,5.0,103.0
2026-07-12,9,4.1,41.0
2026-07-12,10,6.8,333.0
2026-07-12,11,12.3,326.0
2026-07-12,12,7.5,294.0
2026-07-12,13,12.2,233.0
2026-07-12,14,20.1,212.0
2026-07-12,15,21.5,203.0
2026-07-12,16,25.6,209.0
2026-07-12,17,29.1,226.0
2026-07-12,18,28.3,246.0
2026-07-12,19,25.4,238.0
2026-07-12,20,24.1,246.0
2026-07-12,21,15.7,264.0
2026-07-12,22,7.0,331.0
2026-07-12,23,4.8,301.0
2026-07-12,24,5.3,80.0
2026-07-13,1,17.2,214.0
2026-07-13,2,28.0,209.0
2026-07-13,3,32.1,202.0
2026-07-13,4,30.0,207.0
2026-07-13,5,25.6,214.0
2026-07-13,6,19.2,207.0
2026-07-13,7,7.7,229.0
2026-07-13,8,13.2,231.0
2026-07-13,9,10.2,240.0
2026-07-13,10,3.9,254.0
2026-07-13,11,5.0,289.0
2026-07-13,12,6.1,293.0
2026-07-13,13,4.8,307.0
2026-07-13,14,4.6,301.0
2026-07-13,15,5.0,283.0
2026-07-13,16,5.6,274.0
2026-07-13,17,4.2,260.0
2026-07-13,18,3.9,242.0
2026-07-13,19,8.2,218.0
2026-07-13,20,9.7,230.0
2026-07-13,21,10.2,244.0
2026-07-13,22,12.9,231.0
2026-07-13,23,19.7,214.0
2026-07-13,24,21.8,230.0
2026-07-14,1,14.8,260.0
2026-07-14,2,2.3,270.0
2026-07-14,3,4.9,186.0
2026-07-14,4,7.0,249.0
2026-07-14,5,7.6,289.0
2026-07-14,6,4.1,315.0
2026-07-14,7,5.3,336.0
2026-07-14,8,4.7,47.0
2026-07-14,9,5.0,46.0
2026-07-14,10,3.0,335.0
2026-07-14,11,2.4,347.0
2026-07-14,12,1.5,300.0
2026-07-14,13,15.3,248.0
2026-07-14,14,20.2,241.0
2026-07-14,15,16.8,228.0
2026-07-14,16,19.3,235.0
2026-07-14,17,21.6,236.0
2026-07-14,18,28.5,242.0
2026-07-14,19,35.9,245.0
2026-07-14,20,31.4,245.0
2026-07-14,21,27.8,232.0
2026-07-14,22,28.9,225.0
2026-07-14,23,29.9,207.0
2026-07-14,24,26.0,196.0
2026-07-15,1,24.1,203.0
2026-07-15,2,24.7,201.0
2026-07-15,3,23.3,204.0
2026-07-15,4,21.4,208.0
2026-07-15,5,21.6,195.0
2026-07-15,6,21.8,190.0
2026-07-15,7,19.8,199.0
2026-07-15,8,20.7,197.0
2026-07-15,9,18.9,201.0
2026-07-15,10,13.1,193.0
2026-07-15,11,13.2,210.0
2026-07-15,12,5.7,215.0
2026-07-15,13,2.8,145.0
2026-07-15,14,2.4,117.0
2026-07-15,15,1.1,261.0
2026-07-15,16,5.0,283.0
2026-07-15,17,5.1,274.0
2026-07-15,18,6.2,253.0
2026-07-15,19,7.2,22.0
2026-07-15,20,10.8,21.0
2026-07-15,21,12.8,6.0
2026-07-15,22,18.2,1.0
2026-07-15,23,18.4,40.0
2026-07-15,24,17.6,72.0
2026-07-16,1,13.1,83.0
2026-07-16,2,10.7,82.0
2026-07-16,3,5.6,90.0
2026-07-16,4,5.1,6.0
2026-07-16,5,9.7,1.0
2026-07-16,6,9.8,14.0
2026-07-16,7,6.1,43.0
2026-07-16,8,5.4,50.0
2026-07-16,9,2.3,29.0
2026-07-16,10,3.6,323.0
2026-07-16,11,5.9,322.0
2026-07-16,12,5.2,346.0
2026-07-16,13,3.9,326.0
2026-07-16,14,4.3,156.0
2026-07-16,15,10.3,169.0
2026-07-16,16,10.7,167.0
2026-07-16,17,12.8,175.0
2026-07-16,18,17.6,179.0
2026-07-16,19,6.8,155.0
2026-07-16,20,14.3,155.0
2026-07-16,21,14.5,160.0
2026-07-16,22,10.9,172.0
2026-07-16,23,9.8,140.0
2026-07-16,24,25.0,347.0
2026-07-17,1,21.6,74.0
2026-07-17,2,21.5,84.0
2026-07-17,3,7.0,162.0
2026-07-17,4,17.8,194.0
2026-07-17,5,21.4,160.0
2026-07-17,6,15.0,142.0
2026-07-17,7,8.6,26.0
2026-07-17,8,11.0,87.0
2026-07-17,9,8.1,94.0
2026-07-17,10,1.8,101.0
2026-07-17,11,1.2,231.0
2026-07-17,12,3.0,245.0
2026-07-17,13,6.0,287.0
2026-07-17,14,22.5,244.0
2026-07-17,15,11.0,94.0
2026-07-17,16,6.2,136.0
2026-07-17,17,5.4,233.0
2026-07-17,18,6.7,204.0
2026-07-17,19,1.1,99.0
2026-07-17,20,5.2,70.0
2026-07-17,21,7.0,44.0
2026-07-17,22,12.5,54.0
2026-07-17,23,16.6,88.0
2026-07-17,24,12.2,106.0
