date,hr,temp_f,apparent_f
2024-06-29,1,67.8,61.6
2024-06-29,2,67.5,62.1
2024-06-29,3,65.8,60.0
2024-06-29,4,64.3,58.6
2024-06-29,5,63.6,58.5
2024-06-29,6,62.9,58.1
2024-06-29,7,62.4,57.8
2024-06-29,8,63.7,60.8
2024-06-29,9,70.1,67.4
2024-06-29,10,75.0,71.5
2024-06-29,11,79.2,75.1
2024-06-29,12,84.4,81.7
2024-06-29,13,86.8,83.0
2024-06-29,14,89.0,85.4
2024-06-29,15,91.8,87.2
2024-06-29,16,92.7,87.3
2024-06-29,17,93.9,87.5
2024-06-29,18,94.5,87.1
2024-06-29,19,95.0,86.2
2024-06-29,20,95.0,86.0
2024-06-29,21,90.6,84.3
2024-06-29,22,89.7,85.3
2024-06-29,23,82.4,79.7
2024-06-29,24,79.1,76.8
2024-06-30,1,76.4,74.0
2024-06-30,2,76.1,73.7
2024-06-30,3,74.4,72.8
2024-06-30,4,73.5,72.1
2024-06-30,5,72.1,70.9
2024-06-30,6,71.3,70.2
2024-06-30,7,70.8,69.7
2024-06-30,8,70.0,69.3
2024-06-30,9,75.9,74.0
2024-06-30,10,80.3,77.3
2024-06-30,11,84.6,79.4
2024-06-30,12,89.8,84.0
2024-06-30,13,91.3,85.4
2024-06-30,14,92.3,85.2
2024-06-30,15,93.3,85.7
2024-06-30,16,93.7,86.2
2024-06-30,17,95.0,86.5
2024-06-30,18,95.2,85.9
2024-06-30,19,95.5,84.5
2024-06-30,20,94.8,82.5
2024-06-30,21,91.8,81.7
2024-06-30,22,88.4,79.2
2024-06-30,23,84.7,76.8
2024-06-30,24,78.3,70.9
2024-07-01,1,77.7,70.6
2024-07-01,2,75.5,67.3
2024-07-01,3,71.7,66.4
2024-07-01,4,69.5,62.9
2024-07-01,5,67.1,61.4
2024-07-01,6,65.3,60.1
2024-07-01,7,65.7,59.1
2024-07-01,8,67.3,64.0
2024-07-01,9,71.6,66.3
2024-07-01,10,73.6,66.7
2024-07-01,11,75.7,68.7
2024-07-01,12,77.4,71.4
2024-07-01,13,77.9,73.6
2024-07-01,14,79.6,73.8
2024-07-01,15,81.3,75.4
2024-07-01,16,80.8,74.3
2024-07-01,17,79.3,71.8
2024-07-01,18,78.8,70.6
2024-07-01,19,77.9,68.8
2024-07-01,20,76.6,68.7
2024-07-01,21,74.1,66.6
2024-07-01,22,72.4,66.1
2024-07-01,23,70.7,62.9
2024-07-01,24,68.5,61.1
2024-07-02,1,66.9,60.5
2024-07-02,2,66.2,59.7
2024-07-02,3,63.4,56.9
2024-07-02,4,61.5,55.3
2024-07-02,5,56.6,50.6
2024-07-02,6,56.3,50.3
2024-07-02,7,59.1,53.5
2024-07-02,8,58.8,55.5
2024-07-02,9,63.7,59.9
2024-07-02,10,67.3,63.0
2024-07-02,11,70.3,65.5
2024-07-02,12,75.0,71.0
2024-07-02,13,76.9,72.8
2024-07-02,14,77.9,74.6
2024-07-02,15,79.7,77.0
2024-07-02,16,80.3,77.3
2024-07-02,17,81.8,77.6
2024-07-02,18,81.8,74.5
2024-07-02,19,81.0,70.9
2024-07-02,20,79.8,71.3
2024-07-02,21,77.0,68.9
2024-07-02,22,72.5,66.4
2024-07-02,23,72.2,66.0
2024-07-02,24,67.6,61.7
2024-07-03,1,65.8,60.7
2024-07-03,2,64.3,60.1
2024-07-03,3,61.6,57.6
2024-07-03,4,61.7,56.9
2024-07-03,5,59.7,55.2
2024-07-03,6,59.0,54.6
2024-07-03,7,59.5,55.0
2024-07-03,8,59.1,55.7
2024-07-03,9,67.2,64.8
2024-07-03,10,72.3,70.5
2024-07-03,11,74.8,72.4
2024-07-03,12,78.8,76.5
2024-07-03,13,81.7,77.4
2024-07-03,14,83.0,78.2
2024-07-03,15,84.2,80.6
2024-07-03,16,84.8,80.2
2024-07-03,17,86.2,79.5
2024-07-03,18,85.7,76.4
2024-07-03,19,84.8,74.1
2024-07-03,20,83.5,73.6
2024-07-03,21,79.3,70.7
2024-07-03,22,74.3,68.4
2024-07-03,23,74.7,70.0
2024-07-03,24,67.9,63.1
2024-07-04,1,65.3,61.2
2024-07-04,2,64.6,59.6
2024-07-04,3,62.8,58.1
2024-07-04,4,62.8,58.3
2024-07-04,5,60.7,56.4
2024-07-04,6,59.7,55.8
2024-07-04,7,61.8,57.8
2024-07-04,8,60.5,58.1
2024-07-04,9,64.6,62.4
2024-07-04,10,68.6,64.5
2024-07-04,11,71.6,66.9
2024-07-04,12,76.1,72.8
2024-07-04,13,77.6,75.1
2024-07-04,14,79.7,77.2
2024-07-04,15,82.5,79.9
2024-07-04,16,83.1,79.2
2024-07-04,17,84.2,77.9
2024-07-04,18,84.1,75.0
2024-07-04,19,83.1,72.1
2024-07-04,20,82.3,71.9
2024-07-04,21,79.4,70.6
2024-07-04,22,75.3,68.9
2024-07-04,23,73.6,67.2
2024-07-04,24,68.9,63.1
2024-07-05,1,65.3,61.1
2024-07-05,2,64.3,62.6
2024-07-05,3,62.2,60.3
2024-07-05,4,60.7,59.7
2024-07-05,5,58.7,58.6
2024-07-05,6,56.7,57.3
2024-07-05,7,56.3,56.8
2024-07-05,8,57.7,58.2
2024-07-05,9,67.0,67.0
2024-07-05,10,71.8,67.5
2024-07-05,11,74.0,68.4
2024-07-05,12,78.3,74.1
2024-07-05,13,81.6,78.2
2024-07-05,14,83.9,80.6
2024-07-05,15,86.3,82.5
2024-07-05,16,87.2,82.8
2024-07-05,17,89.1,84.0
2024-07-05,18,88.5,79.8
2024-07-05,19,87.8,77.4
2024-07-05,20,86.8,76.5
2024-07-05,21,81.8,74.0
2024-07-05,22,77.4,72.6
2024-07-05,23,76.1,70.5
2024-07-05,24,68.8,63.8
2024-07-06,1,68.0,64.5
2024-07-06,2,67.2,65.5
2024-07-06,3,64.4,63.1
2024-07-06,4,64.8,63.2
2024-07-06,5,62.0,60.9
2024-07-06,6,61.9,61.7
2024-07-06,7,63.3,63.6
2024-07-06,8,62.6,63.1
2024-07-06,9,70.0,69.7
2024-07-06,10,74.2,71.0
2024-07-06,11,76.3,72.0
2024-07-06,12,81.9,78.6
2024-07-06,13,83.9,80.9
2024-07-06,14,85.9,82.2
2024-07-06,15,87.5,83.6
2024-07-06,16,88.7,85.7
2024-07-06,17,89.6,85.1
2024-07-06,18,89.9,82.5
2024-07-06,19,89.4,80.8
2024-07-06,20,88.9,81.1
2024-07-06,21,86.6,79.8
2024-07-06,22,83.3,77.2
2024-07-06,23,80.7,75.4
2024-07-06,24,74.9,70.0
2024-07-07,1,75.8,71.4
2024-07-07,2,74.0,70.3
2024-07-07,3,71.2,68.2
2024-07-07,4,71.8,69.8
2024-07-07,5,68.5,66.8
2024-07-07,6,67.1,65.7
2024-07-07,7,67.2,66.4
2024-07-07,8,66.8,66.5
2024-07-07,9,71.6,70.5
2024-07-07,10,75.1,72.4
2024-07-07,11,77.9,74.0
2024-07-07,12,81.4,77.8
2024-07-07,13,84.3,80.0
2024-07-07,14,86.6,82.0
2024-07-07,15,87.8,81.3
2024-07-07,16,88.5,80.8
2024-07-07,17,89.0,80.5
2024-07-07,18,88.4,79.1
2024-07-07,19,87.5,76.8
2024-07-07,20,86.3,75.8
2024-07-07,21,83.7,75.4
2024-07-07,22,78.5,72.9
2024-07-07,23,76.8,70.4
2024-07-07,24,71.9,66.8
2024-07-08,1,71.3,68.1
2024-07-08,2,69.1,66.5
2024-07-08,3,66.5,64.7
2024-07-08,4,65.9,65.0
2024-07-08,5,63.6,63.5
2024-07-08,6,62.1,61.9
2024-07-08,7,60.3,60.4
2024-07-08,8,59.4,59.7
2024-07-08,9,69.0,69.6
2024-07-08,10,73.4,71.1
2024-07-08,11,77.1,74.0
2024-07-08,12,82.5,80.6
2024-07-08,13,84.5,83.2
2024-07-08,14,86.9,86.3
2024-07-08,15,89.6,88.7
2024-07-08,16,90.6,88.3
2024-07-08,17,91.9,87.9
2024-07-08,18,92.3,86.5
2024-07-08,19,89.3,81.3
2024-07-08,20,87.9,80.5
2024-07-08,21,84.6,77.9
2024-07-08,22,78.9,72.9
2024-07-08,23,77.0,71.9
2024-07-08,24,72.2,67.9
2024-07-09,1,71.1,68.4
2024-07-09,2,69.8,68.0
2024-07-09,3,66.2,65.4
2024-07-09,4,64.8,65.2
2024-07-09,5,63.8,65.3
2024-07-09,6,64.3,65.8
2024-07-09,7,63.9,65.5
2024-07-09,8,64.4,66.0
2024-07-09,9,70.9,72.7
2024-07-09,10,77.0,74.8
2024-07-09,11,82.7,78.4
2024-07-09,12,88.4,84.3
2024-07-09,13,89.7,86.3
2024-07-09,14,91.8,89.6
2024-07-09,15,93.6,91.2
2024-07-09,16,95.0,91.2
2024-07-09,17,97.0,93.3
2024-07-09,18,97.0,88.3
2024-07-09,19,96.3,85.2
2024-07-09,20,95.2,86.4
2024-07-09,21,90.3,82.4
2024-07-09,22,84.7,78.6
2024-07-09,23,81.0,74.0
2024-07-09,24,78.8,73.1
2024-07-10,1,77.2,74.0
2024-07-10,2,74.7,72.4
2024-07-10,3,71.7,69.7
2024-07-10,4,69.8,68.1
2024-07-10,5,66.2,65.6
2024-07-10,6,65.8,65.9
2024-07-10,7,64.7,65.4
2024-07-10,8,64.8,66.0
2024-07-10,9,72.4,74.0
2024-07-10,10,79.5,78.0
2024-07-10,11,84.9,80.5
2024-07-10,12,89.7,85.5
2024-07-10,13,93.2,90.0
2024-07-10,14,94.5,92.1
2024-07-10,15,97.1,93.8
2024-07-10,16,99.0,92.6
2024-07-10,17,100.8,93.5
2024-07-10,18,101.0,92.9
2024-07-10,19,99.5,88.5
2024-07-10,20,98.3,90.5
2024-07-10,21,91.5,85.3
2024-07-10,22,87.5,81.9
2024-07-10,23,83.1,76.0
2024-07-10,24,80.5,74.8
2024-07-11,1,79.0,74.4
2024-07-11,2,76.1,72.5
2024-07-11,3,73.1,71.1
2024-07-11,4,70.2,69.8
2024-07-11,5,68.3,68.3
2024-07-11,6,67.9,68.8
2024-07-11,7,68.1,69.9
2024-07-11,8,68.2,69.8
2024-07-11,9,76.0,79.0
2024-07-11,10,82.9,82.5
2024-07-11,11,89.8,86.1
2024-07-11,12,95.0,90.9
2024-07-11,13,97.3,93.0
2024-07-11,14,98.9,94.9
2024-07-11,15,101.0,96.1
2024-07-11,16,102.2,95.0
2024-07-11,17,103.0,96.7
2024-07-11,18,102.4,92.3
2024-07-11,19,101.7,89.9
2024-07-11,20,100.6,90.4
2024-07-11,21,95.9,88.9
2024-07-11,22,91.6,84.0
2024-07-11,23,88.7,80.7
2024-07-11,24,82.8,75.5
2024-07-12,1,81.5,76.3
2024-07-12,2,79.2,75.5
2024-07-12,3,74.4,72.1
2024-07-12,4,71.6,71.8
2024-07-12,5,70.7,72.1
2024-07-12,6,69.5,71.2
2024-07-12,7,68.2,70.4
2024-07-12,8,68.1,70.3
2024-07-12,9,76.2,79.7
2024-07-12,10,83.3,85.0
2024-07-12,11,87.2,85.7
2024-07-12,12,91.9,89.4
2024-07-12,13,94.5,90.4
2024-07-12,14,96.4,94.1
2024-07-12,15,100.4,94.5
2024-07-12,16,101.5,94.8
2024-07-12,17,100.9,94.3
2024-07-12,18,100.5,94.1
2024-07-12,19,100.3,91.6
2024-07-12,20,98.8,91.1
2024-07-12,21,93.7,87.3
2024-07-12,22,86.5,80.8
2024-07-12,23,84.1,78.6
2024-07-12,24,80.6,75.9
2024-07-13,1,77.9,74.7
2024-07-13,2,77.5,76.1
2024-07-13,3,73.9,73.4
2024-07-13,4,74.2,76.6
2024-07-13,5,70.3,72.4
2024-07-13,6,70.0,72.6
2024-07-13,7,68.9,71.6
2024-07-13,8,69.8,73.4
2024-07-13,9,76.1,79.8
2024-07-13,10,84.6,84.2
2024-07-13,11,87.1,83.4
2024-07-13,12,91.9,87.3
2024-07-13,13,95.6,92.8
2024-07-13,14,98.0,96.0
2024-07-13,15,99.5,94.4
2024-07-13,16,100.4,93.8
2024-07-13,17,100.1,95.5
2024-07-13,18,100.6,95.3
2024-07-13,19,98.9,90.5
2024-07-13,20,98.9,91.3
2024-07-13,21,94.4,89.7
2024-07-13,22,89.8,84.0
2024-07-13,23,88.2,83.4
2024-07-13,24,85.4,82.0
2024-07-14,1,86.2,83.9
2024-07-14,2,84.1,80.0
2024-07-14,3,81.5,78.4
2024-07-14,4,79.8,77.7
2024-07-14,5,77.0,75.0
2024-07-14,6,77.1,76.4
2024-07-14,7,76.2,76.5
2024-07-14,8,74.7,75.2
2024-07-14,9,79.0,80.7
2024-07-14,10,84.2,82.7
2024-07-14,11,86.4,82.3
2024-07-14,12,92.5,88.6
2024-07-14,13,94.5,91.2
2024-07-14,14,95.7,92.0
2024-07-14,15,97.7,93.6
2024-07-14,16,98.6,95.2
2024-07-14,17,100.0,96.8
2024-07-14,18,100.4,98.2
2024-07-14,19,96.5,92.7
2024-07-14,20,95.6,90.5
2024-07-14,21,91.7,84.4
2024-07-14,22,86.7,82.0
2024-07-14,23,83.6,81.0
2024-07-14,24,80.2,77.5
2024-07-15,1,78.5,75.9
2024-07-15,2,76.9,74.0
2024-07-15,3,74.3,72.5
2024-07-15,4,73.4,72.5
2024-07-15,5,73.0,72.9
2024-07-15,6,71.1,71.6
2024-07-15,7,70.6,71.7
2024-07-15,8,71.3,73.3
2024-07-15,9,76.9,78.0
2024-07-15,10,80.2,79.7
2024-07-15,11,82.8,81.5
2024-07-15,12,88.5,88.6
2024-07-15,13,89.6,90.4
2024-07-15,14,91.2,91.7
2024-07-15,15,92.0,94.3
2024-07-15,16,91.3,90.6
2024-07-15,17,92.9,90.6
2024-07-15,18,89.0,87.3
2024-07-15,19,88.1,87.3
2024-07-15,20,88.3,87.3
2024-07-15,21,85.5,84.5
2024-07-15,22,82.7,84.4
2024-07-15,23,81.2,80.2
2024-07-15,24,76.9,76.3
2024-07-16,1,77.0,75.6
2024-07-16,2,74.0,73.3
2024-07-16,3,73.4,73.6
2024-07-16,4,71.4,72.1
2024-07-16,5,69.6,70.7
2024-07-16,6,68.5,70.7
2024-07-16,7,68.7,71.2
2024-07-16,8,67.2,70.3
2024-07-16,9,76.4,78.5
2024-07-16,10,80.0,78.1
2024-07-16,11,82.1,78.6
2024-07-16,12,86.6,85.2
2024-07-16,13,87.8,87.0
2024-07-16,14,88.9,89.3
2024-07-16,15,92.2,92.5
2024-07-16,16,93.5,91.7
2024-07-16,17,94.2,91.5
2024-07-16,18,93.5,89.8
2024-07-16,19,92.9,87.2
2024-07-16,20,90.9,85.8
2024-07-16,21,86.2,80.7
2024-07-16,22,81.5,78.0
2024-07-16,23,78.4,75.3
2024-07-16,24,74.9,72.2
2024-07-17,1,74.1,73.4
2024-07-17,2,72.3,73.6
2024-07-17,3,70.7,73.0
2024-07-17,4,70.4,73.8
2024-07-17,5,68.0,71.0
2024-07-17,6,68.0,71.4
2024-07-17,7,67.3,71.0
2024-07-17,8,67.2,70.3
2024-07-17,9,73.2,75.8
2024-07-17,10,78.2,77.3
2024-07-17,11,83.3,79.9
2024-07-17,12,89.2,86.9
2024-07-17,13,91.4,90.4
2024-07-17,14,92.7,93.9
2024-07-17,15,95.6,96.6
2024-07-17,16,96.8,95.4
2024-07-17,17,96.8,91.7
2024-07-17,18,96.0,90.1
2024-07-17,19,96.5,86.6
2024-07-17,20,95.0,89.4
2024-07-17,21,91.4,82.9
2024-07-17,22,86.5,82.6
2024-07-17,23,84.2,80.6
2024-07-17,24,80.7,78.9
2024-07-18,1,78.3,77.7
2024-07-18,2,77.9,80.1
2024-07-18,3,75.2,76.8
2024-07-18,4,73.8,76.4
2024-07-18,5,70.4,73.3
2024-07-18,6,70.4,73.4
2024-07-18,7,70.1,73.2
2024-07-18,8,69.4,73.2
2024-07-18,9,76.4,79.6
2024-07-18,10,82.4,81.8
2024-07-18,11,85.9,82.6
2024-07-18,12,91.5,89.5
2024-07-18,13,93.7,92.2
2024-07-18,14,96.8,96.1
2024-07-18,15,99.1,97.9
2024-07-18,16,97.6,96.9
2024-07-18,17,97.6,94.4
2024-07-18,18,97.3,95.4
2024-07-18,19,96.1,88.3
2024-07-18,20,93.4,89.3
2024-07-18,21,87.8,84.8
2024-07-18,22,85.9,83.5
2024-07-18,23,81.2,80.4
2024-07-18,24,78.8,78.7
2024-07-19,1,77.2,76.8
2024-07-19,2,77.9,79.5
2024-07-19,3,73.4,74.1
2024-07-19,4,73.2,73.2
2024-07-19,5,72.9,72.8
2024-07-19,6,72.8,73.4
2024-07-19,7,73.0,73.8
2024-07-19,8,72.2,73.2
2024-07-19,9,76.1,77.9
2024-07-19,10,80.1,79.4
2024-07-19,11,82.5,80.5
2024-07-19,12,86.0,84.9
2024-07-19,13,89.6,91.6
2024-07-19,14,91.7,93.5
2024-07-19,15,93.0,93.1
2024-07-19,16,94.5,91.1
2024-07-19,17,90.6,89.9
2024-07-19,18,91.0,85.8
2024-07-19,19,92.7,86.5
2024-07-19,20,90.1,84.7
2024-07-19,21,86.4,82.7
2024-07-19,22,83.1,80.5
2024-07-19,23,80.6,80.2
2024-07-19,24,75.4,74.5
2024-07-20,1,74.9,74.2
2024-07-20,2,74.3,74.1
2024-07-20,3,72.4,73.2
2024-07-20,4,71.9,74.8
2024-07-20,5,71.6,75.1
2024-07-20,6,71.6,74.9
2024-07-20,7,71.4,74.6
2024-07-20,8,71.9,75.4
2024-07-20,9,74.7,78.0
2024-07-20,10,79.7,79.6
2024-07-20,11,83.0,81.4
2024-07-20,12,86.1,86.5
2024-07-20,13,90.6,90.8
2024-07-20,14,93.2,93.1
2024-07-20,15,95.8,96.6
2024-07-20,16,97.3,94.7
2024-07-20,17,95.8,91.6
2024-07-20,18,95.9,89.8
2024-07-20,19,96.2,90.5
2024-07-20,20,96.1,89.2
2024-07-20,21,91.8,86.8
2024-07-20,22,86.3,82.6
2024-07-20,23,82.7,81.1
2024-07-20,24,80.1,78.2
2024-07-21,1,79.1,78.0
2024-07-21,2,77.4,77.9
2024-07-21,3,74.7,75.8
2024-07-21,4,73.4,75.7
2024-07-21,5,71.2,72.8
2024-07-21,6,71.3,73.2
2024-07-21,7,70.5,72.4
2024-07-21,8,71.6,75.0
2024-07-21,9,76.6,79.4
2024-07-21,10,79.7,79.4
2024-07-21,11,82.5,80.1
2024-07-21,12,86.4,85.6
2024-07-21,13,88.2,88.9
2024-07-21,14,91.3,91.8
2024-07-21,15,93.7,91.4
2024-07-21,16,94.5,90.8
2024-07-21,17,95.5,91.1
2024-07-21,18,95.8,90.2
2024-07-21,19,95.7,88.5
2024-07-21,20,95.0,89.9
2024-07-21,21,91.3,86.6
2024-07-21,22,85.1,80.6
2024-07-21,23,81.8,78.1
2024-07-21,24,78.1,74.3
2024-07-22,1,76.7,74.4
2024-07-22,2,75.2,75.7
2024-07-22,3,72.7,74.8
2024-07-22,4,71.2,73.3
2024-07-22,5,70.0,72.1
2024-07-22,6,70.1,71.8
2024-07-22,7,69.1,69.4
2024-07-22,8,69.1,69.6
2024-07-22,9,74.4,75.4
2024-07-22,10,80.2,77.0
2024-07-22,11,84.3,79.7
2024-07-22,12,88.5,85.1
2024-07-22,13,90.5,88.3
2024-07-22,14,92.3,93.6
2024-07-22,15,94.4,92.8
2024-07-22,16,94.9,91.4
2024-07-22,17,95.7,90.8
2024-07-22,18,96.2,91.0
2024-07-22,19,95.7,88.6
2024-07-22,20,94.1,86.9
2024-07-22,21,89.8,83.5
2024-07-22,22,84.7,80.3
2024-07-22,23,83.2,78.4
2024-07-22,24,79.6,76.2
2024-07-23,1,79.9,78.1
2024-07-23,2,77.9,77.5
2024-07-23,3,74.6,75.6
2024-07-23,4,73.7,76.5
2024-07-23,5,70.8,74.6
2024-07-23,6,70.6,75.1
2024-07-23,7,70.1,74.2
2024-07-23,8,70.3,73.6
2024-07-23,9,78.3,81.9
2024-07-23,10,81.9,81.4
2024-07-23,11,84.1,80.7
2024-07-23,12,88.4,86.2
2024-07-23,13,90.4,89.6
2024-07-23,14,92.9,91.9
2024-07-23,15,95.7,96.2
2024-07-23,16,96.8,95.9
2024-07-23,17,97.3,94.0
2024-07-23,18,91.9,89.8
2024-07-23,19,93.4,89.3
2024-07-23,20,94.2,90.0
2024-07-23,21,89.8,86.5
2024-07-23,22,86.2,85.1
2024-07-23,23,83.7,82.8
2024-07-23,24,79.5,80.2
2024-07-24,1,77.9,80.1
2024-07-24,2,75.2,76.4
2024-07-24,3,73.4,74.5
2024-07-24,4,73.3,73.7
2024-07-24,5,70.3,70.4
2024-07-24,6,70.5,70.6
2024-07-24,7,70.4,69.8
2024-07-24,8,69.1,69.3
2024-07-24,9,75.7,76.4
2024-07-24,10,83.3,81.4
2024-07-24,11,85.1,81.9
2024-07-24,12,89.6,88.1
2024-07-24,13,93.9,92.9
2024-07-24,14,95.1,95.7
2024-07-24,15,98.2,98.5
2024-07-24,16,99.4,99.0
2024-07-24,17,99.0,98.1
2024-07-24,18,98.8,95.7
2024-07-24,19,98.4,98.4
2024-07-24,20,96.3,96.3
2024-07-24,21,93.2,93.2
2024-07-24,22,87.7,87.7
2024-07-24,23,86.1,86.1
2024-07-24,24,85.6,85.6
2024-07-25,1,89.9,89.9
2024-07-25,2,89.5,89.5
2024-07-25,3,83.0,83.0
2024-07-25,4,82.7,82.7
2024-07-25,5,75.3,75.3
2024-07-25,6,73.7,73.7
2024-07-25,7,74.1,74.1
2024-07-25,8,74.9,74.9
2024-07-25,9,76.6,76.6
2024-07-25,10,78.3,78.3
2024-07-25,11,81.4,81.4
2024-07-25,12,83.9,83.9
2024-07-25,13,86.6,86.6
2024-07-25,14,89.1,89.1
2024-07-25,15,91.0,91.0
2024-07-25,16,91.7,91.7
2024-07-25,17,91.1,91.1
2024-07-25,18,90.4,90.4
2024-07-25,19,88.5,88.5
2024-07-25,20,88.8,88.8
2024-07-25,21,87.4,87.4
2024-07-25,22,83.0,83.0
2024-07-25,23,80.5,80.5
2024-07-25,24,79.6,79.6
2024-07-26,1,75.9,75.9
2024-07-26,2,78.5,78.5
2024-07-26,3,73.7,73.7
2024-07-26,4,72.1,72.1
2024-07-26,5,75.2,75.2
2024-07-26,6,73.8,73.8
2024-07-26,7,78.8,78.8
2024-07-26,8,67.3,67.3
2024-07-26,9,71.9,71.9
2024-07-26,10,74.4,74.4
2024-07-26,11,77.2,77.2
2024-07-26,12,80.2,80.2
2024-07-26,13,83.5,83.5
2024-07-26,14,86.0,86.0
2024-07-26,15,88.3,88.3
2024-07-26,16,90.2,90.2
2024-07-26,17,90.7,90.7
2024-07-26,18,85.7,85.7
2024-07-26,19,84.3,84.3
2024-07-26,20,81.4,81.4
2024-07-26,21,80.8,80.8
2024-07-26,22,80.0,80.0
2024-07-26,23,79.6,79.6
2024-07-26,24,79.5,79.5
2024-07-27,1,75.1,75.1
2024-07-27,2,76.6,76.6
2024-07-27,3,71.4,71.4
2024-07-27,4,71.5,71.5
2024-07-27,5,70.3,70.3
2024-07-27,6,74.9,74.9
2024-07-27,7,76.0,76.0
2024-07-27,8,69.3,69.3
2024-07-27,9,75.2,75.2
2024-07-27,10,77.3,77.3
2024-07-27,11,79.7,79.7
2024-07-27,12,82.3,82.3
2024-07-27,13,85.6,85.6
2024-07-27,14,87.3,87.3
2024-07-27,15,89.7,89.7
2024-07-27,16,91.9,91.9
2024-07-27,17,94.3,94.3
2024-07-27,18,94.0,94.0
2024-07-27,19,92.7,92.7
2024-07-27,20,93.6,93.6
2024-07-27,21,85.8,85.8
2024-07-27,22,76.8,76.8
2024-07-27,23,76.2,76.2
2024-07-27,24,72.0,72.0
2024-07-28,1,71.9,71.9
2024-07-28,2,76.7,76.7
2024-07-28,3,74.5,74.5
2024-07-28,4,68.8,68.8
2024-07-28,5,67.0,67.0
2024-07-28,6,66.4,66.4
2024-07-28,7,67.3,67.3
2024-07-28,8,71.5,71.5
2024-07-28,9,72.4,72.4
2024-07-28,10,75.9,75.9
2024-07-28,11,79.9,79.9
2024-07-28,12,82.6,82.6
2024-07-28,13,86.4,86.4
2024-07-28,14,89.8,89.8
2024-07-28,15,91.9,91.9
2024-07-28,16,93.1,93.1
2024-07-28,17,93.6,93.6
2024-07-28,18,93.6,93.6
2024-07-28,19,89.3,89.3
2024-07-28,20,85.3,85.3
2024-07-28,21,81.9,81.9
2024-07-28,22,76.5,76.5
2024-07-28,23,75.4,75.4
2024-07-28,24,72.1,72.1
2024-07-29,1,77.7,77.7
2024-07-29,2,74.7,74.7
2024-07-29,3,68.9,68.9
2024-07-29,4,71.7,71.7
2024-07-29,5,70.6,70.6
2024-07-29,6,68.6,68.6
2024-07-29,7,68.4,68.4
2024-07-29,8,70.7,70.7
2024-07-29,9,75.9,75.9
2024-07-29,10,79.6,79.6
2024-07-29,11,81.7,81.7
2024-07-29,12,85.1,85.1
2024-07-29,13,89.9,89.9
2024-07-29,14,92.4,92.4
2024-07-29,15,93.9,93.9
2024-07-29,16,94.8,94.8
2024-07-29,17,95.3,95.3
2024-07-29,18,95.0,95.0
2024-07-29,19,94.3,94.3
2024-07-29,20,93.1,93.1
2024-07-29,21,89.6,89.6
2024-07-29,22,83.5,83.5
2024-07-29,23,78.2,78.2
2024-07-29,24,79.8,79.8
2024-07-30,1,74.4,74.4
2024-07-30,2,73.1,73.1
2024-07-30,3,72.4,72.4
2024-07-30,4,70.6,70.6
2024-07-30,5,69.1,69.1
2024-07-30,6,68.1,68.1
2024-07-30,7,66.2,66.2
2024-07-30,8,65.4,65.4
2024-07-30,9,73.2,73.2
2024-07-30,10,77.6,77.6
2024-07-30,11,80.5,80.5
2024-07-30,12,83.6,83.6
2024-07-30,13,87.0,87.0
2024-07-30,14,90.4,90.4
2024-07-30,15,93.2,93.2
2024-07-30,16,94.8,94.8
2024-07-30,17,95.4,95.4
2024-07-30,18,93.1,93.1
2024-07-30,19,87.6,87.6
2024-07-30,20,86.3,86.3
2024-07-30,21,82.1,82.1
2024-07-30,22,77.7,77.7
2024-07-30,23,73.3,73.3
2024-07-30,24,71.5,71.5
2024-07-31,1,72.4,72.4
2024-07-31,2,69.8,69.8
2024-07-31,3,69.0,69.0
2024-07-31,4,66.5,66.5
2024-07-31,5,67.1,67.1
2024-07-31,6,73.5,73.5
2024-07-31,7,73.4,73.4
2024-07-31,8,72.4,72.4
2024-07-31,9,72.6,72.6
2024-07-31,10,74.7,74.7
2024-07-31,11,77.0,77.0
2024-07-31,12,80.1,80.1
2024-07-31,13,83.5,83.5
2024-07-31,14,86.2,86.2
2024-07-31,15,88.6,88.6
2024-07-31,16,90.2,90.2
2024-07-31,17,90.4,90.4
2024-07-31,18,89.7,89.7
2024-07-31,19,89.4,89.4
2024-07-31,20,88.5,88.5
2024-07-31,21,85.6,85.6
2024-07-31,22,81.7,81.7
2024-07-31,23,78.7,78.7
2024-07-31,24,75.2,75.2
2024-08-01,1,74.1,74.1
2024-08-01,2,79.3,79.3
2024-08-01,3,79.0,79.0
2024-08-01,4,78.7,78.7
2024-08-01,5,78.4,78.4
2024-08-01,6,77.4,77.4
2024-08-01,7,76.3,76.3
2024-08-01,8,74.9,74.9
2024-08-01,9,76.0,76.0
2024-08-01,10,78.7,78.7
2024-08-01,11,81.9,81.9
2024-08-01,12,85.7,85.7
2024-08-01,13,89.7,89.7
2024-08-01,14,93.1,93.1
2024-08-01,15,95.1,95.1
2024-08-01,16,96.1,96.1
2024-08-01,17,95.8,95.8
2024-08-01,18,95.6,95.6
2024-08-01,19,96.2,96.2
2024-08-01,20,93.7,93.7
2024-08-01,21,90.4,90.4
2024-08-01,22,84.8,84.8
2024-08-01,23,81.1,81.1
2024-08-01,24,77.8,77.8
2024-08-02,1,83.7,83.7
2024-08-02,2,85.7,85.7
2024-08-02,3,85.0,85.0
2024-08-02,4,83.7,83.7
2024-08-02,5,82.8,82.8
2024-08-02,6,81.9,81.9
2024-08-02,7,80.9,80.9
2024-08-02,8,79.1,79.1
2024-08-02,9,78.0,78.0
2024-08-02,10,80.1,80.1
2024-08-02,11,83.3,83.3
2024-08-02,12,87.8,87.8
2024-08-02,13,92.9,92.9
2024-08-02,14,96.7,96.7
2024-08-02,15,99.1,99.1
2024-08-02,16,100.3,100.3
2024-08-02,17,100.4,100.4
2024-08-02,18,100.3,100.3
2024-08-02,19,99.4,99.4
2024-08-02,20,95.9,95.9
2024-08-02,21,92.6,92.6
2024-08-02,22,86.6,86.6
2024-08-02,23,82.8,82.8
2024-08-02,24,81.4,81.4
2024-08-03,1,83.5,83.5
2024-08-03,2,86.5,86.5
2024-08-03,3,85.9,85.9
2024-08-03,4,79.6,79.6
2024-08-03,5,75.1,75.1
2024-08-03,6,72.6,72.6
2024-08-03,7,73.4,73.4
2024-08-03,8,73.0,73.0
2024-08-03,9,80.4,80.4
2024-08-03,10,83.0,83.0
2024-08-03,11,87.0,87.0
2024-08-03,12,89.0,89.0
2024-08-03,13,91.6,91.6
2024-08-03,14,96.3,96.3
2024-08-03,15,90.8,90.8
2024-08-03,16,92.5,92.5
2024-08-03,17,89.8,89.8
2024-08-03,18,89.4,89.4
2024-08-03,19,88.8,88.8
2024-08-03,20,73.1,73.1
2024-08-03,21,71.8,71.8
2024-08-03,22,72.2,72.2
2024-08-03,23,72.9,72.9
2024-08-03,24,72.6,72.6
2024-08-04,1,72.6,72.6
2024-08-04,2,71.6,71.6
2024-08-04,3,71.8,71.8
2024-08-04,4,70.9,70.9
2024-08-04,5,69.7,69.7
2024-08-04,6,69.5,69.5
2024-08-04,7,68.8,68.8
2024-08-04,8,71.4,71.4
2024-08-04,9,76.8,76.8
2024-08-04,10,79.6,79.6
2024-08-04,11,82.9,82.9
2024-08-04,12,85.9,85.9
2024-08-04,13,88.4,88.4
2024-08-04,14,92.0,92.0
2024-08-04,15,93.9,93.9
2024-08-04,16,95.6,95.6
2024-08-04,17,94.7,94.7
2024-08-04,18,90.6,90.6
2024-08-04,19,89.5,89.5
2024-08-04,20,90.0,90.0
2024-08-04,21,89.5,89.5
2024-08-04,22,82.3,82.3
2024-08-04,23,78.7,78.7
2024-08-04,24,78.8,78.8
2024-08-05,1,81.9,81.9
2024-08-05,2,81.7,81.7
2024-08-05,3,81.6,81.6
2024-08-05,4,81.7,81.7
2024-08-05,5,81.2,81.2
2024-08-05,6,79.0,79.0
2024-08-05,7,75.8,75.8
2024-08-05,8,71.3,71.3
2024-08-05,9,78.0,78.0
2024-08-05,10,81.3,81.3
2024-08-05,11,84.7,84.7
2024-08-05,12,88.7,88.7
2024-08-05,13,92.3,92.3
2024-08-05,14,94.3,94.3
2024-08-05,15,94.9,94.9
2024-08-05,16,96.1,96.1
2024-08-05,17,92.3,92.3
2024-08-05,18,93.5,93.5
2024-08-05,19,94.5,94.5
2024-08-05,20,93.0,93.0
2024-08-05,21,89.8,89.8
2024-08-05,22,91.4,91.4
2024-08-05,23,89.0,89.0
2024-08-05,24,85.9,85.9
2024-08-06,1,83.2,83.2
2024-08-06,2,81.5,81.5
2024-08-06,3,80.6,80.6
2024-08-06,4,79.9,79.9
2024-08-06,5,79.5,79.5
2024-08-06,6,76.9,76.9
2024-08-06,7,71.6,71.6
2024-08-06,8,75.8,75.8
2024-08-06,9,77.0,77.0
2024-08-06,10,81.2,81.2
2024-08-06,11,85.0,85.0
2024-08-06,12,89.3,89.3
2024-08-06,13,93.0,93.0
2024-08-06,14,95.5,95.5
2024-08-06,15,97.8,97.8
2024-08-06,16,99.4,99.4
2024-08-06,17,101.2,101.2
2024-08-06,18,100.4,100.4
2024-08-06,19,98.9,98.9
2024-08-06,20,93.8,93.8
2024-08-06,21,89.5,89.5
2024-08-06,22,85.5,85.5
2024-08-06,23,82.3,82.3
2024-08-06,24,82.9,82.9
2024-08-07,1,86.9,86.9
2024-08-07,2,87.1,87.1
2024-08-07,3,86.5,86.5
2024-08-07,4,84.2,84.2
2024-08-07,5,74.5,74.5
2024-08-07,6,72.9,72.9
2024-08-07,7,80.7,80.7
2024-08-07,8,80.7,80.7
2024-08-07,9,79.9,79.9
2024-08-07,10,81.9,81.9
2024-08-07,11,84.9,84.9
2024-08-07,12,88.2,88.2
2024-08-07,13,90.4,90.4
2024-08-07,14,92.3,92.3
2024-08-07,15,96.0,96.0
2024-08-07,16,96.1,96.1
2024-08-07,17,95.8,95.8
2024-08-07,18,95.4,95.4
2024-08-07,19,94.1,94.1
2024-08-07,20,91.3,91.3
2024-08-07,21,87.9,87.9
2024-08-07,22,82.9,82.9
2024-08-07,23,79.3,79.3
2024-08-07,24,82.9,82.9
2024-08-08,1,81.4,81.4
2024-08-08,2,81.5,81.5
2024-08-08,3,75.6,75.6
2024-08-08,4,81.3,81.3
2024-08-08,5,81.0,81.0
2024-08-08,6,80.4,80.4
2024-08-08,7,76.0,76.0
2024-08-08,8,72.9,72.9
2024-08-08,9,76.1,76.1
2024-08-08,10,80.5,80.5
2024-08-08,11,83.3,83.3
2024-08-08,12,85.9,85.9
2024-08-08,13,88.8,88.8
2024-08-08,14,91.3,91.3
2024-08-08,15,93.5,93.5
2024-08-08,16,93.8,93.8
2024-08-08,17,94.0,94.0
2024-08-08,18,92.8,92.8
2024-08-08,19,91.6,91.6
2024-08-08,20,89.2,89.2
2024-08-08,21,85.0,85.0
2024-08-08,22,79.3,79.3
2024-08-08,23,77.6,77.6
2024-08-08,24,75.7,75.7
2024-08-09,1,76.7,76.7
2024-08-09,2,81.8,81.8
2024-08-09,3,75.1,75.1
2024-08-09,4,74.3,74.3
2024-08-09,5,72.2,72.2
2024-08-09,6,73.6,73.6
2024-08-09,7,73.3,73.3
2024-08-09,8,69.8,69.8
2024-08-09,9,75.1,75.1
2024-08-09,10,79.3,79.3
2024-08-09,11,82.6,82.6
2024-08-09,12,85.9,85.9
2024-08-09,13,87.9,87.9
2024-08-09,14,91.4,91.4
2024-08-09,15,93.3,93.3
2024-08-09,16,94.0,94.0
2024-08-09,17,93.1,93.1
2024-08-09,18,91.3,91.3
2024-08-09,19,89.6,89.6
2024-08-09,20,85.4,85.4
2024-08-09,21,83.1,83.1
2024-08-09,22,78.9,78.9
2024-08-09,23,77.4,77.4
2024-08-09,24,77.6,77.6
2024-08-10,1,80.3,80.3
2024-08-10,2,79.4,79.4
2024-08-10,3,79.1,79.1
2024-08-10,4,74.0,74.0
2024-08-10,5,70.8,70.8
2024-08-10,6,69.3,69.3
2024-08-10,7,68.1,68.1
2024-08-10,8,69.8,69.8
2024-08-10,9,75.8,75.8
2024-08-10,10,78.0,78.0
2024-08-10,11,81.0,81.0
2024-08-10,12,84.3,84.3
2024-08-10,13,85.9,85.9
2024-08-10,14,90.3,90.3
2024-08-10,15,90.4,90.4
2024-08-10,16,92.6,92.6
2024-08-10,17,93.7,93.7
2024-08-10,18,95.1,95.1
2024-08-10,19,93.7,93.7
2024-08-10,20,86.3,86.3
2024-08-10,21,84.8,84.8
2024-08-10,22,80.7,80.7
2024-08-10,23,81.4,81.4
2024-08-10,24,76.8,76.8
2024-08-11,1,77.4,77.4
2024-08-11,2,73.6,73.6
2024-08-11,3,73.2,73.2
2024-08-11,4,71.9,71.9
2024-08-11,5,69.8,69.8
2024-08-11,6,70.0,70.0
2024-08-11,7,75.0,75.0
2024-08-11,8,69.7,69.7
2024-08-11,9,74.8,74.8
2024-08-11,10,77.0,77.0
2024-08-11,11,80.1,80.1
2024-08-11,12,82.5,82.5
2024-08-11,13,84.4,84.4
2024-08-11,14,87.2,87.2
2024-08-11,15,89.5,89.5
2024-08-11,16,84.3,84.3
2024-08-11,17,89.1,89.1
2024-08-11,18,88.0,88.0
2024-08-11,19,85.1,85.1
2024-08-11,20,86.3,86.3
2024-08-11,21,82.7,82.7
2024-08-11,22,78.7,78.7
2024-08-11,23,77.5,77.5
2024-08-11,24,76.0,76.0
2024-08-12,1,75.0,75.0
2024-08-12,2,74.2,74.2
2024-08-12,3,74.2,74.2
2024-08-12,4,73.8,73.8
2024-08-12,5,73.8,73.8
2024-08-12,6,72.4,72.4
2024-08-12,7,71.6,71.6
2024-08-12,8,68.1,68.1
2024-08-12,9,72.4,72.4
2024-08-12,10,75.8,75.8
2024-08-12,11,78.9,78.9
2024-08-12,12,81.3,81.3
2024-08-12,13,86.3,86.3
2024-08-12,14,77.8,77.8
2024-08-12,15,79.9,79.9
2024-08-12,16,79.1,79.1
2024-08-12,17,75.6,75.6
2024-08-12,18,79.4,79.4
2024-08-12,19,79.4,79.4
2024-08-12,20,70.5,70.5
2024-08-12,21,70.0,70.0
2024-08-12,22,69.0,69.0
2024-08-12,23,68.6,68.6
2024-08-12,24,68.8,68.8
2024-08-13,1,68.7,68.7
2024-08-13,2,67.1,67.1
2024-08-13,3,67.5,67.5
2024-08-13,4,68.5,68.5
2024-08-13,5,68.3,68.3
2024-08-13,6,66.9,66.9
2024-08-13,7,66.5,66.5
2024-08-13,8,64.1,64.1
2024-08-13,9,67.7,67.7
2024-08-13,10,70.5,70.5
2024-08-13,11,72.8,72.8
2024-08-13,12,71.8,71.8
2024-08-13,13,74.0,74.0
2024-08-13,14,77.8,77.8
2024-08-13,15,77.0,77.0
2024-08-13,16,79.3,79.3
2024-08-13,17,78.5,78.5
2024-08-13,18,73.2,73.2
2024-08-13,19,72.6,72.6
2024-08-13,20,71.8,71.8
2024-08-13,21,69.7,69.7
2024-08-13,22,70.6,70.6
2024-08-13,23,70.2,70.2
2024-08-13,24,71.3,71.3
2024-08-14,1,70.6,70.6
2024-08-14,2,70.7,70.7
2024-08-14,3,66.7,66.7
2024-08-14,4,68.4,68.4
2024-08-14,5,64.0,64.0
2024-08-14,6,63.7,63.7
2024-08-14,7,61.6,61.6
2024-08-14,8,61.9,61.9
2024-08-14,9,67.1,67.1
2024-08-14,10,70.0,70.0
2024-08-14,11,73.5,73.5
2024-08-14,12,76.8,76.8
2024-08-14,13,78.7,78.7
2024-08-14,14,78.7,78.7
2024-08-14,15,79.9,79.9
2024-08-14,16,82.0,82.0
2024-08-14,17,80.2,80.2
2024-08-14,18,79.0,79.0
2024-08-14,19,82.8,80.7
2024-08-14,20,82.2,76.2
2024-08-14,21,78.1,73.2
2024-08-14,22,73.2,69.4
2024-08-14,23,70.5,67.1
2024-08-14,24,70.0,65.6
2024-08-15,1,70.4,66.6
2024-08-15,2,69.4,65.7
2024-08-15,3,67.9,63.8
2024-08-15,4,68.0,65.7
2024-08-15,5,66.2,66.2
2024-08-15,6,65.7,66.2
2024-08-15,7,65.3,66.3
2024-08-15,8,65.3,67.1
2024-08-15,9,68.9,70.8
2024-08-15,10,72.8,73.4
2024-08-15,11,76.5,75.5
2024-08-15,12,82.6,79.8
2024-08-15,13,85.8,82.6
2024-08-15,14,86.7,85.2
2024-08-15,15,88.2,85.3
2024-08-15,16,88.4,83.3
2024-08-15,17,89.9,84.2
2024-08-15,18,89.9,83.4
2024-08-15,19,89.4,82.5
2024-08-15,20,88.8,82.2
2024-08-15,21,83.3,79.0
2024-08-15,22,78.5,73.9
2024-08-15,23,72.9,69.6
2024-08-15,24,73.8,71.4
2024-08-16,1,73.8,70.7
2024-08-16,2,72.8,69.2
2024-08-16,3,69.8,66.2
2024-08-16,4,67.9,65.3
2024-08-16,5,69.1,68.5
2024-08-16,6,67.5,67.3
2024-08-16,7,66.1,66.3
2024-08-16,8,66.2,62.5
2024-08-16,9,69.6,67.0
2024-08-16,10,74.3,71.1
2024-08-16,11,77.9,74.9
2024-08-16,12,83.1,79.2
2024-08-16,13,85.8,81.4
2024-08-16,14,87.6,84.0
2024-08-16,15,90.1,87.1
2024-08-16,16,90.6,86.2
2024-08-16,17,92.0,86.5
2024-08-16,18,92.0,85.6
2024-08-16,19,91.7,83.3
2024-08-16,20,89.7,81.1
2024-08-16,21,82.5,76.4
2024-08-16,22,76.0,70.0
2024-08-16,23,76.1,70.9
2024-08-16,24,75.2,69.9
2024-08-17,1,72.6,68.5
2024-08-17,2,71.7,69.4
2024-08-17,3,72.8,71.4
2024-08-17,4,72.0,70.9
2024-08-17,5,69.9,69.6
2024-08-17,6,69.2,68.9
2024-08-17,7,68.0,68.7
2024-08-17,8,68.0,67.6
2024-08-17,9,74.2,74.3
2024-08-17,10,77.6,76.1
2024-08-17,11,80.2,77.6
2024-08-17,12,84.4,78.0
2024-08-17,13,77.4,74.9
2024-08-17,14,71.2,70.6
2024-08-17,15,72.3,72.0
2024-08-17,16,70.0,69.7
2024-08-17,17,75.0,73.1
2024-08-17,18,76.4,73.4
2024-08-17,19,76.9,73.6
2024-08-17,20,76.4,75.4
2024-08-17,21,74.1,74.9
2024-08-17,22,72.5,73.0
2024-08-17,23,71.2,71.2
2024-08-17,24,69.7,70.2
2024-08-18,1,67.7,68.7
2024-08-18,2,67.1,69.0
2024-08-18,3,65.6,67.7
2024-08-18,4,66.1,68.1
2024-08-18,5,66.2,68.0
2024-08-18,6,66.2,67.8
2024-08-18,7,66.4,67.6
2024-08-18,8,66.2,67.2
2024-08-18,9,68.9,69.5
2024-08-18,10,74.1,73.9
2024-08-18,11,77.3,76.5
2024-08-18,12,81.6,82.0
2024-08-18,13,83.6,85.4
2024-08-18,14,84.5,85.5
2024-08-18,15,86.8,85.3
2024-08-18,16,85.9,86.1
2024-08-18,17,84.6,83.3
2024-08-18,18,80.1,80.1
2024-08-18,19,72.5,73.5
2024-08-18,20,73.3,74.6
2024-08-18,21,73.2,74.3
2024-08-18,22,72.5,74.4
2024-08-18,23,72.4,73.7
2024-08-18,24,70.1,70.6
2024-08-19,1,68.3,69.1
2024-08-19,2,67.6,68.5
2024-08-19,3,66.9,67.2
2024-08-19,4,66.5,67.4
2024-08-19,5,64.2,65.2
2024-08-19,6,64.4,65.0
2024-08-19,7,64.3,64.8
2024-08-19,8,65.0,66.2
2024-08-19,9,68.9,70.1
2024-08-19,10,72.9,73.8
2024-08-19,11,74.8,75.2
2024-08-19,12,79.7,80.5
2024-08-19,13,84.0,85.0
2024-08-19,14,85.5,86.6
2024-08-19,15,87.4,90.8
2024-08-19,16,87.3,87.9
2024-08-19,17,90.7,91.0
2024-08-19,18,90.4,88.9
2024-08-19,19,89.7,88.5
2024-08-19,20,88.8,89.4
2024-08-19,21,85.1,85.9
2024-08-19,22,80.3,81.8
2024-08-19,23,79.7,81.2
2024-08-19,24,77.3,78.9
2024-08-20,1,75.9,77.9
2024-08-20,2,73.8,76.0
2024-08-20,3,71.2,72.9
2024-08-20,4,70.8,72.3
2024-08-20,5,68.0,69.5
2024-08-20,6,67.6,68.6
2024-08-20,7,67.2,67.9
2024-08-20,8,66.2,66.1
2024-08-20,9,71.6,72.5
2024-08-20,10,77.0,77.0
2024-08-20,11,81.8,80.5
2024-08-20,12,86.7,85.9
2024-08-20,13,89.3,88.2
2024-08-20,14,90.6,89.9
2024-08-20,15,92.6,90.6
2024-08-20,16,92.5,90.7
2024-08-20,17,94.8,91.8
2024-08-20,18,94.6,88.5
2024-08-20,19,94.2,87.6
2024-08-20,20,92.1,94.5
2024-08-20,21,86.3,80.8
2024-08-20,22,82.4,76.8
2024-08-20,23,81.8,76.7
2024-08-20,24,78.7,74.0
2024-08-21,1,78.3,74.3
2024-08-21,2,77.8,74.5
2024-08-21,3,76.6,74.2
2024-08-21,4,75.3,73.8
2024-08-21,5,73.0,72.4
2024-08-21,6,72.9,72.0
2024-08-21,7,72.6,71.9
2024-08-21,8,73.2,72.5
2024-08-21,9,76.3,77.3
2024-08-21,10,78.8,78.5
2024-08-21,11,83.1,80.9
2024-08-21,12,87.3,83.2
2024-08-21,13,89.3,82.4
2024-08-21,14,90.1,82.5
2024-08-21,15,90.7,83.9
2024-08-21,16,92.1,85.7
2024-08-21,17,92.4,88.7
2024-08-21,18,92.3,84.6
2024-08-21,19,90.9,78.9
2024-08-21,20,88.2,78.4
2024-08-21,21,81.6,72.4
2024-08-21,22,76.4,68.8
2024-08-21,23,73.2,65.6
2024-08-21,24,70.4,64.1
2024-08-22,1,69.8,64.3
2024-08-22,2,70.1,64.8
2024-08-22,3,64.6,59.9
2024-08-22,4,64.7,60.5
2024-08-22,5,67.9,64.2
2024-08-22,6,68.6,65.1
2024-08-22,7,69.1,66.7
2024-08-22,8,68.6,66.2
2024-08-22,9,71.6,70.1
2024-08-22,10,76.1,73.8
2024-08-22,11,79.2,76.0
2024-08-22,12,80.8,76.4
2024-08-22,13,82.4,79.2
2024-08-22,14,83.2,78.3
2024-08-22,15,87.7,82.8
2024-08-22,16,88.0,84.8
2024-08-22,17,86.6,85.3
2024-08-22,18,86.4,80.6
2024-08-22,19,84.0,76.7
2024-08-22,20,79.6,70.8
2024-08-22,21,80.0,73.0
2024-08-22,22,78.3,73.1
2024-08-22,23,77.7,75.4
2024-08-22,24,74.9,74.0
2024-08-23,1,72.9,72.7
2024-08-23,2,72.6,72.9
2024-08-23,3,70.7,71.4
2024-08-23,4,69.8,70.6
2024-08-23,5,68.6,69.2
2024-08-23,6,68.5,69.0
2024-08-23,7,68.5,68.9
2024-08-23,8,68.0,67.2
2024-08-23,9,70.6,69.0
2024-08-23,10,73.4,70.8
2024-08-23,11,74.7,71.4
2024-08-23,12,79.6,76.2
2024-08-23,13,80.0,74.1
2024-08-23,14,82.6,72.9
2024-08-23,15,84.0,75.1
2024-08-23,16,84.8,74.3
2024-08-23,17,83.6,71.8
2024-08-23,18,85.1,72.9
2024-08-23,19,85.0,72.8
2024-08-23,20,84.1,73.4
2024-08-23,21,80.6,70.8
2024-08-23,22,77.2,69.2
2024-08-23,23,75.2,71.0
2024-08-23,24,72.4,69.4
2024-08-24,1,71.7,69.4
2024-08-24,2,71.2,69.5
2024-08-24,3,69.8,68.6
2024-08-24,4,68.9,68.0
2024-08-24,5,68.0,67.4
2024-08-24,6,68.1,67.9
2024-08-24,7,68.5,68.6
2024-08-24,8,68.0,63.2
2024-08-24,9,70.4,66.0
2024-08-24,10,76.4,72.2
2024-08-24,11,78.3,70.2
2024-08-24,12,81.1,69.2
2024-08-24,13,82.9,71.7
2024-08-24,14,85.5,74.1
2024-08-24,15,86.9,75.6
2024-08-24,16,87.3,74.5
2024-08-24,17,86.2,72.6
2024-08-24,18,85.4,71.6
2024-08-24,19,83.1,68.5
2024-08-24,20,79.8,69.7
2024-08-24,21,75.0,63.9
2024-08-24,22,74.3,65.7
2024-08-24,23,73.5,64.9
2024-08-24,24,71.2,64.3
2024-08-25,1,71.2,64.4
2024-08-25,2,69.4,62.6
2024-08-25,3,66.6,60.5
2024-08-25,4,67.6,61.4
2024-08-25,5,63.3,57.3
2024-08-25,6,64.0,60.2
2024-08-25,7,64.6,62.3
2024-08-25,8,64.8,59.1
2024-08-25,9,64.8,60.3
2024-08-25,10,68.7,63.6
2024-08-25,11,71.7,66.4
2024-08-25,12,73.9,66.5
2024-08-25,13,74.9,70.3
2024-08-25,14,77.1,69.7
2024-08-25,15,77.7,70.7
2024-08-25,16,79.0,72.2
2024-08-25,17,80.6,74.9
2024-08-25,18,77.0,71.8
2024-08-25,19,76.5,68.9
2024-08-25,20,72.3,61.3
2024-08-25,21,69.1,60.0
2024-08-25,22,68.1,60.8
2024-08-25,23,65.3,58.6
2024-08-25,24,63.0,57.5
2024-08-26,1,61.2,56.2
2024-08-26,2,60.5,55.5
2024-08-26,3,59.1,54.2
2024-08-26,4,58.0,53.0
2024-08-26,5,56.3,51.4
2024-08-26,6,53.7,49.0
2024-08-26,7,53.4,48.2
2024-08-26,8,54.0,49.5
2024-08-26,9,58.1,55.3
2024-08-26,10,62.4,58.9
2024-08-26,11,66.1,62.4
2024-08-26,12,70.4,68.0
2024-08-26,13,71.8,70.9
2024-08-26,14,73.9,73.5
2024-08-26,15,76.4,75.5
2024-08-26,16,77.9,76.2
2024-08-26,17,78.9,74.9
2024-08-26,18,79.2,72.9
2024-08-26,19,78.6,70.8
2024-08-26,20,77.0,69.3
2024-08-26,21,71.4,65.0
2024-08-26,22,66.2,60.5
2024-08-26,23,64.4,58.8
2024-08-26,24,60.6,55.1
2024-08-27,1,59.9,55.1
2024-08-27,2,59.9,55.7
2024-08-27,3,57.6,53.6
2024-08-27,4,57.2,53.1
2024-08-27,5,54.9,51.3
2024-08-27,6,54.4,50.7
2024-08-27,7,54.7,51.1
2024-08-27,8,55.0,50.9
2024-08-27,9,59.5,56.6
2024-08-27,10,65.1,62.1
2024-08-27,11,71.1,67.6
2024-08-27,12,77.0,73.7
2024-08-27,13,80.2,76.8
2024-08-27,14,82.0,78.3
2024-08-27,15,85.1,81.1
2024-08-27,16,86.9,82.2
2024-08-27,17,88.7,83.0
2024-08-27,18,89.1,82.6
2024-08-27,19,88.9,80.5
2024-08-27,20,87.9,79.4
2024-08-27,21,80.6,73.3
2024-08-27,22,76.4,70.3
2024-08-27,23,72.5,68.5
2024-08-27,24,71.7,67.3
2024-08-28,1,69.8,65.2
2024-08-28,2,67.9,62.6
2024-08-28,3,67.1,61.7
2024-08-28,4,66.9,63.0
2024-08-28,5,64.7,61.9
2024-08-28,6,64.3,61.7
2024-08-28,7,65.2,62.7
2024-08-28,8,65.8,62.0
2024-08-28,9,68.8,66.6
2024-08-28,10,73.6,70.5
2024-08-28,11,78.8,73.7
2024-08-28,12,83.7,78.5
2024-08-28,13,85.2,80.9
2024-08-28,14,87.4,84.3
2024-08-28,15,89.3,86.9
2024-08-28,16,89.6,84.5
2024-08-28,17,89.8,81.5
2024-08-28,18,89.1,79.8
2024-08-28,19,87.5,78.4
2024-08-28,20,85.8,77.2
2024-08-28,21,78.6,71.5
2024-08-28,22,74.4,68.9
2024-08-28,23,72.5,66.4
2024-08-28,24,69.0,62.3
2024-08-29,1,68.8,61.6
2024-08-29,2,70.5,64.6
2024-08-29,3,66.6,61.6
2024-08-29,4,65.2,59.4
2024-08-29,5,61.4,55.0
2024-08-29,6,60.2,53.5
2024-08-29,7,59.5,52.9
2024-08-29,8,59.9,53.6
2024-08-29,9,62.0,57.3
2024-08-29,10,64.9,58.9
2024-08-29,11,68.7,62.6
2024-08-29,12,74.5,69.0
2024-08-29,13,76.7,71.6
2024-08-29,14,78.3,73.5
2024-08-29,15,80.6,75.6
2024-08-29,16,81.9,75.3
2024-08-29,17,82.8,74.1
2024-08-29,18,82.5,72.1
2024-08-29,19,81.6,70.0
2024-08-29,20,80.2,69.0
2024-08-29,21,72.8,63.9
2024-08-29,22,69.5,62.0
2024-08-29,23,64.5,56.6
2024-08-29,24,60.3,52.0
2024-08-30,1,59.5,51.2
2024-08-30,2,59.9,52.8
2024-08-30,3,57.3,50.8
2024-08-30,4,56.9,50.5
2024-08-30,5,55.6,49.3
2024-08-30,6,55.4,49.5
2024-08-30,7,54.2,48.5
2024-08-30,8,53.5,47.6
2024-08-30,9,56.0,50.0
2024-08-30,10,65.6,60.2
2024-08-30,11,70.3,65.2
2024-08-30,12,75.9,72.8
2024-08-30,13,78.8,76.7
2024-08-30,14,81.1,78.3
2024-08-30,15,84.4,80.6
2024-08-30,16,85.5,81.5
2024-08-30,17,87.8,82.8
2024-08-30,18,87.8,80.4
2024-08-30,19,87.2,78.8
2024-08-30,20,85.9,78.3
2024-08-30,21,76.0,69.0
2024-08-30,22,74.3,67.4
2024-08-30,23,68.0,61.1
2024-08-30,24,64.3,57.3
2024-08-31,1,64.6,57.9
2024-08-31,2,63.7,57.5
2024-08-31,3,62.1,55.6
2024-08-31,4,59.9,54.2
2024-08-31,5,58.3,53.2
2024-08-31,6,57.0,51.5
2024-08-31,7,55.5,50.4
2024-08-31,8,55.5,50.8
2024-08-31,9,58.9,54.5
2024-08-31,10,67.8,64.1
2024-08-31,11,73.7,71.2
2024-08-31,12,78.9,77.9
2024-08-31,13,82.5,81.5
2024-08-31,14,84.4,82.3
2024-08-31,15,87.8,84.0
2024-08-31,16,89.1,84.0
2024-08-31,17,90.6,84.7
2024-08-31,18,91.6,83.5
2024-08-31,19,89.8,80.9
2024-08-31,20,89.1,83.3
2024-08-31,21,80.3,73.3
2024-08-31,22,73.3,66.4
2024-08-31,23,71.6,64.6
2024-08-31,24,70.8,64.7
2024-09-01,1,70.3,64.9
2024-09-01,2,68.7,64.0
2024-09-01,3,66.2,61.7
2024-09-01,4,65.5,60.9
2024-09-01,5,61.4,56.7
2024-09-01,6,59.9,56.2
2024-09-01,7,59.5,56.4
2024-09-01,8,58.9,55.9
2024-09-01,9,63.5,61.6
2024-09-01,10,72.0,69.8
2024-09-01,11,77.0,74.3
2024-09-01,12,82.7,79.0
2024-09-01,13,86.9,83.7
2024-09-01,14,88.1,86.5
2024-09-01,15,91.2,88.2
2024-09-01,16,92.7,88.1
2024-09-01,17,92.5,87.6
2024-09-01,18,92.6,85.1
2024-09-01,19,91.8,83.7
2024-09-01,20,91.6,84.7
2024-09-01,21,82.4,75.1
2024-09-01,22,77.3,70.0
2024-09-01,23,73.6,67.2
2024-09-01,24,70.2,63.0
2024-09-02,1,70.4,64.7
2024-09-02,2,71.0,65.9
2024-09-02,3,68.6,63.8
2024-09-02,4,68.7,65.2
2024-09-02,5,67.2,65.1
2024-09-02,6,65.8,64.5
2024-09-02,7,65.7,64.1
2024-09-02,8,65.8,63.2
2024-09-02,9,69.7,68.8
2024-09-02,10,75.5,73.9
2024-09-02,11,79.1,76.0
2024-09-02,12,86.2,81.6
2024-09-02,13,88.5,84.4
2024-09-02,14,90.3,87.2
2024-09-02,15,91.3,85.9
2024-09-02,16,91.3,85.9
2024-09-02,17,91.0,84.7
2024-09-02,18,89.6,82.0
2024-09-02,19,88.3,81.0
2024-09-02,20,87.7,85.3
2024-09-02,21,83.2,80.3
2024-09-02,22,80.2,77.7
2024-09-02,23,80.1,78.5
2024-09-02,24,78.3,76.9
2024-09-03,1,75.8,75.0
2024-09-03,2,74.3,73.2
2024-09-03,3,72.3,71.5
2024-09-03,4,71.8,70.7
2024-09-03,5,66.7,65.2
2024-09-03,6,67.0,66.2
2024-09-03,7,67.5,66.8
2024-09-03,8,67.8,67.6
2024-09-03,9,69.8,70.8
2024-09-03,10,74.2,74.7
2024-09-03,11,76.7,75.4
2024-09-03,12,82.3,79.9
2024-09-03,13,86.8,84.4
2024-09-03,14,88.0,85.2
2024-09-03,15,90.2,86.1
2024-09-03,16,91.0,86.2
2024-09-03,17,90.4,86.4
2024-09-03,18,82.2,77.2
2024-09-03,19,80.9,76.6
2024-09-03,20,79.0,76.7
2024-09-03,21,77.2,74.8
2024-09-03,22,72.0,70.4
2024-09-03,23,74.2,71.6
2024-09-03,24,71.3,69.6
2024-09-04,1,70.5,70.5
2024-09-04,2,70.1,69.8
2024-09-04,3,66.2,65.7
2024-09-04,4,64.2,63.5
2024-09-04,5,64.9,63.3
2024-09-04,6,63.3,63.2
2024-09-04,7,61.9,60.7
2024-09-04,8,59.9,60.8
2024-09-04,9,61.9,63.6
2024-09-04,10,67.4,67.5
2024-09-04,11,70.1,68.7
2024-09-04,12,73.5,72.1
2024-09-04,13,75.5,73.7
2024-09-04,14,78.6,75.7
2024-09-04,15,81.2,76.9
2024-09-04,16,81.8,76.6
2024-09-04,17,81.2,75.2
2024-09-04,18,79.7,72.6
2024-09-04,19,77.4,70.3
2024-09-04,20,74.9,68.6
2024-09-04,21,71.5,66.5
2024-09-04,22,67.9,62.6
2024-09-04,23,67.0,62.1
2024-09-04,24,64.9,59.9
2024-09-05,1,63.3,58.3
2024-09-05,2,61.5,56.6
2024-09-05,3,64.3,60.1
2024-09-05,4,69.7,66.0
2024-09-05,5,68.9,65.6
2024-09-05,6,68.0,64.5
2024-09-05,7,67.0,63.7
2024-09-05,8,65.3,61.6
2024-09-05,9,65.4,62.4
2024-09-05,10,66.4,63.0
2024-09-05,11,68.5,65.8
2024-09-05,12,71.9,69.8
2024-09-05,13,75.8,74.8
2024-09-05,14,79.1,78.9
2024-09-05,15,81.4,80.9
2024-09-05,16,83.2,81.7
2024-09-05,17,83.9,80.1
2024-09-05,18,83.7,78.0
2024-09-05,19,82.5,76.2
2024-09-05,20,79.3,73.8
2024-09-05,21,73.8,69.8
2024-09-05,22,71.0,67.1
2024-09-05,23,68.3,64.7
2024-09-05,24,68.3,64.5
2024-09-06,1,68.6,64.6
2024-09-06,2,73.2,69.6
2024-09-06,3,73.2,69.9
2024-09-06,4,73.0,70.4
2024-09-06,5,72.1,69.4
2024-09-06,6,70.8,69.4
2024-09-06,7,69.7,69.9
2024-09-06,8,64.0,63.2
2024-09-06,9,64.4,65.3
2024-09-06,10,70.5,71.2
2024-09-06,11,73.6,72.3
2024-09-06,12,76.8,74.5
2024-09-06,13,80.3,79.1
2024-09-06,14,83.3,82.6
2024-09-06,15,85.9,84.6
2024-09-06,16,87.5,85.6
2024-09-06,17,88.3,84.8
2024-09-06,18,88.5,82.2
2024-09-06,19,87.5,80.1
2024-09-06,20,82.6,76.7
2024-09-06,21,73.9,68.0
2024-09-06,22,70.6,64.9
2024-09-06,23,72.4,67.8
2024-09-06,24,71.5,67.4
2024-09-07,1,76.2,72.9
2024-09-07,2,75.4,72.5
2024-09-07,3,74.5,71.9
2024-09-07,4,73.8,71.4
2024-09-07,5,73.1,71.5
2024-09-07,6,66.9,67.2
2024-09-07,7,65.9,66.2
2024-09-07,8,64.0,63.4
2024-09-07,9,64.6,65.1
2024-09-07,10,71.1,71.3
2024-09-07,11,73.6,73.0
2024-09-07,12,77.5,75.6
2024-09-07,13,81.7,80.4
2024-09-07,14,85.5,84.3
2024-09-07,15,88.3,85.6
2024-09-07,16,89.5,85.2
2024-09-07,17,90.2,83.7
2024-09-07,18,89.6,81.7
2024-09-07,19,87.5,79.9
2024-09-07,20,84.4,78.5
2024-09-07,21,76.0,70.2
2024-09-07,22,78.2,72.4
2024-09-07,23,77.4,71.3
2024-09-07,24,80.0,75.4
2024-09-08,1,78.7,74.3
2024-09-08,2,77.8,73.4
2024-09-08,3,77.7,73.3
2024-09-08,4,76.8,73.0
2024-09-08,5,75.5,73.3
2024-09-08,6,70.5,69.7
2024-09-08,7,66.4,66.2
2024-09-08,8,71.3,69.5
2024-09-08,9,67.1,66.7
2024-09-08,10,73.1,72.0
2024-09-08,11,75.9,73.9
2024-09-08,12,80.1,75.3
2024-09-08,13,83.7,78.8
2024-09-08,14,86.9,83.1
2024-09-08,15,88.9,85.7
2024-09-08,16,90.0,84.5
2024-09-08,17,90.4,83.8
2024-09-08,18,90.4,83.8
2024-09-08,19,84.4,78.7
2024-09-08,20,81.7,77.9
2024-09-08,21,74.5,72.1
2024-09-08,22,72.2,70.1
2024-09-08,23,73.0,70.3
2024-09-08,24,71.3,68.6
2024-09-09,1,67.5,64.6
2024-09-09,2,73.6,71.7
2024-09-09,3,74.3,72.2
2024-09-09,4,73.6,71.5
2024-09-09,5,74.0,72.5
2024-09-09,6,73.6,71.8
2024-09-09,7,72.4,71.8
2024-09-09,8,63.7,61.2
2024-09-09,9,69.1,68.2
2024-09-09,10,74.4,73.5
2024-09-09,11,78.0,76.4
2024-09-09,12,80.4,77.5
2024-09-09,13,83.2,79.9
2024-09-09,14,85.4,83.2
2024-09-09,15,87.1,82.8
2024-09-09,16,88.4,84.6
2024-09-09,17,88.3,84.8
2024-09-09,18,84.4,80.4
2024-09-09,19,79.6,73.8
2024-09-09,20,80.4,76.8
2024-09-09,21,76.7,74.3
2024-09-09,22,73.5,71.3
2024-09-09,23,76.3,74.9
2024-09-09,24,69.8,68.9
2024-09-10,1,67.4,67.0
2024-09-10,2,66.3,66.1
2024-09-10,3,64.6,64.3
2024-09-10,4,63.7,63.8
2024-09-10,5,63.1,63.0
2024-09-10,6,62.3,62.0
2024-09-10,7,62.5,62.1
2024-09-10,8,62.3,61.1
2024-09-10,9,64.9,64.4
2024-09-10,10,71.3,69.8
2024-09-10,11,74.5,72.3
2024-09-10,12,78.7,75.0
2024-09-10,13,82.3,79.1
2024-09-10,14,84.1,81.4
2024-09-10,15,86.5,84.4
2024-09-10,16,86.6,81.9
2024-09-10,17,86.5,79.7
2024-09-10,18,85.7,80.7
2024-09-10,19,84.0,78.8
2024-09-10,20,78.7,75.4
2024-09-10,21,72.6,70.0
2024-09-10,22,70.1,67.0
2024-09-10,23,70.6,68.1
2024-09-10,24,71.8,70.8
2024-09-11,1,72.3,71.3
2024-09-11,2,67.1,67.3
2024-09-11,3,66.1,67.5
2024-09-11,4,64.2,66.2
2024-09-11,5,63.7,65.1
2024-09-11,6,63.2,64.6
2024-09-11,7,63.1,64.4
2024-09-11,8,66.2,66.0
2024-09-11,9,68.5,68.6
2024-09-11,10,72.7,71.7
2024-09-11,11,76.1,72.4
2024-09-11,12,79.6,71.8
2024-09-11,13,85.5,77.8
2024-09-11,14,87.5,79.3
2024-09-11,15,89.3,81.4
2024-09-11,16,90.0,81.6
2024-09-11,17,90.2,80.1
2024-09-11,18,90.1,79.6
2024-09-11,19,89.0,78.3
2024-09-11,20,85.0,75.7
2024-09-11,21,82.1,73.2
2024-09-11,22,80.6,71.8
2024-09-11,23,78.1,69.3
2024-09-11,24,71.4,63.6
2024-09-12,1,71.7,64.9
2024-09-12,2,64.7,60.7
2024-09-12,3,64.1,61.0
2024-09-12,4,62.0,58.8
2024-09-12,5,60.3,56.6
2024-09-12,6,57.0,53.2
2024-09-12,7,56.5,53.1
2024-09-12,8,57.6,52.7
2024-09-12,9,58.0,52.5
2024-09-12,10,60.2,54.9
2024-09-12,11,61.7,57.3
2024-09-12,12,63.0,58.6
2024-09-12,13,64.0,60.8
2024-09-12,14,64.4,61.2
2024-09-12,15,65.6,62.2
2024-09-12,16,66.6,62.0
2024-09-12,17,68.7,62.9
2024-09-12,18,69.6,62.3
2024-09-12,19,65.9,58.5
2024-09-12,20,63.4,55.8
2024-09-12,21,60.7,54.5
2024-09-12,22,58.4,52.4
2024-09-12,23,57.5,51.6
2024-09-12,24,56.2,50.2
2024-09-13,1,54.8,48.7
2024-09-13,2,51.8,45.2
2024-09-13,3,51.3,45.3
2024-09-13,4,52.4,47.0
2024-09-13,5,57.2,52.7
2024-09-13,6,57.9,53.3
2024-09-13,7,58.0,53.7
2024-09-13,8,56.6,52.7
2024-09-13,9,56.2,52.3
2024-09-13,10,57.7,54.4
2024-09-13,11,59.8,56.1
2024-09-13,12,62.7,58.9
2024-09-13,13,65.9,63.4
2024-09-13,14,68.8,66.4
2024-09-13,15,71.2,68.0
2024-09-13,16,73.0,68.5
2024-09-13,17,74.2,67.9
2024-09-13,18,74.3,66.0
2024-09-13,19,73.3,64.8
2024-09-13,20,72.4,66.7
2024-09-13,21,65.0,58.2
2024-09-13,22,59.8,53.8
2024-09-13,23,58.9,53.4
2024-09-13,24,57.6,52.0
2024-09-14,1,56.4,50.6
2024-09-14,2,56.2,50.7
2024-09-14,3,62.3,57.1
2024-09-14,4,63.8,58.8
2024-09-14,5,64.3,59.3
2024-09-14,6,59.8,55.1
2024-09-14,7,56.0,51.7
2024-09-14,8,52.7,48.8
2024-09-14,9,57.2,54.4
2024-09-14,10,64.0,60.9
2024-09-14,11,67.2,63.0
2024-09-14,12,71.2,65.9
2024-09-14,13,75.8,70.3
2024-09-14,14,78.7,73.9
2024-09-14,15,81.0,76.2
2024-09-14,16,82.7,76.4
2024-09-14,17,84.2,76.0
2024-09-14,18,85.7,76.8
2024-09-14,19,85.0,77.3
2024-09-14,20,81.4,75.0
2024-09-14,21,78.2,71.7
2024-09-14,22,74.2,68.7
2024-09-14,23,65.9,60.1
2024-09-14,24,67.2,61.6
2024-09-15,1,70.7,64.9
2024-09-15,2,65.8,61.1
2024-09-15,3,61.6,58.2
2024-09-15,4,60.8,58.4
2024-09-15,5,60.7,58.5
2024-09-15,6,58.9,57.1
2024-09-15,7,58.7,57.0
2024-09-15,8,57.5,55.3
2024-09-15,9,61.6,60.3
2024-09-15,10,69.2,67.4
2024-09-15,11,72.6,68.5
2024-09-15,12,76.0,69.0
2024-09-15,13,79.7,72.9
2024-09-15,14,82.6,76.1
2024-09-15,15,84.4,77.6
2024-09-15,16,84.9,78.4
2024-09-15,17,85.7,78.6
2024-09-15,18,85.4,77.4
2024-09-15,19,82.2,74.1
2024-09-15,20,75.1,71.0
2024-09-15,21,70.6,66.0
2024-09-15,22,67.5,63.8
2024-09-15,23,72.9,70.4
2024-09-15,24,69.3,66.5
2024-09-16,1,66.7,64.5
2024-09-16,2,63.2,62.2
2024-09-16,3,62.2,61.5
2024-09-16,4,60.7,60.0
2024-09-16,5,59.3,58.6
2024-09-16,6,58.5,58.1
2024-09-16,7,57.3,56.5
2024-09-16,8,58.9,57.2
2024-09-16,9,63.4,62.1
2024-09-16,10,68.3,66.3
2024-09-16,11,71.1,66.7
2024-09-16,12,75.9,67.6
2024-09-16,13,76.9,67.4
2024-09-16,14,80.3,70.0
2024-09-16,15,79.5,70.0
2024-09-16,16,79.4,69.9
2024-09-16,17,79.3,70.2
2024-09-16,18,77.9,70.5
2024-09-16,19,79.4,71.8
2024-09-16,20,71.5,66.7
2024-09-16,21,66.6,61.8
2024-09-16,22,70.4,66.1
2024-09-16,23,64.0,60.3
2024-09-16,24,62.7,60.1
2024-09-17,1,61.1,58.1
2024-09-17,2,58.6,56.5
2024-09-17,3,56.8,54.6
2024-09-17,4,56.3,53.4
2024-09-17,5,55.7,52.9
2024-09-17,6,55.5,53.0
2024-09-17,7,55.1,53.4
2024-09-17,8,56.3,56.2
2024-09-17,9,56.0,54.4
2024-09-17,10,56.5,53.8
2024-09-17,11,56.1,51.0
2024-09-17,12,58.2,52.5
2024-09-17,13,60.8,55.2
2024-09-17,14,64.6,57.5
2024-09-17,15,64.8,56.9
2024-09-17,16,66.1,62.1
2024-09-17,17,63.2,59.7
2024-09-17,18,58.6,54.9
2024-09-17,19,59.3,53.1
2024-09-17,20,60.7,56.5
2024-09-17,21,55.0,51.7
2024-09-17,22,53.3,49.7
2024-09-17,23,51.9,48.2
2024-09-17,24,55.6,51.3
2024-09-18,1,55.7,51.0
2024-09-18,2,56.2,51.4
2024-09-18,3,55.0,49.9
2024-09-18,4,55.9,51.1
2024-09-18,5,55.7,51.8
2024-09-18,6,54.2,50.5
2024-09-18,7,55.6,52.2
2024-09-18,8,50.5,47.6
2024-09-18,9,52.6,50.2
2024-09-18,10,57.9,54.6
2024-09-18,11,59.8,56.1
2024-09-18,12,62.0,57.8
2024-09-18,13,64.2,60.6
2024-09-18,14,66.0,62.5
2024-09-18,15,67.6,64.6
2024-09-18,16,68.8,65.3
2024-09-18,17,69.3,64.6
2024-09-18,18,68.7,62.7
2024-09-18,19,64.9,59.6
2024-09-18,20,62.6,57.5
2024-09-18,21,59.3,54.6
2024-09-18,22,58.9,53.9
2024-09-18,23,57.1,52.4
2024-09-18,24,55.4,50.9
2024-09-19,1,53.6,48.6
2024-09-19,2,58.0,53.6
2024-09-19,3,58.0,53.6
2024-09-19,4,54.7,50.2
2024-09-19,5,52.6,48.2
2024-09-19,6,52.9,48.6
2024-09-19,7,58.8,54.5
2024-09-19,8,57.6,53.5
2024-09-19,9,57.9,54.3
2024-09-19,10,58.8,55.5
2024-09-19,11,60.7,57.5
2024-09-19,12,63.0,60.2
2024-09-19,13,66.1,64.8
2024-09-19,14,69.8,69.3
2024-09-19,15,72.8,72.0
2024-09-19,16,74.6,71.8
2024-09-19,17,74.9,70.5
2024-09-19,18,73.4,68.1
2024-09-19,19,71.4,66.4
2024-09-19,20,69.3,64.7
2024-09-19,21,65.3,60.5
2024-09-19,22,62.8,57.5
2024-09-19,23,59.2,54.2
2024-09-19,24,61.4,56.7
2024-09-20,1,65.5,61.5
2024-09-20,2,65.2,61.4
2024-09-20,3,64.6,61.0
2024-09-20,4,64.1,60.8
2024-09-20,5,63.2,59.8
2024-09-20,6,62.2,58.3
2024-09-20,7,61.5,57.9
2024-09-20,8,61.4,57.9
2024-09-20,9,61.1,58.2
2024-09-20,10,62.2,59.9
2024-09-20,11,64.3,62.7
2024-09-20,12,66.9,64.7
2024-09-20,13,70.6,69.4
2024-09-20,14,74.3,73.3
2024-09-20,15,76.9,75.4
2024-09-20,16,77.8,74.3
2024-09-20,17,76.1,72.0
2024-09-20,18,75.6,70.3
2024-09-20,19,74.3,68.3
2024-09-20,20,71.5,65.3
2024-09-20,21,66.8,60.4
2024-09-20,22,63.0,56.8
2024-09-20,23,63.2,57.5
2024-09-20,24,61.2,55.8
2024-09-21,1,61.9,56.7
2024-09-21,2,67.6,63.0
2024-09-21,3,59.0,54.3
2024-09-21,4,56.6,51.8
2024-09-21,5,55.3,51.0
2024-09-21,6,54.4,50.0
2024-09-21,7,54.8,50.7
2024-09-21,8,56.9,52.9
2024-09-21,9,61.9,58.2
2024-09-21,10,63.3,60.0
2024-09-21,11,65.8,62.1
2024-09-21,12,69.2,65.2
2024-09-21,13,72.9,69.7
2024-09-21,14,75.3,72.2
2024-09-21,15,76.1,72.6
2024-09-21,16,75.1,70.2
2024-09-21,17,73.4,68.2
2024-09-21,18,74.3,69.0
2024-09-21,19,72.4,67.3
2024-09-21,20,70.2,66.5
2024-09-21,21,65.5,61.3
2024-09-21,22,61.7,56.6
2024-09-21,23,61.2,56.4
2024-09-21,24,62.0,57.6
2024-09-22,1,66.0,61.7
2024-09-22,2,66.1,62.8
2024-09-22,3,66.3,62.7
2024-09-22,4,65.7,62.1
2024-09-22,5,64.3,61.0
2024-09-22,6,62.9,59.7
2024-09-22,7,61.8,58.3
2024-09-22,8,61.6,58.4
2024-09-22,9,60.9,57.6
2024-09-22,10,61.6,58.1
2024-09-22,11,63.4,60.3
2024-09-22,12,65.7,62.8
2024-09-22,13,68.7,66.9
2024-09-22,14,71.5,69.9
2024-09-22,15,73.7,71.4
2024-09-22,16,75.1,70.9
2024-09-22,17,75.2,69.9
2024-09-22,18,74.2,69.5
2024-09-22,19,73.5,68.9
2024-09-22,20,71.2,66.8
2024-09-22,21,65.7,61.4
2024-09-22,22,62.1,57.6
2024-09-22,23,60.3,55.9
2024-09-22,24,60.7,56.2
2024-09-23,1,66.7,62.6
2024-09-23,2,66.0,62.6
2024-09-23,3,65.3,62.1
2024-09-23,4,64.9,61.8
2024-09-23,5,64.6,61.9
2024-09-23,6,64.3,61.2
2024-09-23,7,63.8,60.4
2024-09-23,8,61.6,58.4
2024-09-23,9,59.4,57.5
2024-09-23,10,62.3,60.7
2024-09-23,11,65.0,62.8
2024-09-23,12,67.5,64.5
2024-09-23,13,70.2,67.7
2024-09-23,14,72.7,69.6
2024-09-23,15,74.6,70.4
2024-09-23,16,75.7,70.0
2024-09-23,17,76.4,69.4
2024-09-23,18,76.1,69.1
2024-09-23,19,74.2,67.7
2024-09-23,20,70.5,65.1
2024-09-23,21,64.2,58.4
2024-09-23,22,61.7,55.9
2024-09-23,23,59.7,53.8
2024-09-23,24,60.2,54.4
2024-09-24,1,66.4,61.2
2024-09-24,2,66.0,62.0
2024-09-24,3,65.3,62.0
2024-09-24,4,65.0,61.8
2024-09-24,5,64.8,61.4
2024-09-24,6,64.4,61.2
2024-09-24,7,64.0,61.1
2024-09-24,8,61.7,57.4
2024-09-24,9,61.8,58.7
2024-09-24,10,62.6,59.8
2024-09-24,11,64.6,62.1
2024-09-24,12,67.5,64.1
2024-09-24,13,70.9,68.5
2024-09-24,14,74.3,72.5
2024-09-24,15,76.9,74.6
2024-09-24,16,78.7,75.8
2024-09-24,17,79.3,75.2
2024-09-24,18,78.7,74.0
2024-09-24,19,76.8,72.3
2024-09-24,20,73.0,68.6
2024-09-24,21,66.7,61.8
2024-09-24,22,65.3,61.0
2024-09-24,23,71.1,66.7
2024-09-24,24,70.3,66.5
2024-09-25,1,70.1,66.6
2024-09-25,2,70.0,67.0
2024-09-25,3,70.2,67.0
2024-09-25,4,64.2,62.1
2024-09-25,5,59.8,58.6
2024-09-25,6,57.4,56.4
2024-09-25,7,57.1,55.9
2024-09-25,8,55.2,52.5
2024-09-25,9,58.4,56.1
2024-09-25,10,66.3,64.1
2024-09-25,11,69.3,66.1
2024-09-25,12,72.9,68.0
2024-09-25,13,77.8,73.3
2024-09-25,14,82.3,77.8
2024-09-25,15,85.0,80.5
2024-09-25,16,86.6,81.2
2024-09-25,17,87.1,80.1
2024-09-25,18,86.8,78.3
2024-09-25,19,85.7,77.7
2024-09-25,20,76.4,69.7
2024-09-25,21,73.4,66.7
2024-09-25,22,74.5,68.6
2024-09-25,23,78.5,73.6
2024-09-25,24,77.5,73.7
2024-09-26,1,69.4,64.3
2024-09-26,2,63.4,58.2
2024-09-26,3,62.0,58.0
2024-09-26,4,61.6,58.0
2024-09-26,5,61.3,58.0
2024-09-26,6,60.0,57.1
2024-09-26,7,58.6,55.6
2024-09-26,8,59.1,55.1
2024-09-26,9,60.8,57.5
2024-09-26,10,69.7,66.8
2024-09-26,11,73.4,69.9
2024-09-26,12,77.3,71.1
2024-09-26,13,80.8,74.4
2024-09-26,14,84.2,78.3
2024-09-26,15,86.5,80.1
2024-09-26,16,87.7,80.8
2024-09-26,17,88.0,80.1
2024-09-26,18,87.4,79.1
2024-09-26,19,84.1,76.1
2024-09-26,20,76.0,66.3
2024-09-26,21,72.5,65.0
2024-09-26,22,69.5,62.3
2024-09-26,23,67.0,59.3
2024-09-26,24,69.0,61.4
2024-09-27,1,74.6,68.8
2024-09-27,2,73.8,68.0
2024-09-27,3,73.0,67.8
2024-09-27,4,72.1,66.9
2024-09-27,5,71.5,66.8
2024-09-27,6,70.9,66.2
2024-09-27,7,70.0,65.7
2024-09-27,8,68.4,63.9
2024-09-27,9,67.3,63.1
2024-09-27,10,67.4,64.6
2024-09-27,11,69.7,68.3
2024-09-27,12,73.1,71.3
2024-09-27,13,77.0,75.9
2024-09-27,14,81.4,80.0
2024-09-27,15,84.6,81.8
2024-09-27,16,86.1,81.1
2024-09-27,17,86.2,78.2
2024-09-27,18,85.0,75.3
2024-09-27,19,83.2,73.7
2024-09-27,20,77.4,70.5
2024-09-27,21,72.2,65.5
2024-09-27,22,68.8,61.4
2024-09-27,23,71.6,64.5
2024-09-27,24,77.3,70.9
2024-09-28,1,76.7,70.6
2024-09-28,2,76.1,71.2
2024-09-28,3,74.4,69.3
2024-09-28,4,72.9,68.0
2024-09-28,5,67.7,63.7
2024-09-28,6,67.8,65.5
2024-09-28,7,65.0,63.0
2024-09-28,8,69.6,66.1
2024-09-28,9,65.3,62.4
2024-09-28,10,68.8,66.8
2024-09-28,11,71.7,68.9
2024-09-28,12,75.1,70.7
2024-09-28,13,79.2,74.7
2024-09-28,14,84.1,79.6
2024-09-28,15,87.9,82.6
2024-09-28,16,90.0,83.9
2024-09-28,17,90.5,83.7
2024-09-28,18,89.8,82.4
2024-09-28,19,87.1,81.3
2024-09-28,20,79.8,73.5
2024-09-28,21,81.5,75.9
2024-09-28,22,82.3,77.4
2024-09-28,23,81.1,76.1
2024-09-28,24,78.9,73.6
2024-09-29,1,77.0,71.9
2024-09-29,2,72.3,68.2
2024-09-29,3,68.5,65.8
2024-09-29,4,65.7,63.7
2024-09-29,5,64.3,62.5
2024-09-29,6,62.8,60.9
2024-09-29,7,61.7,59.6
2024-09-29,8,66.1,62.8
2024-09-29,9,64.2,60.6
2024-09-29,10,72.5,70.7
2024-09-29,11,75.4,72.8
2024-09-29,12,78.8,74.9
2024-09-29,13,82.6,78.2
2024-09-29,14,86.1,80.9
2024-09-29,15,88.7,83.4
2024-09-29,16,91.1,83.1
2024-09-29,17,91.4,83.6
2024-09-29,18,91.2,82.7
2024-09-29,19,88.1,81.7
2024-09-29,20,87.7,81.9
2024-09-29,21,76.0,68.5
2024-09-29,22,72.7,66.1
2024-09-29,23,75.0,68.8
2024-09-29,24,68.8,61.8
2024-09-30,1,77.4,71.3
2024-09-30,2,76.4,72.1
2024-09-30,3,65.2,58.5
2024-09-30,4,63.8,56.8
2024-09-30,5,62.5,55.9
2024-09-30,6,60.8,55.5
2024-09-30,7,61.2,55.4
2024-09-30,8,57.2,52.6
2024-09-30,9,57.3,53.2
2024-09-30,10,65.0,61.2
2024-09-30,11,67.6,62.0
2024-09-30,12,70.6,62.1
2024-09-30,13,73.0,63.9
2024-09-30,14,75.0,65.9
2024-09-30,15,76.3,67.0
2024-09-30,16,76.8,66.8
2024-09-30,17,76.0,64.6
2024-09-30,18,74.5,62.9
2024-09-30,19,72.4,61.2
2024-09-30,20,68.7,59.3
2024-09-30,21,65.8,57.4
2024-09-30,22,64.3,56.2
2024-09-30,23,63.1,55.1
2024-09-30,24,60.7,53.5
2024-10-01,1,57.4,50.0
2024-10-01,2,56.9,49.8
2024-10-01,3,57.9,51.3
2024-10-01,4,59.3,53.2
2024-10-01,5,59.1,53.3
2024-10-01,6,61.0,56.4
2024-10-01,7,60.6,55.8
2024-10-01,8,53.9,48.1
2024-10-01,9,54.4,48.9
2024-10-01,10,58.4,53.7
2024-10-01,11,60.7,56.5
2024-10-01,12,64.0,59.6
2024-10-01,13,67.7,63.5
2024-10-01,14,71.3,67.2
2024-10-01,15,74.4,70.1
2024-10-01,16,76.3,71.3
2024-10-01,17,76.9,70.3
2024-10-01,18,76.4,68.6
2024-10-01,19,74.3,66.5
2024-10-01,20,67.3,60.0
2024-10-01,21,64.6,57.3
2024-10-01,22,68.5,61.8
2024-10-01,23,69.7,63.5
2024-10-01,24,69.1,63.7
2024-10-02,1,68.8,63.9
2024-10-02,2,68.7,64.3
2024-10-02,3,68.5,64.3
2024-10-02,4,68.1,64.2
2024-10-02,5,67.5,64.0
2024-10-02,6,63.9,60.2
2024-10-02,7,64.3,60.8
2024-10-02,8,63.7,61.7
2024-10-02,9,63.7,61.1
2024-10-02,10,63.4,61.5
2024-10-02,11,66.1,63.3
2024-10-02,12,69.3,65.2
2024-10-02,13,72.9,67.7
2024-10-02,14,76.4,70.9
2024-10-02,15,78.6,73.1
2024-10-02,16,79.7,73.9
2024-10-02,17,79.6,72.0
2024-10-02,18,78.7,71.3
2024-10-02,19,77.6,71.5
2024-10-02,20,69.7,62.4
2024-10-02,21,69.4,62.2
2024-10-02,22,73.0,67.0
2024-10-02,23,71.8,67.2
2024-10-02,24,71.0,65.0
2024-10-03,1,70.6,65.1
2024-10-03,2,69.8,65.1
2024-10-03,3,69.1,63.3
2024-10-03,4,60.0,53.0
2024-10-03,5,65.5,58.9
2024-10-03,6,64.6,58.8
2024-10-03,7,64.3,58.7
2024-10-03,8,62.8,58.2
2024-10-03,9,63.1,58.7
2024-10-03,10,64.3,60.1
2024-10-03,11,65.8,62.0
2024-10-03,12,68.1,64.3
2024-10-03,13,71.5,68.0
2024-10-03,14,75.0,71.3
2024-10-03,15,77.4,72.7
2024-10-03,16,78.7,72.5
2024-10-03,17,78.6,70.8
2024-10-03,18,77.4,69.5
2024-10-03,19,75.4,68.8
2024-10-03,20,67.5,60.6
2024-10-03,21,66.1,59.2
2024-10-03,22,67.3,60.7
2024-10-03,23,70.4,64.5
2024-10-03,24,69.6,64.5
2024-10-04,1,69.7,65.1
2024-10-04,2,69.8,65.3
2024-10-04,3,69.5,64.8
2024-10-04,4,68.9,64.6
2024-10-04,5,64.4,60.7
2024-10-04,6,62.8,59.6
2024-10-04,7,59.0,55.7
2024-10-04,8,55.0,50.8
2024-10-04,9,55.7,51.2
2024-10-04,10,64.7,60.9
2024-10-04,11,68.0,63.2
2024-10-04,12,71.6,65.8
2024-10-04,13,76.3,70.7
2024-10-04,14,80.8,74.0
2024-10-04,15,83.0,76.2
2024-10-04,16,85.8,77.2
2024-10-04,17,89.1,79.6
2024-10-04,18,88.6,77.6
2024-10-04,19,85.5,78.0
2024-10-04,20,81.9,74.0
2024-10-04,21,73.3,64.6
2024-10-04,22,82.8,75.4
2024-10-04,23,79.8,74.2
2024-10-04,24,64.2,56.8
2024-10-05,1,71.0,64.5
2024-10-05,2,70.6,64.1
2024-10-05,3,69.9,63.7
2024-10-05,4,68.8,62.7
2024-10-05,5,68.3,62.0
2024-10-05,6,68.5,62.5
2024-10-05,7,68.4,62.5
2024-10-05,8,61.2,54.5
2024-10-05,9,59.7,52.9
2024-10-05,10,64.6,59.5
2024-10-05,11,69.9,64.4
2024-10-05,12,72.9,66.5
2024-10-05,13,75.3,69.1
2024-10-05,14,76.9,70.4
2024-10-05,15,77.8,70.8
2024-10-05,16,79.3,73.2
2024-10-05,17,80.0,71.6
2024-10-05,18,78.1,68.0
2024-10-05,19,75.3,65.7
2024-10-05,20,67.2,60.5
2024-10-05,21,68.2,62.1
2024-10-05,22,61.9,55.3
2024-10-05,23,60.7,54.0
2024-10-05,24,68.2,62.4
2024-10-06,1,67.8,63.5
2024-10-06,2,67.1,62.8
2024-10-06,3,66.7,62.8
2024-10-06,4,66.4,62.7
2024-10-06,5,65.8,62.1
2024-10-06,6,65.0,61.6
2024-10-06,7,64.4,61.8
2024-10-06,8,59.7,56.5
2024-10-06,9,58.2,55.3
2024-10-06,10,63.2,61.0
2024-10-06,11,65.7,62.4
2024-10-06,12,68.9,64.4
2024-10-06,13,72.7,67.9
2024-10-06,14,76.0,71.3
2024-10-06,15,78.7,73.6
2024-10-06,16,79.6,72.6
2024-10-06,17,79.0,71.5
2024-10-06,18,78.6,71.3
2024-10-06,19,76.3,68.6
2024-10-06,20,68.8,61.7
2024-10-06,21,73.7,67.7
2024-10-06,22,72.0,66.6
2024-10-06,23,70.9,66.1
2024-10-06,24,70.6,65.8
2024-10-07,1,70.2,65.5
2024-10-07,2,69.6,65.5
2024-10-07,3,68.9,64.3
2024-10-07,4,68.4,63.9
2024-10-07,5,67.9,63.8
2024-10-07,6,67.0,63.0
2024-10-07,7,66.1,62.9
2024-10-07,8,64.9,61.9
2024-10-07,9,61.4,58.9
2024-10-07,10,63.9,62.2
2024-10-07,11,66.4,64.3
2024-10-07,12,69.7,66.3
2024-10-07,13,73.8,69.1
2024-10-07,14,78.0,72.7
2024-10-07,15,80.5,74.6
2024-10-07,16,81.4,74.6
2024-10-07,17,81.4,74.5
2024-10-07,18,79.6,71.3
2024-10-07,19,76.3,67.9
2024-10-07,20,70.2,63.7
2024-10-07,21,66.0,59.2
2024-10-07,22,66.6,60.3
2024-10-07,23,67.2,61.0
2024-10-07,24,66.9,60.5
2024-10-08,1,70.0,64.1
2024-10-08,2,68.9,63.5
2024-10-08,3,68.2,63.7
2024-10-08,4,67.9,63.3
2024-10-08,5,67.3,63.1
2024-10-08,6,66.5,62.6
2024-10-08,7,65.2,62.1
2024-10-08,8,65.1,62.1
2024-10-08,9,64.5,61.5
2024-10-08,10,64.3,62.6
2024-10-08,11,67.4,65.1
2024-10-08,12,71.0,67.9
2024-10-08,13,75.1,71.4
2024-10-08,14,78.1,75.0
2024-10-08,15,80.0,74.6
2024-10-08,16,81.6,76.0
2024-10-08,17,81.2,75.5
2024-10-08,18,80.3,73.0
2024-10-08,19,77.8,71.2
2024-10-08,20,73.2,68.3
2024-10-08,21,65.2,59.1
2024-10-08,22,71.3,67.4
2024-10-08,23,70.7,66.8
2024-10-08,24,70.5,66.9
2024-10-09,1,69.3,65.3
2024-10-09,2,68.7,64.7
2024-10-09,3,67.7,64.7
2024-10-09,4,66.6,64.0
2024-10-09,5,65.9,63.9
2024-10-09,6,63.5,61.3
2024-10-09,7,63.0,60.6
2024-10-09,8,59.3,55.9
2024-10-09,9,57.6,54.3
2024-10-09,10,64.1,62.1
2024-10-09,11,66.9,64.0
2024-10-09,12,70.1,65.8
2024-10-09,13,73.9,68.5
2024-10-09,14,77.5,71.5
2024-10-09,15,80.4,74.1
2024-10-09,16,82.1,74.9
2024-10-09,17,82.8,74.5
2024-10-09,18,82.0,73.6
2024-10-09,19,79.3,72.0
2024-10-09,20,71.4,64.5
2024-10-09,21,66.3,58.8
2024-10-09,22,72.4,65.9
2024-10-09,23,69.8,64.6
2024-10-09,24,68.3,63.0
2024-10-10,1,69.7,64.6
2024-10-10,2,70.3,64.8
2024-10-10,3,66.6,61.4
2024-10-10,4,61.6,57.5
2024-10-10,5,58.2,54.3
2024-10-10,6,57.0,53.1
2024-10-10,7,58.5,54.9
2024-10-10,8,56.3,51.9
2024-10-10,9,56.2,52.2
2024-10-10,10,64.1,61.5
2024-10-10,11,68.8,65.2
2024-10-10,12,72.9,67.0
2024-10-10,13,77.1,69.4
2024-10-10,14,78.9,71.4
2024-10-10,15,81.1,73.7
2024-10-10,16,83.8,75.1
2024-10-10,17,84.9,75.1
2024-10-10,18,84.1,74.6
2024-10-10,19,80.2,73.1
2024-10-10,20,70.9,62.5
2024-10-10,21,67.9,60.3
2024-10-10,22,69.4,62.8
2024-10-10,23,69.7,63.7
2024-10-10,24,65.0,58.4
2024-10-11,1,64.3,57.9
2024-10-11,2,63.6,58.1
2024-10-11,3,61.2,56.3
2024-10-11,4,60.7,56.4
2024-10-11,5,59.9,55.8
2024-10-11,6,60.7,56.9
2024-10-11,7,60.8,57.2
2024-10-11,8,63.7,59.7
2024-10-11,9,65.0,61.3
2024-10-11,10,65.8,63.3
2024-10-11,11,70.2,66.0
2024-10-11,12,73.7,67.2
2024-10-11,13,77.6,69.4
2024-10-11,14,79.4,71.5
2024-10-11,15,82.4,74.4
2024-10-11,16,85.1,76.0
2024-10-11,17,84.7,74.6
2024-10-11,18,84.2,75.5
2024-10-11,19,79.1,73.0
2024-10-11,20,71.5,63.1
2024-10-11,21,78.3,72.1
2024-10-11,22,74.1,68.0
2024-10-11,23,72.1,66.2
2024-10-11,24,71.3,65.4
2024-10-12,1,71.1,65.3
2024-10-12,2,65.1,59.6
2024-10-12,3,61.0,55.9
2024-10-12,4,60.4,56.2
2024-10-12,5,58.4,54.9
2024-10-12,6,57.3,53.6
2024-10-12,7,57.1,53.5
2024-10-12,8,56.6,52.8
2024-10-12,9,57.1,53.9
2024-10-12,10,64.1,62.0
2024-10-12,11,68.6,65.2
2024-10-12,12,72.1,66.8
2024-10-12,13,75.5,68.6
2024-10-12,14,77.7,70.4
2024-10-12,15,79.5,72.3
2024-10-12,16,81.3,73.0
2024-10-12,17,82.0,72.8
2024-10-12,18,81.9,73.1
2024-10-12,19,78.9,71.9
2024-10-12,20,68.3,60.2
2024-10-12,21,72.4,65.5
2024-10-12,22,73.7,68.2
2024-10-12,23,71.9,67.5
2024-10-12,24,70.7,66.6
2024-10-13,1,70.6,65.5
2024-10-13,2,70.0,64.8
2024-10-13,3,62.0,56.9
2024-10-13,4,60.7,57.1
2024-10-13,5,58.2,54.7
2024-10-13,6,57.7,54.1
2024-10-13,7,56.5,52.8
2024-10-13,8,54.2,48.9
2024-10-13,9,53.9,49.7
2024-10-13,10,62.6,60.6
2024-10-13,11,67.0,63.4
2024-10-13,12,70.6,65.1
2024-10-13,13,74.2,68.1
2024-10-13,14,77.5,72.0
2024-10-13,15,79.7,74.4
2024-10-13,16,80.5,75.1
2024-10-13,17,81.1,75.0
2024-10-13,18,80.5,73.7
2024-10-13,19,77.3,71.6
2024-10-13,20,72.7,65.5
2024-10-13,21,69.3,63.0
2024-10-13,22,68.4,63.0
2024-10-13,23,61.5,54.7
2024-10-13,24,60.8,53.6
2024-10-14,1,68.9,62.5
2024-10-14,2,68.8,64.0
2024-10-14,3,68.2,63.2
2024-10-14,4,64.0,59.7
2024-10-14,5,60.9,58.2
2024-10-14,6,65.2,63.6
2024-10-14,7,63.5,61.5
2024-10-14,8,65.1,61.5
2024-10-14,9,64.8,62.4
2024-10-14,10,63.2,61.8
2024-10-14,11,67.3,63.3
2024-10-14,12,69.5,63.9
2024-10-14,13,72.4,66.6
2024-10-14,14,76.3,71.2
2024-10-14,15,78.4,73.0
2024-10-14,16,79.2,73.7
2024-10-14,17,79.3,72.3
2024-10-14,18,77.6,70.8
2024-10-14,19,74.7,69.5
2024-10-14,20,70.9,65.8
2024-10-14,21,67.4,61.3
2024-10-14,22,64.7,58.4
2024-10-14,23,68.8,63.1
2024-10-14,24,69.2,63.9
2024-10-15,1,68.7,63.9
2024-10-15,2,67.5,62.8
2024-10-15,3,66.2,62.2
2024-10-15,4,65.2,61.4
2024-10-15,5,64.4,61.2
2024-10-15,6,61.6,58.4
2024-10-15,7,61.1,58.2
2024-10-15,8,61.4,57.9
2024-10-15,9,61.6,58.3
2024-10-15,10,60.8,58.4
2024-10-15,11,63.4,60.0
2024-10-15,12,65.8,61.4
2024-10-15,13,69.4,64.8
2024-10-15,14,73.5,69.0
2024-10-15,15,75.6,71.2
2024-10-15,16,77.0,72.8
2024-10-15,17,77.2,72.6
2024-10-15,18,76.8,72.1
2024-10-15,19,74.1,70.3
2024-10-15,20,74.4,70.7
2024-10-15,21,70.3,65.3
2024-10-15,22,63.1,57.4
2024-10-15,23,61.2,55.9
2024-10-15,24,61.8,57.2
2024-10-16,1,66.7,63.4
2024-10-16,2,66.5,62.9
2024-10-16,3,61.6,58.1
2024-10-16,4,55.8,52.3
2024-10-16,5,54.4,50.6
2024-10-16,6,54.1,50.4
2024-10-16,7,54.0,50.4
2024-10-16,8,53.8,49.7
2024-10-16,9,53.9,49.9
2024-10-16,10,61.2,57.3
2024-10-16,11,65.1,60.3
2024-10-16,12,67.9,61.9
2024-10-16,13,70.9,64.1
2024-10-16,14,72.6,65.6
2024-10-16,15,73.9,65.3
2024-10-16,16,74.3,66.0
2024-10-16,17,75.7,67.0
2024-10-16,18,71.7,63.4
2024-10-16,19,70.9,70.9
2024-10-16,20,70.1,70.1
2024-10-16,21,69.0,69.0
2024-10-16,22,67.5,67.5
2024-10-16,23,65.7,65.7
2024-10-16,24,61.8,61.8
2024-10-17,1,59.9,59.9
2024-10-17,2,59.5,59.5
2024-10-17,3,61.1,61.1
2024-10-17,4,56.5,56.5
2024-10-17,5,52.6,52.6
2024-10-17,6,53.3,53.3
2024-10-17,7,53.1,53.1
2024-10-17,8,53.1,53.1
2024-10-17,9,52.8,52.8
2024-10-17,10,53.5,53.5
2024-10-17,11,53.8,53.8
2024-10-17,12,54.6,54.6
2024-10-17,13,56.2,56.2
2024-10-17,14,57.1,57.1
2024-10-17,15,58.0,58.0
2024-10-17,16,55.4,55.4
2024-10-17,17,53.2,53.2
2024-10-17,18,53.4,53.4
2024-10-17,19,52.6,52.6
2024-10-17,20,52.0,52.0
2024-10-17,21,51.0,51.0
2024-10-17,22,50.3,50.3
2024-10-17,23,46.5,46.5
2024-10-17,24,46.1,46.1
2024-10-18,1,45.5,45.5
2024-10-18,2,43.5,43.5
2024-10-18,3,40.9,40.9
2024-10-18,4,40.2,40.2
2024-10-18,5,39.9,39.9
2024-10-18,6,39.8,39.8
2024-10-18,7,39.4,39.4
2024-10-18,8,39.7,39.7
2024-10-18,9,40.3,40.3
2024-10-18,10,41.6,41.6
2024-10-18,11,42.8,42.8
2024-10-18,12,43.1,43.1
2024-10-18,13,45.0,45.0
2024-10-18,14,46.5,46.5
2024-10-18,15,48.4,48.4
2024-10-18,16,50.8,50.8
2024-10-18,17,51.9,51.9
2024-10-18,18,52.5,52.5
2024-10-18,19,52.3,52.3
2024-10-18,20,47.7,47.7
2024-10-18,21,47.2,47.2
2024-10-18,22,46.8,46.8
2024-10-18,23,46.3,46.3
2024-10-18,24,44.5,44.5
2024-10-19,1,44.4,44.4
2024-10-19,2,43.6,43.6
2024-10-19,3,42.1,42.1
2024-10-19,4,42.2,42.2
2024-10-19,5,39.5,39.5
2024-10-19,6,39.4,39.4
2024-10-19,7,46.8,46.8
2024-10-19,8,38.3,38.3
2024-10-19,9,46.1,46.1
2024-10-19,10,45.9,45.9
2024-10-19,11,47.9,47.9
2024-10-19,12,49.7,49.7
2024-10-19,13,52.8,52.8
2024-10-19,14,54.9,54.9
2024-10-19,15,56.6,56.6
2024-10-19,16,56.6,56.6
2024-10-19,17,56.4,56.4
2024-10-19,18,55.3,55.3
2024-10-19,19,53.4,53.4
2024-10-19,20,49.8,49.8
2024-10-19,21,46.3,46.3
2024-10-19,22,52.6,52.6
2024-10-19,23,52.9,52.9
2024-10-19,24,52.4,52.4
2024-10-20,1,51.8,51.8
2024-10-20,2,51.2,51.2
2024-10-20,3,50.8,50.8
2024-10-20,4,50.4,50.4
2024-10-20,5,49.9,49.9
2024-10-20,6,45.2,45.2
2024-10-20,7,49.0,49.0
2024-10-20,8,49.2,49.2
2024-10-20,9,48.4,48.4
2024-10-20,10,47.2,47.2
2024-10-20,11,49.2,49.2
2024-10-20,12,51.6,51.6
2024-10-20,13,54.1,54.1
2024-10-20,14,56.0,56.0
2024-10-20,15,56.0,56.0
2024-10-20,16,57.5,57.5
2024-10-20,17,57.8,57.8
2024-10-20,18,56.9,56.9
2024-10-20,19,55.4,55.4
2024-10-20,20,49.9,49.9
2024-10-20,21,49.3,49.3
2024-10-20,22,47.4,47.4
2024-10-20,23,46.5,46.5
2024-10-20,24,45.5,45.5
2024-10-21,1,45.4,45.4
2024-10-21,2,44.4,44.4
2024-10-21,3,43.7,43.7
2024-10-21,4,43.7,43.7
2024-10-21,5,43.6,43.6
2024-10-21,6,43.4,43.4
2024-10-21,7,42.8,42.8
2024-10-21,8,43.6,43.6
2024-10-21,9,44.2,44.2
2024-10-21,10,47.7,47.7
2024-10-21,11,50.3,50.3
2024-10-21,12,53.1,53.1
2024-10-21,13,56.6,56.6
2024-10-21,14,59.5,59.5
2024-10-21,15,61.2,61.2
2024-10-21,16,62.1,62.1
2024-10-21,17,62.7,62.7
2024-10-21,18,62.6,62.6
2024-10-21,19,59.9,59.9
2024-10-21,20,56.2,56.2
2024-10-21,21,55.5,55.5
2024-10-21,22,58.9,58.9
2024-10-21,23,58.6,58.6
2024-10-21,24,51.6,51.6
2024-10-22,1,48.5,48.5
2024-10-22,2,48.2,48.2
2024-10-22,3,47.2,47.2
2024-10-22,4,47.0,47.0
2024-10-22,5,47.5,47.5
2024-10-22,6,47.2,47.2
2024-10-22,7,46.6,46.6
2024-10-22,8,47.4,47.4
2024-10-22,9,45.1,45.1
2024-10-22,10,52.5,52.5
2024-10-22,11,55.9,55.9
2024-10-22,12,58.4,58.4
2024-10-22,13,61.0,61.0
2024-10-22,14,63.4,63.4
2024-10-22,15,65.6,65.6
2024-10-22,16,66.1,66.1
2024-10-22,17,66.0,66.0
2024-10-22,18,65.2,65.2
2024-10-22,19,61.0,61.0
2024-10-22,20,64.4,64.4
2024-10-22,21,63.4,63.4
2024-10-22,22,62.5,62.5
2024-10-22,23,61.6,61.6
2024-10-22,24,56.6,56.6
2024-10-23,1,52.1,52.1
2024-10-23,2,50.2,50.2
2024-10-23,3,49.5,49.5
2024-10-23,4,49.4,49.4
2024-10-23,5,49.3,49.3
2024-10-23,6,48.6,48.6
2024-10-23,7,47.2,47.2
2024-10-23,8,46.2,46.2
2024-10-23,9,46.7,46.7
2024-10-23,10,53.4,53.4
2024-10-23,11,56.2,56.2
2024-10-23,12,58.6,58.6
2024-10-23,13,62.1,62.1
2024-10-23,14,66.1,66.1
2024-10-23,15,68.8,68.8
2024-10-23,16,70.0,70.0
2024-10-23,17,69.7,69.7
2024-10-23,18,68.5,68.5
2024-10-23,19,64.3,64.3
2024-10-23,20,58.9,58.9
2024-10-23,21,57.5,57.5
2024-10-23,22,57.1,57.1
2024-10-23,23,57.9,57.9
2024-10-23,24,55.8,55.8
2024-10-24,1,52.5,52.5
2024-10-24,2,54.5,54.5
2024-10-24,3,56.3,56.3
2024-10-24,4,55.3,55.3
2024-10-24,5,52.6,52.6
2024-10-24,6,50.2,50.2
2024-10-24,7,47.8,47.8
2024-10-24,8,45.5,45.5
2024-10-24,9,43.5,43.5
2024-10-24,10,44.8,44.8
2024-10-24,11,46.6,46.6
2024-10-24,12,48.8,48.8
2024-10-24,13,50.8,50.8
2024-10-24,14,52.6,52.6
2024-10-24,15,53.5,53.5
2024-10-24,16,53.4,53.4
2024-10-24,17,52.9,52.9
2024-10-24,18,52.0,52.0
2024-10-24,19,49.9,49.9
2024-10-24,20,45.8,45.8
2024-10-24,21,44.4,44.4
2024-10-24,22,45.4,45.4
2024-10-24,23,47.9,47.9
2024-10-24,24,48.1,48.1
2024-10-25,1,48.3,48.3
2024-10-25,2,48.5,48.5
2024-10-25,3,48.9,48.9
2024-10-25,4,48.6,48.6
2024-10-25,5,48.4,48.4
2024-10-25,6,46.9,46.9
2024-10-25,7,43.2,43.2
2024-10-25,8,45.3,45.3
2024-10-25,9,46.6,46.6
2024-10-25,10,44.5,44.5
2024-10-25,11,48.3,48.3
2024-10-25,12,50.8,50.8
2024-10-25,13,53.6,53.6
2024-10-25,14,56.4,56.4
2024-10-25,15,59.0,59.0
2024-10-25,16,61.0,61.0
2024-10-25,17,61.9,61.9
2024-10-25,18,61.7,61.7
2024-10-25,19,59.4,59.4
2024-10-25,20,54.6,54.6
2024-10-25,21,54.0,54.0
2024-10-25,22,57.5,57.5
2024-10-25,23,58.2,58.2
2024-10-25,24,49.7,49.7
2024-10-26,1,50.0,50.0
2024-10-26,2,49.9,49.9
2024-10-26,3,50.4,50.4
2024-10-26,4,57.6,57.6
2024-10-26,5,56.3,56.3
2024-10-26,6,48.2,48.2
2024-10-26,7,47.5,47.5
2024-10-26,8,45.4,45.4
2024-10-26,9,54.2,54.2
2024-10-26,10,50.6,50.6
2024-10-26,11,55.0,55.0
2024-10-26,12,57.0,57.0
2024-10-26,13,60.1,60.1
2024-10-26,14,63.8,63.8
2024-10-26,15,66.5,66.5
2024-10-26,16,67.9,67.9
2024-10-26,17,68.0,68.0
2024-10-26,18,67.0,67.0
2024-10-26,19,60.8,60.8
2024-10-26,20,56.9,56.9
2024-10-26,21,61.0,61.0
2024-10-26,22,61.8,61.8
2024-10-26,23,61.7,61.7
2024-10-26,24,55.2,55.2
2024-10-27,1,50.4,50.4
2024-10-27,2,49.6,49.6
2024-10-27,3,48.4,48.4
2024-10-27,4,47.6,47.6
2024-10-27,5,47.5,47.5
2024-10-27,6,48.5,48.5
2024-10-27,7,49.6,49.6
2024-10-27,8,50.6,50.6
2024-10-27,9,50.3,50.3
2024-10-27,10,53.8,53.8
2024-10-27,11,56.6,56.6
2024-10-27,12,58.1,58.1
2024-10-27,13,60.3,60.3
2024-10-27,14,60.5,60.5
2024-10-27,15,65.3,65.3
2024-10-27,16,67.7,67.7
2024-10-27,17,68.3,68.3
2024-10-27,18,67.3,67.3
2024-10-27,19,63.4,63.4
2024-10-27,20,56.7,56.7
2024-10-27,21,55.8,55.8
2024-10-27,22,55.1,55.1
2024-10-27,23,56.7,56.7
2024-10-27,24,55.2,55.2
2024-10-28,1,54.2,54.2
2024-10-28,2,53.9,53.9
2024-10-28,3,52.3,52.3
2024-10-28,4,51.6,51.6
2024-10-28,5,52.0,52.0
2024-10-28,6,50.3,50.3
2024-10-28,7,52.6,52.6
2024-10-28,8,56.4,56.4
2024-10-28,9,48.1,48.1
2024-10-28,10,54.7,54.7
2024-10-28,11,59.8,59.8
2024-10-28,12,62.1,62.1
2024-10-28,13,64.5,64.5
2024-10-28,14,67.3,67.3
2024-10-28,15,68.7,68.7
2024-10-28,16,69.4,69.4
2024-10-28,17,64.1,64.1
2024-10-28,18,57.3,57.3
2024-10-28,19,54.6,54.6
2024-10-28,20,52.5,52.5
2024-10-28,21,49.3,49.3
2024-10-28,22,47.2,47.2
2024-10-28,23,45.3,45.3
2024-10-28,24,44.2,44.2
2024-10-29,1,43.6,43.6
2024-10-29,2,42.9,42.9
2024-10-29,3,42.0,42.0
2024-10-29,4,42.5,42.5
2024-10-29,5,41.1,41.1
2024-10-29,6,40.2,40.2
2024-10-29,7,40.8,40.8
2024-10-29,8,39.0,39.0
2024-10-29,9,38.7,38.7
2024-10-29,10,38.4,38.4
2024-10-29,11,39.1,39.1
2024-10-29,12,39.8,39.8
2024-10-29,13,39.8,39.8
2024-10-29,14,39.8,39.8
2024-10-29,15,40.2,40.2
2024-10-29,16,40.0,40.0
2024-10-29,17,41.6,41.6
2024-10-29,18,42.7,42.7
2024-10-29,19,41.4,41.4
2024-10-29,20,36.6,36.6
2024-10-29,21,37.8,37.8
2024-10-29,22,37.3,37.3
2024-10-29,23,35.7,35.7
2024-10-29,24,36.3,36.3
2024-10-30,1,36.8,36.8
2024-10-30,2,36.3,36.3
2024-10-30,3,35.3,35.3
2024-10-30,4,37.8,37.8
2024-10-30,5,34.7,34.7
2024-10-30,6,35.5,35.5
2024-10-30,7,36.4,36.4
2024-10-30,8,33.3,33.3
2024-10-30,9,36.1,36.1
2024-10-30,10,36.5,36.5
2024-10-30,11,35.6,35.6
2024-10-30,12,38.9,38.9
2024-10-30,13,39.4,39.4
2024-10-30,14,40.4,40.4
2024-10-30,15,41.6,41.6
2024-10-30,16,42.5,42.5
2024-10-30,17,42.8,42.8
2024-10-30,18,42.4,42.4
2024-10-30,19,39.5,39.5
2024-10-30,20,35.6,35.6
2024-10-30,21,33.7,33.7
2024-10-30,22,33.4,33.4
2024-10-30,23,33.5,33.5
2024-10-30,24,34.7,34.7
2024-10-31,1,34.9,34.9
2024-10-31,2,33.7,33.7
2024-10-31,3,34.1,34.1
2024-10-31,4,36.1,36.1
2024-10-31,5,37.6,37.6
2024-10-31,6,38.1,38.1
2024-10-31,7,37.3,37.3
2024-10-31,8,34.9,34.9
2024-10-31,9,34.3,34.3
2024-10-31,10,38.0,38.0
2024-10-31,11,41.7,41.7
2024-10-31,12,43.5,43.5
2024-10-31,13,45.9,45.9
2024-10-31,14,48.5,48.5
2024-10-31,15,50.4,50.4
2024-10-31,16,50.4,50.4
2024-10-31,17,49.8,49.8
2024-10-31,18,48.8,48.8
2024-10-31,19,48.6,48.6
2024-10-31,20,46.8,46.8
2024-10-31,21,39.8,39.8
2024-10-31,22,38.2,38.2
2024-10-31,23,37.8,37.8
2024-10-31,24,37.3,37.3
2024-11-01,1,36.4,36.4
2024-11-01,2,35.5,35.5
2024-11-01,3,33.8,33.8
2024-11-01,4,35.6,35.6
2024-11-01,5,41.0,41.0
2024-11-01,6,41.7,41.7
2024-11-01,7,42.1,42.1
2024-11-01,8,40.7,40.7
2024-11-01,9,41.3,41.3
2024-11-01,10,39.1,39.1
2024-11-01,11,42.8,42.8
2024-11-01,12,43.6,43.6
2024-11-01,13,45.2,45.2
2024-11-01,14,47.2,47.2
2024-11-01,15,49.0,49.0
2024-11-01,16,50.1,50.1
2024-11-01,17,50.4,50.4
2024-11-01,18,49.9,49.9
2024-11-01,19,45.9,45.9
2024-11-01,20,47.7,47.7
2024-11-01,21,44.2,44.2
2024-11-01,22,42.7,42.7
2024-11-01,23,40.0,40.0
2024-11-01,24,40.6,40.6
2024-11-02,1,40.5,40.5
2024-11-02,2,40.7,40.7
2024-11-02,3,39.9,39.9
2024-11-02,4,41.6,41.6
2024-11-02,5,39.7,39.7
2024-11-02,6,39.7,39.7
2024-11-02,7,39.5,39.5
2024-11-02,8,39.2,39.2
2024-11-02,9,40.4,40.4
2024-11-02,10,43.2,43.2
2024-11-02,11,47.2,47.2
2024-11-02,12,49.2,49.2
2024-11-02,13,49.9,49.9
2024-11-02,14,50.2,50.2
2024-11-02,15,49.9,49.9
2024-11-02,16,50.1,50.1
2024-11-02,17,49.6,49.6
2024-11-02,18,48.1,48.1
2024-11-02,19,45.9,45.9
2024-11-02,20,44.5,44.5
2024-11-02,21,42.9,42.9
2024-11-02,22,39.4,39.4
2024-11-02,23,39.9,39.9
2024-11-02,24,41.3,41.3
2024-11-03,1,41.6,41.6
2024-11-03,2,39.8,39.8
2024-11-03,3,38.4,38.4
2024-11-03,4,36.2,36.2
2024-11-03,5,36.8,36.8
2024-11-03,6,36.5,36.5
2024-11-03,7,37.2,37.2
2024-11-03,8,36.5,36.5
2024-11-03,9,36.6,36.6
2024-11-03,10,37.3,37.3
2024-11-03,11,38.5,38.5
2024-11-03,12,39.5,39.5
2024-11-03,13,40.9,40.9
2024-11-03,14,42.4,42.4
2024-11-03,15,42.5,42.5
2024-11-03,16,42.2,42.2
2024-11-03,17,41.4,41.4
2024-11-03,18,40.5,40.5
2024-11-03,19,39.0,39.0
2024-11-03,20,37.5,37.5
2024-11-03,21,37.3,37.3
2024-11-03,22,36.2,36.2
2024-11-03,23,35.4,35.4
2024-11-03,24,34.5,34.5
2024-11-04,1,33.1,33.1
2024-11-04,2,31.9,31.9
2024-11-04,3,29.5,29.5
2024-11-04,4,30.1,30.1
2024-11-04,5,30.8,30.8
2024-11-04,6,34.6,34.6
2024-11-04,7,30.3,30.3
2024-11-04,8,29.0,29.0
2024-11-04,9,30.6,30.6
2024-11-04,10,32.8,32.8
2024-11-04,11,34.2,34.2
2024-11-04,12,36.0,36.0
2024-11-04,13,38.4,38.4
2024-11-04,14,41.0,41.0
2024-11-04,15,42.6,42.6
2024-11-04,16,43.0,43.0
2024-11-04,17,43.0,43.0
2024-11-04,18,42.7,42.7
2024-11-04,19,39.6,39.6
2024-11-04,20,40.0,40.0
2024-11-04,21,33.8,33.8
2024-11-04,22,34.2,34.2
2024-11-04,23,33.1,33.1
2024-11-04,24,34.9,34.9
2024-11-05,1,39.5,39.5
2024-11-05,2,38.5,38.5
2024-11-05,3,38.5,38.5
2024-11-05,4,38.9,38.9
2024-11-05,5,38.4,38.4
2024-11-05,6,37.0,37.0
2024-11-05,7,37.8,37.8
2024-11-05,8,37.3,37.3
2024-11-05,9,38.2,38.2
2024-11-05,10,39.3,39.3
2024-11-05,11,39.1,39.1
2024-11-05,12,39.5,39.5
2024-11-05,13,38.9,38.9
2024-11-05,14,39.5,39.5
2024-11-05,15,40.9,40.9
2024-11-05,16,39.0,39.0
2024-11-05,17,38.6,38.6
2024-11-05,18,36.5,36.5
2024-11-05,19,34.5,34.5
2024-11-05,20,30.1,30.1
2024-11-05,21,33.0,33.0
2024-11-05,22,32.8,32.8
2024-11-05,23,31.6,31.6
2024-11-05,24,28.4,28.4
2024-11-06,1,26.8,26.8
2024-11-06,2,29.2,29.2
2024-11-06,3,32.4,32.4
2024-11-06,4,32.7,32.7
2024-11-06,5,27.8,27.8
2024-11-06,6,28.1,28.1
2024-11-06,7,30.5,30.5
2024-11-06,8,30.8,30.8
2024-11-06,9,30.1,30.1
2024-11-06,10,28.9,28.9
2024-11-06,11,33.4,33.4
2024-11-06,12,36.4,36.4
2024-11-06,13,39.1,39.1
2024-11-06,14,40.8,40.8
2024-11-06,15,42.7,42.7
2024-11-06,16,41.8,41.8
2024-11-06,17,41.3,41.3
2024-11-06,18,40.0,40.0
2024-11-06,19,38.3,27.9
2024-11-06,20,36.5,28.1
2024-11-06,21,34.1,25.6
2024-11-06,22,32.0,24.1
2024-11-06,23,31.1,23.2
2024-11-06,24,28.0,19.7
2024-11-07,1,26.5,18.5
2024-11-07,2,23.9,16.3
2024-11-07,3,21.3,13.6
2024-11-07,4,19.3,12.0
2024-11-07,5,18.5,10.6
2024-11-07,6,17.9,9.9
2024-11-07,7,17.6,9.7
2024-11-07,8,18.1,9.8
2024-11-07,9,18.7,10.8
2024-11-07,10,20.3,13.2
2024-11-07,11,26.0,19.2
2024-11-07,12,33.4,27.6
2024-11-07,13,37.1,31.7
2024-11-07,14,41.0,36.0
2024-11-07,15,42.6,38.4
2024-11-07,16,42.9,37.3
2024-11-07,17,42.6,35.7
2024-11-07,18,41.0,33.5
2024-11-07,19,41.9,35.1
2024-11-07,20,39.5,32.6
2024-11-07,21,34.9,29.3
2024-11-07,22,29.3,22.5
2024-11-07,23,28.2,21.1
2024-11-07,24,26.8,19.8
2024-11-08,1,26.2,18.8
2024-11-08,2,25.7,18.2
2024-11-08,3,23.0,15.3
2024-11-08,4,19.9,11.7
2024-11-08,5,20.3,12.7
2024-11-08,6,18.9,10.8
2024-11-08,7,18.1,9.6
2024-11-08,8,17.9,9.6
2024-11-08,9,17.8,9.5
2024-11-08,10,19.1,12.1
2024-11-08,11,26.0,18.3
2024-11-08,12,34.8,27.9
2024-11-08,13,39.4,33.5
2024-11-08,14,42.5,37.1
2024-11-08,15,45.2,38.8
2024-11-08,16,45.6,39.7
2024-11-08,17,45.1,40.2
2024-11-08,18,44.8,39.4
2024-11-08,19,47.0,41.0
2024-11-08,20,43.8,37.5
2024-11-08,21,38.1,31.7
2024-11-08,22,36.2,30.3
2024-11-08,23,36.0,29.1
2024-11-08,24,34.8,28.2
2024-11-09,1,33.5,26.9
2024-11-09,2,33.1,26.6
2024-11-09,3,32.3,25.0
2024-11-09,4,32.1,24.9
2024-11-09,5,29.4,23.1
2024-11-09,6,28.8,22.4
2024-11-09,7,28.4,21.3
2024-11-09,8,28.2,21.0
2024-11-09,9,28.2,20.8
2024-11-09,10,28.8,22.6
2024-11-09,11,32.3,25.3
2024-11-09,12,42.3,35.2
2024-11-09,13,44.3,37.6
2024-11-09,14,46.6,40.4
2024-11-09,15,49.3,43.4
2024-11-09,16,50.2,44.1
2024-11-09,17,49.6,43.7
2024-11-09,18,51.2,45.3
2024-11-09,19,49.1,43.2
2024-11-09,20,42.8,37.5
2024-11-09,21,39.2,33.5
2024-11-09,22,40.1,34.3
2024-11-09,23,40.0,33.7
2024-11-09,24,37.4,30.7
2024-11-10,1,35.2,28.1
2024-11-10,2,33.1,25.9
2024-11-10,3,31.5,24.1
2024-11-10,4,30.5,22.9
2024-11-10,5,28.3,20.5
2024-11-10,6,28.4,20.8
2024-11-10,7,28.2,20.6
2024-11-10,8,27.8,20.3
2024-11-10,9,29.2,21.9
2024-11-10,10,30.2,23.9
2024-11-10,11,37.4,31.0
2024-11-10,12,47.3,41.3
2024-11-10,13,48.6,42.3
2024-11-10,14,52.2,46.1
2024-11-10,15,57.3,51.4
2024-11-10,16,57.0,50.8
2024-11-10,17,54.0,47.8
2024-11-10,18,52.2,47.4
2024-11-10,19,49.2,43.4
2024-11-10,20,47.2,40.9
2024-11-10,21,47.0,40.6
2024-11-10,22,45.7,39.1
2024-11-10,23,43.7,36.9
2024-11-10,24,39.5,32.7
2024-11-11,1,38.9,32.2
2024-11-11,2,37.1,30.5
2024-11-11,3,35.7,29.1
2024-11-11,4,35.6,29.0
2024-11-11,5,35.3,28.5
2024-11-11,6,36.1,29.3
2024-11-11,7,35.4,28.5
2024-11-11,8,34.9,28.0
2024-11-11,9,34.8,28.1
2024-11-11,10,35.6,29.0
2024-11-11,11,45.0,38.3
2024-11-11,12,53.0,46.2
2024-11-11,13,55.1,48.1
2024-11-11,14,58.9,51.8
2024-11-11,15,62.7,55.4
2024-11-11,16,63.0,55.9
2024-11-11,17,61.6,54.6
2024-11-11,18,60.6,54.5
2024-11-11,19,59.0,53.2
2024-11-11,20,56.2,49.7
2024-11-11,21,52.7,47.1
2024-11-11,22,51.1,45.7
2024-11-11,23,50.0,44.4
2024-11-11,24,48.8,43.1
2024-11-12,1,49.0,44.0
2024-11-12,2,48.5,43.6
2024-11-12,3,48.2,43.5
2024-11-12,4,47.9,43.0
2024-11-12,5,46.4,41.6
2024-11-12,6,46.1,41.7
2024-11-12,7,46.3,42.4
2024-11-12,8,43.7,38.9
2024-11-12,9,41.9,37.5
2024-11-12,10,40.6,34.0
2024-11-12,11,39.4,33.3
2024-11-12,12,39.6,32.8
2024-11-12,13,39.5,32.0
2024-11-12,14,38.9,31.2
2024-11-12,15,38.7,31.8
2024-11-12,16,39.5,33.3
2024-11-12,17,38.3,32.6
2024-11-12,18,39.3,33.9
2024-11-12,19,37.7,33.3
2024-11-12,20,38.9,35.2
2024-11-12,21,37.1,33.2
2024-11-12,22,35.1,31.1
2024-11-12,23,35.2,31.2
2024-11-12,24,32.7,28.5
2024-11-13,1,29.0,24.1
2024-11-13,2,27.6,22.5
2024-11-13,3,26.5,20.9
2024-11-13,4,26.0,19.7
2024-11-13,5,23.2,16.5
2024-11-13,6,21.8,14.9
2024-11-13,7,22.6,15.8
2024-11-13,8,22.7,16.3
2024-11-13,9,23.1,16.2
2024-11-13,10,25.6,18.8
2024-11-13,11,31.6,24.0
2024-11-13,12,37.9,30.3
2024-11-13,13,41.8,34.4
2024-11-13,14,44.3,37.0
2024-11-13,15,47.3,40.2
2024-11-13,16,48.1,40.5
2024-11-13,17,48.8,41.4
2024-11-13,18,47.0,40.4
2024-11-13,19,43.1,37.5
2024-11-13,20,43.5,37.8
2024-11-13,21,43.2,37.8
2024-11-13,22,41.1,35.4
2024-11-13,23,39.6,33.7
2024-11-13,24,40.4,34.4
2024-11-14,1,39.9,33.8
2024-11-14,2,39.5,33.6
2024-11-14,3,37.9,32.0
2024-11-14,4,36.6,30.5
2024-11-14,5,35.0,28.9
2024-11-14,6,35.1,29.1
2024-11-14,7,33.2,26.9
2024-11-14,8,32.2,25.8
2024-11-14,9,30.0,23.5
2024-11-14,10,31.3,25.2
2024-11-14,11,36.9,30.4
2024-11-14,12,45.8,39.7
2024-11-14,13,48.9,43.0
2024-11-14,14,50.3,44.3
2024-11-14,15,53.4,47.3
2024-11-14,16,53.4,47.1
2024-11-14,17,51.1,45.2
2024-11-14,18,48.2,42.8
2024-11-14,19,47.0,41.3
2024-11-14,20,47.5,42.4
2024-11-14,21,45.5,40.5
2024-11-14,22,41.9,36.8
2024-11-14,23,39.8,34.1
2024-11-14,24,38.1,32.0
2024-11-15,1,36.7,30.5
2024-11-15,2,36.1,29.8
2024-11-15,3,35.2,28.9
2024-11-15,4,34.8,28.6
2024-11-15,5,34.2,27.8
2024-11-15,6,34.7,28.4
2024-11-15,7,34.4,28.0
2024-11-15,8,33.5,27.0
2024-11-15,9,33.2,26.8
2024-11-15,10,34.7,28.6
2024-11-15,11,38.3,31.7
2024-11-15,12,45.5,39.6
2024-11-15,13,47.6,42.3
2024-11-15,14,50.1,44.8
2024-11-15,15,49.8,43.2
2024-11-15,16,50.1,41.1
2024-11-15,17,47.0,38.0
2024-11-15,18,45.5,37.8
2024-11-15,19,45.6,38.9
2024-11-15,20,42.5,37.7
2024-11-15,21,41.2,35.6
2024-11-15,22,41.4,37.6
2024-11-15,23,40.6,37.0
2024-11-15,24,38.2,34.3
2024-11-16,1,36.6,32.7
2024-11-16,2,34.2,29.7
2024-11-16,3,33.7,29.2
2024-11-16,4,34.5,30.2
2024-11-16,5,33.6,29.3
2024-11-16,6,33.0,28.9
2024-11-16,7,33.8,29.7
2024-11-16,8,33.5,29.5
2024-11-16,9,33.7,29.5
2024-11-16,10,34.5,30.6
2024-11-16,11,35.7,31.8
2024-11-16,12,37.4,33.2
2024-11-16,13,38.1,33.5
2024-11-16,14,37.7,32.4
2024-11-16,15,38.7,33.0
2024-11-16,16,38.9,33.1
2024-11-16,17,38.8,33.3
2024-11-16,18,39.0,33.7
2024-11-16,19,37.1,32.3
2024-11-16,20,36.1,30.7
2024-11-16,21,37.6,32.7
2024-11-16,22,38.1,33.2
2024-11-16,23,34.9,29.6
2024-11-16,24,32.5,27.7
2024-11-17,1,32.7,27.9
2024-11-17,2,32.0,26.9
2024-11-17,3,30.7,25.6
2024-11-17,4,29.3,24.2
2024-11-17,5,27.6,22.4
2024-11-17,6,27.1,21.7
2024-11-17,7,27.2,21.4
2024-11-17,8,25.5,19.6
2024-11-17,9,24.8,18.8
2024-11-17,10,26.5,20.2
2024-11-17,11,29.2,22.7
2024-11-17,12,36.0,29.2
2024-11-17,13,38.6,31.8
2024-11-17,14,40.1,33.7
2024-11-17,15,42.4,36.4
2024-11-17,16,43.6,37.7
2024-11-17,17,43.8,38.2
2024-11-17,18,42.8,37.3
2024-11-17,19,41.1,36.8
2024-11-17,20,38.4,34.2
2024-11-17,21,37.5,33.0
2024-11-17,22,36.4,31.3
2024-11-17,23,35.1,29.4
2024-11-17,24,34.7,29.0
2024-11-18,1,35.6,29.9
2024-11-18,2,35.6,29.8
2024-11-18,3,35.5,29.7
2024-11-18,4,36.4,30.4
2024-11-18,5,38.2,32.1
2024-11-18,6,38.0,32.2
2024-11-18,7,37.3,31.7
2024-11-18,8,35.6,29.5
2024-11-18,9,33.8,27.2
2024-11-18,10,36.3,29.9
2024-11-18,11,37.4,30.7
2024-11-18,12,39.9,33.8
2024-11-18,13,39.0,31.6
2024-11-18,14,38.3,30.6
2024-11-18,15,40.5,32.6
2024-11-18,16,40.3,32.7
2024-11-18,17,37.7,30.9
2024-11-18,18,37.3,30.9
2024-11-18,19,33.8,27.8
2024-11-18,20,32.2,25.8
2024-11-18,21,32.1,26.9
2024-11-18,22,31.3,26.2
2024-11-18,23,30.6,25.5
2024-11-18,24,29.6,24.3
2024-11-19,1,29.4,24.2
2024-11-19,2,27.9,22.6
2024-11-19,3,23.9,18.0
2024-11-19,4,22.1,15.9
2024-11-19,5,25.5,20.1
2024-11-19,6,22.6,17.3
2024-11-19,7,21.3,15.9
2024-11-19,8,21.5,15.8
2024-11-19,9,21.1,15.4
2024-11-19,10,22.5,16.8
2024-11-19,11,26.6,21.0
2024-11-19,12,31.8,25.1
2024-11-19,13,33.2,26.5
2024-11-19,14,34.5,27.5
2024-11-19,15,36.5,28.6
2024-11-19,16,37.4,29.4
2024-11-19,17,36.9,29.1
2024-11-19,18,37.2,29.9
2024-11-19,19,33.1,26.8
2024-11-19,20,28.7,22.4
2024-11-19,21,27.7,21.7
2024-11-19,22,24.4,18.2
2024-11-19,23,21.4,14.6
2024-11-19,24,18.5,11.8
2024-11-20,1,18.7,12.0
2024-11-20,2,19.1,12.2
2024-11-20,3,18.9,11.8
2024-11-20,4,19.0,11.7
2024-11-20,5,17.9,10.4
2024-11-20,6,17.5,9.7
2024-11-20,7,18.7,10.9
2024-11-20,8,18.9,11.0
2024-11-20,9,20.4,12.6
2024-11-20,10,23.5,15.6
2024-11-20,11,29.3,21.5
2024-11-20,12,36.3,28.1
2024-11-20,13,39.7,31.4
2024-11-20,14,43.4,35.9
2024-11-20,15,48.2,41.1
2024-11-20,16,49.1,42.3
2024-11-20,17,46.8,40.8
2024-11-20,18,44.6,39.2
2024-11-20,19,43.0,37.6
2024-11-20,20,43.2,37.7
2024-11-20,21,40.3,34.0
2024-11-20,22,38.5,32.0
2024-11-20,23,37.4,30.8
2024-11-20,24,34.1,27.3
2024-11-21,1,33.6,26.7
2024-11-21,2,32.1,25.1
2024-11-21,3,32.7,25.5
2024-11-21,4,32.0,25.0
2024-11-21,5,31.1,23.8
2024-11-21,6,30.4,23.2
2024-11-21,7,30.3,23.1
2024-11-21,8,30.2,22.9
2024-11-21,9,30.6,23.4
2024-11-21,10,30.2,23.1
2024-11-21,11,36.9,30.0
2024-11-21,12,44.5,37.8
2024-11-21,13,47.7,41.5
2024-11-21,14,49.6,43.7
2024-11-21,15,54.5,47.6
2024-11-21,16,54.5,47.6
2024-11-21,17,51.5,45.5
2024-11-21,18,50.2,45.1
2024-11-21,19,46.2,41.1
2024-11-21,20,46.6,41.3
2024-11-21,21,45.2,39.4
2024-11-21,22,43.0,36.9
2024-11-21,23,39.5,33.2
2024-11-21,24,37.4,31.0
2024-11-22,1,35.2,28.9
2024-11-22,2,34.1,27.6
2024-11-22,3,32.8,26.2
2024-11-22,4,30.3,23.5
2024-11-22,5,30.8,23.9
2024-11-22,6,29.2,22.1
2024-11-22,7,28.9,21.8
2024-11-22,8,29.2,21.9
2024-11-22,9,28.8,21.6
2024-11-22,10,30.3,23.1
2024-11-22,11,37.3,29.3
2024-11-22,12,48.1,40.6
2024-11-22,13,52.0,44.9
2024-11-22,14,52.7,45.7
2024-11-22,15,56.3,49.6
2024-11-22,16,55.4,49.3
2024-11-22,17,52.2,47.1
2024-11-22,18,51.5,46.6
2024-11-22,19,48.4,42.9
2024-11-22,20,49.0,43.5
2024-11-22,21,43.5,37.9
2024-11-22,22,41.2,35.2
2024-11-22,23,42.2,36.1
2024-11-22,24,41.0,34.4
2024-11-23,1,41.3,34.7
2024-11-23,2,40.6,33.8
2024-11-23,3,40.2,33.5
2024-11-23,4,38.9,31.9
2024-11-23,5,36.5,29.1
2024-11-23,6,42.0,35.1
2024-11-23,7,43.6,36.7
2024-11-23,8,44.9,38.2
2024-11-23,9,45.3,38.4
2024-11-23,10,45.1,38.2
2024-11-23,11,49.5,42.7
2024-11-23,12,53.2,46.3
2024-11-23,13,53.0,46.1
2024-11-23,14,54.5,46.9
2024-11-23,15,55.4,47.5
2024-11-23,16,56.2,49.0
2024-11-23,17,54.7,48.6
2024-11-23,18,53.2,47.6
2024-11-23,19,54.6,49.5
2024-11-23,20,53.1,47.8
2024-11-23,21,50.1,45.7
2024-11-23,22,46.6,37.9
2024-11-23,23,45.8,37.4
2024-11-23,24,44.2,38.1
2024-11-24,1,43.1,36.0
2024-11-24,2,41.4,34.6
2024-11-24,3,39.1,32.4
2024-11-24,4,38.7,32.1
2024-11-24,5,37.6,31.2
2024-11-24,6,37.8,33.1
2024-11-24,7,38.0,33.1
2024-11-24,8,38.2,32.9
2024-11-24,9,38.1,33.3
2024-11-24,10,37.7,33.0
2024-11-24,11,36.6,31.9
2024-11-24,12,37.4,32.9
2024-11-24,13,38.9,35.2
2024-11-24,14,41.0,37.3
2024-11-24,15,42.3,37.7
2024-11-24,16,42.6,37.9
2024-11-24,17,41.0,36.7
2024-11-24,18,38.9,34.4
2024-11-24,19,39.1,34.9
2024-11-24,20,37.2,33.2
2024-11-24,21,30.2,25.3
2024-11-24,22,29.3,24.5
2024-11-24,23,27.5,22.2
2024-11-24,24,25.2,19.5
2024-11-25,1,21.7,16.0
2024-11-25,2,19.4,13.3
2024-11-25,3,17.5,11.1
2024-11-25,4,16.7,10.1
2024-11-25,5,14.9,7.8
2024-11-25,6,16.0,8.9
2024-11-25,7,16.6,9.3
2024-11-25,8,15.7,8.4
2024-11-25,9,15.8,8.3
2024-11-25,10,15.8,8.2
2024-11-25,11,23.3,15.2
2024-11-25,12,29.3,21.0
2024-11-25,13,32.4,24.2
2024-11-25,14,35.4,27.1
2024-11-25,15,39.1,31.2
2024-11-25,16,40.3,32.5
2024-11-25,17,39.4,32.5
2024-11-25,18,38.3,32.5
2024-11-25,19,38.6,32.5
2024-11-25,20,38.6,32.8
2024-11-25,21,38.3,32.3
2024-11-25,22,39.5,33.8
2024-11-25,23,39.7,34.3
2024-11-25,24,39.6,34.4
2024-11-26,1,38.7,33.6
2024-11-26,2,38.5,33.3
2024-11-26,3,37.9,32.6
2024-11-26,4,38.3,33.0
2024-11-26,5,38.2,33.2
2024-11-26,6,38.8,34.0
2024-11-26,7,39.3,34.7
2024-11-26,8,39.9,35.3
2024-11-26,9,40.4,35.9
2024-11-26,10,40.0,35.5
2024-11-26,11,41.4,37.2
2024-11-26,12,42.4,38.2
2024-11-26,13,43.0,39.2
2024-11-26,14,42.2,38.4
2024-11-26,15,42.0,37.6
2024-11-26,16,42.3,38.2
2024-11-26,17,41.6,37.4
2024-11-26,18,40.1,36.0
2024-11-26,19,39.1,35.7
2024-11-26,20,39.4,35.1
2024-11-26,21,39.0,34.6
2024-11-26,22,39.0,34.4
2024-11-26,23,38.8,33.9
2024-11-26,24,36.4,31.2
2024-11-27,1,35.5,30.6
2024-11-27,2,34.4,29.6
2024-11-27,3,34.5,30.1
2024-11-27,4,34.8,30.6
2024-11-27,5,33.8,29.2
2024-11-27,6,31.6,25.9
2024-11-27,7,32.4,26.4
2024-11-27,8,33.9,28.8
2024-11-27,9,34.2,29.1
2024-11-27,10,34.7,29.9
2024-11-27,11,35.9,31.3
2024-11-27,12,36.2,30.7
2024-11-27,13,37.3,31.6
2024-11-27,14,38.3,32.9
2024-11-27,15,39.9,34.7
2024-11-27,16,40.2,35.1
2024-11-27,17,38.5,33.1
2024-11-27,18,36.4,31.2
2024-11-27,19,31.6,26.1
2024-11-27,20,32.4,26.6
2024-11-27,21,31.9,26.4
2024-11-27,22,30.8,25.5
2024-11-27,23,29.3,24.0
2024-11-27,24,25.6,20.4
2024-11-28,1,23.9,18.5
2024-11-28,2,24.7,19.3
2024-11-28,3,25.3,19.7
2024-11-28,4,25.5,19.8
2024-11-28,5,25.0,19.2
2024-11-28,6,25.0,19.1
2024-11-28,7,26.3,20.1
2024-11-28,8,27.5,21.3
2024-11-28,9,27.0,20.7
2024-11-28,10,26.5,20.1
2024-11-28,11,28.8,22.2
2024-11-28,12,28.7,21.8
2024-11-28,13,29.1,22.2
2024-11-28,14,29.7,23.3
2024-11-28,15,30.5,24.3
2024-11-28,16,31.1,25.2
2024-11-28,17,31.0,25.5
2024-11-28,18,28.1,22.2
2024-11-28,19,25.3,19.5
2024-11-28,20,26.4,20.7
2024-11-28,21,26.1,20.3
2024-11-28,22,26.2,20.4
2024-11-28,23,26.4,20.6
2024-11-28,24,26.3,20.7
2024-11-29,1,25.7,19.9
2024-11-29,2,25.0,19.1
2024-11-29,3,24.4,18.3
2024-11-29,4,23.2,17.0
2024-11-29,5,22.7,16.2
2024-11-29,6,22.5,16.0
2024-11-29,7,22.2,15.8
2024-11-29,8,23.8,17.4
2024-11-29,9,22.0,15.6
2024-11-29,10,22.6,16.2
2024-11-29,11,26.9,20.6
2024-11-29,12,29.8,23.2
2024-11-29,13,31.0,23.9
2024-11-29,14,32.7,25.3
2024-11-29,15,34.7,27.4
2024-11-29,16,36.3,29.2
2024-11-29,17,36.6,29.9
2024-11-29,18,34.4,27.1
2024-11-29,19,30.4,23.1
2024-11-29,20,31.4,24.6
2024-11-29,21,29.9,23.3
2024-11-29,22,29.6,23.3
2024-11-29,23,30.1,24.1
2024-11-29,24,30.3,24.4
2024-11-30,1,30.8,24.9
2024-11-30,2,30.7,24.8
2024-11-30,3,29.7,23.6
2024-11-30,4,28.6,22.4
2024-11-30,5,28.3,21.8
2024-11-30,6,27.7,21.3
2024-11-30,7,27.3,20.7
2024-11-30,8,26.9,20.2
2024-11-30,9,27.0,20.4
2024-11-30,10,26.0,19.4
2024-11-30,11,29.4,23.0
2024-11-30,12,33.3,26.8
2024-11-30,13,34.7,27.9
2024-11-30,14,38.6,31.6
2024-11-30,15,40.8,33.9
2024-11-30,16,42.4,35.7
2024-11-30,17,42.4,35.7
2024-11-30,18,37.7,30.9
2024-11-30,19,31.6,25.0
2024-11-30,20,34.2,27.9
2024-11-30,21,32.8,26.4
2024-11-30,22,32.8,26.5
2024-11-30,23,32.0,25.8
2024-11-30,24,30.7,24.2
2024-12-01,1,31.5,25.4
2024-12-01,2,32.2,26.3
2024-12-01,3,32.3,26.3
2024-12-01,4,32.6,26.5
2024-12-01,5,32.4,26.3
2024-12-01,6,32.1,26.0
2024-12-01,7,31.9,25.7
2024-12-01,8,30.9,24.7
2024-12-01,9,30.4,24.3
2024-12-01,10,30.1,23.9
2024-12-01,11,33.4,26.8
2024-12-01,12,34.5,28.2
2024-12-01,13,35.5,29.5
2024-12-01,14,36.6,30.7
2024-12-01,15,38.2,31.5
2024-12-01,16,38.1,31.4
2024-12-01,17,36.8,30.4
2024-12-01,18,34.9,28.4
2024-12-01,19,29.7,23.4
2024-12-01,20,31.8,25.8
2024-12-01,21,31.2,25.2
2024-12-01,22,30.9,24.7
2024-12-01,23,31.0,24.9
2024-12-01,24,30.6,24.4
2024-12-02,1,30.1,23.8
2024-12-02,2,30.6,24.4
2024-12-02,3,31.2,25.2
2024-12-02,4,31.3,25.5
2024-12-02,5,30.6,24.7
2024-12-02,6,30.0,24.0
2024-12-02,7,29.7,23.7
2024-12-02,8,30.1,24.2
2024-12-02,9,29.2,23.3
2024-12-02,10,28.9,22.9
2024-12-02,11,32.2,26.2
2024-12-02,12,33.9,28.1
2024-12-02,13,35.8,30.0
2024-12-02,14,37.7,32.0
2024-12-02,15,39.3,33.6
2024-12-02,16,40.3,34.6
2024-12-02,17,39.3,33.8
2024-12-02,18,35.5,30.2
2024-12-02,19,31.9,26.3
2024-12-02,20,33.6,28.1
2024-12-02,21,33.7,28.3
2024-12-02,22,33.4,28.0
2024-12-02,23,33.0,27.4
2024-12-02,24,33.4,27.7
2024-12-03,1,33.6,28.0
2024-12-03,2,33.7,28.1
2024-12-03,3,33.7,28.1
2024-12-03,4,33.6,27.8
2024-12-03,5,33.0,27.1
2024-12-03,6,32.6,26.6
2024-12-03,7,32.6,26.7
2024-12-03,8,32.2,26.4
2024-12-03,9,32.1,26.3
2024-12-03,10,32.0,26.1
2024-12-03,11,34.9,28.8
2024-12-03,12,35.6,29.9
2024-12-03,13,37.3,31.6
2024-12-03,14,39.6,33.6
2024-12-03,15,41.8,35.9
2024-12-03,16,42.7,36.9
2024-12-03,17,41.7,35.8
2024-12-03,18,37.7,32.0
2024-12-03,19,33.9,28.6
2024-12-03,20,34.8,29.7
2024-12-03,21,34.3,29.0
2024-12-03,22,33.2,27.5
2024-12-03,23,33.7,28.2
2024-12-03,24,34.2,28.7
2024-12-04,1,33.4,27.6
2024-12-04,2,32.8,26.9
2024-12-04,3,33.7,27.9
2024-12-04,4,33.6,27.8
2024-12-04,5,32.8,27.2
2024-12-04,6,32.0,26.2
2024-12-04,7,31.7,25.7
2024-12-04,8,31.6,25.6
2024-12-04,9,31.2,25.3
2024-12-04,10,31.0,25.0
2024-12-04,11,33.7,27.5
2024-12-04,12,35.0,29.1
2024-12-04,13,36.7,31.0
2024-12-04,14,38.8,32.7
2024-12-04,15,40.4,34.5
2024-12-04,16,41.0,35.2
2024-12-04,17,40.0,34.5
2024-12-04,18,36.5,31.3
2024-12-04,19,32.1,26.7
2024-12-04,20,33.8,28.8
2024-12-04,21,33.6,28.6
2024-12-04,22,33.7,28.7
2024-12-04,23,33.6,28.4
2024-12-04,24,33.7,28.5
2024-12-05,1,33.4,28.1
2024-12-05,2,33.2,27.8
2024-12-05,3,32.8,27.3
2024-12-05,4,32.8,27.1
2024-12-05,5,32.7,26.9
2024-12-05,6,32.5,26.6
2024-12-05,7,32.0,26.2
2024-12-05,8,30.2,24.2
2024-12-05,9,30.0,24.0
2024-12-05,10,29.8,23.6
2024-12-05,11,33.0,26.9
2024-12-05,12,35.3,29.2
2024-12-05,13,37.5,31.4
2024-12-05,14,39.8,33.6
2024-12-05,15,41.1,35.0
2024-12-05,16,41.4,35.5
2024-12-05,17,40.2,34.7
2024-12-05,18,36.3,30.9
2024-12-05,19,31.9,26.4
2024-12-05,20,33.1,27.9
2024-12-05,21,32.9,27.8
2024-12-05,22,32.5,27.1
2024-12-05,23,31.4,25.8
2024-12-05,24,29.9,23.9
2024-12-06,1,29.6,23.6
2024-12-06,2,30.5,24.7
2024-12-06,3,31.7,26.0
2024-12-06,4,31.3,25.5
2024-12-06,5,31.3,25.4
2024-12-06,6,29.9,23.6
2024-12-06,7,28.4,21.8
2024-12-06,8,27.3,20.8
2024-12-06,9,27.3,20.9
2024-12-06,10,27.7,21.4
2024-12-06,11,31.1,25.0
2024-12-06,12,32.6,26.2
2024-12-06,13,34.8,28.4
2024-12-06,14,36.2,29.8
2024-12-06,15,38.2,32.1
2024-12-06,16,38.4,32.2
2024-12-06,17,37.9,31.9
2024-12-06,18,34.9,28.8
2024-12-06,19,29.9,23.9
2024-12-06,20,31.9,26.9
2024-12-06,21,32.3,27.2
2024-12-06,22,32.6,27.3
2024-12-06,23,32.0,26.6
2024-12-06,24,31.4,25.6
2024-12-07,1,30.8,24.9
2024-12-07,2,30.8,24.9
2024-12-07,3,31.0,25.0
2024-12-07,4,31.0,25.0
2024-12-07,5,31.1,25.1
2024-12-07,6,30.7,24.6
2024-12-07,7,30.1,24.0
2024-12-07,8,28.5,22.3
2024-12-07,9,28.9,22.6
2024-12-07,10,28.3,22.1
2024-12-07,11,32.2,26.0
2024-12-07,12,34.6,28.2
2024-12-07,13,36.7,29.8
2024-12-07,14,38.8,31.7
2024-12-07,15,40.9,34.1
2024-12-07,16,42.4,35.7
2024-12-07,17,41.9,35.7
2024-12-07,18,37.6,32.1
2024-12-07,19,33.8,27.6
2024-12-07,20,34.6,28.2
2024-12-07,21,33.9,27.4
2024-12-07,22,33.1,26.9
2024-12-07,23,32.6,26.6
2024-12-07,24,32.4,26.4
2024-12-08,1,32.4,26.3
2024-12-08,2,31.3,25.1
2024-12-08,3,31.0,24.7
2024-12-08,4,30.8,24.6
2024-12-08,5,33.6,27.7
2024-12-08,6,34.4,28.4
2024-12-08,7,35.0,29.2
2024-12-08,8,35.5,29.3
2024-12-08,9,34.4,28.2
2024-12-08,10,33.0,27.2
2024-12-08,11,35.9,30.0
2024-12-08,12,40.7,34.0
2024-12-08,13,43.8,37.4
2024-12-08,14,46.2,40.0
2024-12-08,15,47.6,41.2
2024-12-08,16,48.1,41.9
2024-12-08,17,46.1,40.6
2024-12-08,18,42.8,37.0
2024-12-08,19,37.8,31.5
2024-12-08,20,32.7,26.3
2024-12-08,21,30.5,23.8
2024-12-08,22,33.0,26.1
2024-12-08,23,33.2,26.6
2024-12-08,24,32.8,26.4
2024-12-09,1,33.6,27.0
2024-12-09,2,31.9,25.3
2024-12-09,3,29.7,23.1
2024-12-09,4,32.1,25.6
2024-12-09,5,31.5,25.0
2024-12-09,6,27.7,20.7
2024-12-09,7,26.2,18.8
2024-12-09,8,26.0,19.2
2024-12-09,9,24.8,18.0
2024-12-09,10,26.2,19.5
2024-12-09,11,31.0,24.6
2024-12-09,12,32.0,25.5
2024-12-09,13,32.8,25.6
2024-12-09,14,33.9,26.3
2024-12-09,15,34.6,26.9
2024-12-09,16,34.6,26.9
2024-12-09,17,33.5,26.1
2024-12-09,18,32.0,25.1
2024-12-09,19,30.6,23.5
2024-12-09,20,27.1,21.0
2024-12-09,21,26.5,20.7
2024-12-09,22,25.9,20.2
2024-12-09,23,27.3,21.5
2024-12-09,24,28.3,22.5
2024-12-10,1,29.1,23.2
2024-12-10,2,26.9,21.0
2024-12-10,3,26.9,21.4
2024-12-10,4,26.8,21.2
2024-12-10,5,27.0,21.2
2024-12-10,6,26.4,20.4
2024-12-10,7,26.7,20.7
2024-12-10,8,25.3,19.1
2024-12-10,9,24.8,18.8
2024-12-10,10,24.4,18.4
2024-12-10,11,28.9,22.7
2024-12-10,12,31.5,25.0
2024-12-10,13,33.1,26.5
2024-12-10,14,34.3,27.5
2024-12-10,15,35.1,27.9
2024-12-10,16,35.3,27.9
2024-12-10,17,34.7,27.5
2024-12-10,18,33.0,26.5
2024-12-10,19,29.1,23.1
2024-12-10,20,28.3,22.2
2024-12-10,21,27.7,21.1
2024-12-10,22,27.4,20.6
2024-12-10,23,26.6,19.9
2024-12-10,24,26.5,20.1
2024-12-11,1,25.9,19.5
2024-12-11,2,25.4,18.9
2024-12-11,3,25.1,18.6
2024-12-11,4,24.9,18.4
2024-12-11,5,24.9,18.1
2024-12-11,6,25.0,18.1
2024-12-11,7,25.2,18.4
2024-12-11,8,24.3,17.5
2024-12-11,9,24.7,18.0
2024-12-11,10,25.1,18.2
2024-12-11,11,28.7,21.7
2024-12-11,12,32.4,25.3
2024-12-11,13,34.6,27.4
2024-12-11,14,37.3,30.0
2024-12-11,15,40.0,32.7
2024-12-11,16,41.8,34.2
2024-12-11,17,42.3,35.0
2024-12-11,18,37.5,30.7
2024-12-11,19,32.1,24.7
2024-12-11,20,32.2,25.4
2024-12-11,21,31.9,25.6
2024-12-11,22,31.0,24.5
2024-12-11,23,29.4,22.8
2024-12-11,24,29.2,22.3
2024-12-12,1,29.6,22.6
2024-12-12,2,30.1,23.3
2024-12-12,3,30.7,23.9
2024-12-12,4,31.5,24.8
2024-12-12,5,31.3,24.5
2024-12-12,6,30.1,23.2
2024-12-12,7,29.9,22.9
2024-12-12,8,28.3,21.4
2024-12-12,9,29.4,22.5
2024-12-12,10,29.2,22.1
2024-12-12,11,32.4,24.9
2024-12-12,12,36.1,28.5
2024-12-12,13,38.8,31.0
2024-12-12,14,41.5,33.7
2024-12-12,15,45.0,37.4
2024-12-12,16,47.0,39.8
2024-12-12,17,46.7,39.6
2024-12-12,18,40.0,33.6
2024-12-12,19,36.5,29.8
2024-12-12,20,35.7,29.3
2024-12-12,21,34.6,28.1
2024-12-12,22,33.5,27.0
2024-12-12,23,33.5,26.8
2024-12-12,24,34.9,28.2
2024-12-13,1,34.6,27.9
2024-12-13,2,33.1,26.6
2024-12-13,3,31.1,24.8
2024-12-13,4,30.9,24.4
2024-12-13,5,33.8,27.2
2024-12-13,6,32.5,26.0
2024-12-13,7,30.8,24.5
2024-12-13,8,33.2,26.9
2024-12-13,9,33.0,26.4
2024-12-13,10,32.4,25.6
2024-12-13,11,32.9,26.0
2024-12-13,12,33.8,26.6
2024-12-13,13,33.7,26.8
2024-12-13,14,36.1,28.7
2024-12-13,15,37.2,29.5
2024-12-13,16,39.0,31.9
2024-12-13,17,39.7,33.1
2024-12-13,18,38.3,32.2
2024-12-13,19,31.9,25.6
2024-12-13,20,29.8,23.5
2024-12-13,21,27.4,21.2
2024-12-13,22,26.6,20.3
2024-12-13,23,27.0,20.2
2024-12-13,24,27.4,20.8
2024-12-14,1,27.4,20.7
2024-12-14,2,27.4,20.8
2024-12-14,3,27.9,21.4
2024-12-14,4,28.5,21.8
2024-12-14,5,28.8,21.6
2024-12-14,6,28.8,21.5
2024-12-14,7,29.2,22.0
2024-12-14,8,29.3,21.9
2024-12-14,9,32.5,25.2
2024-12-14,10,31.9,24.1
2024-12-14,11,32.7,25.6
2024-12-14,12,34.4,27.2
2024-12-14,13,35.4,28.4
2024-12-14,14,36.5,29.8
2024-12-14,15,42.7,35.9
2024-12-14,16,42.4,36.0
2024-12-14,17,43.7,37.7
2024-12-14,18,41.2,35.3
2024-12-14,19,34.9,28.7
2024-12-14,20,32.6,26.3
2024-12-14,21,36.8,29.5
2024-12-14,22,36.9,29.5
2024-12-14,23,35.9,28.8
2024-12-14,24,32.4,25.5
2024-12-15,1,30.2,23.4
2024-12-15,2,30.5,23.3
2024-12-15,3,32.6,25.1
2024-12-15,4,32.3,25.0
2024-12-15,5,35.1,27.6
2024-12-15,6,32.3,25.2
2024-12-15,7,29.9,23.0
2024-12-15,8,32.1,25.9
2024-12-15,9,32.5,27.1
2024-12-15,10,31.1,25.6
2024-12-15,11,33.0,27.5
2024-12-15,12,35.3,30.3
2024-12-15,13,36.8,31.7
2024-12-15,14,36.5,30.5
2024-12-15,15,35.7,29.0
2024-12-15,16,34.9,28.2
2024-12-15,17,35.5,29.3
2024-12-15,18,33.7,27.9
2024-12-15,19,31.8,25.4
2024-12-15,20,27.2,21.9
2024-12-15,21,25.0,19.7
2024-12-15,22,23.7,18.5
2024-12-15,23,22.5,17.1
2024-12-15,24,22.4,16.8
2024-12-16,1,22.7,16.7
2024-12-16,2,23.1,17.1
2024-12-16,3,25.7,19.6
2024-12-16,4,24.5,18.1
2024-12-16,5,29.6,23.1
2024-12-16,6,29.1,22.5
2024-12-16,7,29.5,22.7
2024-12-16,8,28.5,21.8
2024-12-16,9,27.6,20.9
2024-12-16,10,26.3,19.2
2024-12-16,11,28.9,22.1
2024-12-16,12,32.8,25.7
2024-12-16,13,36.0,28.7
2024-12-16,14,37.3,30.4
2024-12-16,15,38.2,31.5
2024-12-16,16,39.0,32.5
2024-12-16,17,39.5,33.6
2024-12-16,18,38.0,32.5
2024-12-16,19,35.5,30.2
2024-12-16,20,35.5,29.3
2024-12-16,21,35.6,29.9
2024-12-16,22,34.4,29.2
2024-12-16,23,34.9,28.8
2024-12-16,24,36.0,29.7
2024-12-17,1,36.0,29.4
2024-12-17,2,34.6,28.0
2024-12-17,3,34.5,28.4
2024-12-17,4,35.5,29.6
2024-12-17,5,35.3,29.0
2024-12-17,6,35.0,29.2
2024-12-17,7,34.9,29.7
2024-12-17,8,35.1,29.9
2024-12-17,9,35.5,30.3
2024-12-17,10,35.8,30.7
2024-12-17,11,38.8,33.4
2024-12-17,12,41.8,36.4
2024-12-17,13,45.7,40.5
2024-12-17,14,48.0,42.3
2024-12-17,15,46.9,40.7
2024-12-17,16,45.9,39.4
2024-12-17,17,44.7,38.4
2024-12-17,18,40.9,35.5
2024-12-17,19,34.9,29.3
2024-12-17,20,34.8,30.1
2024-12-17,21,31.0,26.2
2024-12-17,22,28.8,23.7
2024-12-17,23,27.6,22.7
2024-12-17,24,27.0,21.8
2024-12-18,1,28.2,22.6
2024-12-18,2,28.6,22.4
2024-12-18,3,29.0,22.7
2024-12-18,4,29.3,23.4
2024-12-18,5,29.7,23.8
2024-12-18,6,31.0,25.1
2024-12-18,7,29.7,23.8
2024-12-18,8,30.5,24.4
2024-12-18,9,30.3,24.2
2024-12-18,10,28.9,22.9
2024-12-18,11,34.1,28.0
2024-12-18,12,38.4,32.1
2024-12-18,13,40.8,34.7
2024-12-18,14,43.5,37.3
2024-12-18,15,46.4,40.0
2024-12-18,16,48.0,41.5
2024-12-18,17,47.5,41.3
2024-12-18,18,41.8,35.8
2024-12-18,19,36.4,31.0
2024-12-18,20,35.1,29.4
2024-12-18,21,34.2,28.9
2024-12-18,22,34.9,29.6
2024-12-18,23,36.5,31.1
2024-12-18,24,36.3,30.4
2024-12-19,1,36.3,30.5
2024-12-19,2,36.0,30.2
2024-12-19,3,35.2,29.2
2024-12-19,4,35.1,29.2
2024-12-19,5,34.7,28.8
2024-12-19,6,34.0,27.9
2024-12-19,7,34.4,28.7
2024-12-19,8,33.5,27.9
2024-12-19,9,33.7,28.0
2024-12-19,10,33.3,27.6
2024-12-19,11,35.3,29.4
2024-12-19,12,39.3,32.7
2024-12-19,13,41.1,34.6
2024-12-19,14,43.8,37.3
2024-12-19,15,45.6,39.1
2024-12-19,16,46.6,40.4
2024-12-19,17,45.8,40.3
2024-12-19,18,41.2,35.8
2024-12-19,19,37.2,31.5
2024-12-19,20,38.1,32.9
2024-12-19,21,37.9,32.6
2024-12-19,22,38.0,32.7
2024-12-19,23,37.7,32.3
2024-12-19,24,36.9,31.0
2024-12-20,1,34.8,28.2
2024-12-20,2,34.2,27.6
2024-12-20,3,33.8,27.4
2024-12-20,4,34.2,27.9
2024-12-20,5,35.1,29.3
2024-12-20,6,34.7,28.8
2024-12-20,7,33.6,27.3
2024-12-20,8,30.4,23.8
2024-12-20,9,30.8,24.2
2024-12-20,10,30.5,24.2
2024-12-20,11,35.5,29.4
2024-12-20,12,40.7,33.8
2024-12-20,13,42.7,35.8
2024-12-20,14,45.4,38.4
2024-12-20,15,47.7,40.9
2024-12-20,16,49.1,43.2
2024-12-20,17,47.7,41.1
2024-12-20,18,41.0,34.5
2024-12-20,19,38.2,32.3
2024-12-20,20,39.6,34.2
2024-12-20,21,39.4,34.0
2024-12-20,22,39.7,34.2
2024-12-20,23,39.1,33.3
2024-12-20,24,39.1,33.3
2024-12-21,1,39.6,33.7
2024-12-21,2,38.2,31.6
2024-12-21,3,36.8,30.2
2024-12-21,4,35.5,28.9
2024-12-21,5,34.2,27.5
2024-12-21,6,33.5,26.8
2024-12-21,7,34.5,28.1
2024-12-21,8,35.1,28.8
2024-12-21,9,34.0,27.3
2024-12-21,10,32.2,25.5
2024-12-21,11,37.2,30.3
2024-12-21,12,42.2,34.7
2024-12-21,13,45.4,37.8
2024-12-21,14,49.2,41.3
2024-12-21,15,50.5,42.6
2024-12-21,16,50.9,43.5
2024-12-21,17,51.9,44.8
2024-12-21,18,44.7,38.4
2024-12-21,19,36.8,30.4
2024-12-21,20,36.1,30.1
2024-12-21,21,34.4,28.1
2024-12-21,22,35.5,29.4
2024-12-21,23,37.4,31.3
2024-12-21,24,38.2,31.7
2024-12-22,1,37.5,30.7
2024-12-22,2,36.1,29.3
2024-12-22,3,35.1,28.6
2024-12-22,4,34.5,28.1
2024-12-22,5,35.6,30.0
2024-12-22,6,35.7,29.7
2024-12-22,7,35.7,29.7
2024-12-22,8,38.5,33.3
2024-12-22,9,38.6,33.0
2024-12-22,10,37.7,31.9
2024-12-22,11,38.9,33.2
2024-12-22,12,41.9,36.1
2024-12-22,13,42.6,36.9
2024-12-22,14,46.7,40.5
2024-12-22,15,49.5,42.8
2024-12-22,16,48.1,41.3
2024-12-22,17,46.3,40.3
2024-12-22,18,43.1,38.1
2024-12-22,19,40.6,34.8
2024-12-22,20,40.6,34.0
2024-12-22,21,38.5,32.3
2024-12-22,22,38.2,32.4
2024-12-22,23,39.1,34.4
2024-12-22,24,39.0,33.9
2024-12-23,1,36.1,30.8
2024-12-23,2,35.6,30.5
2024-12-23,3,35.9,30.9
2024-12-23,4,36.4,31.3
2024-12-23,5,35.7,30.3
2024-12-23,6,34.7,29.0
2024-12-23,7,34.6,29.0
2024-12-23,8,34.7,29.6
2024-12-23,9,34.2,28.8
2024-12-23,10,33.4,27.5
2024-12-23,11,37.8,32.0
2024-12-23,12,41.1,35.3
2024-12-23,13,42.3,36.1
2024-12-23,14,44.1,38.2
2024-12-23,15,47.2,40.7
2024-12-23,16,48.1,41.4
2024-12-23,17,47.9,41.7
2024-12-23,18,44.4,39.6
2024-12-23,19,41.0,36.6
2024-12-23,20,39.3,35.1
2024-12-23,21,37.2,32.9
2024-12-23,22,35.2,31.0
2024-12-23,23,34.0,29.5
2024-12-23,24,33.3,28.4
2024-12-24,1,32.9,28.0
2024-12-24,2,32.7,27.6
2024-12-24,3,31.9,26.8
2024-12-24,4,31.0,25.6
2024-12-24,5,30.1,24.6
2024-12-24,6,28.9,23.0
2024-12-24,7,28.3,22.2
2024-12-24,8,30.0,23.8
2024-12-24,9,30.5,24.3
2024-12-24,10,31.7,25.5
2024-12-24,11,34.8,28.5
2024-12-24,12,39.0,32.1
2024-12-24,13,41.3,33.6
2024-12-24,14,42.9,34.5
2024-12-24,15,44.5,36.0
2024-12-24,16,46.1,37.7
2024-12-24,17,46.7,38.7
2024-12-24,18,44.5,37.5
2024-12-24,19,40.9,33.8
2024-12-24,20,39.4,32.7
2024-12-24,21,39.2,32.6
2024-12-24,22,38.0,31.2
2024-12-24,23,36.9,31.0
2024-12-24,24,35.6,29.5
2024-12-25,1,34.0,28.2
2024-12-25,2,35.5,29.6
2024-12-25,3,36.4,30.7
2024-12-25,4,36.9,32.6
2024-12-25,5,34.0,29.2
2024-12-25,6,32.9,28.9
2024-12-25,7,31.5,27.0
2024-12-25,8,33.8,28.8
2024-12-25,9,33.8,28.6
2024-12-25,10,33.6,28.2
2024-12-25,11,34.1,28.0
2024-12-25,12,35.8,29.0
2024-12-25,13,37.0,30.4
2024-12-25,14,37.6,31.3
2024-12-25,15,38.4,31.6
2024-12-25,16,38.1,31.1
2024-12-25,17,37.8,31.2
2024-12-25,18,37.1,30.6
2024-12-25,19,35.4,29.8
2024-12-25,20,35.1,30.1
2024-12-25,21,34.8,30.5
2024-12-25,22,33.0,28.1
2024-12-25,23,32.6,27.5
2024-12-25,24,32.0,26.8
2024-12-26,1,31.7,26.4
2024-12-26,2,30.7,25.1
2024-12-26,3,29.2,23.4
2024-12-26,4,29.4,23.2
2024-12-26,5,29.7,23.4
2024-12-26,6,29.7,23.6
2024-12-26,7,31.7,25.2
2024-12-26,8,31.7,25.5
2024-12-26,9,33.7,27.0
2024-12-26,10,33.1,25.6
2024-12-26,11,33.1,25.5
2024-12-26,12,34.8,27.2
2024-12-26,13,37.8,29.7
2024-12-26,14,40.4,32.0
2024-12-26,15,42.6,34.7
2024-12-26,16,42.4,34.5
2024-12-26,17,41.8,34.2
2024-12-26,18,40.5,33.4
2024-12-26,19,36.5,31.1
2024-12-26,20,33.4,28.1
2024-12-26,21,32.3,26.5
2024-12-26,22,31.7,25.9
2024-12-26,23,28.5,23.0
2024-12-26,24,26.8,21.4
2024-12-27,1,26.3,20.7
2024-12-27,2,28.0,22.7
2024-12-27,3,27.1,21.4
2024-12-27,4,28.0,22.1
2024-12-27,5,28.4,22.2
2024-12-27,6,29.4,23.2
2024-12-27,7,30.0,24.0
2024-12-27,8,31.6,26.0
2024-12-27,9,33.4,27.6
2024-12-27,10,34.2,27.8
2024-12-27,11,34.6,28.2
2024-12-27,12,35.1,28.0
2024-12-27,13,35.5,28.4
2024-12-27,14,36.4,29.5
2024-12-27,15,36.5,30.1
2024-12-27,16,36.1,29.8
2024-12-27,17,35.6,29.3
2024-12-27,18,35.5,29.7
2024-12-27,19,35.2,29.7
2024-12-27,20,35.6,30.5
2024-12-27,21,35.5,30.2
2024-12-27,22,36.1,31.6
2024-12-27,23,36.1,31.0
2024-12-27,24,34.4,29.1
2024-12-28,1,32.6,26.7
2024-12-28,2,32.8,27.3
2024-12-28,3,33.9,28.3
2024-12-28,4,34.7,29.2
2024-12-28,5,35.3,29.5
2024-12-28,6,35.3,29.4
2024-12-28,7,35.0,28.8
2024-12-28,8,35.4,29.0
2024-12-28,9,34.6,28.4
2024-12-28,10,34.7,28.9
2024-12-28,11,35.5,29.5
2024-12-28,12,36.2,30.3
2024-12-28,13,37.0,31.0
2024-12-28,14,38.1,32.2
2024-12-28,15,39.4,33.4
2024-12-28,16,39.2,32.7
2024-12-28,17,38.3,32.2
2024-12-28,18,37.5,31.5
2024-12-28,19,36.8,31.1
2024-12-28,20,36.6,31.4
2024-12-28,21,36.9,32.4
2024-12-28,22,36.3,31.2
2024-12-28,23,36.4,31.0
2024-12-28,24,36.4,31.0
2024-12-29,1,36.3,31.1
2024-12-29,2,36.2,30.9
2024-12-29,3,35.9,30.4
2024-12-29,4,36.0,30.5
2024-12-29,5,34.4,28.8
2024-12-29,6,32.8,27.0
2024-12-29,7,31.4,25.3
2024-12-29,8,29.9,23.8
2024-12-29,9,30.1,23.8
2024-12-29,10,31.0,24.6
2024-12-29,11,35.4,29.3
2024-12-29,12,38.5,32.8
2024-12-29,13,40.3,34.6
2024-12-29,14,41.8,36.1
2024-12-29,15,43.0,37.3
2024-12-29,16,44.5,37.0
2024-12-29,17,42.2,35.3
2024-12-29,18,40.6,34.4
2024-12-29,19,38.5,32.8
2024-12-29,20,36.8,30.9
2024-12-29,21,37.8,33.1
2024-12-29,22,37.9,32.6
2024-12-29,23,38.2,33.3
2024-12-29,24,39.1,34.2
2024-12-30,1,38.4,33.5
2024-12-30,2,34.0,28.8
2024-12-30,3,31.5,25.4
2024-12-30,4,32.0,26.4
2024-12-30,5,31.1,24.7
2024-12-30,6,31.5,25.4
2024-12-30,7,32.2,26.6
2024-12-30,8,33.2,28.3
2024-12-30,9,28.9,23.2
2024-12-30,10,30.6,24.8
2024-12-30,11,31.0,25.1
2024-12-30,12,33.2,27.3
2024-12-30,13,36.0,29.3
2024-12-30,14,36.5,29.4
2024-12-30,15,36.6,29.1
2024-12-30,16,36.4,28.8
2024-12-30,17,35.3,28.5
2024-12-30,18,32.0,25.2
2024-12-30,19,27.2,20.6
2024-12-30,20,25.9,19.5
2024-12-30,21,24.6,18.4
2024-12-30,22,23.3,17.4
2024-12-30,23,23.2,17.5
2024-12-30,24,22.6,16.7
2024-12-31,1,23.0,17.3
2024-12-31,2,23.5,17.6
2024-12-31,3,23.8,17.9
2024-12-31,4,24.5,18.9
2024-12-31,5,25.6,20.2
2024-12-31,6,25.6,20.3
2024-12-31,7,24.5,19.1
2024-12-31,8,21.3,15.8
2024-12-31,9,21.7,16.2
2024-12-31,10,20.5,14.8
2024-12-31,11,20.8,14.8
2024-12-31,12,24.8,18.4
2024-12-31,13,28.3,21.6
2024-12-31,14,29.9,23.1
2024-12-31,15,31.5,24.9
2024-12-31,16,31.8,25.1
2024-12-31,17,30.9,24.7
2024-12-31,18,28.3,22.3
2024-12-31,19,25.9,19.9
2024-12-31,20,23.4,17.5
2024-12-31,21,21.6,15.8
2024-12-31,22,21.0,15.2
2024-12-31,23,19.6,14.0
2024-12-31,24,17.1,11.1
2025-01-01,1,17.7,11.4
2025-01-01,2,17.6,11.0
2025-01-01,3,17.4,10.6
2025-01-01,4,17.2,10.3
2025-01-01,5,17.7,10.6
2025-01-01,6,21.0,13.7
2025-01-01,7,23.8,16.7
2025-01-01,8,25.0,18.2
2025-01-01,9,26.5,19.4
2025-01-01,10,27.5,20.2
2025-01-01,11,28.6,21.7
2025-01-01,12,30.9,23.8
2025-01-01,13,32.8,25.2
2025-01-01,14,34.8,27.4
2025-01-01,15,36.4,28.8
2025-01-01,16,36.6,29.3
2025-01-01,17,36.5,29.6
2025-01-01,18,36.1,29.3
2025-01-01,19,35.1,28.4
2025-01-01,20,35.3,28.7
2025-01-01,21,34.7,28.6
2025-01-01,22,34.9,28.8
2025-01-01,23,34.7,28.5
2025-01-01,24,34.8,28.9
2025-01-02,1,34.7,28.6
2025-01-02,2,35.5,29.4
2025-01-02,3,35.5,29.4
2025-01-02,4,35.5,29.6
2025-01-02,5,35.6,29.6
2025-01-02,6,35.5,29.7
2025-01-02,7,35.6,29.5
2025-01-02,8,36.4,30.6
2025-01-02,9,35.7,29.9
2025-01-02,10,35.3,29.7
2025-01-02,11,35.2,30.0
2025-01-02,12,35.6,30.6
2025-01-02,13,37.0,31.9
2025-01-02,14,38.2,32.7
2025-01-02,15,40.5,35.0
2025-01-02,16,40.9,35.4
2025-01-02,17,41.2,35.8
2025-01-02,18,40.0,34.6
2025-01-02,19,36.8,31.5
2025-01-02,20,34.2,29.2
2025-01-02,21,30.5,25.0
2025-01-02,22,30.1,24.7
2025-01-02,23,31.2,25.3
2025-01-02,24,32.0,26.0
2025-01-03,1,32.5,26.2
2025-01-03,2,32.4,26.1
2025-01-03,3,33.7,27.4
2025-01-03,4,32.1,25.7
2025-01-03,5,31.0,24.6
2025-01-03,6,31.0,24.5
2025-01-03,7,31.7,25.2
2025-01-03,8,32.6,26.1
2025-01-03,9,31.3,24.9
2025-01-03,10,32.3,25.9
2025-01-03,11,34.8,28.7
2025-01-03,12,37.3,31.6
2025-01-03,13,39.5,34.0
2025-01-03,14,40.6,35.0
2025-01-03,15,41.9,36.4
2025-01-03,16,43.0,37.5
2025-01-03,17,43.6,37.9
2025-01-03,18,42.4,36.6
2025-01-03,19,39.6,33.6
2025-01-03,20,38.0,31.8
2025-01-03,21,38.2,32.1
2025-01-03,22,39.6,33.1
2025-01-03,23,39.1,32.6
2025-01-03,24,37.4,31.0
2025-01-04,1,38.2,31.7
2025-01-04,2,37.5,31.4
2025-01-04,3,36.0,30.3
2025-01-04,4,35.3,29.9
2025-01-04,5,35.6,30.3
2025-01-04,6,35.9,30.8
2025-01-04,7,34.6,28.5
2025-01-04,8,33.8,28.1
2025-01-04,9,33.4,28.3
2025-01-04,10,32.6,27.5
2025-01-04,11,33.3,29.1
2025-01-04,12,33.7,29.3
2025-01-04,13,34.6,29.1
2025-01-04,14,35.1,29.2
2025-01-04,15,35.5,29.5
2025-01-04,16,35.8,29.8
2025-01-04,17,35.8,29.4
2025-01-04,18,35.2,29.2
2025-01-04,19,33.3,27.6
2025-01-04,20,33.0,28.0
2025-01-04,21,33.6,28.9
2025-01-04,22,32.8,28.0
2025-01-04,23,31.9,26.6
2025-01-04,24,30.8,25.6
2025-01-05,1,29.9,24.6
2025-01-05,2,28.6,23.3
2025-01-05,3,28.2,22.6
2025-01-05,4,26.4,20.7
2025-01-05,5,25.6,19.9
2025-01-05,6,25.5,20.0
2025-01-05,7,25.5,19.9
2025-01-05,8,22.8,17.2
2025-01-05,9,23.1,17.2
2025-01-05,10,23.5,17.5
2025-01-05,11,28.5,22.6
2025-01-05,12,30.5,24.4
2025-01-05,13,31.8,25.2
2025-01-05,14,32.2,25.2
2025-01-05,15,33.3,26.5
2025-01-05,16,33.6,27.0
2025-01-05,17,33.8,28.0
2025-01-05,18,33.7,28.2
2025-01-05,19,32.9,27.3
2025-01-05,20,32.7,27.0
2025-01-05,21,32.4,26.8
2025-01-05,22,31.9,26.2
2025-01-05,23,32.4,26.8
2025-01-05,24,31.0,25.3
2025-01-06,1,30.7,25.1
2025-01-06,2,30.3,24.4
2025-01-06,3,29.2,23.1
2025-01-06,4,27.3,21.1
2025-01-06,5,26.5,20.2
2025-01-06,6,27.8,21.8
2025-01-06,7,29.4,23.7
2025-01-06,8,28.9,23.4
2025-01-06,9,28.3,22.2
2025-01-06,10,28.6,22.8
2025-01-06,11,31.2,25.8
2025-01-06,12,32.8,27.4
2025-01-06,13,33.7,28.3
2025-01-06,14,34.0,28.9
2025-01-06,15,34.3,29.0
2025-01-06,16,33.9,29.1
2025-01-06,17,34.3,29.7
2025-01-06,18,33.9,29.2
2025-01-06,19,32.2,27.0
2025-01-06,20,30.5,24.4
2025-01-06,21,30.8,24.6
2025-01-06,22,30.0,23.6
2025-01-06,23,30.2,23.8
2025-01-06,24,31.6,25.4
2025-01-07,1,31.5,25.6
2025-01-07,2,30.4,24.2
2025-01-07,3,30.1,23.4
2025-01-07,4,30.7,24.4
2025-01-07,5,28.8,22.5
2025-01-07,6,29.3,23.0
2025-01-07,7,27.6,21.3
2025-01-07,8,24.7,17.8
2025-01-07,9,22.8,16.0
2025-01-07,10,22.3,15.5
2025-01-07,11,24.8,18.6
2025-01-07,12,29.7,23.0
2025-01-07,13,31.3,24.1
2025-01-07,14,32.3,24.8
2025-01-07,15,32.9,25.2
2025-01-07,16,33.6,26.1
2025-01-07,17,33.7,25.8
2025-01-07,18,32.4,23.7
2025-01-07,19,29.2,20.9
2025-01-07,20,26.9,18.8
2025-01-07,21,24.3,16.2
2025-01-07,22,21.9,14.0
2025-01-07,23,20.8,13.2
2025-01-07,24,20.2,13.1
2025-01-08,1,20.3,13.6
2025-01-08,2,20.4,14.0
2025-01-08,3,20.2,13.5
2025-01-08,4,20.0,13.1
2025-01-08,5,20.1,13.3
2025-01-08,6,20.6,14.1
2025-01-08,7,20.0,13.6
2025-01-08,8,20.3,13.5
2025-01-08,9,20.2,14.0
2025-01-08,10,19.7,13.4
2025-01-08,11,22.2,15.6
2025-01-08,12,24.3,17.1
2025-01-08,13,24.7,17.1
2025-01-08,14,25.5,18.2
2025-01-08,15,26.9,19.5
2025-01-08,16,28.7,21.3
2025-01-08,17,29.2,21.8
2025-01-08,18,28.4,21.8
2025-01-08,19,25.7,25.7
2025-01-08,20,25.6,25.6
2025-01-08,21,26.5,26.5
2025-01-08,22,27.7,27.7
2025-01-08,23,28.3,28.3
2025-01-08,24,27.3,27.3
2025-01-09,1,26.5,26.5
2025-01-09,2,27.1,27.1
2025-01-09,3,28.2,28.2
2025-01-09,4,28.6,28.6
2025-01-09,5,29.0,29.0
2025-01-09,6,28.6,28.6
2025-01-09,7,27.1,27.1
2025-01-09,8,26.9,26.9
2025-01-09,9,26.6,26.6
2025-01-09,10,26.7,26.7
2025-01-09,11,27.7,27.7
2025-01-09,12,31.4,31.4
2025-01-09,13,34.5,34.5
2025-01-09,14,36.0,36.0
2025-01-09,15,36.7,36.7
2025-01-09,16,36.5,36.5
2025-01-09,17,35.7,35.7
2025-01-09,18,33.8,33.8
2025-01-09,19,30.1,30.1
2025-01-09,20,28.6,28.6
2025-01-09,21,27.8,27.8
2025-01-09,22,26.1,26.1
2025-01-09,23,23.0,23.0
2025-01-09,24,21.0,21.0
2025-01-10,1,19.9,19.9
2025-01-10,2,20.1,20.1
2025-01-10,3,21.1,21.1
2025-01-10,4,21.7,21.7
2025-01-10,5,21.5,21.5
2025-01-10,6,21.1,21.1
2025-01-10,7,20.9,20.9
2025-01-10,8,20.0,20.0
2025-01-10,9,20.4,20.4
2025-01-10,10,21.1,21.1
2025-01-10,11,23.8,23.8
2025-01-10,12,26.5,26.5
2025-01-10,13,28.3,28.3
2025-01-10,14,30.1,30.1
2025-01-10,15,32.5,32.5
2025-01-10,16,33.9,33.9
2025-01-10,17,35.0,35.0
2025-01-10,18,34.8,34.8
2025-01-10,19,32.2,32.2
2025-01-10,20,29.0,29.0
2025-01-10,21,29.4,29.4
2025-01-10,22,32.6,32.6
2025-01-10,23,33.5,33.5
2025-01-10,24,34.4,34.4
2025-01-11,1,33.7,33.7
2025-01-11,2,34.2,34.2
2025-01-11,3,33.4,33.4
2025-01-11,4,33.2,33.2
2025-01-11,5,32.8,32.8
2025-01-11,6,33.4,33.4
2025-01-11,7,33.3,33.3
2025-01-11,8,28.4,28.4
2025-01-11,9,26.9,26.9
2025-01-11,10,28.8,28.8
2025-01-11,11,31.0,31.0
2025-01-11,12,31.9,31.9
2025-01-11,13,32.3,32.3
2025-01-11,14,32.9,32.9
2025-01-11,15,33.3,33.3
2025-01-11,16,32.7,32.7
2025-01-11,17,30.8,30.8
2025-01-11,18,30.2,30.2
2025-01-11,19,29.5,29.5
2025-01-11,20,26.8,26.8
2025-01-11,21,23.5,23.5
2025-01-11,22,24.0,24.0
2025-01-11,23,27.6,27.6
2025-01-11,24,26.7,26.7
2025-01-12,1,27.4,27.4
2025-01-12,2,25.1,25.1
2025-01-12,3,23.0,23.0
2025-01-12,4,23.2,23.2
2025-01-12,5,23.8,23.8
2025-01-12,6,24.2,24.2
2025-01-12,7,24.6,24.6
2025-01-12,8,23.8,23.8
2025-01-12,9,25.6,25.6
2025-01-12,10,26.9,26.9
2025-01-12,11,27.6,27.6
2025-01-12,12,27.8,27.8
2025-01-12,13,28.9,28.9
2025-01-12,14,29.4,29.4
2025-01-12,15,29.4,29.4
2025-01-12,16,29.6,29.6
2025-01-12,17,29.6,29.6
2025-01-12,18,29.1,29.1
2025-01-12,19,27.9,27.9
2025-01-12,20,27.8,27.8
2025-01-12,21,27.2,27.2
2025-01-12,22,26.5,26.5
2025-01-12,23,23.7,23.7
2025-01-12,24,22.7,22.7
2025-01-13,1,22.0,22.0
2025-01-13,2,21.9,21.9
2025-01-13,3,20.4,20.4
2025-01-13,4,19.1,19.1
2025-01-13,5,19.8,19.8
2025-01-13,6,19.2,19.2
2025-01-13,7,20.3,20.3
2025-01-13,8,20.2,20.2
2025-01-13,9,20.1,20.1
2025-01-13,10,20.2,20.2
2025-01-13,11,22.2,22.2
2025-01-13,12,23.8,23.8
2025-01-13,13,25.0,25.0
2025-01-13,14,25.4,25.4
2025-01-13,15,26.3,26.3
2025-01-13,16,26.4,26.4
2025-01-13,17,27.4,27.4
2025-01-13,18,29.0,29.0
2025-01-13,19,29.2,29.2
2025-01-13,20,27.4,27.4
2025-01-13,21,28.3,28.3
2025-01-13,22,27.9,27.9
2025-01-13,23,25.1,25.1
2025-01-13,24,22.9,22.9
2025-01-14,1,21.2,21.2
2025-01-14,2,21.1,21.1
2025-01-14,3,20.3,20.3
2025-01-14,4,19.3,19.3
2025-01-14,5,19.0,19.0
2025-01-14,6,18.6,18.6
2025-01-14,7,18.6,18.6
2025-01-14,8,19.3,19.3
2025-01-14,9,19.6,19.6
2025-01-14,10,21.2,21.2
2025-01-14,11,24.6,24.6
2025-01-14,12,26.9,26.9
2025-01-14,13,28.3,28.3
2025-01-14,14,30.1,30.1
2025-01-14,15,31.4,31.4
2025-01-14,16,31.8,31.8
2025-01-14,17,32.4,32.4
2025-01-14,18,32.5,32.5
2025-01-14,19,28.4,28.4
2025-01-14,20,24.1,24.1
2025-01-14,21,22.9,22.9
2025-01-14,22,22.5,22.5
2025-01-14,23,21.1,21.1
2025-01-14,24,19.9,19.9
2025-01-15,1,19.3,19.3
2025-01-15,2,19.3,19.3
2025-01-15,3,20.0,20.0
2025-01-15,4,20.2,20.2
2025-01-15,5,20.1,20.1
2025-01-15,6,20.2,20.2
2025-01-15,7,19.8,19.8
2025-01-15,8,19.9,19.9
2025-01-15,9,20.1,20.1
2025-01-15,10,20.1,20.1
2025-01-15,11,21.2,21.2
2025-01-15,12,23.8,23.8
2025-01-15,13,25.7,25.7
2025-01-15,14,27.4,27.4
2025-01-15,15,28.9,28.9
2025-01-15,16,30.4,30.4
2025-01-15,17,31.1,31.1
2025-01-15,18,31.1,31.1
2025-01-15,19,28.2,28.2
2025-01-15,20,27.7,27.7
2025-01-15,21,27.4,27.4
2025-01-15,22,26.6,26.6
2025-01-15,23,26.5,26.5
2025-01-15,24,27.1,27.1
2025-01-16,1,27.6,27.6
2025-01-16,2,27.3,27.3
2025-01-16,3,26.1,26.1
2025-01-16,4,24.9,24.9
2025-01-16,5,24.2,24.2
2025-01-16,6,23.8,23.8
2025-01-16,7,23.5,23.5
2025-01-16,8,22.0,22.0
2025-01-16,9,21.9,21.9
2025-01-16,10,21.3,21.3
2025-01-16,11,24.1,24.1
2025-01-16,12,26.5,26.5
2025-01-16,13,28.8,28.8
2025-01-16,14,31.6,31.6
2025-01-16,15,34.9,34.9
2025-01-16,16,37.7,37.7
2025-01-16,17,38.9,38.9
2025-01-16,18,38.2,38.2
2025-01-16,19,33.3,33.3
2025-01-16,20,32.3,32.3
2025-01-16,21,31.3,31.3
2025-01-16,22,30.5,30.5
2025-01-16,23,29.6,29.6
2025-01-16,24,28.1,28.1
2025-01-17,1,27.4,27.4
2025-01-17,2,27.7,27.7
2025-01-17,3,27.7,27.7
2025-01-17,4,27.4,27.4
2025-01-17,5,26.0,26.0
2025-01-17,6,24.9,24.9
2025-01-17,7,24.4,24.4
2025-01-17,8,22.9,22.9
2025-01-17,9,22.9,22.9
2025-01-17,10,22.8,22.8
2025-01-17,11,27.8,27.8
2025-01-17,12,33.2,33.2
2025-01-17,13,36.1,36.1
2025-01-17,14,38.8,38.8
2025-01-17,15,40.9,40.9
2025-01-17,16,42.6,42.6
2025-01-17,17,43.0,43.0
2025-01-17,18,39.8,39.8
2025-01-17,19,37.4,37.4
2025-01-17,20,35.8,35.8
2025-01-17,21,35.4,35.4
2025-01-17,22,31.3,31.3
2025-01-17,23,28.0,28.0
2025-01-17,24,26.8,26.8
2025-01-18,1,25.3,25.3
2025-01-18,2,24.0,24.0
2025-01-18,3,25.4,25.4
2025-01-18,4,25.6,25.6
2025-01-18,5,25.0,25.0
2025-01-18,6,25.6,25.6
2025-01-18,7,25.1,25.1
2025-01-18,8,21.5,21.5
2025-01-18,9,22.0,22.0
2025-01-18,10,22.8,22.8
2025-01-18,11,24.0,24.0
2025-01-18,12,25.0,25.0
2025-01-18,13,26.4,26.4
2025-01-18,14,27.4,27.4
2025-01-18,15,28.3,28.3
2025-01-18,16,28.9,28.9
2025-01-18,17,28.8,28.8
2025-01-18,18,27.8,27.8
2025-01-18,19,25.1,25.1
2025-01-18,20,22.7,22.7
2025-01-18,21,18.5,18.5
2025-01-18,22,16.0,16.0
2025-01-18,23,14.3,14.3
2025-01-18,24,13.8,13.8
2025-01-19,1,13.0,13.0
2025-01-19,2,13.2,13.2
2025-01-19,3,13.3,13.3
2025-01-19,4,14.1,14.1
2025-01-19,5,15.1,15.1
2025-01-19,6,15.2,15.2
2025-01-19,7,15.4,15.4
2025-01-19,8,15.5,15.5
2025-01-19,9,17.1,17.1
2025-01-19,10,17.5,17.5
2025-01-19,11,18.9,18.9
2025-01-19,12,20.8,20.8
2025-01-19,13,22.7,22.7
2025-01-19,14,24.7,24.7
2025-01-19,15,26.1,26.1
2025-01-19,16,27.1,27.1
2025-01-19,17,26.9,26.9
2025-01-19,18,27.0,27.0
2025-01-19,19,26.9,26.9
2025-01-19,20,23.9,23.9
2025-01-19,21,22.0,22.0
2025-01-19,22,23.1,23.1
2025-01-19,23,23.8,23.8
2025-01-19,24,23.6,23.6
2025-01-20,1,23.7,23.7
2025-01-20,2,22.7,22.7
2025-01-20,3,21.6,21.6
2025-01-20,4,20.9,20.9
2025-01-20,5,20.4,20.4
2025-01-20,6,18.5,18.5
2025-01-20,7,16.5,16.5
2025-01-20,8,17.1,17.1
2025-01-20,9,15.3,15.3
2025-01-20,10,13.0,13.0
2025-01-20,11,14.2,14.2
2025-01-20,12,17.6,17.6
2025-01-20,13,19.3,19.3
2025-01-20,14,20.6,20.6
2025-01-20,15,21.5,21.5
2025-01-20,16,22.1,22.1
2025-01-20,17,22.0,22.0
2025-01-20,18,20.6,20.6
2025-01-20,19,18.3,18.3
2025-01-20,20,15.7,15.7
2025-01-20,21,13.2,13.2
2025-01-20,22,11.5,11.5
2025-01-20,23,11.2,11.2
2025-01-20,24,11.6,11.6
2025-01-21,1,11.8,11.8
2025-01-21,2,11.9,11.9
2025-01-21,3,11.8,11.8
2025-01-21,4,11.0,11.0
2025-01-21,5,10.5,10.5
2025-01-21,6,10.3,10.3
2025-01-21,7,10.5,10.5
2025-01-21,8,9.8,9.8
2025-01-21,9,10.0,10.0
2025-01-21,10,9.5,9.5
2025-01-21,11,13.3,13.3
2025-01-21,12,17.2,17.2
2025-01-21,13,21.1,21.1
2025-01-21,14,25.8,25.8
2025-01-21,15,29.4,29.4
2025-01-21,16,32.5,32.5
2025-01-21,17,34.0,34.0
2025-01-21,18,33.5,33.5
2025-01-21,19,31.7,31.7
2025-01-21,20,27.0,27.0
2025-01-21,21,23.5,23.5
2025-01-21,22,21.3,21.3
2025-01-21,23,19.3,19.3
2025-01-21,24,19.2,19.2
2025-01-22,1,19.3,19.3
2025-01-22,2,19.4,19.4
2025-01-22,3,19.2,19.2
2025-01-22,4,19.1,19.1
2025-01-22,5,18.1,18.1
2025-01-22,6,18.3,18.3
2025-01-22,7,17.2,17.2
2025-01-22,8,16.4,16.4
2025-01-22,9,16.3,16.3
2025-01-22,10,16.7,16.7
2025-01-22,11,21.5,21.5
2025-01-22,12,28.0,28.0
2025-01-22,13,30.9,30.9
2025-01-22,14,32.1,32.1
2025-01-22,15,33.5,33.5
2025-01-22,16,33.7,33.7
2025-01-22,17,33.4,33.4
2025-01-22,18,32.0,32.0
2025-01-22,19,29.2,29.2
2025-01-22,20,22.6,22.6
2025-01-22,21,20.2,20.2
2025-01-22,22,17.5,17.5
2025-01-22,23,15.5,15.5
2025-01-22,24,14.7,14.7
2025-01-23,1,14.6,14.6
2025-01-23,2,14.7,14.7
2025-01-23,3,13.9,13.9
2025-01-23,4,13.2,13.2
2025-01-23,5,13.0,13.0
2025-01-23,6,13.4,13.4
2025-01-23,7,13.6,13.6
2025-01-23,8,13.3,13.3
2025-01-23,9,12.7,12.7
2025-01-23,10,12.3,12.3
2025-01-23,11,15.1,15.1
2025-01-23,12,18.0,18.0
2025-01-23,13,20.6,20.6
2025-01-23,14,23.2,23.2
2025-01-23,15,25.4,25.4
2025-01-23,16,27.1,27.1
2025-01-23,17,27.9,27.9
2025-01-23,18,27.9,27.9
2025-01-23,19,26.3,26.3
2025-01-23,20,23.1,23.1
2025-01-23,21,21.9,21.9
2025-01-23,22,21.1,21.1
2025-01-23,23,21.1,21.1
2025-01-23,24,21.2,21.2
2025-01-24,1,21.1,21.1
2025-01-24,2,21.1,21.1
2025-01-24,3,21.1,21.1
2025-01-24,4,21.1,21.1
2025-01-24,5,20.9,20.9
2025-01-24,6,20.7,20.7
2025-01-24,7,20.8,20.8
2025-01-24,8,19.4,19.4
2025-01-24,9,19.8,19.8
2025-01-24,10,20.4,20.4
2025-01-24,11,25.4,25.4
2025-01-24,12,31.7,31.7
2025-01-24,13,34.6,34.6
2025-01-24,14,37.6,37.6
2025-01-24,15,39.7,39.7
2025-01-24,16,40.6,40.6
2025-01-24,17,39.1,39.1
2025-01-24,18,38.4,38.4
2025-01-24,19,35.5,35.5
2025-01-24,20,35.2,35.2
2025-01-24,21,33.2,33.2
2025-01-24,22,32.0,32.0
2025-01-24,23,31.7,31.7
2025-01-24,24,31.1,31.1
2025-01-25,1,30.8,30.8
2025-01-25,2,30.8,30.8
2025-01-25,3,30.7,30.7
2025-01-25,4,30.4,30.4
2025-01-25,5,30.6,30.6
2025-01-25,6,30.8,30.8
2025-01-25,7,31.4,31.4
2025-01-25,8,30.2,30.2
2025-01-25,9,30.3,30.3
2025-01-25,10,29.5,29.5
2025-01-25,11,28.5,28.5
2025-01-25,12,28.6,28.6
2025-01-25,13,29.0,29.0
2025-01-25,14,29.4,29.4
2025-01-25,15,29.9,29.9
2025-01-25,16,30.1,30.1
2025-01-25,17,30.2,30.2
2025-01-25,18,29.6,29.6
2025-01-25,19,28.3,28.3
2025-01-25,20,27.5,27.5
2025-01-25,21,27.1,27.1
2025-01-25,22,26.5,26.5
2025-01-25,23,24.9,24.9
2025-01-25,24,25.6,25.6
2025-01-26,1,25.7,25.7
2025-01-26,2,26.4,26.4
2025-01-26,3,25.9,25.9
2025-01-26,4,25.6,25.6
2025-01-26,5,25.6,25.6
2025-01-26,6,24.1,24.1
2025-01-26,7,23.9,23.9
2025-01-26,8,19.9,19.9
2025-01-26,9,21.6,21.6
2025-01-26,10,18.6,18.6
2025-01-26,11,20.6,20.6
2025-01-26,12,23.7,23.7
2025-01-26,13,25.6,25.6
2025-01-26,14,26.7,26.7
2025-01-26,15,27.8,27.8
2025-01-26,16,28.5,28.5
2025-01-26,17,28.4,28.4
2025-01-26,18,27.4,27.4
2025-01-26,19,23.6,23.6
2025-01-26,20,21.7,21.7
2025-01-26,21,22.9,22.9
2025-01-26,22,22.3,22.3
2025-01-26,23,21.1,21.1
2025-01-26,24,21.1,21.1
2025-01-27,1,22.3,22.3
2025-01-27,2,22.5,22.5
2025-01-27,3,21.3,21.3
2025-01-27,4,20.3,20.3
2025-01-27,5,19.9,19.9
2025-01-27,6,19.3,19.3
2025-01-27,7,18.6,18.6
2025-01-27,8,20.1,20.1
2025-01-27,9,18.7,18.7
2025-01-27,10,18.1,18.1
2025-01-27,11,19.9,19.9
2025-01-27,12,23.8,23.8
2025-01-27,13,26.7,26.7
2025-01-27,14,28.5,28.5
2025-01-27,15,29.8,29.8
2025-01-27,16,30.8,30.8
2025-01-27,17,31.0,31.0
2025-01-27,18,29.7,29.7
2025-01-27,19,25.9,25.9
2025-01-27,20,29.4,29.4
2025-01-27,21,28.5,28.5
2025-01-27,22,26.7,26.7
2025-01-27,23,27.1,27.1
2025-01-27,24,27.2,27.2
2025-01-28,1,26.6,26.6
2025-01-28,2,26.1,26.1
2025-01-28,3,25.5,25.5
2025-01-28,4,26.4,26.4
2025-01-28,5,26.0,26.0
2025-01-28,6,23.8,23.8
2025-01-28,7,22.7,22.7
2025-01-28,8,22.6,22.6
2025-01-28,9,21.9,21.9
2025-01-28,10,21.6,21.6
2025-01-28,11,25.3,25.3
2025-01-28,12,29.2,29.2
2025-01-28,13,33.1,33.1
2025-01-28,14,36.0,36.0
2025-01-28,15,38.7,38.7
2025-01-28,16,40.4,40.4
2025-01-28,17,40.5,40.5
2025-01-28,18,38.9,38.9
2025-01-28,19,34.8,34.8
2025-01-28,20,31.3,31.3
2025-01-28,21,29.5,29.5
2025-01-28,22,28.3,28.3
2025-01-28,23,28.7,28.7
2025-01-28,24,27.9,27.9
2025-01-29,1,27.4,27.4
2025-01-29,2,26.4,26.4
2025-01-29,3,25.3,25.3
2025-01-29,4,24.8,24.8
2025-01-29,5,24.8,24.8
2025-01-29,6,24.5,24.5
2025-01-29,7,23.9,23.9
2025-01-29,8,22.9,22.9
2025-01-29,9,22.9,22.9
2025-01-29,10,22.8,22.8
2025-01-29,11,27.3,27.3
2025-01-29,12,30.1,30.1
2025-01-29,13,31.9,31.9
2025-01-29,14,33.7,33.7
2025-01-29,15,35.4,35.4
2025-01-29,16,36.4,36.4
2025-01-29,17,35.9,35.9
2025-01-29,18,34.5,34.5
2025-01-29,19,35.8,29.6
2025-01-29,20,33.5,27.2
2025-01-29,21,26.9,20.8
2025-01-29,22,27.3,21.0
2025-01-29,23,26.8,20.5
2025-01-29,24,23.5,16.9
2025-01-30,1,19.1,12.3
2025-01-30,2,19.1,12.3
2025-01-30,3,17.6,10.9
2025-01-30,4,18.5,12.0
2025-01-30,5,17.0,10.5
2025-01-30,6,18.5,11.9
2025-01-30,7,18.1,11.4
2025-01-30,8,17.8,11.0
2025-01-30,9,15.1,8.4
2025-01-30,10,15.9,9.0
2025-01-30,11,16.8,8.8
2025-01-30,12,22.1,13.8
2025-01-30,13,28.2,19.7
2025-01-30,14,31.1,22.7
2025-01-30,15,34.7,26.7
2025-01-30,16,35.5,27.6
2025-01-30,17,34.4,26.5
2025-01-30,18,36.5,28.9
2025-01-30,19,35.1,28.0
2025-01-30,20,27.5,20.8
2025-01-30,21,22.8,16.3
2025-01-30,22,24.2,17.8
2025-01-30,23,23.2,16.4
2025-01-30,24,21.3,14.3
2025-01-31,1,22.1,15.0
2025-01-31,2,21.0,13.5
2025-01-31,3,19.6,12.1
2025-01-31,4,18.8,11.2
2025-01-31,5,17.8,10.2
2025-01-31,6,19.1,11.6
2025-01-31,7,19.1,11.4
2025-01-31,8,18.4,10.5
2025-01-31,9,17.1,9.0
2025-01-31,10,16.4,8.6
2025-01-31,11,18.9,10.1
2025-01-31,12,29.5,20.7
2025-01-31,13,32.3,23.1
2025-01-31,14,33.5,24.5
2025-01-31,15,38.9,29.8
2025-01-31,16,39.8,30.2
2025-01-31,17,38.7,29.7
2025-01-31,18,37.7,30.0
2025-01-31,19,37.1,30.0
2025-01-31,20,40.0,33.2
2025-01-31,21,39.5,33.0
2025-01-31,22,41.3,34.5
2025-01-31,23,41.6,34.7
2025-01-31,24,42.5,35.7
2025-02-01,1,41.6,34.5
2025-02-01,2,41.3,34.1
2025-02-01,3,39.0,31.1
2025-02-01,4,38.0,30.2
2025-02-01,5,41.3,34.0
2025-02-01,6,42.0,35.2
2025-02-01,7,41.9,35.6
2025-02-01,8,41.0,34.3
2025-02-01,9,40.2,34.2
2025-02-01,10,40.5,34.9
2025-02-01,11,40.1,34.9
2025-02-01,12,41.7,36.3
2025-02-01,13,41.0,34.3
2025-02-01,14,40.8,33.8
2025-02-01,15,41.0,34.2
2025-02-01,16,41.5,36.3
2025-02-01,17,40.9,36.2
2025-02-01,18,41.0,36.5
2025-02-01,19,40.9,36.3
2025-02-01,20,39.6,34.6
2025-02-01,21,38.1,33.1
2025-02-01,22,39.2,34.1
2025-02-01,23,39.7,34.2
2025-02-01,24,40.4,35.2
2025-02-02,1,40.6,35.1
2025-02-02,2,41.5,35.7
2025-02-02,3,41.7,35.4
2025-02-02,4,42.4,35.4
2025-02-02,5,46.4,39.2
2025-02-02,6,48.7,41.4
2025-02-02,7,48.9,41.9
2025-02-02,8,48.4,40.1
2025-02-02,9,47.9,40.0
2025-02-02,10,48.9,41.1
2025-02-02,11,49.4,41.0
2025-02-02,12,52.7,44.3
2025-02-02,13,51.7,43.2
2025-02-02,14,51.9,43.9
2025-02-02,15,52.0,44.0
2025-02-02,16,51.8,44.9
2025-02-02,17,51.9,45.2
2025-02-02,18,52.8,47.5
2025-02-02,19,52.6,47.4
2025-02-02,20,53.8,48.2
2025-02-02,21,50.3,44.0
2025-02-02,22,50.9,44.2
2025-02-02,23,52.4,45.6
2025-02-02,24,54.4,47.7
2025-02-03,1,52.4,45.7
2025-02-03,2,51.7,44.8
2025-02-03,3,50.5,43.6
2025-02-03,4,49.5,42.8
2025-02-03,5,48.7,41.9
2025-02-03,6,50.0,42.9
2025-02-03,7,50.8,43.3
2025-02-03,8,51.2,44.4
2025-02-03,9,50.8,43.9
2025-02-03,10,51.3,43.9
2025-02-03,11,51.5,44.0
2025-02-03,12,52.9,44.7
2025-02-03,13,53.6,44.9
2025-02-03,14,52.2,43.7
2025-02-03,15,54.2,45.8
2025-02-03,16,54.2,46.2
2025-02-03,17,54.5,46.9
2025-02-03,18,54.8,47.6
2025-02-03,19,55.4,48.7
2025-02-03,20,56.4,50.1
2025-02-03,21,55.1,48.4
2025-02-03,22,56.3,49.3
2025-02-03,23,55.4,48.2
2025-02-03,24,53.8,46.7
2025-02-04,1,54.3,47.3
2025-02-04,2,53.9,47.2
2025-02-04,3,52.9,46.5
2025-02-04,4,52.0,45.5
2025-02-04,5,52.2,45.5
2025-02-04,6,52.9,46.1
2025-02-04,7,53.6,46.7
2025-02-04,8,54.1,47.9
2025-02-04,9,53.8,47.7
2025-02-04,10,53.5,47.2
2025-02-04,11,52.3,45.9
2025-02-04,12,54.5,47.2
2025-02-04,13,55.3,47.9
2025-02-04,14,55.2,47.5
2025-02-04,15,58.2,49.9
2025-02-04,16,58.1,49.5
2025-02-04,17,57.3,48.8
2025-02-04,18,57.1,49.4
2025-02-04,19,56.9,51.5
2025-02-04,20,55.8,49.1
2025-02-04,21,53.8,48.3
2025-02-04,22,52.5,45.8
2025-02-04,23,51.6,45.1
2025-02-04,24,50.6,44.2
2025-02-05,1,50.0,43.6
2025-02-05,2,50.9,44.4
2025-02-05,3,50.4,43.8
2025-02-05,4,49.3,42.6
2025-02-05,5,50.6,43.7
2025-02-05,6,51.8,44.1
2025-02-05,7,52.3,44.0
2025-02-05,8,51.5,44.1
2025-02-05,9,52.5,45.2
2025-02-05,10,51.8,44.8
2025-02-05,11,50.0,42.4
2025-02-05,12,50.2,41.5
2025-02-05,13,53.0,44.0
2025-02-05,14,51.2,43.1
2025-02-05,15,52.7,45.6
2025-02-05,16,53.2,45.8
2025-02-05,17,48.8,39.2
2025-02-05,18,48.2,38.4
2025-02-05,19,46.6,36.5
2025-02-05,20,44.2,36.0
2025-02-05,21,39.2,31.5
2025-02-05,22,37.3,28.5
2025-02-05,23,38.5,30.1
2025-02-05,24,37.1,30.3
2025-02-06,1,35.5,29.6
2025-02-06,2,35.8,29.5
2025-02-06,3,35.2,29.1
2025-02-06,4,35.6,29.4
2025-02-06,5,31.8,25.6
2025-02-06,6,32.1,25.8
2025-02-06,7,32.6,26.5
2025-02-06,8,33.2,27.1
2025-02-06,9,33.2,27.1
2025-02-06,10,33.7,26.9
2025-02-06,11,36.4,28.9
2025-02-06,12,41.9,34.2
2025-02-06,13,44.3,36.6
2025-02-06,14,45.7,38.5
2025-02-06,15,48.5,41.1
2025-02-06,16,49.1,41.6
2025-02-06,17,49.5,41.4
2025-02-06,18,50.7,44.8
2025-02-06,19,49.7,44.5
2025-02-06,20,45.7,39.4
2025-02-06,21,45.3,40.9
2025-02-06,22,44.2,39.1
2025-02-06,23,43.2,37.2
2025-02-06,24,45.2,38.6
2025-02-07,1,49.6,42.3
2025-02-07,2,48.0,40.9
2025-02-07,3,50.2,43.1
2025-02-07,4,48.2,41.4
2025-02-07,5,48.6,41.8
2025-02-07,6,50.3,43.3
2025-02-07,7,51.2,43.9
2025-02-07,8,51.5,45.3
2025-02-07,9,50.5,44.1
2025-02-07,10,51.1,44.6
2025-02-07,11,51.7,44.7
2025-02-07,12,52.6,44.6
2025-02-07,13,53.4,44.5
2025-02-07,14,52.7,42.9
2025-02-07,15,50.2,41.8
2025-02-07,16,51.5,45.8
2025-02-07,17,44.3,35.7
2025-02-07,18,43.7,37.1
2025-02-07,19,43.7,36.2
2025-02-07,20,43.3,34.5
2025-02-07,21,40.6,31.1
2025-02-07,22,39.2,30.1
2025-02-07,23,39.5,30.3
2025-02-07,24,37.5,28.6
2025-02-08,1,35.7,27.5
2025-02-08,2,35.9,28.3
2025-02-08,3,34.2,27.1
2025-02-08,4,32.9,26.2
2025-02-08,5,28.6,22.2
2025-02-08,6,30.0,23.3
2025-02-08,7,30.5,24.1
2025-02-08,8,30.9,23.8
2025-02-08,9,30.1,23.0
2025-02-08,10,30.1,23.2
2025-02-08,11,32.0,25.5
2025-02-08,12,35.6,29.2
2025-02-08,13,36.7,29.8
2025-02-08,14,36.7,30.2
2025-02-08,15,38.8,32.6
2025-02-08,16,39.4,33.2
2025-02-08,17,37.6,30.6
2025-02-08,18,35.6,27.4
2025-02-08,19,34.3,27.1
2025-02-08,20,33.8,26.9
2025-02-08,21,30.7,23.1
2025-02-08,22,30.3,23.3
2025-02-08,23,30.7,24.3
2025-02-08,24,27.7,21.4
2025-02-09,1,25.7,19.3
2025-02-09,2,25.2,18.6
2025-02-09,3,23.0,16.4
2025-02-09,4,23.0,16.4
2025-02-09,5,18.3,11.7
2025-02-09,6,18.1,11.5
2025-02-09,7,18.3,11.7
2025-02-09,8,18.7,12.3
2025-02-09,9,18.4,11.7
2025-02-09,10,18.0,11.3
2025-02-09,11,22.0,15.1
2025-02-09,12,27.7,21.0
2025-02-09,13,29.8,22.7
2025-02-09,14,30.9,23.9
2025-02-09,15,34.7,28.3
2025-02-09,16,35.3,28.0
2025-02-09,17,35.7,28.7
2025-02-09,18,36.1,29.4
2025-02-09,19,36.5,30.1
2025-02-09,20,32.5,26.0
2025-02-09,21,25.0,18.3
2025-02-09,22,25.3,18.6
2025-02-09,23,24.7,17.9
2025-02-09,24,23.1,16.4
2025-02-10,1,21.6,15.0
2025-02-10,2,21.2,14.8
2025-02-10,3,16.8,10.3
2025-02-10,4,17.2,10.6
2025-02-10,5,15.3,8.8
2025-02-10,6,15.2,8.7
2025-02-10,7,15.2,8.7
2025-02-10,8,14.9,8.4
2025-02-10,9,13.8,7.2
2025-02-10,10,13.3,6.7
2025-02-10,11,19.8,13.3
2025-02-10,12,26.5,19.8
2025-02-10,13,29.6,22.9
2025-02-10,14,30.7,24.7
2025-02-10,15,34.0,28.4
2025-02-10,16,34.7,29.2
2025-02-10,17,35.9,29.2
2025-02-10,18,34.7,27.9
2025-02-10,19,37.0,30.3
2025-02-10,20,36.3,29.5
2025-02-10,21,30.2,23.3
2025-02-10,22,23.1,15.8
2025-02-10,23,22.1,15.1
2025-02-10,24,20.5,13.6
2025-02-11,1,21.5,14.7
2025-02-11,2,20.5,13.9
2025-02-11,3,16.1,9.6
2025-02-11,4,15.3,8.8
2025-02-11,5,15.6,9.1
2025-02-11,6,18.4,12.0
2025-02-11,7,19.2,12.4
2025-02-11,8,19.0,11.8
2025-02-11,9,19.7,12.9
2025-02-11,10,20.3,13.8
2025-02-11,11,21.7,14.9
2025-02-11,12,26.3,18.0
2025-02-11,13,26.7,17.5
2025-02-11,14,26.4,16.1
2025-02-11,15,27.2,16.6
2025-02-11,16,26.6,15.8
2025-02-11,17,26.1,15.2
2025-02-11,18,25.7,14.9
2025-02-11,19,24.8,14.2
2025-02-11,20,24.7,14.6
2025-02-11,21,21.3,12.3
2025-02-11,22,18.0,9.9
2025-02-11,23,18.3,9.7
2025-02-11,24,17.4,8.9
2025-02-12,1,18.0,9.8
2025-02-12,2,18.3,10.6
2025-02-12,3,15.6,8.5
2025-02-12,4,15.1,8.3
2025-02-12,5,11.7,4.9
2025-02-12,6,10.5,3.6
2025-02-12,7,11.0,3.9
2025-02-12,8,10.3,3.1
2025-02-12,9,8.1,0.9
2025-02-12,10,8.4,0.9
2025-02-12,11,12.1,4.2
2025-02-12,12,16.6,7.6
2025-02-12,13,21.4,12.0
2025-02-12,14,22.1,13.6
2025-02-12,15,24.8,16.1
2025-02-12,16,26.3,17.2
2025-02-12,17,27.4,17.6
2025-02-12,18,27.4,18.1
2025-02-12,19,24.8,16.9
2025-02-12,20,25.7,18.4
2025-02-12,21,19.8,12.4
2025-02-12,22,16.9,10.1
2025-02-12,23,15.5,8.7
2025-02-12,24,11.5,4.7
2025-02-13,1,5.9,-1.0
2025-02-13,2,5.6,-1.4
2025-02-13,3,3.4,-3.8
2025-02-13,4,4.3,-3.2
2025-02-13,5,5.7,-2.3
2025-02-13,6,6.6,-1.6
2025-02-13,7,6.7,-1.8
2025-02-13,8,8.0,-0.5
2025-02-13,9,12.2,3.8
2025-02-13,10,15.2,6.7
2025-02-13,11,20.3,11.6
2025-02-13,12,25.7,17.2
2025-02-13,13,27.3,18.3
2025-02-13,14,27.1,17.8
2025-02-13,15,26.0,16.7
2025-02-13,16,27.3,18.2
2025-02-13,17,28.4,19.7
2025-02-13,18,29.3,21.0
2025-02-13,19,29.6,22.1
2025-02-13,20,30.2,22.5
2025-02-13,21,29.5,21.7
2025-02-13,22,30.2,22.3
2025-02-13,23,30.2,22.4
2025-02-13,24,30.2,22.6
2025-02-14,1,30.2,23.5
2025-02-14,2,31.0,23.7
2025-02-14,3,31.5,24.2
2025-02-14,4,32.0,25.2
2025-02-14,5,31.1,24.2
2025-02-14,6,33.7,26.8
2025-02-14,7,33.6,26.6
2025-02-14,8,34.3,28.0
2025-02-14,9,32.9,26.7
2025-02-14,10,35.7,29.3
2025-02-14,11,35.9,29.8
2025-02-14,12,39.9,33.6
2025-02-14,13,41.9,36.0
2025-02-14,14,42.9,36.9
2025-02-14,15,44.2,38.1
2025-02-14,16,44.9,39.4
2025-02-14,17,42.8,37.0
2025-02-14,18,41.8,36.4
2025-02-14,19,40.2,34.9
2025-02-14,20,40.1,35.9
2025-02-14,21,38.5,34.1
2025-02-14,22,38.9,34.6
2025-02-14,23,38.6,34.2
2025-02-14,24,38.0,32.9
2025-02-15,1,36.4,31.1
2025-02-15,2,36.5,31.7
2025-02-15,3,34.4,29.8
2025-02-15,4,34.7,30.1
2025-02-15,5,32.2,27.2
2025-02-15,6,32.9,27.9
2025-02-15,7,34.1,28.9
2025-02-15,8,34.4,28.4
2025-02-15,9,33.5,27.1
2025-02-15,10,32.9,25.6
2025-02-15,11,32.6,24.6
2025-02-15,12,33.7,25.3
2025-02-15,13,33.8,25.3
2025-02-15,14,33.8,25.2
2025-02-15,15,36.0,27.7
2025-02-15,16,36.5,28.8
2025-02-15,17,36.2,28.5
2025-02-15,18,35.3,28.7
2025-02-15,19,35.1,29.1
2025-02-15,20,35.0,28.9
2025-02-15,21,33.6,27.5
2025-02-15,22,31.7,25.6
2025-02-15,23,29.2,23.1
2025-02-15,24,27.4,21.3
2025-02-16,1,27.4,20.6
2025-02-16,2,26.7,20.0
2025-02-16,3,26.6,19.3
2025-02-16,4,24.2,16.9
2025-02-16,5,24.8,17.7
2025-02-16,6,25.2,17.8
2025-02-16,7,25.0,17.5
2025-02-16,8,24.7,17.1
2025-02-16,9,24.3,16.6
2025-02-16,10,25.2,17.7
2025-02-16,11,29.1,22.0
2025-02-16,12,35.5,28.8
2025-02-16,13,34.4,27.5
2025-02-16,14,33.7,26.8
2025-02-16,15,35.9,29.6
2025-02-16,16,36.0,30.0
2025-02-16,17,38.3,32.6
2025-02-16,18,39.4,33.5
2025-02-16,19,39.8,33.9
2025-02-16,20,39.1,32.9
2025-02-16,21,37.9,31.9
2025-02-16,22,39.0,32.9
2025-02-16,23,39.5,33.3
2025-02-16,24,38.2,31.7
2025-02-17,1,37.4,30.7
2025-02-17,2,36.6,30.2
2025-02-17,3,35.6,29.4
2025-02-17,4,35.5,29.6
2025-02-17,5,36.5,30.4
2025-02-17,6,35.8,29.4
2025-02-17,7,35.6,29.6
2025-02-17,8,34.1,28.8
2025-02-17,9,34.1,28.4
2025-02-17,10,34.3,28.3
2025-02-17,11,34.8,28.6
2025-02-17,12,39.5,33.4
2025-02-17,13,41.0,35.6
2025-02-17,14,41.1,35.9
2025-02-17,15,43.5,38.5
2025-02-17,16,43.4,38.3
2025-02-17,17,42.3,36.6
2025-02-17,18,41.4,35.6
2025-02-17,19,41.9,36.9
2025-02-17,20,40.0,35.0
2025-02-17,21,36.0,31.1
2025-02-17,22,36.1,31.0
2025-02-17,23,36.4,30.9
2025-02-17,24,35.8,30.2
2025-02-18,1,33.9,28.1
2025-02-18,2,33.2,27.4
2025-02-18,3,30.2,24.2
2025-02-18,4,31.4,25.4
2025-02-18,5,34.3,28.6
2025-02-18,6,34.1,28.7
2025-02-18,7,34.4,29.1
2025-02-18,8,34.4,29.3
2025-02-18,9,33.8,28.6
2025-02-18,10,33.7,28.6
2025-02-18,11,34.7,29.6
2025-02-18,12,37.0,31.5
2025-02-18,13,38.4,32.7
2025-02-18,14,39.0,33.2
2025-02-18,15,41.5,35.9
2025-02-18,16,40.6,35.3
2025-02-18,17,41.0,35.6
2025-02-18,18,40.7,35.5
2025-02-18,19,40.1,34.7
2025-02-18,20,38.3,32.0
2025-02-18,21,36.3,30.6
2025-02-18,22,35.1,29.3
2025-02-18,23,34.5,28.3
2025-02-18,24,31.5,25.4
2025-02-19,1,31.0,24.7
2025-02-19,2,29.3,22.9
2025-02-19,3,27.0,20.5
2025-02-19,4,26.6,20.0
2025-02-19,5,26.2,19.6
2025-02-19,6,25.8,19.2
2025-02-19,7,25.3,18.5
2025-02-19,8,22.3,15.8
2025-02-19,9,19.3,12.2
2025-02-19,10,22.2,15.0
2025-02-19,11,27.9,20.9
2025-02-19,12,32.6,25.9
2025-02-19,13,36.0,29.7
2025-02-19,14,37.4,31.1
2025-02-19,15,40.2,34.2
2025-02-19,16,40.7,34.7
2025-02-19,17,41.1,35.0
2025-02-19,18,41.2,35.2
2025-02-19,19,35.7,29.9
2025-02-19,20,31.9,25.6
2025-02-19,21,29.5,23.3
2025-02-19,22,27.0,20.6
2025-02-19,23,28.3,21.8
2025-02-19,24,25.1,18.6
2025-02-20,1,29.1,23.3
2025-02-20,2,32.4,26.8
2025-02-20,3,32.9,27.6
2025-02-20,4,32.0,26.7
2025-02-20,5,31.8,26.2
2025-02-20,6,32.2,26.7
2025-02-20,7,31.8,26.5
2025-02-20,8,32.4,26.9
2025-02-20,9,31.9,26.7
2025-02-20,10,31.6,26.2
2025-02-20,11,32.6,27.4
2025-02-20,12,32.8,27.8
2025-02-20,13,32.8,27.7
2025-02-20,14,33.4,28.5
2025-02-20,15,33.6,28.4
2025-02-20,16,33.7,28.2
2025-02-20,17,33.6,27.8
2025-02-20,18,33.4,28.1
2025-02-20,19,33.3,28.1
2025-02-20,20,32.5,27.3
2025-02-20,21,32.3,27.2
2025-02-20,22,32.3,27.3
2025-02-20,23,32.3,27.6
2025-02-20,24,31.8,26.9
2025-02-21,1,28.2,22.9
2025-02-21,2,25.0,19.2
2025-02-21,3,23.7,17.7
2025-02-21,4,23.4,17.2
2025-02-21,5,22.2,15.9
2025-02-21,6,22.6,16.4
2025-02-21,7,23.2,17.4
2025-02-21,8,23.2,17.3
2025-02-21,9,22.1,16.0
2025-02-21,10,22.2,16.0
2025-02-21,11,25.4,19.3
2025-02-21,12,30.9,24.8
2025-02-21,13,31.9,25.9
2025-02-21,14,32.4,27.4
2025-02-21,15,32.8,28.4
2025-02-21,16,33.2,28.9
2025-02-21,17,33.0,28.0
2025-02-21,18,32.6,27.3
2025-02-21,19,30.4,25.0
2025-02-21,20,27.4,21.8
2025-02-21,21,25.2,19.9
2025-02-21,22,22.9,17.1
2025-02-21,23,21.4,15.5
2025-02-21,24,20.3,14.3
2025-02-22,1,18.9,12.8
2025-02-22,2,18.4,12.2
2025-02-22,3,18.0,11.9
2025-02-22,4,17.8,11.7
2025-02-22,5,17.7,11.4
2025-02-22,6,17.7,11.5
2025-02-22,7,17.2,11.0
2025-02-22,8,17.5,11.3
2025-02-22,9,17.6,11.4
2025-02-22,10,18.1,12.0
2025-02-22,11,23.3,17.6
2025-02-22,12,27.0,20.9
2025-02-22,13,28.6,22.6
2025-02-22,14,30.6,25.8
2025-02-22,15,32.7,27.9
2025-02-22,16,34.3,29.5
2025-02-22,17,35.4,29.3
2025-02-22,18,35.2,29.2
2025-02-22,19,34.2,28.0
2025-02-22,20,32.5,26.6
2025-02-22,21,31.1,25.4
2025-02-22,22,30.3,24.1
2025-02-22,23,29.4,23.2
2025-02-22,24,28.9,22.8
2025-02-23,1,29.1,23.1
2025-02-23,2,28.3,22.2
2025-02-23,3,27.4,21.2
2025-02-23,4,26.0,19.6
2025-02-23,5,24.7,18.0
2025-02-23,6,24.1,17.3
2025-02-23,7,23.8,16.9
2025-02-23,8,23.4,16.5
2025-02-23,9,23.8,17.0
2025-02-23,10,25.6,18.9
2025-02-23,11,31.8,25.7
2025-02-23,12,34.9,29.0
2025-02-23,13,37.9,32.1
2025-02-23,14,40.5,34.9
2025-02-23,15,41.8,35.8
2025-02-23,16,43.6,37.6
2025-02-23,17,44.4,38.4
2025-02-23,18,45.5,40.0
2025-02-23,19,41.8,36.5
2025-02-23,20,40.2,35.4
2025-02-23,21,39.9,35.4
2025-02-23,22,38.6,34.0
2025-02-23,23,37.9,33.2
2025-02-23,24,36.9,31.9
2025-02-24,1,36.0,30.6
2025-02-24,2,37.5,32.0
2025-02-24,3,37.9,32.1
2025-02-24,4,37.0,31.2
2025-02-24,5,40.7,35.4
2025-02-24,6,40.2,35.1
2025-02-24,7,39.2,34.1
2025-02-24,8,36.4,31.2
2025-02-24,9,35.5,30.4
2025-02-24,10,37.1,32.1
2025-02-24,11,39.6,34.6
2025-02-24,12,41.6,36.2
2025-02-24,13,42.7,37.4
2025-02-24,14,44.6,40.2
2025-02-24,15,46.6,42.4
2025-02-24,16,47.9,43.4
2025-02-24,17,48.2,43.0
2025-02-24,18,49.3,43.9
2025-02-24,19,49.1,43.9
2025-02-24,20,46.3,41.0
2025-02-24,21,40.0,34.3
2025-02-24,22,35.6,29.8
2025-02-24,23,35.9,30.2
2025-02-24,24,38.4,33.1
2025-02-25,1,39.0,33.4
2025-02-25,2,38.7,32.6
2025-02-25,3,36.4,29.8
2025-02-25,4,36.3,29.5
2025-02-25,5,36.4,29.1
2025-02-25,6,35.7,28.5
2025-02-25,7,34.8,27.7
2025-02-25,8,37.3,30.5
2025-02-25,9,37.6,31.5
2025-02-25,10,38.2,32.6
2025-02-25,11,42.2,37.3
2025-02-25,12,44.5,38.7
2025-02-25,13,46.0,40.2
2025-02-25,14,44.2,39.8
2025-02-25,15,50.3,46.2
2025-02-25,16,51.0,46.5
2025-02-25,17,48.7,42.9
2025-02-25,18,45.5,38.5
2025-02-25,19,44.2,37.2
2025-02-25,20,39.7,32.6
2025-02-25,21,33.7,26.8
2025-02-25,22,31.5,24.4
2025-02-25,23,30.1,23.1
2025-02-25,24,29.3,22.2
2025-02-26,1,27.9,20.7
2025-02-26,2,26.5,20.5
2025-02-26,3,26.0,20.2
2025-02-26,4,26.2,20.1
2025-02-26,5,27.0,20.0
2025-02-26,6,27.0,19.6
2025-02-26,7,26.7,19.9
2025-02-26,8,26.3,20.1
2025-02-26,9,25.9,19.7
2025-02-26,10,29.7,23.7
2025-02-26,11,34.8,28.9
2025-02-26,12,37.3,30.8
2025-02-26,13,40.0,33.2
2025-02-26,14,42.0,36.5
2025-02-26,15,43.3,38.1
2025-02-26,16,44.1,38.5
2025-02-26,17,44.0,37.3
2025-02-26,18,42.8,35.5
2025-02-26,19,40.8,33.1
2025-02-26,20,37.3,28.9
2025-02-26,21,32.8,24.9
2025-02-26,22,28.9,21.5
2025-02-26,23,28.3,21.3
2025-02-26,24,27.7,20.8
2025-02-27,1,28.3,22.1
2025-02-27,2,29.2,23.2
2025-02-27,3,29.2,23.2
2025-02-27,4,28.4,22.3
2025-02-27,5,27.7,21.8
2025-02-27,6,27.2,21.2
2025-02-27,7,26.6,20.7
2025-02-27,8,28.0,22.0
2025-02-27,9,27.6,21.6
2025-02-27,10,30.0,24.0
2025-02-27,11,33.1,26.6
2025-02-27,12,35.1,28.5
2025-02-27,13,38.0,31.8
2025-02-27,14,41.1,36.0
2025-02-27,15,43.6,39.1
2025-02-27,16,45.5,40.7
2025-02-27,17,46.2,40.7
2025-02-27,18,45.8,39.6
2025-02-27,19,43.7,38.2
2025-02-27,20,38.7,33.0
2025-02-27,21,36.0,30.2
2025-02-27,22,35.3,29.5
2025-02-27,23,35.2,29.7
2025-02-27,24,35.5,30.1
2025-02-28,1,35.5,30.0
2025-02-28,2,35.1,29.6
2025-02-28,3,34.8,29.3
2025-02-28,4,34.5,28.9
2025-02-28,5,34.2,28.5
2025-02-28,6,33.6,27.8
2025-02-28,7,32.9,27.0
2025-02-28,8,31.9,26.2
2025-02-28,9,31.7,25.8
2025-02-28,10,34.1,28.2
2025-02-28,11,37.7,32.0
2025-02-28,12,39.8,33.5
2025-02-28,13,42.7,36.7
2025-02-28,14,45.6,41.0
2025-02-28,15,47.8,43.9
2025-02-28,16,49.0,44.9
2025-02-28,17,48.6,43.7
2025-02-28,18,47.7,41.6
2025-02-28,19,44.6,38.5
2025-02-28,20,40.1,34.2
2025-02-28,21,34.9,29.1
2025-02-28,22,35.8,30.1
2025-02-28,23,36.0,30.4
2025-02-28,24,36.1,30.3
2025-03-01,1,36.8,30.9
2025-03-01,2,36.6,30.8
2025-03-01,3,36.2,30.7
2025-03-01,4,35.8,30.4
2025-03-01,5,35.3,30.0
2025-03-01,6,34.6,29.2
2025-03-01,7,34.0,28.7
2025-03-01,8,32.9,27.1
2025-03-01,9,33.2,27.3
2025-03-01,10,35.4,29.6
2025-03-01,11,38.5,33.1
2025-03-01,12,40.7,35.1
2025-03-01,13,43.6,38.4
2025-03-01,14,47.0,43.6
2025-03-01,15,50.0,47.2
2025-03-01,16,51.5,47.9
2025-03-01,17,52.0,47.6
2025-03-01,18,51.6,45.7
2025-03-01,19,48.9,42.8
2025-03-01,20,42.0,35.9
2025-03-01,21,38.2,32.4
2025-03-01,22,38.1,32.8
2025-03-01,23,39.5,34.4
2025-03-01,24,39.8,34.9
2025-03-02,1,38.9,34.1
2025-03-02,2,38.2,33.5
2025-03-02,3,37.2,32.3
2025-03-02,4,35.8,30.7
2025-03-02,5,36.2,30.9
2025-03-02,6,35.5,30.1
2025-03-02,7,33.6,28.1
2025-03-02,8,32.8,27.3
2025-03-02,9,31.8,26.3
2025-03-02,10,36.2,30.6
2025-03-02,11,43.5,37.8
2025-03-02,12,48.2,42.4
2025-03-02,13,52.6,46.7
2025-03-02,14,56.2,50.6
2025-03-02,15,59.2,53.7
2025-03-02,16,61.0,55.4
2025-03-02,17,61.5,55.2
2025-03-02,18,60.9,53.8
2025-03-02,19,56.5,50.6
2025-03-02,20,46.3,40.6
2025-03-02,21,41.5,35.2
2025-03-02,22,39.2,33.0
2025-03-02,23,41.8,34.3
2025-03-02,24,41.5,34.4
2025-03-03,1,40.0,32.5
2025-03-03,2,35.1,27.7
2025-03-03,3,37.4,30.2
2025-03-03,4,35.1,27.9
2025-03-03,5,32.3,23.8
2025-03-03,6,31.9,24.0
2025-03-03,7,31.6,25.1
2025-03-03,8,30.3,24.2
2025-03-03,9,29.7,24.0
2025-03-03,10,32.9,27.7
2025-03-03,11,37.5,31.4
2025-03-03,12,38.5,32.3
2025-03-03,13,37.9,31.6
2025-03-03,14,39.6,33.7
2025-03-03,15,40.9,34.8
2025-03-03,16,43.4,37.1
2025-03-03,17,44.5,36.8
2025-03-03,18,45.6,37.9
2025-03-03,19,42.2,35.6
2025-03-03,20,42.0,35.4
2025-03-03,21,35.1,28.7
2025-03-03,22,34.0,28.1
2025-03-03,23,34.1,28.5
2025-03-03,24,35.5,30.8
2025-03-04,1,36.0,31.6
2025-03-04,2,35.4,31.0
2025-03-04,3,34.3,29.9
2025-03-04,4,33.9,29.5
2025-03-04,5,33.7,28.6
2025-03-04,6,33.5,28.6
2025-03-04,7,33.2,28.4
2025-03-04,8,33.8,29.7
2025-03-04,9,33.7,29.5
2025-03-04,10,34.5,30.2
2025-03-04,11,35.0,30.9
2025-03-04,12,35.9,31.9
2025-03-04,13,37.6,33.5
2025-03-04,14,39.2,34.8
2025-03-04,15,41.7,37.1
2025-03-04,16,43.1,38.4
2025-03-04,17,44.7,38.9
2025-03-04,18,46.0,39.7
2025-03-04,19,44.8,39.4
2025-03-04,20,42.2,36.3
2025-03-04,21,38.5,33.1
2025-03-04,22,34.3,28.8
2025-03-04,23,31.4,25.7
2025-03-04,24,29.1,23.0
2025-03-05,1,27.4,21.5
2025-03-05,2,26.8,21.3
2025-03-05,3,27.1,21.3
2025-03-05,4,27.6,22.0
2025-03-05,5,28.4,22.8
2025-03-05,6,30.1,24.6
2025-03-05,7,29.3,23.8
2025-03-05,8,30.5,24.8
2025-03-05,9,30.2,24.4
2025-03-05,10,35.2,29.6
2025-03-05,11,41.8,36.1
2025-03-05,12,45.2,39.1
2025-03-05,13,48.0,41.3
2025-03-05,14,49.6,42.6
2025-03-05,15,50.9,43.3
2025-03-05,16,50.7,43.0
2025-03-05,17,48.4,41.1
2025-03-05,18,45.6,39.6
2025-03-05,19,43.6,39.1
2025-03-05,20,38.1,33.8
2025-03-05,21,37.0,32.8
2025-03-05,22,36.0,31.8
2025-03-05,23,35.4,30.9
2025-03-05,24,35.2,30.4
2025-03-06,1,35.5,30.6
2025-03-06,2,35.9,31.0
2025-03-06,3,36.4,31.6
2025-03-06,4,36.7,31.9
2025-03-06,5,36.6,31.8
2025-03-06,6,36.7,32.0
2025-03-06,7,36.7,32.0
2025-03-06,8,36.4,31.3
2025-03-06,9,35.6,30.3
2025-03-06,10,35.9,31.1
2025-03-06,11,36.9,32.4
2025-03-06,12,37.3,32.7
2025-03-06,13,38.2,33.2
2025-03-06,14,38.2,32.5
2025-03-06,15,37.9,31.5
2025-03-06,16,42.1,34.8
2025-03-06,17,44.5,36.0
2025-03-06,18,45.7,37.4
2025-03-06,19,44.1,36.1
2025-03-06,20,39.1,31.6
2025-03-06,21,36.2,29.2
2025-03-06,22,33.2,27.0
2025-03-06,23,33.1,27.3
2025-03-06,24,33.1,26.9
2025-03-07,1,33.1,27.3
2025-03-07,2,32.7,26.7
2025-03-07,3,31.8,26.2
2025-03-07,4,31.7,26.5
2025-03-07,5,31.7,26.9
2025-03-07,6,31.6,26.6
2025-03-07,7,31.3,26.3
2025-03-07,8,31.0,25.8
2025-03-07,9,31.5,26.3
2025-03-07,10,32.0,27.1
2025-03-07,11,32.8,27.6
2025-03-07,12,33.1,27.7
2025-03-07,13,33.2,27.5
2025-03-07,14,33.1,27.0
2025-03-07,15,33.4,27.0
2025-03-07,16,33.7,27.6
2025-03-07,17,33.6,26.8
2025-03-07,18,33.0,26.2
2025-03-07,19,32.7,26.2
2025-03-07,20,34.3,28.1
2025-03-07,21,33.2,26.3
2025-03-07,22,32.8,25.7
2025-03-07,23,32.0,24.6
2025-03-07,24,30.1,22.6
2025-03-08,1,28.7,21.4
2025-03-08,2,26.5,19.7
2025-03-08,3,25.6,19.2
2025-03-08,4,25.7,19.1
2025-03-08,5,25.6,18.8
2025-03-08,6,24.9,18.2
2025-03-08,7,24.5,17.9
2025-03-08,8,24.4,18.1
2025-03-08,9,23.7,18.0
2025-03-08,10,27.2,21.9
2025-03-08,11,30.0,24.5
2025-03-08,12,32.0,26.0
2025-03-08,13,34.1,28.9
2025-03-08,14,36.0,32.1
2025-03-08,15,37.6,33.8
2025-03-08,16,38.8,34.7
2025-03-08,17,39.4,34.7
2025-03-08,18,39.5,33.8
2025-03-08,19,39.0,33.4
2025-03-08,20,36.1,30.9
2025-03-08,21,32.8,27.3
2025-03-08,22,31.7,26.6
2025-03-08,23,31.0,25.7
2025-03-08,24,30.3,24.8
2025-03-09,1,29.7,24.0
2025-03-09,2,29.0,23.2
2025-03-09,3,28.0,22.3
2025-03-09,4,27.3,21.7
2025-03-09,5,26.5,20.9
2025-03-09,6,26.6,21.1
2025-03-09,7,27.0,21.5
2025-03-09,8,27.5,22.0
2025-03-09,9,27.8,22.2
2025-03-09,10,31.8,26.4
2025-03-09,11,35.1,29.2
2025-03-09,12,37.6,31.6
2025-03-09,13,40.8,35.5
2025-03-09,14,44.7,40.1
2025-03-09,15,48.5,44.0
2025-03-09,16,51.3,46.2
2025-03-09,17,53.0,46.9
2025-03-09,18,53.5,46.7
2025-03-09,19,52.0,45.0
2025-03-09,20,45.0,38.5
2025-03-09,21,38.2,31.5
2025-03-09,22,34.2,27.5
2025-03-09,23,32.3,25.7
2025-03-09,24,32.8,26.5
2025-03-10,1,33.9,27.9
2025-03-10,2,34.1,28.2
2025-03-10,3,33.4,27.6
2025-03-10,4,32.1,26.3
2025-03-10,5,31.0,25.0
2025-03-10,6,30.5,24.5
2025-03-10,7,30.4,24.4
2025-03-10,8,30.9,25.0
2025-03-10,9,31.6,26.0
2025-03-10,10,37.2,31.7
2025-03-10,11,42.3,36.6
2025-03-10,12,46.3,40.2
2025-03-10,13,50.7,44.3
2025-03-10,14,54.9,48.9
2025-03-10,15,57.7,52.1
2025-03-10,16,58.4,52.9
2025-03-10,17,58.3,52.4
2025-03-10,18,57.7,49.9
2025-03-10,19,55.9,48.2
2025-03-10,20,49.1,43.5
2025-03-10,21,43.0,38.1
2025-03-10,22,37.6,32.0
2025-03-10,23,37.9,32.3
2025-03-10,24,39.5,34.1
2025-03-11,1,38.0,32.1
2025-03-11,2,35.2,29.2
2025-03-11,3,33.7,27.4
2025-03-11,4,32.8,26.4
2025-03-11,5,32.1,25.2
2025-03-11,6,32.5,25.8
2025-03-11,7,33.6,27.1
2025-03-11,8,33.7,27.3
2025-03-11,9,33.8,27.6
2025-03-11,10,38.4,32.7
2025-03-11,11,44.7,38.6
2025-03-11,12,48.9,42.1
2025-03-11,13,53.0,46.2
2025-03-11,14,56.2,50.0
2025-03-11,15,57.4,51.7
2025-03-11,16,58.1,50.9
2025-03-11,17,59.1,51.2
2025-03-11,18,59.3,52.0
2025-03-11,19,57.5,50.3
2025-03-11,20,50.5,43.1
2025-03-11,21,45.3,38.3
2025-03-11,22,42.7,35.7
2025-03-11,23,41.6,34.4
2025-03-11,24,40.7,33.3
2025-03-12,1,39.4,31.8
2025-03-12,2,38.2,30.4
2025-03-12,3,36.2,28.0
2025-03-12,4,34.1,26.0
2025-03-12,5,32.8,24.5
2025-03-12,6,32.4,24.2
2025-03-12,7,32.4,24.6
2025-03-12,8,33.1,25.7
2025-03-12,9,33.1,26.0
2025-03-12,10,40.4,33.8
2025-03-12,11,46.0,39.1
2025-03-12,12,48.3,40.1
2025-03-12,13,50.0,41.2
2025-03-12,14,53.4,45.3
2025-03-12,15,55.6,46.7
2025-03-12,16,55.7,46.5
2025-03-12,17,55.2,46.5
2025-03-12,18,52.9,44.8
2025-03-12,19,50.2,50.2
2025-03-12,20,49.0,49.0
2025-03-12,21,46.9,46.9
2025-03-12,22,44.6,44.6
2025-03-12,23,42.3,42.3
2025-03-12,24,40.5,40.5
2025-03-13,1,39.5,39.5
2025-03-13,2,38.9,38.9
2025-03-13,3,38.5,38.5
2025-03-13,4,38.1,38.1
2025-03-13,5,37.6,37.6
2025-03-13,6,37.4,37.4
2025-03-13,7,37.5,37.5
2025-03-13,8,37.0,37.0
2025-03-13,9,36.2,36.2
2025-03-13,10,37.9,37.9
2025-03-13,11,41.7,41.7
2025-03-13,12,44.0,44.0
2025-03-13,13,45.2,45.2
2025-03-13,14,46.0,46.0
2025-03-13,15,47.0,47.0
2025-03-13,16,48.4,48.4
2025-03-13,17,49.5,49.5
2025-03-13,18,48.0,48.0
2025-03-13,19,42.9,42.9
2025-03-13,20,39.7,39.7
2025-03-13,21,37.0,37.0
2025-03-13,22,35.0,35.0
2025-03-13,23,33.6,33.6
2025-03-13,24,32.9,32.9
2025-03-14,1,32.2,32.2
2025-03-14,2,31.9,31.9
2025-03-14,3,31.3,31.3
2025-03-14,4,30.8,30.8
2025-03-14,5,29.8,29.8
2025-03-14,6,28.8,28.8
2025-03-14,7,28.4,28.4
2025-03-14,8,29.8,29.8
2025-03-14,9,29.0,29.0
2025-03-14,10,28.9,28.9
2025-03-14,11,32.4,32.4
2025-03-14,12,33.7,33.7
2025-03-14,13,35.5,35.5
2025-03-14,14,36.6,36.6
2025-03-14,15,37.9,37.9
2025-03-14,16,39.1,39.1
2025-03-14,17,39.4,39.4
2025-03-14,18,38.7,38.7
2025-03-14,19,38.2,38.2
2025-03-14,20,37.6,37.6
2025-03-14,21,36.4,36.4
2025-03-14,22,34.3,34.3
2025-03-14,23,33.8,33.8
2025-03-14,24,33.4,33.4
2025-03-15,1,33.4,33.4
2025-03-15,2,31.4,31.4
2025-03-15,3,31.5,31.5
2025-03-15,4,32.7,32.7
2025-03-15,5,32.2,32.2
2025-03-15,6,31.7,31.7
2025-03-15,7,30.7,30.7
2025-03-15,8,29.0,29.0
2025-03-15,9,29.8,29.8
2025-03-15,10,30.9,30.9
2025-03-15,11,33.0,33.0
2025-03-15,12,34.5,34.5
2025-03-15,13,35.1,35.1
2025-03-15,14,38.0,38.0
2025-03-15,15,38.8,38.8
2025-03-15,16,40.4,40.4
2025-03-15,17,40.9,40.9
2025-03-15,18,40.5,40.5
2025-03-15,19,39.5,39.5
2025-03-15,20,38.5,38.5
2025-03-15,21,37.0,37.0
2025-03-15,22,36.1,36.1
2025-03-15,23,34.5,34.5
2025-03-15,24,32.2,32.2
2025-03-16,1,31.0,31.0
2025-03-16,2,30.2,30.2
2025-03-16,3,28.0,28.0
2025-03-16,4,26.9,26.9
2025-03-16,5,26.5,26.5
2025-03-16,6,26.4,26.4
2025-03-16,7,26.2,26.2
2025-03-16,8,27.3,27.3
2025-03-16,9,26.9,26.9
2025-03-16,10,30.2,30.2
2025-03-16,11,36.3,36.3
2025-03-16,12,40.3,40.3
2025-03-16,13,43.6,43.6
2025-03-16,14,45.8,45.8
2025-03-16,15,47.7,47.7
2025-03-16,16,49.6,49.6
2025-03-16,17,50.5,50.5
2025-03-16,18,50.8,50.8
2025-03-16,19,49.9,49.9
2025-03-16,20,48.2,48.2
2025-03-16,21,46.2,46.2
2025-03-16,22,44.2,44.2
2025-03-16,23,42.4,42.4
2025-03-16,24,40.9,40.9
2025-03-17,1,39.7,39.7
2025-03-17,2,39.9,39.9
2025-03-17,3,39.1,39.1
2025-03-17,4,38.3,38.3
2025-03-17,5,37.9,37.9
2025-03-17,6,37.5,37.5
2025-03-17,7,37.2,37.2
2025-03-17,8,37.0,37.0
2025-03-17,9,36.6,36.6
2025-03-17,10,38.8,38.8
2025-03-17,11,44.8,44.8
2025-03-17,12,49.2,49.2
2025-03-17,13,50.6,50.6
2025-03-17,14,52.0,52.0
2025-03-17,15,53.2,53.2
2025-03-17,16,54.0,54.0
2025-03-17,17,54.1,54.1
2025-03-17,18,54.1,54.1
2025-03-17,19,53.2,53.2
2025-03-17,20,52.1,52.1
2025-03-17,21,49.9,49.9
2025-03-17,22,47.1,47.1
2025-03-17,23,46.4,46.4
2025-03-17,24,46.0,46.0
2025-03-18,1,44.8,44.8
2025-03-18,2,37.9,37.9
2025-03-18,3,35.4,35.4
2025-03-18,4,34.2,34.2
2025-03-18,5,33.8,33.8
2025-03-18,6,33.4,33.4
2025-03-18,7,33.3,33.3
2025-03-18,8,32.9,32.9
2025-03-18,9,32.2,32.2
2025-03-18,10,31.6,31.6
2025-03-18,11,31.6,31.6
2025-03-18,12,32.5,32.5
2025-03-18,13,34.5,34.5
2025-03-18,14,35.1,35.1
2025-03-18,15,34.8,34.8
2025-03-18,16,35.0,35.0
2025-03-18,17,36.4,36.4
2025-03-18,18,34.7,34.7
2025-03-18,19,34.1,34.1
2025-03-18,20,32.1,32.1
2025-03-18,21,29.2,29.2
2025-03-18,22,26.1,26.1
2025-03-18,23,27.4,27.4
2025-03-18,24,31.1,31.1
2025-03-19,1,30.9,30.9
2025-03-19,2,28.9,28.9
2025-03-19,3,28.1,28.1
2025-03-19,4,27.3,27.3
2025-03-19,5,26.1,26.1
2025-03-19,6,24.8,24.8
2025-03-19,7,23.5,23.5
2025-03-19,8,22.6,22.6
2025-03-19,9,22.2,22.2
2025-03-19,10,25.0,25.0
2025-03-19,11,28.0,28.0
2025-03-19,12,28.5,28.5
2025-03-19,13,33.6,33.6
2025-03-19,14,34.6,34.6
2025-03-19,15,36.2,36.2
2025-03-19,16,37.5,37.5
2025-03-19,17,38.0,38.0
2025-03-19,18,38.2,38.2
2025-03-19,19,37.8,37.8
2025-03-19,20,35.4,35.4
2025-03-19,21,33.7,33.7
2025-03-19,22,30.2,30.2
2025-03-19,23,27.0,27.0
2025-03-19,24,25.5,25.5
2025-03-20,1,24.1,24.1
2025-03-20,2,24.2,24.2
2025-03-20,3,24.7,24.7
2025-03-20,4,25.4,25.4
2025-03-20,5,26.2,26.2
2025-03-20,6,26.2,26.2
2025-03-20,7,25.7,25.7
2025-03-20,8,25.0,25.0
2025-03-20,9,25.6,25.6
2025-03-20,10,29.4,29.4
2025-03-20,11,34.3,34.3
2025-03-20,12,36.7,36.7
2025-03-20,13,38.8,38.8
2025-03-20,14,44.5,44.5
2025-03-20,15,44.7,44.7
2025-03-20,16,44.2,44.2
2025-03-20,17,43.0,43.0
2025-03-20,18,42.5,42.5
2025-03-20,19,41.3,41.3
2025-03-20,20,41.4,41.4
2025-03-20,21,38.5,38.5
2025-03-20,22,37.8,37.8
2025-03-20,23,36.1,36.1
2025-03-20,24,34.4,34.4
2025-03-21,1,32.8,32.8
2025-03-21,2,31.5,31.5
2025-03-21,3,30.4,30.4
2025-03-21,4,29.3,29.3
2025-03-21,5,27.3,27.3
2025-03-21,6,26.6,26.6
2025-03-21,7,26.2,26.2
2025-03-21,8,26.0,26.0
2025-03-21,9,26.2,26.2
2025-03-21,10,30.9,30.9
2025-03-21,11,36.6,36.6
2025-03-21,12,39.6,39.6
2025-03-21,13,43.0,43.0
2025-03-21,14,45.4,45.4
2025-03-21,15,46.5,46.5
2025-03-21,16,47.0,47.0
2025-03-21,17,47.1,47.1
2025-03-21,18,46.9,46.9
2025-03-21,19,46.3,46.3
2025-03-21,20,45.0,45.0
2025-03-21,21,42.4,42.4
2025-03-21,22,40.6,40.6
2025-03-21,23,40.3,40.3
2025-03-21,24,38.0,38.0
2025-03-22,1,37.0,37.0
2025-03-22,2,38.2,38.2
2025-03-22,3,37.7,37.7
2025-03-22,4,36.0,36.0
2025-03-22,5,35.4,35.4
2025-03-22,6,35.0,35.0
2025-03-22,7,35.0,35.0
2025-03-22,8,35.1,35.1
2025-03-22,9,35.0,35.0
2025-03-22,10,37.8,37.8
2025-03-22,11,41.4,41.4
2025-03-22,12,43.3,43.3
2025-03-22,13,44.3,44.3
2025-03-22,14,47.1,47.1
2025-03-22,15,48.1,48.1
2025-03-22,16,48.9,48.9
2025-03-22,17,50.2,50.2
2025-03-22,18,50.5,50.5
2025-03-22,19,49.3,49.3
2025-03-22,20,48.1,48.1
2025-03-22,21,46.0,46.0
2025-03-22,22,43.3,43.3
2025-03-22,23,43.5,43.5
2025-03-22,24,44.9,44.9
2025-03-23,1,43.6,43.6
2025-03-23,2,41.0,41.0
2025-03-23,3,42.5,42.5
2025-03-23,4,41.6,41.6
2025-03-23,5,40.7,40.7
2025-03-23,6,39.7,39.7
2025-03-23,7,38.6,38.6
2025-03-23,8,37.3,37.3
2025-03-23,9,36.2,36.2
2025-03-23,10,38.8,38.8
2025-03-23,11,43.0,43.0
2025-03-23,12,45.9,45.9
2025-03-23,13,48.1,48.1
2025-03-23,14,50.3,50.3
2025-03-23,15,51.5,51.5
2025-03-23,16,52.4,52.4
2025-03-23,17,53.0,53.0
2025-03-23,18,53.4,53.4
2025-03-23,19,53.0,53.0
2025-03-23,20,51.5,51.5
2025-03-23,21,48.3,48.3
2025-03-23,22,47.3,47.3
2025-03-23,23,46.0,46.0
2025-03-23,24,44.7,44.7
2025-03-24,1,43.4,43.4
2025-03-24,2,43.1,43.1
2025-03-24,3,41.5,41.5
2025-03-24,4,40.7,40.7
2025-03-24,5,40.3,40.3
2025-03-24,6,39.8,39.8
2025-03-24,7,39.5,39.5
2025-03-24,8,39.2,39.2
2025-03-24,9,39.2,39.2
2025-03-24,10,42.4,42.4
2025-03-24,11,47.7,47.7
2025-03-24,12,51.7,51.7
2025-03-24,13,54.4,54.4
2025-03-24,14,57.7,57.7
2025-03-24,15,58.8,58.8
2025-03-24,16,58.8,58.8
2025-03-24,17,59.4,59.4
2025-03-24,18,59.2,59.2
2025-03-24,19,58.9,58.9
2025-03-24,20,57.6,57.6
2025-03-24,21,54.4,54.4
2025-03-24,22,53.4,53.4
2025-03-24,23,51.2,51.2
2025-03-24,24,48.8,48.8
2025-03-25,1,46.6,46.6
2025-03-25,2,44.1,44.1
2025-03-25,3,41.1,41.1
2025-03-25,4,38.5,38.5
2025-03-25,5,36.8,36.8
2025-03-25,6,35.7,35.7
2025-03-25,7,34.9,34.9
2025-03-25,8,34.3,34.3
2025-03-25,9,34.5,34.5
2025-03-25,10,42.0,42.0
2025-03-25,11,49.5,49.5
2025-03-25,12,53.9,53.9
2025-03-25,13,57.1,57.1
2025-03-25,14,59.8,59.8
2025-03-25,15,61.3,61.3
2025-03-25,16,62.4,62.4
2025-03-25,17,63.1,63.1
2025-03-25,18,63.1,63.1
2025-03-25,19,62.2,62.2
2025-03-25,20,59.9,59.9
2025-03-25,21,57.6,57.6
2025-03-25,22,55.2,55.2
2025-03-25,23,52.5,52.5
2025-03-25,24,49.4,49.4
2025-03-26,1,44.5,44.5
2025-03-26,2,40.3,40.3
2025-03-26,3,37.9,37.9
2025-03-26,4,36.3,36.3
2025-03-26,5,35.3,35.3
2025-03-26,6,34.5,34.5
2025-03-26,7,33.9,33.9
2025-03-26,8,33.2,33.2
2025-03-26,9,33.8,33.8
2025-03-26,10,41.4,41.4
2025-03-26,11,51.3,51.3
2025-03-26,12,56.4,56.4
2025-03-26,13,60.1,60.1
2025-03-26,14,64.1,64.1
2025-03-26,15,66.1,66.1
2025-03-26,16,67.3,67.3
2025-03-26,17,67.6,67.6
2025-03-26,18,67.0,67.0
2025-03-26,19,65.7,65.7
2025-03-26,20,64.0,64.0
2025-03-26,21,58.6,58.6
2025-03-26,22,54.1,54.1
2025-03-26,23,50.3,50.3
2025-03-26,24,47.1,47.1
2025-03-27,1,44.2,44.2
2025-03-27,2,42.2,42.2
2025-03-27,3,42.2,42.2
2025-03-27,4,42.5,42.5
2025-03-27,5,42.6,42.6
2025-03-27,6,42.2,42.2
2025-03-27,7,41.5,41.5
2025-03-27,8,41.6,41.6
2025-03-27,9,41.9,41.9
2025-03-27,10,45.6,45.6
2025-03-27,11,55.1,55.1
2025-03-27,12,60.5,60.5
2025-03-27,13,64.5,64.5
2025-03-27,14,67.6,67.6
2025-03-27,15,67.9,67.9
2025-03-27,16,68.2,68.2
2025-03-27,17,68.2,68.2
2025-03-27,18,68.0,68.0
2025-03-27,19,66.7,66.7
2025-03-27,20,63.8,63.8
2025-03-27,21,59.8,59.8
2025-03-27,22,55.7,55.7
2025-03-27,23,61.9,61.9
2025-03-27,24,58.3,58.3
2025-03-28,1,49.2,49.2
2025-03-28,2,55.4,55.4
2025-03-28,3,48.3,48.3
2025-03-28,4,45.9,45.9
2025-03-28,5,44.2,44.2
2025-03-28,6,45.1,45.1
2025-03-28,7,48.7,48.7
2025-03-28,8,49.4,49.4
2025-03-28,9,48.2,48.2
2025-03-28,10,49.0,49.0
2025-03-28,11,51.9,51.9
2025-03-28,12,54.3,54.3
2025-03-28,13,55.9,55.9
2025-03-28,14,55.4,55.4
2025-03-28,15,55.9,55.9
2025-03-28,16,55.9,55.9
2025-03-28,17,54.6,54.6
2025-03-28,18,53.2,53.2
2025-03-28,19,52.2,52.2
2025-03-28,20,51.4,51.4
2025-03-28,21,49.1,49.1
2025-03-28,22,49.1,49.1
2025-03-28,23,47.8,47.8
2025-03-28,24,46.4,46.4
2025-03-29,1,45.1,45.1
2025-03-29,2,44.8,44.8
2025-03-29,3,44.0,44.0
2025-03-29,4,43.2,43.2
2025-03-29,5,42.4,42.4
2025-03-29,6,41.5,41.5
2025-03-29,7,39.1,39.1
2025-03-29,8,38.4,38.4
2025-03-29,9,38.6,38.6
2025-03-29,10,42.8,42.8
2025-03-29,11,47.5,47.5
2025-03-29,12,49.7,49.7
2025-03-29,13,50.6,50.6
2025-03-29,14,50.7,50.7
2025-03-29,15,49.2,49.2
2025-03-29,16,46.9,46.9
2025-03-29,17,46.9,46.9
2025-03-29,18,45.3,45.3
2025-03-29,19,43.8,43.8
2025-03-29,20,41.9,41.9
2025-03-29,21,40.2,40.2
2025-03-29,22,39.3,39.3
2025-03-29,23,39.8,39.8
2025-03-29,24,39.8,39.8
2025-03-30,1,39.8,39.8
2025-03-30,2,38.9,38.9
2025-03-30,3,38.6,38.6
2025-03-30,4,38.5,38.5
2025-03-30,5,38.2,38.2
2025-03-30,6,37.9,37.9
2025-03-30,7,36.7,36.7
2025-03-30,8,34.6,34.6
2025-03-30,9,34.5,34.5
2025-03-30,10,36.9,36.9
2025-03-30,11,40.2,40.2
2025-03-30,12,43.8,43.8
2025-03-30,13,46.4,46.4
2025-03-30,14,47.9,47.9
2025-03-30,15,49.3,49.3
2025-03-30,16,50.3,50.3
2025-03-30,17,51.4,51.4
2025-03-30,18,52.4,52.4
2025-03-30,19,52.5,52.5
2025-03-30,20,52.4,52.4
2025-03-30,21,48.7,48.7
2025-03-30,22,45.6,45.6
2025-03-30,23,44.4,44.4
2025-03-30,24,43.4,43.4
2025-03-31,1,43.8,43.8
2025-03-31,2,38.4,38.4
2025-03-31,3,37.4,37.4
2025-03-31,4,36.1,36.1
2025-03-31,5,35.8,35.8
2025-03-31,6,35.6,35.6
2025-03-31,7,35.9,35.9
2025-03-31,8,36.6,36.6
2025-03-31,9,38.1,38.1
2025-03-31,10,41.5,41.5
2025-03-31,11,49.4,49.4
2025-03-31,12,52.6,52.6
2025-03-31,13,55.4,55.4
2025-03-31,14,57.8,57.8
2025-03-31,15,58.6,58.6
2025-03-31,16,58.1,58.1
2025-03-31,17,56.3,56.3
2025-03-31,18,55.3,55.3
2025-03-31,19,54.0,54.0
2025-03-31,20,49.6,49.6
2025-03-31,21,44.9,44.9
2025-03-31,22,40.9,40.9
2025-03-31,23,40.0,40.0
2025-03-31,24,38.7,38.7
2025-04-01,1,37.7,37.7
2025-04-01,2,36.1,36.1
2025-04-01,3,35.8,35.8
2025-04-01,4,34.9,34.9
2025-04-01,5,34.2,34.2
2025-04-01,6,33.7,33.7
2025-04-01,7,33.2,33.2
2025-04-01,8,32.5,32.5
2025-04-01,9,32.1,32.1
2025-04-01,10,34.3,34.3
2025-04-01,11,35.0,35.0
2025-04-01,12,36.4,36.4
2025-04-01,13,37.4,37.4
2025-04-01,14,37.8,37.8
2025-04-01,15,38.3,38.3
2025-04-01,16,39.0,39.0
2025-04-01,17,39.2,39.2
2025-04-01,18,38.8,38.8
2025-04-01,19,38.0,38.0
2025-04-01,20,37.4,37.4
2025-04-01,21,36.8,36.8
2025-04-01,22,34.2,34.2
2025-04-01,23,31.8,31.8
2025-04-01,24,31.6,31.6
2025-04-02,1,33.2,33.2
2025-04-02,2,29.2,29.2
2025-04-02,3,30.4,30.4
2025-04-02,4,31.2,31.2
2025-04-02,5,30.8,30.8
2025-04-02,6,30.7,30.7
2025-04-02,7,30.4,30.4
2025-04-02,8,30.4,30.4
2025-04-02,9,31.0,31.0
2025-04-02,10,32.2,32.2
2025-04-02,11,34.0,34.0
2025-04-02,12,36.1,36.1
2025-04-02,13,37.3,37.3
2025-04-02,14,39.4,39.4
2025-04-02,15,40.6,40.6
2025-04-02,16,41.8,41.8
2025-04-02,17,42.0,42.0
2025-04-02,18,41.6,41.6
2025-04-02,19,41.6,36.2
2025-04-02,20,39.7,34.0
2025-04-02,21,36.9,30.9
2025-04-02,22,34.2,28.4
2025-04-02,23,35.0,29.6
2025-04-02,24,32.7,27.7
2025-04-03,1,32.0,27.2
2025-04-03,2,31.1,26.4
2025-04-03,3,30.6,25.4
2025-04-03,4,30.1,24.6
2025-04-03,5,31.3,25.8
2025-04-03,6,32.0,26.5
2025-04-03,7,32.0,26.8
2025-04-03,8,31.8,25.5
2025-04-03,9,31.6,25.6
2025-04-03,10,36.9,31.2
2025-04-03,11,38.2,31.6
2025-04-03,12,41.7,36.0
2025-04-03,13,43.5,39.3
2025-04-03,14,44.3,39.4
2025-04-03,15,45.6,42.6
2025-04-03,16,45.4,41.8
2025-04-03,17,44.7,40.3
2025-04-03,18,44.6,38.7
2025-04-03,19,43.7,38.1
2025-04-03,20,41.1,36.5
2025-04-03,21,37.1,32.5
2025-04-03,22,35.4,30.4
2025-04-03,23,34.7,29.8
2025-04-03,24,33.4,28.6
2025-04-04,1,34.1,29.3
2025-04-04,2,34.7,30.1
2025-04-04,3,33.4,28.7
2025-04-04,4,32.8,28.0
2025-04-04,5,31.2,26.6
2025-04-04,6,30.6,25.8
2025-04-04,7,30.6,26.0
2025-04-04,8,32.0,27.2
2025-04-04,9,34.2,29.9
2025-04-04,10,38.3,34.1
2025-04-04,11,39.2,35.0
2025-04-04,12,44.1,40.4
2025-04-04,13,45.2,41.4
2025-04-04,14,45.4,41.0
2025-04-04,15,47.2,42.4
2025-04-04,16,47.3,42.0
2025-04-04,17,46.8,42.5
2025-04-04,18,46.8,40.1
2025-04-04,19,48.3,41.7
2025-04-04,20,45.9,39.1
2025-04-04,21,39.2,33.0
2025-04-04,22,38.6,32.2
2025-04-04,23,37.9,31.2
2025-04-04,24,35.2,28.5
2025-04-05,1,32.8,26.0
2025-04-05,2,32.9,26.9
2025-04-05,3,30.2,25.1
2025-04-05,4,29.5,24.7
2025-04-05,5,30.3,25.6
2025-04-05,6,29.3,24.5
2025-04-05,7,29.2,24.2
2025-04-05,8,29.0,23.8
2025-04-05,9,33.3,28.3
2025-04-05,10,37.3,31.9
2025-04-05,11,39.6,34.7
2025-04-05,12,45.6,41.9
2025-04-05,13,46.4,43.2
2025-04-05,14,46.9,43.8
2025-04-05,15,49.6,45.6
2025-04-05,16,50.1,44.7
2025-04-05,17,50.9,44.3
2025-04-05,18,51.0,43.1
2025-04-05,19,50.0,41.1
2025-04-05,20,48.2,41.7
2025-04-05,21,45.5,39.4
2025-04-05,22,44.8,38.9
2025-04-05,23,39.9,34.1
2025-04-05,24,35.3,29.7
2025-04-06,1,36.2,30.9
2025-04-06,2,36.0,31.3
2025-04-06,3,33.6,29.0
2025-04-06,4,30.9,26.0
2025-04-06,5,29.7,24.3
2025-04-06,6,28.9,23.3
2025-04-06,7,28.9,23.2
2025-04-06,8,27.5,21.6
2025-04-06,9,32.9,27.3
2025-04-06,10,36.4,29.9
2025-04-06,11,41.4,34.4
2025-04-06,12,48.0,42.9
2025-04-06,13,49.4,45.5
2025-04-06,14,50.1,47.2
2025-04-06,15,54.1,52.2
2025-04-06,16,55.0,53.2
2025-04-06,17,55.7,53.7
2025-04-06,18,55.7,52.6
2025-04-06,19,54.9,49.6
2025-04-06,20,56.1,51.8
2025-04-06,21,51.2,46.5
2025-04-06,22,45.5,40.6
2025-04-06,23,46.0,41.1
2025-04-06,24,40.4,35.8
2025-04-07,1,40.6,36.0
2025-04-07,2,39.2,34.3
2025-04-07,3,35.2,29.9
2025-04-07,4,35.3,30.0
2025-04-07,5,33.7,28.1
2025-04-07,6,33.4,27.7
2025-04-07,7,33.3,27.6
2025-04-07,8,33.5,27.5
2025-04-07,9,38.4,32.8
2025-04-07,10,43.4,37.4
2025-04-07,11,46.4,40.3
2025-04-07,12,54.1,49.0
2025-04-07,13,55.1,50.8
2025-04-07,14,57.1,53.1
2025-04-07,15,59.7,56.3
2025-04-07,16,60.1,56.7
2025-04-07,17,61.2,57.4
2025-04-07,18,60.6,55.8
2025-04-07,19,60.7,55.5
2025-04-07,20,58.1,53.7
2025-04-07,21,53.9,50.0
2025-04-07,22,51.7,47.8
2025-04-07,23,49.2,45.2
2025-04-07,24,42.3,37.9
2025-04-08,1,48.3,44.1
2025-04-08,2,46.4,40.7
2025-04-08,3,46.0,40.1
2025-04-08,4,47.7,43.3
2025-04-08,5,49.7,45.4
2025-04-08,6,49.8,44.7
2025-04-08,7,50.1,45.5
2025-04-08,8,50.0,45.8
2025-04-08,9,48.9,44.9
2025-04-08,10,49.2,45.2
2025-04-08,11,52.0,47.3
2025-04-08,12,58.3,54.3
2025-04-08,13,59.4,57.4
2025-04-08,14,59.9,58.8
2025-04-08,15,62.3,61.8
2025-04-08,16,62.0,60.8
2025-04-08,17,63.5,58.5
2025-04-08,18,62.6,57.1
2025-04-08,19,59.8,53.3
2025-04-08,20,62.2,58.1
2025-04-08,21,55.4,51.1
2025-04-08,22,54.5,50.4
2025-04-08,23,50.3,46.7
2025-04-08,24,45.2,41.4
2025-04-09,1,45.6,42.4
2025-04-09,2,45.2,41.9
2025-04-09,3,43.7,40.4
2025-04-09,4,43.4,39.8
2025-04-09,5,43.6,39.9
2025-04-09,6,44.3,40.6
2025-04-09,7,43.5,39.7
2025-04-09,8,43.8,40.4
2025-04-09,9,44.6,41.2
2025-04-09,10,47.2,43.4
2025-04-09,11,50.3,46.2
2025-04-09,12,56.5,53.4
2025-04-09,13,57.0,55.7
2025-04-09,14,58.8,57.9
2025-04-09,15,62.0,61.0
2025-04-09,16,62.6,60.4
2025-04-09,17,63.6,61.3
2025-04-09,18,62.8,58.5
2025-04-09,19,63.6,57.8
2025-04-09,20,62.7,59.0
2025-04-09,21,52.4,48.3
2025-04-09,22,50.4,46.2
2025-04-09,23,52.1,48.0
2025-04-09,24,50.2,47.7
2025-04-10,1,46.3,43.9
2025-04-10,2,45.5,43.1
2025-04-10,3,39.9,36.9
2025-04-10,4,39.4,36.5
2025-04-10,5,37.3,33.7
2025-04-10,6,38.5,35.0
2025-04-10,7,39.0,35.6
2025-04-10,8,39.7,36.0
2025-04-10,9,45.4,42.0
2025-04-10,10,49.8,45.4
2025-04-10,11,51.6,47.1
2025-04-10,12,57.6,54.8
2025-04-10,13,59.5,58.3
2025-04-10,14,61.2,60.7
2025-04-10,15,65.4,65.4
2025-04-10,16,66.0,65.6
2025-04-10,17,67.9,66.0
2025-04-10,18,70.7,67.8
2025-04-10,19,64.9,62.1
2025-04-10,20,63.3,61.5
2025-04-10,21,57.2,55.0
2025-04-10,22,53.5,50.9
2025-04-10,23,51.9,49.7
2025-04-10,24,47.7,45.3
2025-04-11,1,46.4,43.4
2025-04-11,2,45.6,42.5
2025-04-11,3,45.3,42.4
2025-04-11,4,41.5,37.6
2025-04-11,5,46.3,43.0
2025-04-11,6,47.2,43.8
2025-04-11,7,47.0,43.3
2025-04-11,8,47.4,43.6
2025-04-11,9,52.0,48.4
2025-04-11,10,55.6,51.0
2025-04-11,11,58.1,54.1
2025-04-11,12,64.8,62.5
2025-04-11,13,66.1,64.7
2025-04-11,14,67.7,66.6
2025-04-11,15,71.5,70.7
2025-04-11,16,71.4,70.1
2025-04-11,17,69.6,67.2
2025-04-11,18,68.7,65.4
2025-04-11,19,66.5,64.3
2025-04-11,20,64.8,63.1
2025-04-11,21,58.2,55.7
2025-04-11,22,57.2,53.9
2025-04-11,23,53.2,50.4
2025-04-11,24,47.1,43.9
2025-04-12,1,48.2,45.5
2025-04-12,2,48.2,45.7
2025-04-12,3,44.8,41.8
2025-04-12,4,45.9,42.5
2025-04-12,5,52.2,47.7
2025-04-12,6,53.6,49.1
2025-04-12,7,54.7,49.9
2025-04-12,8,54.5,49.5
2025-04-12,9,59.0,54.7
2025-04-12,10,58.7,53.5
2025-04-12,11,58.4,53.4
2025-04-12,12,62.8,57.6
2025-04-12,13,65.2,61.2
2025-04-12,14,66.9,64.0
2025-04-12,15,69.8,68.8
2025-04-12,16,70.2,67.2
2025-04-12,17,67.3,60.4
2025-04-12,18,65.2,58.2
2025-04-12,19,63.5,57.7
2025-04-12,20,63.5,57.7
2025-04-12,21,57.4,53.1
2025-04-12,22,54.1,47.4
2025-04-12,23,56.2,49.2
2025-04-12,24,48.3,40.1
2025-04-13,1,50.6,42.2
2025-04-13,2,51.9,43.8
2025-04-13,3,46.4,37.7
2025-04-13,4,45.9,36.4
2025-04-13,5,42.1,32.6
2025-04-13,6,43.1,34.4
2025-04-13,7,43.3,35.6
2025-04-13,8,44.5,37.0
2025-04-13,9,44.1,37.2
2025-04-13,10,45.3,37.7
2025-04-13,11,45.5,37.5
2025-04-13,12,49.2,42.1
2025-04-13,13,50.7,43.4
2025-04-13,14,51.3,45.9
2025-04-13,15,54.8,49.5
2025-04-13,16,55.3,48.7
2025-04-13,17,55.4,47.9
2025-04-13,18,55.4,46.9
2025-04-13,19,55.1,45.8
2025-04-13,20,53.6,45.7
2025-04-13,21,45.7,38.1
2025-04-13,22,48.5,41.8
2025-04-13,23,45.5,39.0
2025-04-13,24,40.6,34.6
2025-04-14,1,40.6,34.9
2025-04-14,2,40.1,35.4
2025-04-14,3,37.9,33.7
2025-04-14,4,37.4,33.3
2025-04-14,5,36.0,31.9
2025-04-14,6,36.4,32.3
2025-04-14,7,35.8,31.8
2025-04-14,8,35.2,31.1
2025-04-14,9,40.6,37.1
2025-04-14,10,45.6,41.2
2025-04-14,11,47.7,42.5
2025-04-14,12,52.2,48.9
2025-04-14,13,53.5,52.1
2025-04-14,14,54.2,54.3
2025-04-14,15,58.3,58.7
2025-04-14,16,59.0,58.6
2025-04-14,17,59.4,57.6
2025-04-14,18,59.4,55.4
2025-04-14,19,59.6,53.7
2025-04-14,20,58.0,52.7
2025-04-14,21,51.2,45.1
2025-04-14,22,50.0,44.4
2025-04-14,23,50.2,46.3
2025-04-14,24,43.2,39.6
2025-04-15,1,40.6,36.8
2025-04-15,2,40.0,36.9
2025-04-15,3,36.2,32.7
2025-04-15,4,36.9,33.4
2025-04-15,5,36.8,33.1
2025-04-15,6,37.1,33.4
2025-04-15,7,37.8,33.4
2025-04-15,8,37.8,33.9
2025-04-15,9,46.4,42.9
2025-04-15,10,48.6,43.8
2025-04-15,11,51.6,46.9
2025-04-15,12,58.1,54.6
2025-04-15,13,60.8,58.3
2025-04-15,14,62.9,60.0
2025-04-15,15,65.8,62.8
2025-04-15,16,66.5,63.8
2025-04-15,17,66.5,63.4
2025-04-15,18,67.4,63.3
2025-04-15,19,66.8,63.3
2025-04-15,20,62.3,59.7
2025-04-15,21,53.1,50.5
2025-04-15,22,52.0,49.8
2025-04-15,23,50.5,48.3
2025-04-15,24,45.5,43.4
2025-04-16,1,43.7,41.4
2025-04-16,2,44.5,42.1
2025-04-16,3,42.4,40.0
2025-04-16,4,42.6,39.8
2025-04-16,5,41.9,38.6
2025-04-16,6,43.6,40.4
2025-04-16,7,44.5,41.4
2025-04-16,8,45.0,42.1
2025-04-16,9,50.2,47.2
2025-04-16,10,51.8,48.2
2025-04-16,11,53.0,49.6
2025-04-16,12,59.2,56.5
2025-04-16,13,62.1,61.1
2025-04-16,14,63.4,60.0
2025-04-16,15,65.5,62.6
2025-04-16,16,64.2,62.1
2025-04-16,17,63.1,59.4
2025-04-16,18,59.8,58.2
2025-04-16,19,58.2,55.3
2025-04-16,20,57.8,55.4
2025-04-16,21,53.1,51.1
2025-04-16,22,51.2,49.7
2025-04-16,23,50.2,48.3
2025-04-16,24,47.1,45.7
2025-04-17,1,44.7,42.4
2025-04-17,2,45.2,43.1
2025-04-17,3,45.2,42.7
2025-04-17,4,44.3,41.5
2025-04-17,5,48.7,46.5
2025-04-17,6,49.6,45.8
2025-04-17,7,50.4,47.7
2025-04-17,8,50.1,46.3
2025-04-17,9,48.5,43.6
2025-04-17,10,46.4,42.7
2025-04-17,11,44.6,41.5
2025-04-17,12,43.3,38.6
2025-04-17,13,42.6,35.0
2025-04-17,14,42.0,33.4
2025-04-17,15,42.8,33.0
2025-04-17,16,42.3,34.1
2025-04-17,17,43.5,35.5
2025-04-17,18,44.2,37.0
2025-04-17,19,45.5,38.3
2025-04-17,20,45.6,39.5
2025-04-17,21,39.1,33.3
2025-04-17,22,37.9,28.5
2025-04-17,23,39.2,33.7
2025-04-17,24,33.8,28.1
2025-04-18,1,33.9,28.9
2025-04-18,2,35.5,30.4
2025-04-18,3,35.4,30.8
2025-04-18,4,34.9,30.7
2025-04-18,5,31.5,26.3
2025-04-18,6,33.5,28.3
2025-04-18,7,33.8,28.9
2025-04-18,8,33.2,27.2
2025-04-18,9,34.5,28.1
2025-04-18,10,36.7,30.6
2025-04-18,11,38.3,32.1
2025-04-18,12,40.5,34.0
2025-04-18,13,42.0,36.5
2025-04-18,14,42.1,36.2
2025-04-18,15,42.9,36.3
2025-04-18,16,43.2,36.3
2025-04-18,17,43.7,35.0
2025-04-18,18,43.7,33.7
2025-04-18,19,43.5,32.7
2025-04-18,20,43.5,33.7
2025-04-18,21,39.2,30.4
2025-04-18,22,38.4,29.7
2025-04-18,23,37.1,29.1
2025-04-18,24,32.1,25.2
2025-04-19,1,32.4,25.8
2025-04-19,2,33.4,27.4
2025-04-19,3,30.0,24.6
2025-04-19,4,29.3,24.1
2025-04-19,5,29.3,24.2
2025-04-19,6,29.2,24.3
2025-04-19,7,28.6,23.7
2025-04-19,8,28.2,23.1
2025-04-19,9,33.8,28.2
2025-04-19,10,38.1,31.8
2025-04-19,11,39.9,33.4
2025-04-19,12,45.1,41.8
2025-04-19,13,45.6,43.4
2025-04-19,14,45.6,43.5
2025-04-19,15,49.1,46.8
2025-04-19,16,50.0,46.3
2025-04-19,17,51.8,46.5
2025-04-19,18,52.0,44.9
2025-04-19,19,51.8,43.3
2025-04-19,20,50.2,43.4
2025-04-19,21,48.5,43.6
2025-04-19,22,44.7,40.2
2025-04-19,23,41.7,36.5
2025-04-19,24,39.0,33.7
2025-04-20,1,38.5,33.7
2025-04-20,2,38.9,34.5
2025-04-20,3,38.3,33.7
2025-04-20,4,39.2,34.8
2025-04-20,5,40.1,35.7
2025-04-20,6,40.5,35.5
2025-04-20,7,41.0,35.8
2025-04-20,8,41.3,36.9
2025-04-20,9,44.5,39.9
2025-04-20,10,46.5,40.7
2025-04-20,11,48.2,41.3
2025-04-20,12,53.7,47.5
2025-04-20,13,55.3,50.2
2025-04-20,14,57.0,52.9
2025-04-20,15,60.1,56.4
2025-04-20,16,60.9,56.6
2025-04-20,17,62.1,57.6
2025-04-20,18,61.7,55.6
2025-04-20,19,60.9,53.9
2025-04-20,20,62.3,57.7
2025-04-20,21,53.1,49.5
2025-04-20,22,53.0,50.0
2025-04-20,23,49.5,46.7
2025-04-20,24,45.3,42.5
2025-04-21,1,46.4,44.1
2025-04-21,2,47.2,45.0
2025-04-21,3,45.6,42.7
2025-04-21,4,46.9,43.9
2025-04-21,5,46.9,42.8
2025-04-21,6,49.9,44.9
2025-04-21,7,46.8,42.4
2025-04-21,8,51.1,46.4
2025-04-21,9,51.6,48.7
2025-04-21,10,52.4,49.1
2025-04-21,11,52.3,46.4
2025-04-21,12,56.3,51.9
2025-04-21,13,56.2,52.7
2025-04-21,14,57.0,54.8
2025-04-21,15,59.5,57.2
2025-04-21,16,59.8,57.3
2025-04-21,17,60.3,56.0
2025-04-21,18,60.3,55.3
2025-04-21,19,58.7,52.2
2025-04-21,20,56.8,52.7
2025-04-21,21,54.9,51.7
2025-04-21,22,48.1,44.3
2025-04-21,23,49.7,46.0
2025-04-21,24,45.7,42.6
2025-04-22,1,44.7,41.4
2025-04-22,2,44.4,41.4
2025-04-22,3,39.9,37.1
2025-04-22,4,40.5,37.8
2025-04-22,5,37.4,33.6
2025-04-22,6,37.8,34.3
2025-04-22,7,39.3,36.4
2025-04-22,8,38.3,34.9
2025-04-22,9,45.3,43.0
2025-04-22,10,48.8,45.9
2025-04-22,11,50.5,46.4
2025-04-22,12,55.9,53.9
2025-04-22,13,57.9,56.6
2025-04-22,14,58.8,57.5
2025-04-22,15,62.1,60.6
2025-04-22,16,62.4,60.1
2025-04-22,17,63.3,59.5
2025-04-22,18,63.7,58.1
2025-04-22,19,63.9,58.0
2025-04-22,20,59.0,55.7
2025-04-22,21,51.3,48.3
2025-04-22,22,49.7,46.1
2025-04-22,23,48.3,45.6
2025-04-22,24,44.3,41.1
2025-04-23,1,44.8,42.4
2025-04-23,2,45.8,43.8
2025-04-23,3,40.8,38.0
2025-04-23,4,41.0,38.1
2025-04-23,5,40.1,37.3
2025-04-23,6,41.5,38.8
2025-04-23,7,43.1,40.4
2025-04-23,8,43.2,40.4
2025-04-23,9,50.6,48.2
2025-04-23,10,52.3,49.2
2025-04-23,11,54.1,51.1
2025-04-23,12,58.8,55.4
2025-04-23,13,59.7,56.9
2025-04-23,14,59.8,59.4
2025-04-23,15,62.8,62.3
2025-04-23,16,63.2,61.2
2025-04-23,17,65.3,60.9
2025-04-23,18,65.0,60.5
2025-04-23,19,64.4,57.1
2025-04-23,20,62.7,58.8
2025-04-23,21,58.9,54.7
2025-04-23,22,54.8,49.3
2025-04-23,23,53.5,47.7
2025-04-23,24,54.8,48.7
2025-04-24,1,51.7,46.1
2025-04-24,2,49.2,44.6
2025-04-24,3,46.8,43.6
2025-04-24,4,47.2,44.6
2025-04-24,5,46.7,44.3
2025-04-24,6,45.9,43.7
2025-04-24,7,44.5,42.3
2025-04-24,8,44.2,41.6
2025-04-24,9,47.8,45.0
2025-04-24,10,49.2,47.7
2025-04-24,11,50.1,46.6
2025-04-24,12,55.5,53.0
2025-04-24,13,59.6,56.9
2025-04-24,14,63.0,62.8
2025-04-24,15,65.6,64.3
2025-04-24,16,66.9,66.1
2025-04-24,17,58.7,53.6
2025-04-24,18,60.5,56.6
2025-04-24,19,60.9,57.1
2025-04-24,20,61.6,58.1
2025-04-24,21,58.7,55.5
2025-04-24,22,56.2,53.0
2025-04-24,23,52.8,48.8
2025-04-24,24,47.8,44.9
2025-04-25,1,48.0,45.6
2025-04-25,2,48.6,46.0
2025-04-25,3,49.8,47.3
2025-04-25,4,50.1,47.8
2025-04-25,5,50.4,47.8
2025-04-25,6,48.1,45.2
2025-04-25,7,47.1,44.1
2025-04-25,8,47.3,44.3
2025-04-25,9,51.9,49.2
2025-04-25,10,55.3,52.6
2025-04-25,11,59.6,56.3
2025-04-25,12,63.6,61.6
2025-04-25,13,66.9,65.6
2025-04-25,14,68.9,65.2
2025-04-25,15,69.9,66.5
2025-04-25,16,71.8,66.5
2025-04-25,17,73.3,66.8
2025-04-25,18,71.1,63.4
2025-04-25,19,70.4,62.6
2025-04-25,20,65.5,59.0
2025-04-25,21,59.6,54.2
2025-04-25,22,59.8,55.7
2025-04-25,23,56.5,51.6
2025-04-25,24,52.3,46.7
2025-04-26,1,52.4,45.5
2025-04-26,2,52.3,45.3
2025-04-26,3,51.7,45.1
2025-04-26,4,50.9,44.8
2025-04-26,5,50.8,44.1
2025-04-26,6,49.0,42.9
2025-04-26,7,46.3,40.4
2025-04-26,8,46.9,41.7
2025-04-26,9,52.0,47.4
2025-04-26,10,57.7,53.1
2025-04-26,11,60.8,54.4
2025-04-26,12,63.9,58.0
2025-04-26,13,66.2,60.6
2025-04-26,14,68.4,62.4
2025-04-26,15,70.4,64.8
2025-04-26,16,71.2,64.7
2025-04-26,17,74.3,67.9
2025-04-26,18,72.4,64.0
2025-04-26,19,69.8,60.4
2025-04-26,20,68.6,61.4
2025-04-26,21,63.3,57.4
2025-04-26,22,61.1,56.5
2025-04-26,23,57.5,53.3
2025-04-26,24,54.3,49.4
2025-04-27,1,58.7,52.4
2025-04-27,2,56.5,49.4
2025-04-27,3,54.7,47.0
2025-04-27,4,52.1,44.8
2025-04-27,5,50.8,43.7
2025-04-27,6,49.2,42.2
2025-04-27,7,48.1,41.6
2025-04-27,8,48.2,42.5
2025-04-27,9,51.1,45.1
2025-04-27,10,52.8,46.1
2025-04-27,11,52.3,44.4
2025-04-27,12,52.5,44.2
2025-04-27,13,52.9,44.9
2025-04-27,14,54.5,44.8
2025-04-27,15,57.8,50.7
2025-04-27,16,58.7,52.4
2025-04-27,17,59.4,52.2
2025-04-27,18,57.6,49.6
2025-04-27,19,58.3,50.0
2025-04-27,20,54.5,47.0
2025-04-27,21,53.3,46.1
2025-04-27,22,49.3,42.5
2025-04-27,23,46.7,40.5
2025-04-27,24,43.7,37.9
2025-04-28,1,42.9,36.6
2025-04-28,2,43.5,37.5
2025-04-28,3,42.3,36.6
2025-04-28,4,43.6,38.4
2025-04-28,5,42.7,37.7
2025-04-28,6,41.8,37.2
2025-04-28,7,40.9,36.6
2025-04-28,8,39.1,34.7
2025-04-28,9,41.9,38.1
2025-04-28,10,44.6,41.0
2025-04-28,11,48.2,44.1
2025-04-28,12,50.2,46.6
2025-04-28,13,51.2,47.5
2025-04-28,14,53.7,53.0
2025-04-28,15,56.0,55.1
2025-04-28,16,58.0,55.4
2025-04-28,17,56.5,52.3
2025-04-28,18,57.7,52.0
2025-04-28,19,55.8,49.7
2025-04-28,20,55.0,49.8
2025-04-28,21,52.4,47.2
2025-04-28,22,47.4,42.7
2025-04-28,23,45.1,40.1
2025-04-28,24,43.9,38.9
2025-04-29,1,43.0,38.3
2025-04-29,2,42.1,37.4
2025-04-29,3,41.2,36.8
2025-04-29,4,41.8,38.3
2025-04-29,5,41.9,38.6
2025-04-29,6,42.0,38.8
2025-04-29,7,41.6,38.6
2025-04-29,8,39.3,36.4
2025-04-29,9,46.3,43.4
2025-04-29,10,49.6,45.6
2025-04-29,11,52.2,48.0
2025-04-29,12,55.1,52.5
2025-04-29,13,57.4,55.7
2025-04-29,14,59.4,57.8
2025-04-29,15,61.2,59.4
2025-04-29,16,62.2,60.2
2025-04-29,17,62.8,59.5
2025-04-29,18,62.7,57.7
2025-04-29,19,61.6,55.4
2025-04-29,20,59.5,53.1
2025-04-29,21,55.5,50.1
2025-04-29,22,53.9,50.2
2025-04-29,23,51.8,48.6
2025-04-29,24,50.4,47.3
2025-04-30,1,50.8,48.2
2025-04-30,2,49.0,46.0
2025-04-30,3,48.0,45.3
2025-04-30,4,47.5,44.7
2025-04-30,5,47.5,42.9
2025-04-30,6,45.8,40.9
2025-04-30,7,47.4,43.1
2025-04-30,8,46.5,42.5
2025-04-30,9,49.4,45.8
2025-04-30,10,50.1,47.4
2025-04-30,11,48.4,45.7
2025-04-30,12,49.0,46.1
2025-04-30,13,50.8,47.0
2025-04-30,14,54.2,49.2
2025-04-30,15,51.7,46.6
2025-04-30,16,55.3,51.6
2025-04-30,17,58.4,54.7
2025-04-30,18,58.8,53.6
2025-04-30,19,59.7,53.7
2025-04-30,20,57.5,51.4
2025-04-30,21,51.7,46.5
2025-04-30,22,49.2,45.0
2025-04-30,23,45.3,40.7
2025-04-30,24,42.7,38.9
2025-05-01,1,41.9,39.0
2025-05-01,2,41.3,38.9
2025-05-01,3,40.6,38.0
2025-05-01,4,40.4,37.8
2025-05-01,5,40.6,38.2
2025-05-01,6,40.7,38.2
2025-05-01,7,40.7,38.2
2025-05-01,8,43.3,41.0
2025-05-01,9,48.5,46.6
2025-05-01,10,51.3,48.8
2025-05-01,11,54.4,51.1
2025-05-01,12,57.5,55.4
2025-05-01,13,59.2,56.0
2025-05-01,14,61.1,58.1
2025-05-01,15,62.6,59.4
2025-05-01,16,63.9,60.1
2025-05-01,17,65.2,62.0
2025-05-01,18,64.3,59.7
2025-05-01,19,63.8,58.3
2025-05-01,20,62.4,56.2
2025-05-01,21,56.4,50.8
2025-05-01,22,51.2,46.4
2025-05-01,23,48.7,43.6
2025-05-01,24,47.6,43.0
2025-05-02,1,47.5,43.6
2025-05-02,2,48.1,44.9
2025-05-02,3,48.7,46.1
2025-05-02,4,48.3,46.1
2025-05-02,5,47.4,45.1
2025-05-02,6,46.6,44.3
2025-05-02,7,45.4,42.8
2025-05-02,8,45.6,43.0
2025-05-02,9,50.9,48.7
2025-05-02,10,55.3,52.7
2025-05-02,11,58.2,54.4
2025-05-02,12,61.6,59.4
2025-05-02,13,65.5,64.6
2025-05-02,14,68.8,67.9
2025-05-02,15,70.8,69.9
2025-05-02,16,71.9,69.9
2025-05-02,17,72.4,69.0
2025-05-02,18,72.4,67.1
2025-05-02,19,71.4,64.9
2025-05-02,20,68.9,64.1
2025-05-02,21,62.4,59.4
2025-05-02,22,58.1,55.0
2025-05-02,23,52.4,49.8
2025-05-02,24,49.9,47.8
2025-05-03,1,50.6,49.1
2025-05-03,2,50.6,49.3
2025-05-03,3,50.0,48.7
2025-05-03,4,49.7,48.1
2025-05-03,5,49.3,47.5
2025-05-03,6,48.5,46.8
2025-05-03,7,47.8,45.8
2025-05-03,8,49.7,47.6
2025-05-03,9,55.8,54.5
2025-05-03,10,60.1,58.4
2025-05-03,11,64.0,60.9
2025-05-03,12,67.9,65.5
2025-05-03,13,71.7,69.9
2025-05-03,14,74.5,73.0
2025-05-03,15,76.6,74.7
2025-05-03,16,77.0,75.3
2025-05-03,17,77.7,73.8
2025-05-03,18,76.4,70.9
2025-05-03,19,73.7,67.9
2025-05-03,20,72.1,68.0
2025-05-03,21,66.2,62.7
2025-05-03,22,62.6,58.3
2025-05-03,23,59.9,55.2
2025-05-03,24,56.4,52.0
2025-05-04,1,54.9,51.0
2025-05-04,2,53.2,49.4
2025-05-04,3,53.7,50.6
2025-05-04,4,52.0,49.5
2025-05-04,5,51.3,48.5
2025-05-04,6,51.7,49.6
2025-05-04,7,51.9,50.4
2025-05-04,8,52.2,50.8
2025-05-04,9,56.1,54.2
2025-05-04,10,61.3,58.9
2025-05-04,11,63.8,60.7
2025-05-04,12,66.0,62.1
2025-05-04,13,66.1,60.7
2025-05-04,14,67.0,62.4
2025-05-04,15,67.1,64.3
2025-05-04,16,69.9,67.8
2025-05-04,17,69.6,68.1
2025-05-04,18,64.7,60.8
2025-05-04,19,65.2,61.3
2025-05-04,20,60.1,55.7
2025-05-04,21,57.5,53.6
2025-05-04,22,54.9,50.6
2025-05-04,23,52.3,49.4
2025-05-04,24,50.2,47.5
2025-05-05,1,48.7,46.3
2025-05-05,2,47.5,45.7
2025-05-05,3,47.2,45.6
2025-05-05,4,46.8,45.0
2025-05-05,5,46.5,44.9
2025-05-05,6,47.5,45.8
2025-05-05,7,48.2,46.5
2025-05-05,8,50.2,48.2
2025-05-05,9,51.6,49.5
2025-05-05,10,54.5,52.6
2025-05-05,11,57.2,55.1
2025-05-05,12,58.7,56.4
2025-05-05,13,59.2,57.9
2025-05-05,14,58.1,55.5
2025-05-05,15,59.8,56.2
2025-05-05,16,60.7,57.3
2025-05-05,17,58.0,54.7
2025-05-05,18,56.5,53.0
2025-05-05,19,53.2,50.1
2025-05-05,20,54.3,52.2
2025-05-05,21,52.8,51.5
2025-05-05,22,50.9,50.1
2025-05-05,23,50.7,49.7
2025-05-05,24,49.9,48.6
2025-05-06,1,48.4,46.6
2025-05-06,2,47.5,45.9
2025-05-06,3,47.0,45.5
2025-05-06,4,46.8,44.9
2025-05-06,5,46.6,43.9
2025-05-06,6,46.3,43.4
2025-05-06,7,45.5,42.7
2025-05-06,8,45.4,43.3
2025-05-06,9,45.4,43.0
2025-05-06,10,46.3,43.3
2025-05-06,11,48.8,46.4
2025-05-06,12,51.3,48.9
2025-05-06,13,54.1,54.1
2025-05-06,14,56.2,56.7
2025-05-06,15,58.9,59.2
2025-05-06,16,60.2,59.7
2025-05-06,17,59.8,57.9
2025-05-06,18,59.3,55.3
2025-05-06,19,59.8,55.1
2025-05-06,20,58.7,54.3
2025-05-06,21,56.5,51.8
2025-05-06,22,54.8,50.5
2025-05-06,23,52.4,49.3
2025-05-06,24,49.0,47.0
2025-05-07,1,49.3,47.4
2025-05-07,2,48.1,46.2
2025-05-07,3,47.4,45.5
2025-05-07,4,47.2,45.3
2025-05-07,5,46.7,44.6
2025-05-07,6,46.3,44.3
2025-05-07,7,45.7,43.5
2025-05-07,8,48.4,46.3
2025-05-07,9,52.3,50.1
2025-05-07,10,55.0,53.0
2025-05-07,11,58.1,55.5
2025-05-07,12,61.6,60.4
2025-05-07,13,64.7,64.6
2025-05-07,14,66.8,67.5
2025-05-07,15,67.8,68.8
2025-05-07,16,68.3,68.7
2025-05-07,17,68.4,67.3
2025-05-07,18,68.0,64.9
2025-05-07,19,67.3,63.2
2025-05-07,20,66.6,62.9
2025-05-07,21,60.5,57.0
2025-05-07,22,56.8,53.8
2025-05-07,23,54.0,52.3
2025-05-07,24,50.5,49.0
2025-05-08,1,48.1,46.6
2025-05-08,2,47.2,45.6
2025-05-08,3,47.3,45.7
2025-05-08,4,47.7,46.1
2025-05-08,5,47.6,45.8
2025-05-08,6,47.4,45.7
2025-05-08,7,47.3,45.7
2025-05-08,8,49.2,47.7
2025-05-08,9,55.5,54.1
2025-05-08,10,58.5,56.4
2025-05-08,11,61.8,58.7
2025-05-08,12,65.7,64.0
2025-05-08,13,68.4,68.1
2025-05-08,14,69.9,69.3
2025-05-08,15,71.4,70.5
2025-05-08,16,72.4,70.2
2025-05-08,17,72.2,69.0
2025-05-08,18,70.6,67.2
2025-05-08,19,70.4,67.2
2025-05-08,20,67.1,64.3
2025-05-08,21,63.5,61.1
2025-05-08,22,61.0,58.5
2025-05-08,23,59.7,57.9
2025-05-08,24,57.0,55.6
2025-05-09,1,54.8,53.8
2025-05-09,2,52.8,52.2
2025-05-09,3,51.8,51.3
2025-05-09,4,51.1,50.7
2025-05-09,5,51.0,50.5
2025-05-09,6,50.5,49.8
2025-05-09,7,49.9,49.1
2025-05-09,8,51.8,51.1
2025-05-09,9,57.6,57.2
2025-05-09,10,62.1,61.9
2025-05-09,11,65.6,64.5
2025-05-09,12,69.4,69.3
2025-05-09,13,73.0,73.4
2025-05-09,14,75.6,75.2
2025-05-09,15,77.5,76.8
2025-05-09,16,78.4,76.4
2025-05-09,17,79.1,76.5
2025-05-09,18,78.6,74.5
2025-05-09,19,77.0,71.3
2025-05-09,20,74.1,69.7
2025-05-09,21,68.1,66.6
2025-05-09,22,65.1,61.9
2025-05-09,23,60.7,58.1
2025-05-09,24,57.1,55.3
2025-05-10,1,55.5,54.6
2025-05-10,2,54.4,54.4
2025-05-10,3,53.6,53.4
2025-05-10,4,52.3,51.9
2025-05-10,5,52.0,51.6
2025-05-10,6,52.0,51.5
2025-05-10,7,51.8,51.0
2025-05-10,8,53.5,52.5
2025-05-10,9,59.9,59.7
2025-05-10,10,65.0,64.2
2025-05-10,11,68.9,67.0
2025-05-10,12,73.6,71.5
2025-05-10,13,77.8,75.5
2025-05-10,14,80.5,78.5
2025-05-10,15,81.8,79.3
2025-05-10,16,82.8,77.9
2025-05-10,17,84.3,78.6
2025-05-10,18,83.9,77.6
2025-05-10,19,82.8,75.6
2025-05-10,20,80.1,73.9
2025-05-10,21,71.1,65.9
2025-05-10,22,66.8,61.9
2025-05-10,23,64.6,60.1
2025-05-10,24,62.7,58.6
2025-05-11,1,60.7,56.8
2025-05-11,2,59.5,55.1
2025-05-11,3,57.7,53.4
2025-05-11,4,56.3,52.2
2025-05-11,5,55.2,50.7
2025-05-11,6,54.4,50.1
2025-05-11,7,54.7,51.1
2025-05-11,8,58.8,55.2
2025-05-11,9,66.6,63.2
2025-05-11,10,71.0,66.0
2025-05-11,11,73.9,68.2
2025-05-11,12,77.7,71.6
2025-05-11,13,82.3,77.1
2025-05-11,14,82.7,75.8
2025-05-11,15,84.1,77.3
2025-05-11,16,84.9,77.6
2025-05-11,17,85.3,77.2
2025-05-11,18,81.7,72.4
2025-05-11,19,81.7,73.8
2025-05-11,20,80.2,72.7
2025-05-11,21,76.9,69.4
2025-05-11,22,67.7,60.2
2025-05-11,23,66.0,59.0
2025-05-11,24,63.3,56.8
2025-05-12,1,63.3,57.1
2025-05-12,2,59.4,53.1
2025-05-12,3,58.5,52.3
2025-05-12,4,57.3,51.2
2025-05-12,5,56.1,49.8
2025-05-12,6,54.8,48.7
2025-05-12,7,53.7,48.3
2025-05-12,8,57.7,52.9
2025-05-12,9,65.5,61.1
2025-05-12,10,70.0,63.9
2025-05-12,11,73.3,64.1
2025-05-12,12,78.4,69.8
2025-05-12,13,80.7,73.2
2025-05-12,14,83.4,76.4
2025-05-12,15,85.3,78.6
2025-05-12,16,86.7,79.4
2025-05-12,17,86.3,77.9
2025-05-12,18,85.6,75.5
2025-05-12,19,83.9,72.6
2025-05-12,20,81.0,69.9
2025-05-12,21,78.3,68.0
2025-05-12,22,75.4,66.0
2025-05-12,23,73.1,63.9
2025-05-12,24,70.6,60.6
2025-05-13,1,68.5,59.5
2025-05-13,2,59.1,53.8
2025-05-13,3,54.0,48.3
2025-05-13,4,52.9,48.1
2025-05-13,5,51.7,47.7
2025-05-13,6,50.6,46.6
2025-05-13,7,49.0,44.1
2025-05-13,8,48.0,43.8
2025-05-13,9,51.0,46.2
2025-05-13,10,53.2,48.0
2025-05-13,11,54.1,49.2
2025-05-13,12,54.6,50.5
2025-05-13,13,58.7,53.9
2025-05-13,14,61.0,58.0
2025-05-13,15,57.4,56.0
2025-05-13,16,54.2,52.1
2025-05-13,17,53.9,50.3
2025-05-13,18,51.3,47.5
2025-05-13,19,53.0,49.0
2025-05-13,20,52.9,48.9
2025-05-13,21,50.1,46.0
2025-05-13,22,46.8,42.6
2025-05-13,23,46.4,42.9
2025-05-13,24,45.4,41.3
2025-05-14,1,43.8,39.7
2025-05-14,2,42.9,38.5
2025-05-14,3,41.8,37.4
2025-05-14,4,39.6,36.1
2025-05-14,5,39.9,35.5
2025-05-14,6,38.7,34.3
2025-05-14,7,37.8,33.6
2025-05-14,8,39.8,35.9
2025-05-14,9,39.8,35.9
2025-05-14,10,43.2,38.9
2025-05-14,11,46.5,41.8
2025-05-14,12,45.4,40.6
2025-05-14,13,43.1,39.0
2025-05-14,14,47.3,43.9
2025-05-14,15,50.5,49.0
2025-05-14,16,52.6,49.9
2025-05-14,17,50.8,47.6
2025-05-14,18,49.1,45.0
2025-05-14,19,51.5,46.0
2025-05-14,20,49.2,44.0
2025-05-14,21,47.8,42.9
2025-05-14,22,45.7,41.6
2025-05-14,23,43.8,39.8
2025-05-14,24,42.4,38.2
2025-05-15,1,41.7,38.0
2025-05-15,2,42.5,39.0
2025-05-15,3,42.7,39.2
2025-05-15,4,42.8,39.1
2025-05-15,5,42.8,39.0
2025-05-15,6,42.0,38.7
2025-05-15,7,42.4,38.7
2025-05-15,8,41.3,37.1
2025-05-15,9,43.8,39.7
2025-05-15,10,47.5,42.7
2025-05-15,11,50.1,45.0
2025-05-15,12,53.5,48.6
2025-05-15,13,51.6,45.9
2025-05-15,14,52.8,46.9
2025-05-15,15,55.6,50.7
2025-05-15,16,58.8,56.6
2025-05-15,17,60.0,55.8
2025-05-15,18,60.5,53.7
2025-05-15,19,59.4,51.0
2025-05-15,20,55.4,48.0
2025-05-15,21,53.1,48.4
2025-05-15,22,52.1,46.9
2025-05-15,23,51.7,47.8
2025-05-15,24,48.7,44.2
2025-05-16,1,47.3,42.4
2025-05-16,2,46.2,41.8
2025-05-16,3,46.3,42.5
2025-05-16,4,45.9,42.1
2025-05-16,5,47.6,44.0
2025-05-16,6,49.0,45.7
2025-05-16,7,48.9,45.5
2025-05-16,8,49.3,46.6
2025-05-16,9,52.0,49.8
2025-05-16,10,53.0,49.7
2025-05-16,11,53.8,49.6
2025-05-16,12,55.9,51.4
2025-05-16,13,59.6,55.6
2025-05-16,14,59.8,54.3
2025-05-16,15,60.9,55.8
2025-05-16,16,63.4,58.8
2025-05-16,17,64.6,60.8
2025-05-16,18,62.6,57.7
2025-05-16,19,60.2,54.3
2025-05-16,20,58.9,53.4
2025-05-16,21,56.1,51.9
2025-05-16,22,52.6,48.8
2025-05-16,23,50.2,47.5
2025-05-16,24,48.9,46.2
2025-05-17,1,47.4,44.6
2025-05-17,2,46.5,43.7
2025-05-17,3,46.1,43.2
2025-05-17,4,45.4,42.3
2025-05-17,5,45.1,41.9
2025-05-17,6,43.6,40.2
2025-05-17,7,44.4,41.5
2025-05-17,8,50.0,48.1
2025-05-17,9,54.9,52.5
2025-05-17,10,58.6,56.6
2025-05-17,11,62.0,58.7
2025-05-17,12,66.4,63.1
2025-05-17,13,69.4,64.9
2025-05-17,14,71.5,66.3
2025-05-17,15,72.6,64.3
2025-05-17,16,73.3,63.1
2025-05-17,17,73.2,63.4
2025-05-17,18,74.1,66.6
2025-05-17,19,60.6,54.2
2025-05-17,20,61.7,56.0
2025-05-17,21,54.1,51.6
2025-05-17,22,52.9,51.5
2025-05-17,23,52.5,51.8
2025-05-17,24,50.8,48.5
2025-05-18,1,50.5,49.2
2025-05-18,2,49.9,47.8
2025-05-18,3,49.9,48.2
2025-05-18,4,48.8,46.8
2025-05-18,5,48.5,46.5
2025-05-18,6,48.1,45.1
2025-05-18,7,46.6,42.2
2025-05-18,8,46.9,42.5
2025-05-18,9,47.0,43.0
2025-05-18,10,47.0,41.9
2025-05-18,11,45.4,40.3
2025-05-18,12,45.7,40.5
2025-05-18,13,45.4,40.2
2025-05-18,14,47.3,42.2
2025-05-18,15,48.7,44.3
2025-05-18,16,52.2,47.1
2025-05-18,17,53.8,47.8
2025-05-18,18,52.8,46.4
2025-05-18,19,55.9,47.4
2025-05-18,20,51.4,45.6
2025-05-18,21,48.7,44.9
2025-05-18,22,45.0,41.5
2025-05-18,23,43.9,40.0
2025-05-18,24,43.2,39.4
2025-05-19,1,42.2,38.5
2025-05-19,2,41.0,37.2
2025-05-19,3,39.9,35.9
2025-05-19,4,38.9,34.8
2025-05-19,5,38.5,34.2
2025-05-19,6,38.7,34.5
2025-05-19,7,38.1,33.5
2025-05-19,8,38.2,34.0
2025-05-19,9,42.4,36.9
2025-05-19,10,43.9,36.4
2025-05-19,11,44.5,37.2
2025-05-19,12,47.9,39.9
2025-05-19,13,49.7,41.8
2025-05-19,14,51.8,44.0
2025-05-19,15,52.9,44.5
2025-05-19,16,53.8,44.8
2025-05-19,17,54.6,45.4
2025-05-19,18,55.2,45.6
2025-05-19,19,53.9,43.7
2025-05-19,20,52.0,43.5
2025-05-19,21,48.8,42.9
2025-05-19,22,45.4,40.8
2025-05-19,23,42.9,38.3
2025-05-19,24,41.4,36.8
2025-05-20,1,40.6,36.0
2025-05-20,2,40.5,35.6
2025-05-20,3,41.0,36.4
2025-05-20,4,41.0,36.6
2025-05-20,5,40.9,36.7
2025-05-20,6,42.3,38.1
2025-05-20,7,40.7,36.1
2025-05-20,8,41.8,37.9
2025-05-20,9,47.6,42.6
2025-05-20,10,51.5,45.3
2025-05-20,11,55.5,48.1
2025-05-20,12,59.2,52.6
2025-05-20,13,62.7,57.3
2025-05-20,14,65.2,60.1
2025-05-20,15,66.1,59.9
2025-05-20,16,67.6,64.3
2025-05-20,17,68.2,64.7
2025-05-20,18,67.2,61.8
2025-05-20,19,66.1,59.7
2025-05-20,20,67.4,61.3
2025-05-20,21,61.8,56.1
2025-05-20,22,54.1,49.3
2025-05-20,23,51.2,47.1
2025-05-20,24,50.3,44.1
2025-05-21,1,50.5,44.6
2025-05-21,2,50.0,44.0
2025-05-21,3,47.9,42.0
2025-05-21,4,46.4,40.9
2025-05-21,5,44.4,39.2
2025-05-21,6,43.7,38.8
2025-05-21,7,43.6,39.0
2025-05-21,8,47.2,41.4
2025-05-21,9,53.2,46.6
2025-05-21,10,57.1,49.3
2025-05-21,11,59.6,51.5
2025-05-21,12,61.7,55.3
2025-05-21,13,63.5,58.7
2025-05-21,14,65.0,61.4
2025-05-21,15,65.9,62.9
2025-05-21,16,66.3,63.1
2025-05-21,17,66.5,62.7
2025-05-21,18,66.9,61.3
2025-05-21,19,66.1,57.8
2025-05-21,20,65.0,57.3
2025-05-21,21,61.0,54.8
2025-05-21,22,55.2,49.8
2025-05-21,23,51.7,46.8
2025-05-21,24,51.1,47.1
2025-05-22,1,51.3,46.9
2025-05-22,2,51.7,47.4
2025-05-22,3,52.1,47.7
2025-05-22,4,51.9,47.5
2025-05-22,5,51.6,47.6
2025-05-22,6,49.8,45.8
2025-05-22,7,48.0,44.2
2025-05-22,8,51.0,47.2
2025-05-22,9,57.9,53.5
2025-05-22,10,62.2,56.9
2025-05-22,11,66.5,61.0
2025-05-22,12,71.9,67.4
2025-05-22,13,76.0,71.1
2025-05-22,14,79.2,74.8
2025-05-22,15,82.2,77.3
2025-05-22,16,85.5,78.6
2025-05-22,17,86.2,80.7
2025-05-22,18,82.5,77.5
2025-05-22,19,75.1,66.3
2025-05-22,20,68.6,59.8
2025-05-22,21,68.7,62.4
2025-05-22,22,62.8,57.4
2025-05-22,23,61.7,56.0
2025-05-22,24,64.4,55.9
2025-05-23,1,61.9,55.2
2025-05-23,2,58.2,52.0
2025-05-23,3,55.5,50.2
2025-05-23,4,53.5,48.7
2025-05-23,5,52.6,48.2
2025-05-23,6,51.0,47.0
2025-05-23,7,49.4,45.9
2025-05-23,8,52.7,49.7
2025-05-23,9,59.7,56.6
2025-05-23,10,63.5,60.1
2025-05-23,11,66.5,63.4
2025-05-23,12,69.6,68.2
2025-05-23,13,72.6,72.0
2025-05-23,14,75.3,74.7
2025-05-23,15,78.0,76.8
2025-05-23,16,80.0,77.9
2025-05-23,17,81.2,78.2
2025-05-23,18,80.2,74.5
2025-05-23,19,75.5,66.1
2025-05-23,20,72.4,63.8
2025-05-23,21,69.6,62.8
2025-05-23,22,65.7,58.9
2025-05-23,23,63.9,57.1
2025-05-23,24,63.8,56.6
2025-05-24,1,63.4,56.6
2025-05-24,2,58.8,52.9
2025-05-24,3,57.7,51.7
2025-05-24,4,58.2,52.6
2025-05-24,5,58.7,53.0
2025-05-24,6,57.1,52.4
2025-05-24,7,57.6,53.7
2025-05-24,8,59.9,56.5
2025-05-24,9,62.2,58.4
2025-05-24,10,64.2,59.8
2025-05-24,11,66.6,61.8
2025-05-24,12,68.6,64.1
2025-05-24,13,70.3,65.3
2025-05-24,14,72.8,67.1
2025-05-24,15,74.4,69.2
2025-05-24,16,76.3,71.6
2025-05-24,17,76.1,69.4
2025-05-24,18,74.5,67.5
2025-05-24,19,73.2,66.8
2025-05-24,20,72.9,66.5
2025-05-24,21,68.3,64.0
2025-05-24,22,63.1,58.6
2025-05-24,23,59.9,56.0
2025-05-24,24,58.3,54.1
2025-05-25,1,57.1,53.5
2025-05-25,2,57.1,53.9
2025-05-25,3,57.1,53.4
2025-05-25,4,58.1,54.8
2025-05-25,5,56.7,53.3
2025-05-25,6,56.9,53.9
2025-05-25,7,56.3,53.6
2025-05-25,8,56.0,53.4
2025-05-25,9,62.2,59.5
2025-05-25,10,65.0,61.8
2025-05-25,11,68.1,64.9
2025-05-25,12,71.0,67.5
2025-05-25,13,71.8,67.8
2025-05-25,14,74.4,70.8
2025-05-25,15,73.5,70.1
2025-05-25,16,76.8,74.4
2025-05-25,17,75.8,70.4
2025-05-25,18,74.5,69.3
2025-05-25,19,73.1,68.2
2025-05-25,20,67.9,63.7
2025-05-25,21,66.1,65.4
2025-05-25,22,61.3,58.9
2025-05-25,23,57.9,55.5
2025-05-25,24,55.9,53.4
2025-05-26,1,55.6,52.8
2025-05-26,2,55.5,52.8
2025-05-26,3,54.6,52.1
2025-05-26,4,54.4,52.1
2025-05-26,5,54.1,51.8
2025-05-26,6,53.3,50.8
2025-05-26,7,52.6,49.9
2025-05-26,8,55.3,53.4
2025-05-26,9,61.4,58.5
2025-05-26,10,64.7,60.1
2025-05-26,11,68.2,63.4
2025-05-26,12,72.1,68.5
2025-05-26,13,75.2,72.3
2025-05-26,14,78.0,75.6
2025-05-26,15,79.6,76.9
2025-05-26,16,80.1,77.3
2025-05-26,17,80.5,76.3
2025-05-26,18,79.7,73.2
2025-05-26,19,79.7,72.9
2025-05-26,20,78.3,73.4
2025-05-26,21,73.2,69.1
2025-05-26,22,68.0,62.7
2025-05-26,23,66.8,61.5
2025-05-26,24,66.1,60.9
2025-05-27,1,64.5,59.7
2025-05-27,2,61.6,56.4
2025-05-27,3,60.4,55.4
2025-05-27,4,59.2,54.6
2025-05-27,5,57.9,54.1
2025-05-27,6,57.0,52.9
2025-05-27,7,56.3,52.5
2025-05-27,8,58.4,55.6
2025-05-27,9,64.1,60.9
2025-05-27,10,67.4,65.2
2025-05-27,11,71.0,69.2
2025-05-27,12,75.3,74.0
2025-05-27,13,78.8,77.6
2025-05-27,14,82.1,80.1
2025-05-27,15,82.7,78.9
2025-05-27,16,79.3,74.6
2025-05-27,17,80.8,77.0
2025-05-27,18,80.5,74.0
2025-05-27,19,76.7,70.7
2025-05-27,20,78.4,76.3
2025-05-27,21,74.5,73.0
2025-05-27,22,70.6,67.1
2025-05-27,23,68.0,64.7
2025-05-27,24,67.8,65.1
2025-05-28,1,66.1,63.4
2025-05-28,2,64.0,61.4
2025-05-28,3,62.7,60.2
2025-05-28,4,62.2,60.0
2025-05-28,5,61.1,59.3
2025-05-28,6,58.9,57.1
2025-05-28,7,57.8,56.0
2025-05-28,8,60.7,59.6
2025-05-28,9,66.5,64.8
2025-05-28,10,69.7,67.5
2025-05-28,11,73.3,70.0
2025-05-28,12,76.9,74.5
2025-05-28,13,80.4,78.1
2025-05-28,14,82.3,80.2
2025-05-28,15,81.6,77.4
2025-05-28,16,80.6,80.1
2025-05-28,17,82.0,77.9
2025-05-28,18,83.0,78.3
2025-05-28,19,82.0,75.3
2025-05-28,20,76.4,70.9
2025-05-28,21,71.3,70.0
2025-05-28,22,69.8,68.2
2025-05-28,23,67.2,65.2
2025-05-28,24,63.9,61.3
2025-05-29,1,62.5,59.9
2025-05-29,2,61.4,58.6
2025-05-29,3,59.9,56.6
2025-05-29,4,60.9,57.1
2025-05-29,5,62.4,58.7
2025-05-29,6,61.1,57.5
2025-05-29,7,60.9,58.1
2025-05-29,8,61.5,59.9
2025-05-29,9,67.6,66.2
2025-05-29,10,71.2,69.3
2025-05-29,11,74.8,71.4
2025-05-29,12,77.6,74.9
2025-05-29,13,80.5,78.3
2025-05-29,14,79.4,77.1
2025-05-29,15,80.5,76.3
2025-05-29,16,81.6,79.4
2025-05-29,17,81.4,79.4
2025-05-29,18,82.9,79.3
2025-05-29,19,83.7,76.5
2025-05-29,20,81.9,79.9
2025-05-29,21,77.7,76.0
2025-05-29,22,70.6,66.1
2025-05-29,23,67.6,64.2
2025-05-29,24,65.3,62.0
2025-05-30,1,63.3,60.1
2025-05-30,2,61.6,58.1
2025-05-30,3,61.3,58.0
2025-05-30,4,61.0,57.6
2025-05-30,5,61.2,58.4
2025-05-30,6,60.0,57.8
2025-05-30,7,59.8,58.0
2025-05-30,8,64.5,63.8
2025-05-30,9,69.7,69.0
2025-05-30,10,72.3,71.3
2025-05-30,11,75.6,74.4
2025-05-30,12,78.8,79.0
2025-05-30,13,81.1,79.7
2025-05-30,14,83.6,81.1
2025-05-30,15,85.1,82.9
2025-05-30,16,86.7,83.5
2025-05-30,17,87.4,82.5
2025-05-30,18,86.6,79.4
2025-05-30,19,84.5,75.3
2025-05-30,20,82.7,75.9
2025-05-30,21,79.3,73.2
2025-05-30,22,73.9,68.6
2025-05-30,23,69.8,65.4
2025-05-30,24,67.0,63.4
2025-05-31,1,64.4,61.6
2025-05-31,2,62.5,60.2
2025-05-31,3,61.7,59.5
2025-05-31,4,61.4,59.1
2025-05-31,5,61.2,58.8
2025-05-31,6,60.9,58.5
2025-05-31,7,60.2,57.7
2025-05-31,8,63.7,62.0
2025-05-31,9,68.8,67.3
2025-05-31,10,72.3,69.7
2025-05-31,11,75.3,73.4
2025-05-31,12,78.5,78.0
2025-05-31,13,81.4,81.2
2025-05-31,14,83.5,83.4
2025-05-31,15,84.6,83.6
2025-05-31,16,85.1,83.4
2025-05-31,17,86.4,82.6
2025-05-31,18,87.0,80.0
2025-05-31,19,85.9,77.2
2025-05-31,20,84.0,76.7
2025-05-31,21,77.7,73.4
2025-05-31,22,71.5,66.2
2025-05-31,23,66.5,62.1
2025-05-31,24,62.9,58.7
2025-06-01,1,62.2,58.4
2025-06-01,2,61.2,57.2
2025-06-01,3,59.8,55.6
2025-06-01,4,59.8,55.6
2025-06-01,5,60.5,56.0
2025-06-01,6,61.2,56.9
2025-06-01,7,60.4,57.1
2025-06-01,8,63.3,61.7
2025-06-01,9,69.8,69.0
2025-06-01,10,73.2,71.2
2025-06-01,11,76.7,73.0
2025-06-01,12,80.8,77.4
2025-06-01,13,84.2,81.4
2025-06-01,14,87.0,84.8
2025-06-01,15,88.8,86.3
2025-06-01,16,90.0,87.1
2025-06-01,17,90.4,85.9
2025-06-01,18,87.7,81.0
2025-06-01,19,86.8,80.9
2025-06-01,20,84.1,79.3
2025-06-01,21,78.2,72.9
2025-06-01,22,71.5,69.4
2025-06-01,23,68.6,67.2
2025-06-01,24,66.8,65.3
2025-06-02,1,65.9,63.0
2025-06-02,2,65.0,61.5
2025-06-02,3,65.7,62.7
2025-06-02,4,63.3,61.1
2025-06-02,5,63.7,62.0
2025-06-02,6,63.3,62.3
2025-06-02,7,63.4,62.5
2025-06-02,8,67.1,68.3
2025-06-02,9,70.5,68.1
2025-06-02,10,71.5,66.8
2025-06-02,11,74.3,66.4
2025-06-02,12,75.4,66.9
2025-06-02,13,77.5,69.7
2025-06-02,14,78.1,71.3
2025-06-02,15,78.4,71.3
2025-06-02,16,78.5,71.2
2025-06-02,17,79.2,71.3
2025-06-02,18,78.2,69.0
2025-06-02,19,76.9,66.4
2025-06-02,20,74.8,64.7
2025-06-02,21,71.4,62.7
2025-06-02,22,64.8,58.5
2025-06-02,23,62.8,57.7
2025-06-02,24,59.3,54.4
2025-06-03,1,57.1,52.3
2025-06-03,2,56.2,51.1
2025-06-03,3,56.6,50.6
2025-06-03,4,55.8,49.9
2025-06-03,5,53.9,48.2
2025-06-03,6,51.7,46.5
2025-06-03,7,50.8,45.6
2025-06-03,8,52.5,48.2
2025-06-03,9,59.8,54.6
2025-06-03,10,62.6,56.4
2025-06-03,11,65.2,59.3
2025-06-03,12,67.8,63.3
2025-06-03,13,69.9,66.5
2025-06-03,14,71.5,68.7
2025-06-03,15,72.9,70.0
2025-06-03,16,74.2,70.7
2025-06-03,17,75.1,70.3
2025-06-03,18,75.4,68.1
2025-06-03,19,72.7,62.1
2025-06-03,20,70.8,60.5
2025-06-03,21,67.9,59.4
2025-06-03,22,64.4,57.6
2025-06-03,23,61.0,55.2
2025-06-03,24,58.4,53.4
2025-06-04,1,54.6,51.1
2025-06-04,2,54.0,50.8
2025-06-04,3,53.1,49.7
2025-06-04,4,52.4,48.3
2025-06-04,5,51.7,46.9
2025-06-04,6,51.3,46.4
2025-06-04,7,50.3,45.1
2025-06-04,8,53.1,49.8
2025-06-04,9,58.8,54.5
2025-06-04,10,61.5,55.9
2025-06-04,11,64.5,59.3
2025-06-04,12,67.8,64.6
2025-06-04,13,70.8,69.0
2025-06-04,14,73.3,72.2
2025-06-04,15,75.4,72.6
2025-06-04,16,74.2,69.4
2025-06-04,17,72.1,66.5
2025-06-04,18,74.2,69.1
2025-06-04,19,72.8,72.8
2025-06-04,20,71.2,71.2
2025-06-04,21,68.8,68.8
2025-06-04,22,64.1,64.1
2025-06-04,23,60.4,60.4
2025-06-04,24,57.7,57.7
2025-06-05,1,56.8,56.8
2025-06-05,2,54.8,54.8
2025-06-05,3,54.6,54.6
2025-06-05,4,55.4,55.4
2025-06-05,5,55.2,55.2
2025-06-05,6,54.7,54.7
2025-06-05,7,55.0,55.0
2025-06-05,8,56.5,56.5
2025-06-05,9,61.6,61.6
2025-06-05,10,64.3,64.3
2025-06-05,11,67.4,67.4
2025-06-05,12,70.2,70.2
2025-06-05,13,73.2,73.2
2025-06-05,14,75.1,75.1
2025-06-05,15,77.8,77.8
2025-06-05,16,78.7,78.7
2025-06-05,17,77.1,77.1
2025-06-05,18,74.6,74.6
2025-06-05,19,75.3,75.3
2025-06-05,20,72.5,72.5
2025-06-05,21,69.7,69.7
2025-06-05,22,65.8,65.8
2025-06-05,23,62.8,62.8
2025-06-05,24,60.3,60.3
2025-06-06,1,58.9,58.9
2025-06-06,2,59.9,59.9
2025-06-06,3,59.4,59.4
2025-06-06,4,57.9,57.9
2025-06-06,5,58.0,58.0
2025-06-06,6,57.8,57.8
2025-06-06,7,59.2,59.2
2025-06-06,8,59.1,59.1
2025-06-06,9,62.2,62.2
2025-06-06,10,65.2,65.2
2025-06-06,11,67.7,67.7
2025-06-06,12,70.4,70.4
2025-06-06,13,73.6,73.6
2025-06-06,14,76.0,76.0
2025-06-06,15,77.8,77.8
2025-06-06,16,77.7,77.7
2025-06-06,17,79.0,79.0
2025-06-06,18,79.4,79.4
2025-06-06,19,77.9,77.9
2025-06-06,20,76.0,76.0
2025-06-06,21,72.6,72.6
2025-06-06,22,67.5,67.5
2025-06-06,23,64.8,64.8
2025-06-06,24,62.5,62.5
2025-06-07,1,60.7,60.7
2025-06-07,2,59.3,59.3
2025-06-07,3,58.6,58.6
2025-06-07,4,58.0,58.0
2025-06-07,5,59.4,59.4
2025-06-07,6,58.6,58.6
2025-06-07,7,57.0,57.0
2025-06-07,8,59.4,59.4
2025-06-07,9,65.0,65.0
2025-06-07,10,67.9,67.9
2025-06-07,11,71.3,71.3
2025-06-07,12,74.7,74.7
2025-06-07,13,78.0,78.0
2025-06-07,14,79.6,79.6
2025-06-07,15,80.0,80.0
2025-06-07,16,81.1,81.1
2025-06-07,17,83.8,83.8
2025-06-07,18,83.5,83.5
2025-06-07,19,82.3,82.3
2025-06-07,20,80.2,80.2
2025-06-07,21,77.1,77.1
2025-06-07,22,70.6,70.6
2025-06-07,23,69.1,69.1
2025-06-07,24,66.5,66.5
2025-06-08,1,64.4,64.4
2025-06-08,2,62.7,62.7
2025-06-08,3,62.2,62.2
2025-06-08,4,62.5,62.5
2025-06-08,5,62.2,62.2
2025-06-08,6,61.6,61.6
2025-06-08,7,60.1,60.1
2025-06-08,8,63.6,63.6
2025-06-08,9,68.8,68.8
2025-06-08,10,72.0,72.0
2025-06-08,11,75.7,75.7
2025-06-08,12,79.2,79.2
2025-06-08,13,82.3,82.3
2025-06-08,14,83.5,83.5
2025-06-08,15,84.9,84.9
2025-06-08,16,86.8,86.8
2025-06-08,17,87.0,87.0
2025-06-08,18,86.7,86.7
2025-06-08,19,84.6,84.6
2025-06-08,20,83.5,83.5
2025-06-08,21,79.8,79.8
2025-06-08,22,73.1,73.1
2025-06-08,23,69.1,69.1
2025-06-08,24,67.0,67.0
2025-06-09,1,67.3,67.3
2025-06-09,2,66.8,66.8
2025-06-09,3,66.8,66.8
2025-06-09,4,66.4,66.4
2025-06-09,5,65.7,65.7
2025-06-09,6,64.8,64.8
2025-06-09,7,63.2,63.2
2025-06-09,8,63.9,63.9
2025-06-09,9,68.8,68.8
2025-06-09,10,72.2,72.2
2025-06-09,11,76.4,76.4
2025-06-09,12,80.3,80.3
2025-06-09,13,83.5,83.5
2025-06-09,14,85.7,85.7
2025-06-09,15,87.2,87.2
2025-06-09,16,88.2,88.2
2025-06-09,17,89.0,89.0
2025-06-09,18,88.8,88.8
2025-06-09,19,88.0,88.0
2025-06-09,20,85.9,85.9
2025-06-09,21,79.9,79.9
2025-06-09,22,75.4,75.4
2025-06-09,23,72.1,72.1
2025-06-09,24,69.0,69.0
2025-06-10,1,68.7,68.7
2025-06-10,2,67.2,67.2
2025-06-10,3,66.4,66.4
2025-06-10,4,65.4,65.4
2025-06-10,5,63.9,63.9
2025-06-10,6,62.5,62.5
2025-06-10,7,61.6,61.6
2025-06-10,8,65.0,65.0
2025-06-10,9,70.8,70.8
2025-06-10,10,74.3,74.3
2025-06-10,11,78.0,78.0
2025-06-10,12,81.9,81.9
2025-06-10,13,85.7,85.7
2025-06-10,14,88.5,88.5
2025-06-10,15,89.4,89.4
2025-06-10,16,88.6,88.6
2025-06-10,17,82.1,82.1
2025-06-10,18,84.2,84.2
2025-06-10,19,83.9,83.9
2025-06-10,20,81.9,81.9
2025-06-10,21,78.6,78.6
2025-06-10,22,74.2,74.2
2025-06-10,23,69.3,69.3
2025-06-10,24,67.6,67.6
2025-06-11,1,67.4,67.4
2025-06-11,2,67.6,67.6
2025-06-11,3,66.8,66.8
2025-06-11,4,66.2,66.2
2025-06-11,5,65.8,65.8
2025-06-11,6,64.4,64.4
2025-06-11,7,63.6,63.6
2025-06-11,8,65.6,65.6
2025-06-11,9,72.1,72.1
2025-06-11,10,75.9,75.9
2025-06-11,11,78.7,78.7
2025-06-11,12,83.7,83.7
2025-06-11,13,87.2,87.2
2025-06-11,14,88.9,88.9
2025-06-11,15,92.3,92.3
2025-06-11,16,95.8,95.8
2025-06-11,17,96.0,96.0
2025-06-11,18,92.2,92.2
2025-06-11,19,86.9,86.9
2025-06-11,20,88.4,88.4
2025-06-11,21,84.2,84.2
2025-06-11,22,78.6,78.6
2025-06-11,23,76.3,76.3
2025-06-11,24,73.7,73.7
2025-06-12,1,70.6,70.6
2025-06-12,2,68.5,68.5
2025-06-12,3,67.1,67.1
2025-06-12,4,67.9,67.9
2025-06-12,5,68.5,68.5
2025-06-12,6,66.6,66.6
2025-06-12,7,64.5,64.5
2025-06-12,8,65.7,65.7
2025-06-12,9,71.3,71.3
2025-06-12,10,74.7,74.7
2025-06-12,11,78.4,78.4
2025-06-12,12,82.0,82.0
2025-06-12,13,84.7,84.7
2025-06-12,14,88.6,88.6
2025-06-12,15,91.5,91.5
2025-06-12,16,92.2,92.2
2025-06-12,17,92.4,92.4
2025-06-12,18,90.7,90.7
2025-06-12,19,87.5,87.5
2025-06-12,20,79.9,79.9
2025-06-12,21,78.6,78.6
2025-06-12,22,76.2,76.2
2025-06-12,23,73.1,73.1
2025-06-12,24,72.4,72.4
2025-06-13,1,70.1,70.1
2025-06-13,2,68.9,68.9
2025-06-13,3,66.6,66.6
2025-06-13,4,64.8,64.8
2025-06-13,5,63.2,63.2
2025-06-13,6,62.8,62.8
2025-06-13,7,62.6,62.6
2025-06-13,8,65.3,65.3
2025-06-13,9,71.8,71.8
2025-06-13,10,76.3,76.3
2025-06-13,11,79.8,79.8
2025-06-13,12,82.3,82.3
2025-06-13,13,86.1,86.1
2025-06-13,14,90.3,90.3
2025-06-13,15,92.3,92.3
2025-06-13,16,93.0,93.0
2025-06-13,17,93.6,93.6
2025-06-13,18,93.8,93.8
2025-06-13,19,93.0,93.0
2025-06-13,20,90.5,90.5
2025-06-13,21,85.0,85.0
2025-06-13,22,78.7,78.7
2025-06-13,23,75.9,75.9
2025-06-13,24,73.3,73.3
2025-06-14,1,71.4,71.4
2025-06-14,2,69.1,69.1
2025-06-14,3,67.5,67.5
2025-06-14,4,66.5,66.5
2025-06-14,5,65.2,65.2
2025-06-14,6,65.3,65.3
2025-06-14,7,64.0,64.0
2025-06-14,8,64.7,64.7
2025-06-14,9,71.4,71.4
2025-06-14,10,76.0,76.0
2025-06-14,11,79.5,79.5
2025-06-14,12,82.3,82.3
2025-06-14,13,84.8,84.8
2025-06-14,14,87.8,87.8
2025-06-14,15,90.5,90.5
2025-06-14,16,91.6,91.6
2025-06-14,17,94.4,94.4
2025-06-14,18,95.1,95.1
2025-06-14,19,94.2,94.2
2025-06-14,20,91.3,91.3
2025-06-14,21,85.8,85.8
2025-06-14,22,80.2,80.2
2025-06-14,23,73.6,73.6
2025-06-14,24,69.5,69.5
2025-06-15,1,71.1,71.1
2025-06-15,2,70.1,70.1
2025-06-15,3,69.1,69.1
2025-06-15,4,67.5,67.5
2025-06-15,5,65.5,65.5
2025-06-15,6,64.5,64.5
2025-06-15,7,63.9,63.9
2025-06-15,8,65.2,65.2
2025-06-15,9,72.4,72.4
2025-06-15,10,77.9,77.9
2025-06-15,11,82.3,82.3
2025-06-15,12,85.5,85.5
2025-06-15,13,87.8,87.8
2025-06-15,14,90.3,90.3
2025-06-15,15,92.7,92.7
2025-06-15,16,94.9,94.9
2025-06-15,17,96.1,96.1
2025-06-15,18,96.5,96.5
2025-06-15,19,94.4,94.4
2025-06-15,20,88.3,88.3
2025-06-15,21,81.2,81.2
2025-06-15,22,79.6,79.6
2025-06-15,23,78.7,78.7
2025-06-15,24,73.9,73.9
2025-06-16,1,72.3,72.3
2025-06-16,2,72.9,72.9
2025-06-16,3,70.7,70.7
2025-06-16,4,71.0,71.0
2025-06-16,5,69.8,69.8
2025-06-16,6,67.9,67.9
2025-06-16,7,66.1,66.1
2025-06-16,8,67.7,67.7
2025-06-16,9,72.1,72.1
2025-06-16,10,74.7,74.7
2025-06-16,11,78.3,78.3
2025-06-16,12,80.1,80.1
2025-06-16,13,84.7,84.7
2025-06-16,14,88.6,88.6
2025-06-16,15,90.9,90.9
2025-06-16,16,91.8,91.8
2025-06-16,17,91.6,91.6
2025-06-16,18,86.0,86.0
2025-06-16,19,85.0,85.0
2025-06-16,20,83.7,83.7
2025-06-16,21,80.9,80.9
2025-06-16,22,78.1,78.1
2025-06-16,23,75.4,75.4
2025-06-16,24,73.6,73.6
2025-06-17,1,70.2,70.2
2025-06-17,2,70.2,70.2
2025-06-17,3,68.8,68.8
2025-06-17,4,68.1,68.1
2025-06-17,5,65.9,65.9
2025-06-17,6,61.8,61.8
2025-06-17,7,60.6,60.6
2025-06-17,8,64.8,64.8
2025-06-17,9,71.5,71.5
2025-06-17,10,75.2,75.2
2025-06-17,11,78.0,78.0
2025-06-17,12,79.8,79.8
2025-06-17,13,82.3,82.3
2025-06-17,14,84.3,84.3
2025-06-17,15,84.8,84.8
2025-06-17,16,84.6,84.6
2025-06-17,17,84.2,84.2
2025-06-17,18,83.8,83.8
2025-06-17,19,82.9,82.9
2025-06-17,20,80.9,80.9
2025-06-17,21,78.5,78.5
2025-06-17,22,72.6,72.6
2025-06-17,23,70.9,70.9
2025-06-17,24,67.9,67.9
2025-06-18,1,65.7,65.7
2025-06-18,2,64.5,64.5
2025-06-18,3,63.7,63.7
2025-06-18,4,63.4,63.4
2025-06-18,5,62.7,62.7
2025-06-18,6,62.4,62.4
2025-06-18,7,62.3,62.3
2025-06-18,8,63.2,63.2
2025-06-18,9,69.3,69.3
2025-06-18,10,72.4,72.4
2025-06-18,11,76.0,76.0
2025-06-18,12,80.2,80.2
2025-06-18,13,83.9,83.9
2025-06-18,14,86.6,86.6
2025-06-18,15,88.5,88.5
2025-06-18,16,89.8,89.8
2025-06-18,17,89.7,89.7
2025-06-18,18,88.6,88.6
2025-06-18,19,85.6,85.6
2025-06-18,20,86.0,86.0
2025-06-18,21,81.0,81.0
2025-06-18,22,75.8,75.8
2025-06-18,23,73.2,73.2
2025-06-18,24,72.5,72.5
2025-06-19,1,71.3,71.3
2025-06-19,2,70.7,70.7
2025-06-19,3,70.3,70.3
2025-06-19,4,68.9,68.9
2025-06-19,5,66.6,66.6
2025-06-19,6,64.3,64.3
2025-06-19,7,62.8,62.8
2025-06-19,8,64.6,64.6
2025-06-19,9,72.0,72.0
2025-06-19,10,76.9,76.9
2025-06-19,11,82.7,82.7
2025-06-19,12,87.4,87.4
2025-06-19,13,90.1,90.1
2025-06-19,14,94.5,94.5
2025-06-19,15,98.8,98.8
2025-06-19,16,99.4,99.4
2025-06-19,17,99.7,99.7
2025-06-19,18,100.1,100.1
2025-06-19,19,99.8,99.8
2025-06-19,20,95.8,95.8
2025-06-19,21,91.8,91.8
2025-06-19,22,88.6,88.6
2025-06-19,23,85.0,85.0
2025-06-19,24,80.5,80.5
2025-06-20,1,76.6,76.6
2025-06-20,2,73.9,73.9
2025-06-20,3,70.8,70.8
2025-06-20,4,68.7,68.7
2025-06-20,5,67.0,67.0
2025-06-20,6,65.8,65.8
2025-06-20,7,65.0,65.0
2025-06-20,8,67.3,67.3
2025-06-20,9,73.7,73.7
2025-06-20,10,79.1,79.1
2025-06-20,11,82.4,82.4
2025-06-20,12,85.9,85.9
2025-06-20,13,90.2,90.2
2025-06-20,14,91.3,91.3
2025-06-20,15,92.4,92.4
2025-06-20,16,93.4,93.4
2025-06-20,17,94.0,94.0
2025-06-20,18,93.9,93.9
2025-06-20,19,93.1,93.1
2025-06-20,20,90.6,90.6
2025-06-20,21,88.1,88.1
2025-06-20,22,85.6,85.6
2025-06-20,23,83.3,83.3
2025-06-20,24,80.6,80.6
2025-06-21,1,76.1,76.1
2025-06-21,2,63.5,63.5
2025-06-21,3,60.8,60.8
2025-06-21,4,60.1,60.1
2025-06-21,5,58.9,58.9
2025-06-21,6,57.4,57.4
2025-06-21,7,56.6,56.6
2025-06-21,8,56.7,56.7
2025-06-21,9,59.8,59.8
2025-06-21,10,62.2,62.2
2025-06-21,11,64.9,64.9
2025-06-21,12,67.9,67.9
2025-06-21,13,71.2,71.2
2025-06-21,14,74.6,74.6
2025-06-21,15,76.4,76.4
2025-06-21,16,80.6,80.6
2025-06-21,17,84.2,84.2
2025-06-21,18,82.8,82.8
2025-06-21,19,73.3,73.3
2025-06-21,20,70.4,70.4
2025-06-21,21,69.7,69.7
2025-06-21,22,62.9,62.9
2025-06-21,23,59.7,59.7
2025-06-21,24,57.9,57.9
2025-06-22,1,56.2,56.2
2025-06-22,2,55.1,55.1
2025-06-22,3,54.3,54.3
2025-06-22,4,53.5,53.5
2025-06-22,5,53.0,53.0
2025-06-22,6,52.4,52.4
2025-06-22,7,51.0,51.0
2025-06-22,8,48.9,48.9
2025-06-22,9,50.5,50.5
2025-06-22,10,52.7,52.7
2025-06-22,11,54.7,54.7
2025-06-22,12,56.0,56.0
2025-06-22,13,58.4,58.4
2025-06-22,14,61.7,61.7
2025-06-22,15,64.1,64.1
2025-06-22,16,66.1,66.1
2025-06-22,17,67.5,67.5
2025-06-22,18,67.1,67.1
2025-06-22,19,63.3,63.3
2025-06-22,20,63.5,63.5
2025-06-22,21,61.3,61.3
2025-06-22,22,58.9,58.9
2025-06-22,23,57.4,57.4
2025-06-22,24,56.0,56.0
2025-06-23,1,54.7,54.7
2025-06-23,2,54.3,54.3
2025-06-23,3,53.8,53.8
2025-06-23,4,54.0,54.0
2025-06-23,5,52.8,52.8
2025-06-23,6,53.2,53.2
2025-06-23,7,53.8,53.8
2025-06-23,8,54.8,54.8
2025-06-23,9,57.1,57.1
2025-06-23,10,58.9,58.9
2025-06-23,11,60.7,60.7
2025-06-23,12,63.4,63.4
2025-06-23,13,66.8,66.8
2025-06-23,14,71.6,71.6
2025-06-23,15,73.3,73.3
2025-06-23,16,75.6,75.6
2025-06-23,17,76.0,76.0
2025-06-23,18,75.3,75.3
2025-06-23,19,74.4,74.4
2025-06-23,20,72.8,72.8
2025-06-23,21,69.7,69.7
2025-06-23,22,66.3,66.3
2025-06-23,23,64.8,64.8
2025-06-23,24,63.6,63.6
2025-06-24,1,61.2,61.2
2025-06-24,2,59.1,59.1
2025-06-24,3,59.3,59.3
2025-06-24,4,60.0,60.0
2025-06-24,5,61.5,61.5
2025-06-24,6,61.2,61.2
2025-06-24,7,60.2,60.2
2025-06-24,8,61.2,61.2
2025-06-24,9,65.1,65.1
2025-06-24,10,67.0,67.0
2025-06-24,11,69.5,69.5
2025-06-24,12,72.6,72.6
2025-06-24,13,75.9,75.9
2025-06-24,14,78.7,78.7
2025-06-24,15,80.8,80.8
2025-06-24,16,82.5,82.5
2025-06-24,17,82.1,82.1
2025-06-24,18,78.7,78.7
2025-06-24,19,78.1,78.1
2025-06-24,20,76.1,76.1
2025-06-24,21,74.4,74.4
2025-06-24,22,71.9,71.9
2025-06-24,23,69.8,69.8
2025-06-24,24,66.4,66.4
2025-06-25,1,64.8,64.8
2025-06-25,2,62.2,62.2
2025-06-25,3,61.2,61.2
2025-06-25,4,61.9,61.9
2025-06-25,5,63.3,63.3
2025-06-25,6,63.1,63.1
2025-06-25,7,62.9,62.9
2025-06-25,8,62.4,62.4
2025-06-25,9,67.2,67.2
2025-06-25,10,70.8,70.8
2025-06-25,11,73.8,73.8
2025-06-25,12,77.2,77.2
2025-06-25,13,80.1,80.1
2025-06-25,14,82.1,82.1
2025-06-25,15,83.1,83.1
2025-06-25,16,83.5,83.5
2025-06-25,17,82.6,82.6
2025-06-25,18,82.5,82.5
2025-06-25,19,82.7,74.6
2025-06-25,20,81.6,73.8
2025-06-25,21,79.8,74.1
2025-06-25,22,77.5,71.8
2025-06-25,23,74.5,69.5
2025-06-25,24,72.1,67.9
2025-06-26,1,71.4,68.1
2025-06-26,2,70.3,68.3
2025-06-26,3,68.8,66.9
2025-06-26,4,66.8,65.4
2025-06-26,5,64.9,64.2
2025-06-26,6,62.9,62.7
2025-06-26,7,60.7,60.7
2025-06-26,8,60.2,60.4
2025-06-26,9,65.6,64.9
2025-06-26,10,74.8,70.7
2025-06-26,11,80.4,74.6
2025-06-26,12,84.3,79.7
2025-06-26,13,86.8,82.8
2025-06-26,14,87.6,84.3
2025-06-26,15,88.4,84.2
2025-06-26,16,89.7,84.4
2025-06-26,17,90.3,84.9
2025-06-26,18,90.7,87.1
2025-06-26,19,91.0,82.5
2025-06-26,20,90.1,82.5
2025-06-26,21,89.0,81.5
2025-06-26,22,84.5,79.0
2025-06-26,23,79.8,75.4
2025-06-26,24,76.8,72.8
2025-06-27,1,73.8,70.2
2025-06-27,2,68.5,65.6
2025-06-27,3,67.1,62.8
2025-06-27,4,66.9,61.9
2025-06-27,5,66.7,61.9
2025-06-27,6,65.8,61.0
2025-06-27,7,65.1,60.7
2025-06-27,8,65.2,61.7
2025-06-27,9,68.5,65.9
2025-06-27,10,78.6,72.4
2025-06-27,11,82.3,75.1
2025-06-27,12,85.4,79.5
2025-06-27,13,87.9,83.0
2025-06-27,14,89.3,84.9
2025-06-27,15,91.0,86.6
2025-06-27,16,92.1,87.5
2025-06-27,17,92.6,87.3
2025-06-27,18,92.5,86.0
2025-06-27,19,91.8,85.1
2025-06-27,20,90.7,82.4
2025-06-27,21,89.2,83.1
2025-06-27,22,85.1,78.2
2025-06-27,23,81.2,76.4
2025-06-27,24,79.3,75.0
2025-06-28,1,78.2,74.2
2025-06-28,2,73.2,69.5
2025-06-28,3,71.1,67.0
2025-06-28,4,68.8,63.6
2025-06-28,5,68.4,63.1
2025-06-28,6,70.3,65.8
2025-06-28,7,70.4,66.4
2025-06-28,8,70.9,67.2
2025-06-28,9,74.0,70.6
2025-06-28,10,80.0,74.0
2025-06-28,11,83.0,76.3
2025-06-28,12,85.2,80.1
2025-06-28,13,87.2,83.5
2025-06-28,14,88.4,86.1
2025-06-28,15,90.1,87.1
2025-06-28,16,89.9,83.7
2025-06-28,17,91.1,85.7
2025-06-28,18,91.0,88.3
2025-06-28,19,90.4,82.9
2025-06-28,20,87.7,80.7
2025-06-28,21,85.6,79.4
2025-06-28,22,83.3,78.8
2025-06-28,23,80.7,76.4
2025-06-28,24,80.3,76.0
2025-06-29,1,78.4,75.3
2025-06-29,2,76.9,75.0
2025-06-29,3,75.0,74.0
2025-06-29,4,72.9,72.6
2025-06-29,5,71.0,71.6
2025-06-29,6,70.3,71.5
2025-06-29,7,70.6,71.6
2025-06-29,8,71.2,71.1
2025-06-29,9,74.2,73.7
2025-06-29,10,78.9,76.8
2025-06-29,11,82.6,80.0
2025-06-29,12,85.6,84.6
2025-06-29,13,87.9,86.6
2025-06-29,14,88.9,87.3
2025-06-29,15,90.7,88.8
2025-06-29,16,91.8,89.1
2025-06-29,17,91.2,86.2
2025-06-29,18,90.2,86.5
2025-06-29,19,88.7,81.4
2025-06-29,20,86.7,80.3
2025-06-29,21,85.4,80.4
2025-06-29,22,82.6,78.1
2025-06-29,23,80.2,76.3
2025-06-29,24,80.2,77.0
2025-06-30,1,78.2,75.9
2025-06-30,2,76.6,75.4
2025-06-30,3,74.7,74.4
2025-06-30,4,72.3,72.9
2025-06-30,5,70.0,71.3
2025-06-30,6,67.6,69.6
2025-06-30,7,64.5,66.8
2025-06-30,8,64.5,67.3
2025-06-30,9,71.9,74.2
2025-06-30,10,78.9,77.4
2025-06-30,11,83.8,81.2
2025-06-30,12,87.6,86.5
2025-06-30,13,90.9,89.6
2025-06-30,14,91.8,90.4
2025-06-30,15,93.4,91.7
2025-06-30,16,94.0,91.3
2025-06-30,17,94.3,90.2
2025-06-30,18,94.4,84.5
2025-06-30,19,93.7,86.0
2025-06-30,20,92.9,86.2
2025-06-30,21,90.7,86.2
2025-06-30,22,87.4,83.6
2025-06-30,23,81.5,79.0
2025-06-30,24,78.4,77.4
2025-07-01,1,76.2,76.3
2025-07-01,2,71.0,72.4
2025-07-01,3,69.2,71.3
2025-07-01,4,67.4,69.7
2025-07-01,5,66.0,68.0
2025-07-01,6,65.2,66.9
2025-07-01,7,64.9,66.5
2025-07-01,8,65.0,66.9
2025-07-01,9,69.8,71.5
2025-07-01,10,80.5,79.3
2025-07-01,11,86.7,83.0
2025-07-01,12,91.4,88.1
2025-07-01,13,94.2,91.5
2025-07-01,14,92.6,87.3
2025-07-01,15,93.0,87.6
2025-07-01,16,93.0,85.7
2025-07-01,17,94.2,86.9
2025-07-01,18,94.5,83.8
2025-07-01,19,94.4,86.7
2025-07-01,20,93.9,86.3
2025-07-01,21,90.5,85.8
2025-07-01,22,85.5,81.9
2025-07-01,23,82.1,79.6
2025-07-01,24,78.6,76.3
2025-07-02,1,75.5,74.0
2025-07-02,2,74.2,74.4
2025-07-02,3,74.0,75.0
2025-07-02,4,72.8,74.6
2025-07-02,5,70.4,71.3
2025-07-02,6,69.4,69.8
2025-07-02,7,68.6,69.1
2025-07-02,8,68.8,69.9
2025-07-02,9,72.2,73.6
2025-07-02,10,80.9,78.8
2025-07-02,11,84.7,80.4
2025-07-02,12,87.1,84.7
2025-07-02,13,89.2,86.0
2025-07-02,14,89.3,86.8
2025-07-02,15,88.8,87.1
2025-07-02,16,89.6,85.5
2025-07-02,17,90.6,89.2
2025-07-02,18,91.4,86.8
2025-07-02,19,87.6,82.2
2025-07-02,20,81.2,78.9
2025-07-02,21,79.4,76.8
2025-07-02,22,78.5,77.6
2025-07-02,23,75.8,75.0
2025-07-02,24,73.0,72.8
2025-07-03,1,71.8,72.3
2025-07-03,2,68.5,68.5
2025-07-03,3,67.8,67.6
2025-07-03,4,67.4,67.7
2025-07-03,5,66.7,68.1
2025-07-03,6,65.9,67.6
2025-07-03,7,64.9,65.9
2025-07-03,8,64.9,66.1
2025-07-03,9,69.0,69.5
2025-07-03,10,74.1,73.1
2025-07-03,11,78.3,74.6
2025-07-03,12,80.4,75.6
2025-07-03,13,82.0,77.1
2025-07-03,14,82.4,78.4
2025-07-03,15,83.4,78.5
2025-07-03,16,84.1,79.1
2025-07-03,17,86.5,83.3
2025-07-03,18,87.3,83.4
2025-07-03,19,87.7,84.0
2025-07-03,20,87.4,81.2
2025-07-03,21,85.9,80.9
2025-07-03,22,83.6,79.9
2025-07-03,23,79.9,76.4
2025-07-03,24,75.7,72.2
2025-07-04,1,74.4,71.1
2025-07-04,2,70.6,68.4
2025-07-04,3,68.6,67.1
2025-07-04,4,66.6,66.0
2025-07-04,5,64.6,64.2
2025-07-04,6,63.6,63.0
2025-07-04,7,63.0,62.2
2025-07-04,8,63.4,62.6
2025-07-04,9,69.8,68.0
2025-07-04,10,75.7,71.1
2025-07-04,11,78.5,73.6
2025-07-04,12,81.8,78.9
2025-07-04,13,84.6,82.3
2025-07-04,14,85.8,86.1
2025-07-04,15,87.7,86.1
2025-07-04,16,88.3,86.7
2025-07-04,17,89.5,89.2
2025-07-04,18,86.7,80.9
2025-07-04,19,83.6,79.8
2025-07-04,20,79.1,75.1
2025-07-04,21,77.7,75.4
2025-07-04,22,75.7,76.0
2025-07-04,23,73.6,75.6
2025-07-04,24,70.3,72.8
2025-07-05,1,69.1,71.9
2025-07-05,2,71.3,73.1
2025-07-05,3,67.9,69.6
2025-07-05,4,65.8,67.0
2025-07-05,5,64.6,64.7
2025-07-05,6,64.2,63.0
2025-07-05,7,64.8,62.9
2025-07-05,8,65.7,63.7
2025-07-05,9,68.7,67.2
2025-07-05,10,77.6,72.4
2025-07-05,11,80.6,74.6
2025-07-05,12,83.3,78.3
2025-07-05,13,85.8,81.2
2025-07-05,14,87.5,84.2
2025-07-05,15,88.9,84.7
2025-07-05,16,89.6,85.1
2025-07-05,17,90.1,89.0
2025-07-05,18,89.2,82.6
2025-07-05,19,88.1,77.9
2025-07-05,20,85.4,77.8
2025-07-05,21,82.1,76.7
2025-07-05,22,79.4,75.7
2025-07-05,23,76.3,72.5
2025-07-05,24,74.0,71.2
2025-07-06,1,74.6,73.1
2025-07-06,2,73.4,72.9
2025-07-06,3,72.0,71.6
2025-07-06,4,71.2,71.4
2025-07-06,5,70.6,70.5
2025-07-06,6,69.7,69.7
2025-07-06,7,69.0,69.2
2025-07-06,8,68.8,68.5
2025-07-06,9,71.6,70.6
2025-07-06,10,75.5,73.7
2025-07-06,11,79.1,76.7
2025-07-06,12,82.5,80.6
2025-07-06,13,85.3,83.8
2025-07-06,14,85.6,85.1
2025-07-06,15,87.6,86.5
2025-07-06,16,89.0,85.7
2025-07-06,17,89.8,84.4
2025-07-06,18,89.6,84.1
2025-07-06,19,89.1,82.2
2025-07-06,20,87.0,79.3
2025-07-06,21,84.5,78.6
2025-07-06,22,81.8,77.8
2025-07-06,23,77.5,74.7
2025-07-06,24,77.0,73.8
2025-07-07,1,76.4,73.8
2025-07-07,2,75.1,73.4
2025-07-07,3,73.3,73.3
2025-07-07,4,71.4,72.3
2025-07-07,5,69.4,71.0
2025-07-07,6,67.7,69.9
2025-07-07,7,66.3,68.9
2025-07-07,8,66.3,69.1
2025-07-07,9,71.5,73.3
2025-07-07,10,77.9,76.1
2025-07-07,11,82.9,79.5
2025-07-07,12,86.8,84.2
2025-07-07,13,89.7,87.0
2025-07-07,14,91.0,89.3
2025-07-07,15,92.6,89.8
2025-07-07,16,93.2,90.9
2025-07-07,17,93.3,90.2
2025-07-07,18,93.3,85.9
2025-07-07,19,93.0,82.1
2025-07-07,20,92.0,85.0
2025-07-07,21,90.0,83.0
2025-07-07,22,86.4,81.2
2025-07-07,23,81.6,77.2
2025-07-07,24,82.0,77.5
2025-07-08,1,79.3,77.1
2025-07-08,2,77.0,76.2
2025-07-08,3,74.3,73.3
2025-07-08,4,70.6,69.6
2025-07-08,5,68.1,67.2
2025-07-08,6,67.1,66.2
2025-07-08,7,66.3,65.3
2025-07-08,8,66.7,65.6
2025-07-08,9,71.3,70.0
2025-07-08,10,81.3,77.0
2025-07-08,11,86.3,80.1
2025-07-08,12,89.6,84.3
2025-07-08,13,92.4,87.5
2025-07-08,14,93.8,89.2
2025-07-08,15,95.2,90.6
2025-07-08,16,96.2,90.7
2025-07-08,17,96.7,91.2
2025-07-08,18,96.8,91.3
2025-07-08,19,96.4,89.7
2025-07-08,20,95.8,87.5
2025-07-08,21,94.2,86.9
2025-07-08,22,89.2,84.6
2025-07-08,23,84.8,79.1
2025-07-08,24,82.5,77.8
2025-07-09,1,79.7,77.2
2025-07-09,2,74.2,71.7
2025-07-09,3,72.9,69.3
2025-07-09,4,72.6,68.5
2025-07-09,5,72.2,68.7
2025-07-09,6,71.5,68.7
2025-07-09,7,70.8,68.4
2025-07-09,8,70.8,68.6
2025-07-09,9,73.9,72.6
2025-07-09,10,83.8,79.8
2025-07-09,11,88.5,83.4
2025-07-09,12,91.7,87.7
2025-07-09,13,94.2,90.4
2025-07-09,14,95.3,89.9
2025-07-09,15,96.8,91.7
2025-07-09,16,97.7,91.5
2025-07-09,17,97.9,93.8
2025-07-09,18,98.5,93.5
2025-07-09,19,97.4,90.9
2025-07-09,20,96.1,88.3
2025-07-09,21,94.9,88.7
2025-07-09,22,90.8,83.7
2025-07-09,23,86.3,80.6
2025-07-09,24,84.6,80.8
2025-07-10,1,84.9,81.6
2025-07-10,2,79.2,79.3
2025-07-10,3,75.6,74.5
2025-07-10,4,69.8,68.0
2025-07-10,5,69.0,67.2
2025-07-10,6,73.2,71.0
2025-07-10,7,75.6,74.8
2025-07-10,8,74.4,74.5
2025-07-10,9,74.6,74.0
2025-07-10,10,78.6,75.3
2025-07-10,11,80.9,77.0
2025-07-10,12,83.1,79.6
2025-07-10,13,85.0,81.5
2025-07-10,14,85.9,83.2
2025-07-10,15,87.1,83.2
2025-07-10,16,88.0,83.4
2025-07-10,17,88.3,82.6
2025-07-10,18,87.9,80.2
2025-07-10,19,87.1,77.6
2025-07-10,20,85.9,76.2
2025-07-10,21,84.0,75.7
2025-07-10,22,81.7,75.5
2025-07-10,23,79.1,74.2
2025-07-10,24,78.8,74.5
2025-07-11,1,76.9,74.2
2025-07-11,2,76.0,74.3
2025-07-11,3,74.5,73.6
2025-07-11,4,73.7,73.1
2025-07-11,5,73.5,73.4
2025-07-11,6,73.3,73.2
2025-07-11,7,72.8,72.5
2025-07-11,8,72.2,72.3
2025-07-11,9,73.7,73.3
2025-07-11,10,77.5,75.8
2025-07-11,11,80.8,78.4
2025-07-11,12,83.4,81.9
2025-07-11,13,85.6,84.7
2025-07-11,14,86.9,85.8
2025-07-11,15,88.4,86.5
2025-07-11,16,89.4,87.2
2025-07-11,17,89.8,86.5
2025-07-11,18,89.1,82.6
2025-07-11,19,87.3,78.7
2025-07-11,20,85.2,77.4
2025-07-11,21,83.4,76.8
2025-07-11,22,81.3,77.0
2025-07-11,23,79.2,75.7
2025-07-11,24,78.5,75.5
2025-07-12,1,76.8,74.6
2025-07-12,2,76.7,75.0
2025-07-12,3,75.3,74.7
2025-07-12,4,73.9,74.2
2025-07-12,5,72.5,73.3
2025-07-12,6,71.2,72.4
2025-07-12,7,70.0,71.7
2025-07-12,8,69.4,71.6
2025-07-12,9,73.0,73.7
2025-07-12,10,77.8,75.7
2025-07-12,11,81.8,78.8
2025-07-12,12,85.2,82.8
2025-07-12,13,88.0,85.8
2025-07-12,14,89.0,87.4
2025-07-12,15,90.5,88.9
2025-07-12,16,91.7,89.1
2025-07-12,17,92.0,86.9
2025-07-12,18,91.7,84.6
2025-07-12,19,90.6,81.5
2025-07-12,20,89.0,79.8
2025-07-12,21,86.9,79.2
2025-07-12,22,84.4,78.9
2025-07-12,23,81.5,77.7
2025-07-12,24,81.0,77.4
2025-07-13,1,78.9,76.2
2025-07-13,2,77.3,75.7
2025-07-13,3,75.4,75.1
2025-07-13,4,73.4,73.9
2025-07-13,5,71.5,72.8
2025-07-13,6,70.1,72.0
2025-07-13,7,68.8,70.9
2025-07-13,8,68.5,71.3
2025-07-13,9,73.0,74.3
2025-07-13,10,79.4,77.6
2025-07-13,11,84.2,80.1
2025-07-13,12,88.1,84.6
2025-07-13,13,91.0,88.5
2025-07-13,14,92.6,91.2
2025-07-13,15,94.0,91.8
2025-07-13,16,94.8,92.0
2025-07-13,17,95.1,91.4
2025-07-13,18,94.7,88.8
2025-07-13,19,93.6,85.3
2025-07-13,20,92.0,84.0
2025-07-13,21,89.9,83.4
2025-07-13,22,87.3,82.4
2025-07-13,23,85.8,81.4
2025-07-13,24,83.8,80.5
2025-07-14,1,81.6,80.2
2025-07-14,2,79.6,79.3
2025-07-14,3,77.5,77.9
2025-07-14,4,75.3,76.4
2025-07-14,5,73.0,75.0
2025-07-14,6,71.2,73.9
2025-07-14,7,70.0,73.2
2025-07-14,8,69.6,72.8
2025-07-14,9,74.5,76.8
2025-07-14,10,81.5,79.7
2025-07-14,11,86.5,82.0
2025-07-14,12,90.3,86.7
2025-07-14,13,92.8,89.2
2025-07-14,14,94.4,90.2
2025-07-14,15,95.3,91.4
2025-07-14,16,95.5,92.8
2025-07-14,17,95.5,92.9
2025-07-14,18,95.4,88.9
2025-07-14,19,93.6,83.8
2025-07-14,20,92.7,83.4
2025-07-14,21,91.0,83.0
2025-07-14,22,87.8,83.0
2025-07-14,23,86.2,82.0
2025-07-14,24,85.9,81.7
2025-07-15,1,83.9,80.8
2025-07-15,2,82.6,79.1
2025-07-15,3,81.0,78.7
2025-07-15,4,79.6,78.6
2025-07-15,5,78.1,78.3
2025-07-15,6,76.4,77.3
2025-07-15,7,74.4,76.3
2025-07-15,8,73.1,75.8
2025-07-15,9,75.8,78.3
2025-07-15,10,81.1,81.5
2025-07-15,11,86.5,83.3
2025-07-15,12,90.5,87.8
2025-07-15,13,93.4,91.8
2025-07-15,14,93.6,89.4
2025-07-15,15,93.5,85.6
2025-07-15,16,95.3,91.9
2025-07-15,17,96.4,89.9
2025-07-15,18,97.3,90.4
2025-07-15,19,96.4,87.7
2025-07-15,20,95.1,88.9
2025-07-15,21,94.0,87.0
2025-07-15,22,89.8,83.6
2025-07-15,23,85.7,80.7
2025-07-15,24,82.2,79.4
2025-07-16,1,79.2,76.9
2025-07-16,2,76.6,75.5
2025-07-16,3,76.9,77.3
2025-07-16,4,73.7,74.3
2025-07-16,5,71.2,71.9
2025-07-16,6,71.1,72.0
2025-07-16,7,71.8,73.0
2025-07-16,8,71.4,73.3
2025-07-16,9,73.5,75.1
2025-07-16,10,79.8,79.2
2025-07-16,11,84.3,80.0
2025-07-16,12,87.1,83.5
2025-07-16,13,90.1,87.2
2025-07-16,14,91.2,90.8
2025-07-16,15,92.8,91.2
2025-07-16,16,94.2,92.1
2025-07-16,17,93.7,93.2
2025-07-16,18,92.1,88.7
2025-07-16,19,89.3,84.5
2025-07-16,20,89.2,83.9
2025-07-16,21,85.7,83.0
2025-07-16,22,79.8,77.3
2025-07-16,23,77.1,75.2
2025-07-16,24,75.6,74.8
2025-07-17,1,74.4,73.5
2025-07-17,2,72.9,71.7
2025-07-17,3,71.5,71.0
2025-07-17,4,70.6,70.3
2025-07-17,5,68.8,67.8
2025-07-17,6,67.9,67.1
2025-07-17,7,67.0,66.3
2025-07-17,8,67.9,66.6
2025-07-17,9,73.6,72.0
2025-07-17,10,77.9,74.8
2025-07-17,11,82.0,78.0
2025-07-17,12,85.0,81.7
2025-07-17,13,87.9,85.7
2025-07-17,14,91.3,89.1
2025-07-17,15,92.8,89.9
2025-07-17,16,94.3,91.1
2025-07-17,17,90.4,85.9
2025-07-17,18,88.8,84.8
2025-07-17,19,89.1,84.9
2025-07-17,20,90.3,85.9
2025-07-17,21,82.7,77.3
2025-07-17,22,79.2,76.1
2025-07-17,23,77.1,74.7
2025-07-17,24,75.1,72.4
2025-07-18,1,75.0,72.0
2025-07-18,2,75.0,72.1
2025-07-18,3,74.4,72.0
2025-07-18,4,74.1,71.3
2025-07-18,5,73.6,73.3
2025-07-18,6,72.4,72.5
2025-07-18,7,71.5,71.4
2025-07-18,8,70.4,69.9
2025-07-18,9,76.1,75.4
2025-07-18,10,79.6,78.4
2025-07-18,11,82.3,80.5
2025-07-18,12,84.0,82.3
2025-07-18,13,84.4,84.2
2025-07-18,14,86.5,84.9
2025-07-18,15,85.9,84.5
2025-07-18,16,89.3,89.9
2025-07-18,17,89.9,90.4
2025-07-18,18,87.0,88.2
2025-07-18,19,87.9,87.5
2025-07-18,20,83.8,84.5
2025-07-18,21,82.0,83.3
2025-07-18,22,78.1,79.4
2025-07-18,23,75.9,77.7
2025-07-18,24,73.7,74.9
2025-07-19,1,72.5,73.6
2025-07-19,2,72.3,73.9
2025-07-19,3,73.2,74.3
2025-07-19,4,71.9,72.8
2025-07-19,5,70.9,72.2
2025-07-19,6,69.9,71.5
2025-07-19,7,68.4,70.1
2025-07-19,8,67.8,68.9
2025-07-19,9,71.9,73.2
2025-07-19,10,76.0,76.4
2025-07-19,11,78.8,78.3
2025-07-19,12,81.4,81.7
2025-07-19,13,84.4,85.5
2025-07-19,14,86.8,87.5
2025-07-19,15,89.2,88.7
2025-07-19,16,90.7,90.4
2025-07-19,17,91.2,88.7
2025-07-19,18,89.7,85.2
2025-07-19,19,87.0,80.5
2025-07-19,20,86.4,82.3
2025-07-19,21,83.2,80.3
2025-07-19,22,79.1,76.8
2025-07-19,23,76.5,75.0
2025-07-19,24,73.0,70.7
2025-07-20,1,70.6,68.0
2025-07-20,2,69.6,67.2
2025-07-20,3,67.9,65.4
2025-07-20,4,67.3,64.9
2025-07-20,5,67.0,65.4
2025-07-20,6,66.1,64.2
2025-07-20,7,65.4,63.2
2025-07-20,8,66.2,64.0
2025-07-20,9,72.6,70.9
2025-07-20,10,76.9,73.7
2025-07-20,11,81.4,76.5
2025-07-20,12,84.7,80.9
2025-07-20,13,87.3,84.4
2025-07-20,14,91.0,88.2
2025-07-20,15,93.1,89.8
2025-07-20,16,94.0,91.2
2025-07-20,17,94.5,91.7
2025-07-20,18,94.1,90.7
2025-07-20,19,93.4,89.0
2025-07-20,20,93.7,88.8
2025-07-20,21,89.5,85.2
2025-07-20,22,83.7,80.5
2025-07-20,23,80.5,79.2
2025-07-20,24,77.7,74.6
2025-07-21,1,75.2,71.4
2025-07-21,2,73.7,69.9
2025-07-21,3,70.4,65.9
2025-07-21,4,68.4,63.9
2025-07-21,5,67.1,62.7
2025-07-21,6,66.6,62.0
2025-07-21,7,66.4,61.8
2025-07-21,8,67.1,62.8
2025-07-21,9,74.8,70.2
2025-07-21,10,79.7,73.9
2025-07-21,11,83.0,77.2
2025-07-21,12,86.9,81.8
2025-07-21,13,89.2,83.2
2025-07-21,14,91.4,86.5
2025-07-21,15,91.5,86.9
2025-07-21,16,90.4,85.5
2025-07-21,17,90.4,84.2
2025-07-21,18,86.7,80.8
2025-07-21,19,87.6,81.5
2025-07-21,20,84.1,78.7
2025-07-21,21,82.9,78.1
2025-07-21,22,80.6,77.9
2025-07-21,23,78.4,76.7
2025-07-21,24,75.8,74.8
2025-07-22,1,73.4,72.4
2025-07-22,2,71.3,70.4
2025-07-22,3,71.2,69.6
2025-07-22,4,70.3,68.3
2025-07-22,5,68.2,65.5
2025-07-22,6,66.8,63.8
2025-07-22,7,64.7,61.6
2025-07-22,8,65.8,62.6
2025-07-22,9,72.6,69.5
2025-07-22,10,76.9,72.4
2025-07-22,11,79.3,74.8
2025-07-22,12,82.2,78.4
2025-07-22,13,86.1,82.7
2025-07-22,14,90.4,88.1
2025-07-22,15,90.4,87.4
2025-07-22,16,91.1,87.3
2025-07-22,17,89.5,85.8
2025-07-22,18,91.1,88.4
2025-07-22,19,90.7,86.8
2025-07-22,20,84.4,81.3
2025-07-22,21,81.2,78.5
2025-07-22,22,75.4,73.9
2025-07-22,23,72.2,70.0
2025-07-22,24,70.9,69.7
2025-07-23,1,70.4,68.6
2025-07-23,2,70.5,68.6
2025-07-23,3,70.6,68.2
2025-07-23,4,66.9,66.0
2025-07-23,5,65.2,62.8
2025-07-23,6,64.9,62.1
2025-07-23,7,64.8,61.3
2025-07-23,8,64.9,61.6
2025-07-23,9,70.8,68.1
2025-07-23,10,74.9,70.8
2025-07-23,11,78.4,73.5
2025-07-23,12,81.7,77.4
2025-07-23,13,85.3,82.1
2025-07-23,14,88.1,85.4
2025-07-23,15,89.7,86.9
2025-07-23,16,90.9,88.0
2025-07-23,17,91.9,87.0
2025-07-23,18,91.8,86.5
2025-07-23,19,89.9,84.3
2025-07-23,20,86.3,82.6
2025-07-23,21,82.9,79.9
2025-07-23,22,76.9,73.7
2025-07-23,23,74.2,70.7
2025-07-23,24,72.4,68.2
2025-07-24,1,70.9,66.6
2025-07-24,2,71.8,70.1
2025-07-24,3,70.5,69.4
2025-07-24,4,68.7,67.9
2025-07-24,5,66.1,64.8
2025-07-24,6,64.3,62.3
2025-07-24,7,64.3,61.7
2025-07-24,8,67.7,63.8
2025-07-24,9,73.0,69.1
2025-07-24,10,77.3,71.5
2025-07-24,11,80.2,73.9
2025-07-24,12,82.8,76.9
2025-07-24,13,85.4,80.8
2025-07-24,14,87.8,84.0
2025-07-24,15,90.2,86.0
2025-07-24,16,91.2,86.2
2025-07-24,17,92.3,86.5
2025-07-24,18,92.7,84.7
2025-07-24,19,92.6,85.7
2025-07-24,20,90.4,83.6
2025-07-24,21,84.5,78.5
2025-07-24,22,81.2,76.1
2025-07-24,23,77.7,72.6
2025-07-24,24,72.3,68.1
2025-07-25,1,68.7,63.9
2025-07-25,2,67.6,64.3
2025-07-25,3,67.3,64.2
2025-07-25,4,65.2,62.3
2025-07-25,5,63.4,60.4
2025-07-25,6,62.7,59.5
2025-07-25,7,62.1,58.4
2025-07-25,8,61.0,56.6
2025-07-25,9,68.8,64.6
2025-07-25,10,74.4,68.8
2025-07-25,11,78.8,71.8
2025-07-25,12,82.7,76.9
2025-07-25,13,85.2,80.7
2025-07-25,14,87.9,83.7
2025-07-25,15,89.9,84.9
2025-07-25,16,91.7,85.4
2025-07-25,17,93.4,87.6
2025-07-25,18,93.1,87.4
2025-07-25,19,91.8,84.2
2025-07-25,20,90.0,82.9
2025-07-25,21,84.1,77.4
2025-07-25,22,78.8,72.7
2025-07-25,23,76.5,70.5
2025-07-25,24,72.2,67.4
2025-07-26,1,70.6,65.0
2025-07-26,2,70.4,66.7
2025-07-26,3,69.2,66.8
2025-07-26,4,67.0,64.3
2025-07-26,5,67.8,63.4
2025-07-26,6,68.2,63.3
2025-07-26,7,68.4,63.1
2025-07-26,8,67.5,61.9
2025-07-26,9,71.0,66.0
2025-07-26,10,78.1,73.6
2025-07-26,11,80.9,75.0
2025-07-26,12,83.5,76.7
2025-07-26,13,87.5,81.7
2025-07-26,14,89.4,84.9
2025-07-26,15,90.4,86.6
2025-07-26,16,91.3,87.1
2025-07-26,17,91.7,85.7
2025-07-26,18,90.8,83.7
2025-07-26,19,91.4,82.7
2025-07-26,20,89.7,81.8
2025-07-26,21,84.8,78.3
2025-07-26,22,78.6,73.6
2025-07-26,23,76.1,71.1
2025-07-26,24,73.4,67.0
2025-07-27,1,71.5,65.5
2025-07-27,2,69.0,64.3
2025-07-27,3,66.7,62.0
2025-07-27,4,65.4,59.9
2025-07-27,5,64.2,58.5
2025-07-27,6,62.4,56.9
2025-07-27,7,61.2,56.0
2025-07-27,8,62.0,56.6
2025-07-27,9,68.7,64.1
2025-07-27,10,75.3,69.6
2025-07-27,11,79.3,71.8
2025-07-27,12,82.3,75.0
2025-07-27,13,86.1,79.9
2025-07-27,14,89.2,83.6
2025-07-27,15,91.1,86.1
2025-07-27,16,92.3,87.7
2025-07-27,17,93.2,87.1
2025-07-27,18,93.2,86.0
2025-07-27,19,92.5,83.9
2025-07-27,20,90.7,82.5
2025-07-27,21,84.3,77.0
2025-07-27,22,79.4,72.3
2025-07-27,23,76.0,69.3
2025-07-27,24,71.2,64.3
2025-07-28,1,68.8,61.6
2025-07-28,2,67.6,62.3
2025-07-28,3,67.0,62.2
2025-07-28,4,66.6,61.9
2025-07-28,5,65.4,60.7
2025-07-28,6,63.7,59.0
2025-07-28,7,63.0,58.8
2025-07-28,8,63.6,59.9
2025-07-28,9,70.7,68.0
2025-07-28,10,75.9,71.8
2025-07-28,11,80.5,74.6
2025-07-28,12,85.7,80.5
2025-07-28,13,89.7,85.8
2025-07-28,14,92.2,88.5
2025-07-28,15,93.4,89.5
2025-07-28,16,94.9,88.9
2025-07-28,17,96.6,90.0
2025-07-28,18,96.9,90.8
2025-07-28,19,95.6,87.5
2025-07-28,20,94.5,86.4
2025-07-28,21,87.1,80.9
2025-07-28,22,83.5,77.9
2025-07-28,23,77.4,72.2
2025-07-28,24,73.0,67.5
2025-07-29,1,71.8,66.4
2025-07-29,2,72.1,66.6
2025-07-29,3,72.1,68.4
2025-07-29,4,70.9,67.6
2025-07-29,5,69.9,67.1
2025-07-29,6,67.9,64.2
2025-07-29,7,67.6,63.6
2025-07-29,8,67.4,63.4
2025-07-29,9,72.7,69.9
2025-07-29,10,78.0,74.2
2025-07-29,11,81.5,76.4
2025-07-29,12,84.7,79.3
2025-07-29,13,88.6,86.2
2025-07-29,14,92.0,89.8
2025-07-29,15,92.3,86.9
2025-07-29,16,94.6,87.9
2025-07-29,17,96.6,90.0
2025-07-29,18,96.6,89.5
2025-07-29,19,96.1,87.4
2025-07-29,20,94.5,85.7
2025-07-29,21,88.2,80.1
2025-07-29,22,80.7,74.1
2025-07-29,23,76.8,71.0
2025-07-29,24,72.6,66.2
2025-07-30,1,69.8,63.8
2025-07-30,2,72.3,68.5
2025-07-30,3,71.9,68.6
2025-07-30,4,68.8,65.7
2025-07-30,5,65.9,62.4
2025-07-30,6,64.3,60.2
2025-07-30,7,63.3,59.5
2025-07-30,8,65.2,61.5
2025-07-30,9,72.1,69.6
2025-07-30,10,78.3,76.0
2025-07-30,11,82.6,78.5
2025-07-30,12,86.8,81.7
2025-07-30,13,90.7,86.2
2025-07-30,14,93.4,89.0
2025-07-30,15,95.5,90.2
2025-07-30,16,96.9,92.1
2025-07-30,17,97.3,92.9
2025-07-30,18,96.8,90.4
2025-07-30,19,96.5,88.8
2025-07-30,20,94.5,87.1
2025-07-30,21,87.3,81.0
2025-07-30,22,82.3,76.7
2025-07-30,23,80.5,74.6
2025-07-30,24,77.0,70.4
2025-07-31,1,74.5,67.4
2025-07-31,2,72.6,65.2
2025-07-31,3,71.2,64.1
2025-07-31,4,69.2,62.0
2025-07-31,5,67.5,61.0
2025-07-31,6,64.9,59.3
2025-07-31,7,63.7,58.4
2025-07-31,8,63.9,57.7
2025-07-31,9,70.8,64.8
2025-07-31,10,76.5,71.0
2025-07-31,11,80.7,72.7
2025-07-31,12,84.5,76.0
2025-07-31,13,89.3,81.7
2025-07-31,14,92.2,87.2
2025-07-31,15,93.0,88.2
2025-07-31,16,94.0,89.0
2025-07-31,17,93.9,87.9
2025-07-31,18,93.1,85.5
2025-07-31,19,91.9,83.1
2025-07-31,20,90.1,82.2
2025-07-31,21,84.3,78.1
2025-07-31,22,78.4,72.0
2025-07-31,23,76.0,70.3
2025-07-31,24,70.4,64.7
2025-08-01,1,68.9,63.1
2025-08-01,2,69.2,64.3
2025-08-01,3,69.2,65.5
2025-08-01,4,67.5,64.6
2025-08-01,5,66.3,59.9
2025-08-01,6,66.3,59.6
2025-08-01,7,65.5,60.6
2025-08-01,8,65.8,62.3
2025-08-01,9,70.6,68.0
2025-08-01,10,74.9,70.5
2025-08-01,11,78.8,73.8
2025-08-01,12,83.0,78.2
2025-08-01,13,85.9,81.8
2025-08-01,14,88.5,84.6
2025-08-01,15,91.0,86.4
2025-08-01,16,93.1,88.4
2025-08-01,17,94.8,89.8
2025-08-01,18,94.2,90.8
2025-08-01,19,89.5,83.9
2025-08-01,20,86.6,81.5
2025-08-01,21,81.3,76.6
2025-08-01,22,77.3,72.7
2025-08-01,23,75.0,70.5
2025-08-01,24,73.3,68.6
2025-08-02,1,73.9,69.9
2025-08-02,2,73.1,71.1
2025-08-02,3,69.7,67.7
2025-08-02,4,67.3,64.7
2025-08-02,5,66.1,63.2
2025-08-02,6,65.2,61.8
2025-08-02,7,64.6,60.4
2025-08-02,8,64.7,60.8
2025-08-02,9,70.5,67.7
2025-08-02,10,76.5,73.7
2025-08-02,11,80.4,76.4
2025-08-02,12,83.4,79.4
2025-08-02,13,86.9,83.0
2025-08-02,14,90.0,86.9
2025-08-02,15,90.8,88.6
2025-08-02,16,92.0,90.8
2025-08-02,17,92.0,90.6
2025-08-02,18,87.9,84.5
2025-08-02,19,84.7,78.9
2025-08-02,20,83.4,77.6
2025-08-02,21,80.8,75.5
2025-08-02,22,76.8,71.0
2025-08-02,23,73.8,68.5
2025-08-02,24,71.2,66.5
2025-08-03,1,70.1,65.9
2025-08-03,2,68.1,64.0
2025-08-03,3,67.3,63.4
2025-08-03,4,68.4,66.3
2025-08-03,5,68.3,67.2
2025-08-03,6,67.5,66.6
2025-08-03,7,66.9,65.8
2025-08-03,8,65.7,64.7
2025-08-03,9,69.7,68.9
2025-08-03,10,73.0,70.5
2025-08-03,11,76.2,73.5
2025-08-03,12,80.3,79.0
2025-08-03,13,84.5,84.0
2025-08-03,14,87.8,87.2
2025-08-03,15,90.4,88.5
2025-08-03,16,92.2,89.6
2025-08-03,17,93.0,90.1
2025-08-03,18,92.2,86.0
2025-08-03,19,90.9,81.5
2025-08-03,20,88.2,81.1
2025-08-03,21,81.5,78.3
2025-08-03,22,74.1,70.2
2025-08-03,23,71.5,68.0
2025-08-03,24,70.5,66.3
2025-08-04,1,70.6,66.7
2025-08-04,2,70.1,68.3
2025-08-04,3,67.5,65.9
2025-08-04,4,65.4,63.5
2025-08-04,5,64.4,60.6
2025-08-04,6,63.5,58.6
2025-08-04,7,62.6,56.6
2025-08-04,8,63.4,57.8
2025-08-04,9,70.4,65.4
2025-08-04,10,77.8,72.0
2025-08-04,11,81.9,74.5
2025-08-04,12,84.5,77.3
2025-08-04,13,89.6,83.2
2025-08-04,14,92.2,86.6
2025-08-04,15,94.2,88.9
2025-08-04,16,95.3,90.3
2025-08-04,17,95.9,89.3
2025-08-04,18,94.6,85.6
2025-08-04,19,93.1,83.9
2025-08-04,20,90.9,81.5
2025-08-04,21,86.4,77.2
2025-08-04,22,83.0,74.0
2025-08-04,23,79.1,70.3
2025-08-04,24,74.2,67.6
2025-08-05,1,73.8,67.2
2025-08-05,2,70.9,65.8
2025-08-05,3,68.8,64.5
2025-08-05,4,68.8,65.1
2025-08-05,5,67.0,62.2
2025-08-05,6,66.8,62.4
2025-08-05,7,66.9,64.1
2025-08-05,8,63.4,61.0
2025-08-05,9,68.1,65.7
2025-08-05,10,73.2,71.4
2025-08-05,11,77.0,74.4
2025-08-05,12,81.0,78.3
2025-08-05,13,85.0,82.6
2025-08-05,14,87.6,85.0
2025-08-05,15,90.3,85.6
2025-08-05,16,93.6,88.4
2025-08-05,17,94.5,90.3
2025-08-05,18,94.2,88.4
2025-08-05,19,93.5,87.1
2025-08-05,20,91.4,85.9
2025-08-05,21,85.4,80.6
2025-08-05,22,79.2,74.8
2025-08-05,23,72.9,68.7
2025-08-05,24,71.9,68.2
2025-08-06,1,69.6,66.5
2025-08-06,2,69.4,66.2
2025-08-06,3,68.6,64.6
2025-08-06,4,67.3,62.5
2025-08-06,5,66.1,59.8
2025-08-06,6,64.9,59.0
2025-08-06,7,64.2,58.7
2025-08-06,8,64.0,58.9
2025-08-06,9,70.2,65.6
2025-08-06,10,77.6,72.9
2025-08-06,11,81.7,75.2
2025-08-06,12,85.5,79.0
2025-08-06,13,90.4,84.2
2025-08-06,14,94.7,90.6
2025-08-06,15,95.9,92.2
2025-08-06,16,96.9,92.8
2025-08-06,17,97.1,92.2
2025-08-06,18,96.7,90.6
2025-08-06,19,96.0,88.0
2025-08-06,20,93.7,86.8
2025-08-06,21,88.6,83.4
2025-08-06,22,83.2,78.4
2025-08-06,23,81.0,77.4
2025-08-06,24,78.7,73.9
2025-08-07,1,76.3,71.5
2025-08-07,2,73.7,69.7
2025-08-07,3,71.7,68.8
2025-08-07,4,70.1,68.1
2025-08-07,5,69.3,67.8
2025-08-07,6,68.1,66.1
2025-08-07,7,66.9,64.4
2025-08-07,8,67.0,65.1
2025-08-07,9,72.4,72.2
2025-08-07,10,79.0,76.6
2025-08-07,11,82.3,76.5
2025-08-07,12,85.5,79.9
2025-08-07,13,90.9,85.3
2025-08-07,14,94.1,88.5
2025-08-07,15,95.2,88.8
2025-08-07,16,96.6,90.7
2025-08-07,17,96.7,90.4
2025-08-07,18,97.3,89.4
2025-08-07,19,96.1,87.6
2025-08-07,20,94.9,87.5
2025-08-07,21,91.7,84.8
2025-08-07,22,84.5,80.5
2025-08-07,23,80.6,76.7
2025-08-07,24,78.1,75.9
2025-08-08,1,72.8,66.4
2025-08-08,2,72.1,65.7
2025-08-08,3,69.7,66.2
2025-08-08,4,69.9,67.2
2025-08-08,5,70.0,66.4
2025-08-08,6,70.1,66.0
2025-08-08,7,68.9,65.9
2025-08-08,8,66.1,63.6
2025-08-08,9,70.1,68.0
2025-08-08,10,73.7,69.6
2025-08-08,11,76.4,70.1
2025-08-08,12,78.2,72.1
2025-08-08,13,79.7,74.8
2025-08-08,14,81.1,77.0
2025-08-08,15,81.4,77.5
2025-08-08,16,81.8,77.2
2025-08-08,17,82.7,76.4
2025-08-08,18,83.2,75.2
2025-08-08,19,82.8,73.4
2025-08-08,20,80.4,70.8
2025-08-08,21,77.2,68.5
2025-08-08,22,73.9,65.9
2025-08-08,23,70.6,63.3
2025-08-08,24,68.7,61.7
2025-08-09,1,65.4,59.4
2025-08-09,2,64.1,58.1
2025-08-09,3,63.4,58.1
2025-08-09,4,63.4,58.1
2025-08-09,5,63.1,58.0
2025-08-09,6,63.4,58.7
2025-08-09,7,62.7,57.9
2025-08-09,8,61.1,56.8
2025-08-09,9,65.1,61.5
2025-08-09,10,69.4,63.8
2025-08-09,11,71.9,66.3
2025-08-09,12,75.2,71.1
2025-08-09,13,78.7,75.1
2025-08-09,14,80.9,76.8
2025-08-09,15,81.1,74.5
2025-08-09,16,79.9,71.3
2025-08-09,17,78.9,68.1
2025-08-09,18,80.0,69.5
2025-08-09,19,78.7,67.5
2025-08-09,20,75.9,66.1
2025-08-09,21,74.2,65.4
2025-08-09,22,67.4,60.6
2025-08-09,23,66.0,59.2
2025-08-09,24,64.3,57.8
2025-08-10,1,62.3,56.2
2025-08-10,2,62.6,57.4
2025-08-10,3,62.6,57.5
2025-08-10,4,62.1,57.6
2025-08-10,5,61.6,57.7
2025-08-10,6,61.3,57.3
2025-08-10,7,60.7,56.5
2025-08-10,8,60.6,57.3
2025-08-10,9,64.3,62.8
2025-08-10,10,68.4,64.6
2025-08-10,11,71.9,67.2
2025-08-10,12,75.2,71.7
2025-08-10,13,78.3,75.6
2025-08-10,14,80.9,78.3
2025-08-10,15,83.0,79.5
2025-08-10,16,84.3,80.0
2025-08-10,17,85.0,78.8
2025-08-10,18,84.7,75.7
2025-08-10,19,82.9,72.1
2025-08-10,20,81.4,71.9
2025-08-10,21,77.9,71.4
2025-08-10,22,72.8,66.3
2025-08-10,23,70.8,64.3
2025-08-10,24,68.6,62.3
2025-08-11,1,67.6,63.0
2025-08-11,2,66.9,62.8
2025-08-11,3,66.0,62.1
2025-08-11,4,65.5,62.0
2025-08-11,5,65.6,62.6
2025-08-11,6,65.2,62.5
2025-08-11,7,64.7,62.4
2025-08-11,8,63.1,61.1
2025-08-11,9,67.1,66.7
2025-08-11,10,71.7,69.1
2025-08-11,11,74.9,71.5
2025-08-11,12,78.6,76.0
2025-08-11,13,82.3,81.1
2025-08-11,14,85.2,83.8
2025-08-11,15,87.4,84.5
2025-08-11,16,88.6,83.8
2025-08-11,17,89.2,82.4
2025-08-11,18,88.6,80.0
2025-08-11,19,87.3,77.8
2025-08-11,20,85.0,76.3
2025-08-11,21,81.5,75.1
2025-08-11,22,76.2,71.1
2025-08-11,23,72.4,67.9
2025-08-11,24,70.2,66.5
2025-08-12,1,70.4,67.3
2025-08-12,2,70.1,67.1
2025-08-12,3,69.9,67.0
2025-08-12,4,69.3,66.3
2025-08-12,5,69.0,66.4
2025-08-12,6,68.3,65.3
2025-08-12,7,67.2,64.4
2025-08-12,8,66.3,63.7
2025-08-12,9,69.9,69.1
2025-08-12,10,74.1,72.0
2025-08-12,11,77.5,75.0
2025-08-12,12,81.6,79.5
2025-08-12,13,85.8,83.8
2025-08-12,14,88.7,86.7
2025-08-12,15,90.5,88.2
2025-08-12,16,91.2,87.6
2025-08-12,17,90.4,84.8
2025-08-12,18,89.6,82.8
2025-08-12,19,89.2,81.5
2025-08-12,20,86.8,82.0
2025-08-12,21,83.3,81.6
2025-08-12,22,79.2,75.6
2025-08-12,23,76.4,73.2
2025-08-12,24,73.7,70.4
2025-08-13,1,72.1,69.4
2025-08-13,2,70.1,67.0
2025-08-13,3,69.4,66.3
2025-08-13,4,69.3,66.2
2025-08-13,5,69.6,66.1
2025-08-13,6,69.6,66.3
2025-08-13,7,68.8,66.8
2025-08-13,8,66.4,65.7
2025-08-13,9,71.3,71.4
2025-08-13,10,76.8,75.2
2025-08-13,11,80.6,76.8
2025-08-13,12,85.1,80.8
2025-08-13,13,89.7,85.5
2025-08-13,14,93.8,90.3
2025-08-13,15,96.3,92.9
2025-08-13,16,97.6,93.6
2025-08-13,17,98.7,94.5
2025-08-13,18,98.5,93.6
2025-08-13,19,94.8,86.7
2025-08-13,20,90.9,82.4
2025-08-13,21,86.8,79.3
2025-08-13,22,86.1,77.5
2025-08-13,23,82.0,76.6
2025-08-13,24,78.8,74.7
2025-08-14,1,75.1,71.6
2025-08-14,2,72.7,69.5
2025-08-14,3,71.6,69.3
2025-08-14,4,70.6,67.7
2025-08-14,5,70.1,67.4
2025-08-14,6,70.6,67.9
2025-08-14,7,70.9,68.4
2025-08-14,8,69.2,66.7
2025-08-14,9,73.3,72.8
2025-08-14,10,78.1,78.2
2025-08-14,11,82.4,80.4
2025-08-14,12,86.6,82.8
2025-08-14,13,89.7,85.3
2025-08-14,14,90.8,87.9
2025-08-14,15,92.8,89.5
2025-08-14,16,94.1,90.3
2025-08-14,17,96.7,94.3
2025-08-14,18,93.2,88.6
2025-08-14,19,88.8,81.1
2025-08-14,20,85.6,80.1
2025-08-14,21,81.7,76.8
2025-08-14,22,77.8,73.5
2025-08-14,23,74.2,72.5
2025-08-14,24,75.3,74.2
2025-08-15,1,73.1,70.9
2025-08-15,2,71.4,68.7
2025-08-15,3,69.5,67.0
2025-08-15,4,70.9,68.6
2025-08-15,5,71.4,69.2
2025-08-15,6,68.4,66.0
2025-08-15,7,67.0,65.7
2025-08-15,8,70.1,69.6
2025-08-15,9,73.7,75.0
2025-08-15,10,77.8,76.3
2025-08-15,11,81.3,79.5
2025-08-15,12,84.8,81.8
2025-08-15,13,87.4,82.8
2025-08-15,14,89.1,85.4
2025-08-15,15,91.5,88.0
2025-08-15,16,90.4,84.5
2025-08-15,17,91.3,84.1
2025-08-15,18,90.1,82.8
2025-08-15,19,88.9,81.8
2025-08-15,20,87.0,81.4
2025-08-15,21,82.1,77.9
2025-08-15,22,79.7,75.0
2025-08-15,23,76.3,72.9
2025-08-15,24,74.9,72.9
2025-08-16,1,73.1,72.8
2025-08-16,2,72.0,72.3
2025-08-16,3,70.2,70.0
2025-08-16,4,68.9,69.0
2025-08-16,5,67.8,68.1
2025-08-16,6,66.1,66.4
2025-08-16,7,66.7,67.2
2025-08-16,8,68.3,69.3
2025-08-16,9,70.8,71.9
2025-08-16,10,75.3,73.8
2025-08-16,11,78.7,73.6
2025-08-16,12,80.6,76.1
2025-08-16,13,84.7,81.7
2025-08-16,14,88.3,84.9
2025-08-16,15,89.6,84.8
2025-08-16,16,90.4,85.9
2025-08-16,17,90.4,85.7
2025-08-16,18,89.8,84.0
2025-08-16,19,89.4,81.7
2025-08-16,20,79.7,74.2
2025-08-16,21,79.3,74.9
2025-08-16,22,76.3,74.1
2025-08-16,23,73.3,72.4
2025-08-16,24,70.9,70.9
2025-08-17,1,69.7,70.4
2025-08-17,2,68.8,69.1
2025-08-17,3,68.8,68.9
2025-08-17,4,67.0,67.5
2025-08-17,5,65.9,66.8
2025-08-17,6,64.8,65.8
2025-08-17,7,64.1,64.6
2025-08-17,8,63.7,63.4
2025-08-17,9,69.0,68.7
2025-08-17,10,73.5,71.9
2025-08-17,11,76.9,74.0
2025-08-17,12,80.3,76.2
2025-08-17,13,82.5,79.5
2025-08-17,14,85.3,83.7
2025-08-17,15,87.6,84.7
2025-08-17,16,89.0,85.0
2025-08-17,17,89.7,84.9
2025-08-17,18,89.6,83.6
2025-08-17,19,89.8,83.2
2025-08-17,20,88.6,81.3
2025-08-17,21,81.1,76.2
2025-08-17,22,78.2,74.6
2025-08-17,23,75.7,72.7
2025-08-17,24,73.1,70.1
2025-08-18,1,72.7,69.9
2025-08-18,2,70.8,67.8
2025-08-18,3,68.4,66.3
2025-08-18,4,66.2,65.5
2025-08-18,5,64.8,65.0
2025-08-18,6,63.6,63.8
2025-08-18,7,62.8,63.4
2025-08-18,8,62.3,62.0
2025-08-18,9,68.0,68.1
2025-08-18,10,74.5,73.6
2025-08-18,11,78.7,75.2
2025-08-18,12,83.1,77.5
2025-08-18,13,85.9,80.4
2025-08-18,14,88.3,83.5
2025-08-18,15,90.6,85.6
2025-08-18,16,92.6,87.7
2025-08-18,17,93.4,88.0
2025-08-18,18,93.8,87.3
2025-08-18,19,93.1,85.3
2025-08-18,20,89.7,84.2
2025-08-18,21,82.9,78.4
2025-08-18,22,79.6,74.7
2025-08-18,23,74.7,69.0
2025-08-18,24,70.7,64.5
2025-08-19,1,69.6,64.5
2025-08-19,2,69.8,65.0
2025-08-19,3,68.8,64.0
2025-08-19,4,67.8,63.4
2025-08-19,5,66.7,63.0
2025-08-19,6,66.1,63.4
2025-08-19,7,65.1,63.6
2025-08-19,8,64.0,62.7
2025-08-19,9,69.0,68.6
2025-08-19,10,74.8,72.8
2025-08-19,11,78.5,75.6
2025-08-19,12,83.2,78.7
2025-08-19,13,88.3,84.0
2025-08-19,14,92.4,88.4
2025-08-19,15,95.1,91.1
2025-08-19,16,96.5,92.8
2025-08-19,17,96.8,93.5
2025-08-19,18,96.7,92.0
2025-08-19,19,96.0,87.9
2025-08-19,20,90.2,87.7
2025-08-19,21,83.3,77.0
2025-08-19,22,79.5,74.4
2025-08-19,23,77.0,72.3
2025-08-19,24,75.3,70.0
2025-08-20,1,76.2,70.9
2025-08-20,2,76.2,71.1
2025-08-20,3,75.5,70.6
2025-08-20,4,74.0,69.2
2025-08-20,5,72.4,68.6
2025-08-20,6,70.8,68.5
2025-08-20,7,69.4,68.8
2025-08-20,8,69.4,67.7
2025-08-20,9,72.7,72.0
2025-08-20,10,77.8,75.8
2025-08-20,11,82.1,78.4
2025-08-20,12,87.1,82.2
2025-08-20,13,90.9,86.5
2025-08-20,14,94.0,90.5
2025-08-20,15,96.6,93.3
2025-08-20,16,96.9,94.7
2025-08-20,17,95.8,88.6
2025-08-20,18,95.7,90.1
2025-08-20,19,94.0,87.4
2025-08-20,20,90.1,83.5
2025-08-20,21,84.2,81.1
2025-08-20,22,83.3,78.9
2025-08-20,23,82.0,77.8
2025-08-20,24,79.3,75.4
2025-08-21,1,77.1,73.5
2025-08-21,2,76.0,71.9
2025-08-21,3,74.4,71.5
2025-08-21,4,74.2,72.7
2025-08-21,5,73.4,72.9
2025-08-21,6,73.9,73.5
2025-08-21,7,72.8,71.9
2025-08-21,8,71.9,69.2
2025-08-21,9,75.1,74.8
2025-08-21,10,80.3,78.0
2025-08-21,11,83.3,79.8
2025-08-21,12,85.7,81.8
2025-08-21,13,87.7,84.9
2025-08-21,14,88.6,85.6
2025-08-21,15,89.8,85.6
2025-08-21,16,89.7,88.2
2025-08-21,17,92.2,90.1
2025-08-21,18,89.5,83.8
2025-08-21,19,89.0,85.2
2025-08-21,20,88.5,85.4
2025-08-21,21,83.8,80.7
2025-08-21,22,81.6,77.6
2025-08-21,23,78.5,76.5
2025-08-21,24,76.7,75.9
2025-08-22,1,75.4,76.0
2025-08-22,2,74.6,75.1
2025-08-22,3,73.6,74.2
2025-08-22,4,72.5,73.1
2025-08-22,5,72.3,73.4
2025-08-22,6,72.2,73.5
2025-08-22,7,71.0,72.7
2025-08-22,8,72.2,72.3
2025-08-22,9,74.9,75.6
2025-08-22,10,79.2,79.6
2025-08-22,11,82.8,82.4
2025-08-22,12,86.8,85.6
2025-08-22,13,90.8,89.7
2025-08-22,14,90.5,88.8
2025-08-22,15,91.8,91.0
2025-08-22,16,91.9,90.2
2025-08-22,17,86.1,81.4
2025-08-22,18,89.5,89.1
2025-08-22,19,87.3,85.1
2025-08-22,20,84.7,81.6
2025-08-22,21,80.5,81.7
2025-08-22,22,77.5,77.5
2025-08-22,23,76.0,76.6
2025-08-22,24,75.1,75.7
2025-08-23,1,73.8,74.5
2025-08-23,2,72.8,73.5
2025-08-23,3,72.2,73.4
2025-08-23,4,72.1,74.7
2025-08-23,5,71.4,74.8
2025-08-23,6,70.7,73.9
2025-08-23,7,70.3,73.5
2025-08-23,8,71.6,73.0
2025-08-23,9,74.5,76.4
2025-08-23,10,78.2,78.9
2025-08-23,11,81.9,80.9
2025-08-23,12,85.0,83.0
2025-08-23,13,88.6,87.4
2025-08-23,14,91.0,87.7
2025-08-23,15,91.3,89.5
2025-08-23,16,90.7,88.7
2025-08-23,17,90.7,86.4
2025-08-23,18,88.6,85.7
2025-08-23,19,87.2,83.7
2025-08-23,20,84.8,83.2
2025-08-23,21,80.8,78.3
2025-08-23,22,76.0,76.7
2025-08-23,23,74.5,75.5
2025-08-23,24,73.3,73.8
2025-08-24,1,72.7,73.6
2025-08-24,2,72.6,75.0
2025-08-24,3,71.5,73.7
2025-08-24,4,70.6,73.9
2025-08-24,5,69.6,72.4
2025-08-24,6,69.7,72.8
2025-08-24,7,69.9,72.9
2025-08-24,8,70.5,72.7
2025-08-24,9,71.5,72.0
2025-08-24,10,70.4,70.9
2025-08-24,11,68.4,71.4
2025-08-24,12,74.4,73.7
2025-08-24,13,77.8,78.4
2025-08-24,14,80.1,81.3
2025-08-24,15,82.3,83.0
2025-08-24,16,84.3,84.8
2025-08-24,17,84.0,82.7
2025-08-24,18,84.9,83.0
2025-08-24,19,83.2,81.1
2025-08-24,20,80.5,82.0
2025-08-24,21,77.7,81.2
2025-08-24,22,73.6,73.9
2025-08-24,23,71.5,73.9
2025-08-24,24,69.5,70.7
2025-08-25,1,68.6,72.2
2025-08-25,2,67.4,67.9
2025-08-25,3,66.1,69.0
2025-08-25,4,64.7,67.4
2025-08-25,5,66.1,69.0
2025-08-25,6,66.6,69.2
2025-08-25,7,66.8,69.6
2025-08-25,8,64.3,67.0
2025-08-25,9,67.9,70.2
2025-08-25,10,71.1,73.0
2025-08-25,11,74.1,74.6
2025-08-25,12,77.8,78.0
2025-08-25,13,81.1,82.0
2025-08-25,14,83.4,83.9
2025-08-25,15,85.9,87.0
2025-08-25,16,85.0,84.3
2025-08-25,17,83.2,82.7
2025-08-25,18,83.2,80.6
2025-08-25,19,81.4,78.0
2025-08-25,20,80.3,79.5
2025-08-25,21,76.3,76.0
2025-08-25,22,74.2,74.0
2025-08-25,23,71.8,72.0
2025-08-25,24,70.2,70.9
2025-08-26,1,71.0,72.5
2025-08-26,2,71.6,73.0
2025-08-26,3,71.8,73.8
2025-08-26,4,70.6,72.1
2025-08-26,5,68.5,70.3
2025-08-26,6,67.9,70.2
2025-08-26,7,68.0,70.0
2025-08-26,8,64.3,67.5
2025-08-26,9,65.8,66.9
2025-08-26,10,68.0,68.5
2025-08-26,11,69.7,69.9
2025-08-26,12,69.6,70.4
2025-08-26,13,68.8,70.5
2025-08-26,14,74.0,76.2
2025-08-26,15,76.6,78.5
2025-08-26,16,72.9,74.1
2025-08-26,17,69.5,69.8
2025-08-26,18,69.7,72.0
2025-08-26,19,70.1,71.5
2025-08-26,20,68.7,70.8
2025-08-26,21,68.1,69.6
2025-08-26,22,65.1,67.6
2025-08-26,23,65.8,69.2
2025-08-26,24,65.8,68.6
2025-08-27,1,65.3,67.8
2025-08-27,2,64.5,66.6
2025-08-27,3,64.5,66.5
2025-08-27,4,63.6,65.3
2025-08-27,5,62.1,63.5
2025-08-27,6,60.6,61.6
2025-08-27,7,60.5,62.3
2025-08-27,8,62.4,63.7
2025-08-27,9,64.2,64.2
2025-08-27,10,68.3,67.5
2025-08-27,11,71.1,69.4
2025-08-27,12,72.6,70.6
2025-08-27,13,73.3,71.3
2025-08-27,14,75.1,73.0
2025-08-27,15,73.5,74.3
2025-08-27,16,70.5,71.0
2025-08-27,17,74.2,74.5
2025-08-27,18,74.7,75.7
2025-08-27,19,74.9,74.9
2025-08-27,20,70.3,70.3
2025-08-27,21,67.8,67.8
2025-08-27,22,66.8,66.8
2025-08-27,23,63.7,63.7
2025-08-27,24,61.3,61.3
2025-08-28,1,59.6,59.6
2025-08-28,2,60.7,60.7
2025-08-28,3,59.8,59.8
2025-08-28,4,59.4,59.4
2025-08-28,5,60.0,60.0
2025-08-28,6,59.2,59.2
2025-08-28,7,59.7,59.7
2025-08-28,8,57.1,57.1
2025-08-28,9,60.8,60.8
2025-08-28,10,64.8,64.8
2025-08-28,11,66.9,66.9
2025-08-28,12,67.8,67.8
2025-08-28,13,70.8,70.8
2025-08-28,14,70.4,70.4
2025-08-28,15,72.0,72.0
2025-08-28,16,73.4,73.4
2025-08-28,17,70.6,70.6
2025-08-28,18,73.0,73.0
2025-08-28,19,71.5,71.5
2025-08-28,20,71.3,71.3
2025-08-28,21,68.1,68.1
2025-08-28,22,67.0,67.0
2025-08-28,23,65.6,65.6
2025-08-28,24,64.5,64.5
2025-08-29,1,63.6,63.6
2025-08-29,2,63.4,63.4
2025-08-29,3,63.9,63.9
2025-08-29,4,63.7,63.7
2025-08-29,5,63.5,63.5
2025-08-29,6,63.4,63.4
2025-08-29,7,63.2,63.2
2025-08-29,8,62.4,62.4
2025-08-29,9,65.2,65.2
2025-08-29,10,68.8,68.8
2025-08-29,11,71.5,71.5
2025-08-29,12,72.2,72.2
2025-08-29,13,74.9,74.9
2025-08-29,14,73.7,73.7
2025-08-29,15,77.7,77.7
2025-08-29,16,74.8,74.8
2025-08-29,17,73.1,73.1
2025-08-29,18,73.4,73.4
2025-08-29,19,76.0,76.0
2025-08-29,20,72.8,72.8
2025-08-29,21,69.8,69.8
2025-08-29,22,67.1,67.1
2025-08-29,23,66.1,66.1
2025-08-29,24,65.2,65.2
2025-08-30,1,64.1,64.1
2025-08-30,2,62.8,62.8
2025-08-30,3,62.0,62.0
2025-08-30,4,61.8,61.8
2025-08-30,5,61.4,61.4
2025-08-30,6,60.9,60.9
2025-08-30,7,60.6,60.6
2025-08-30,8,60.0,60.0
2025-08-30,9,62.8,62.8
2025-08-30,10,67.4,67.4
2025-08-30,11,70.2,70.2
2025-08-30,12,73.3,73.3
2025-08-30,13,76.2,76.2
2025-08-30,14,79.6,79.6
2025-08-30,15,81.6,81.6
2025-08-30,16,81.7,81.7
2025-08-30,17,81.7,81.7
2025-08-30,18,80.9,80.9
2025-08-30,19,79.0,79.0
2025-08-30,20,77.8,77.8
2025-08-30,21,71.5,71.5
2025-08-30,22,68.4,68.4
2025-08-30,23,66.1,66.1
2025-08-30,24,64.8,64.8
2025-08-31,1,64.9,64.9
2025-08-31,2,64.4,64.4
2025-08-31,3,63.9,63.9
2025-08-31,4,63.5,63.5
2025-08-31,5,63.1,63.1
2025-08-31,6,62.7,62.7
2025-08-31,7,61.6,61.6
2025-08-31,8,60.1,60.1
2025-08-31,9,62.7,62.7
2025-08-31,10,67.5,67.5
2025-08-31,11,71.6,71.6
2025-08-31,12,76.0,76.0
2025-08-31,13,80.3,80.3
2025-08-31,14,84.0,84.0
2025-08-31,15,86.1,86.1
2025-08-31,16,87.4,87.4
2025-08-31,17,87.9,87.9
2025-08-31,18,88.0,88.0
2025-08-31,19,84.8,84.8
2025-08-31,20,82.6,82.6
2025-08-31,21,74.7,74.7
2025-08-31,22,68.3,68.3
2025-08-31,23,68.4,68.4
2025-08-31,24,67.1,67.1
2025-09-01,1,67.7,67.7
2025-09-01,2,68.0,68.0
2025-09-01,3,68.3,68.3
2025-09-01,4,67.5,67.5
2025-09-01,5,66.1,66.1
2025-09-01,6,64.8,64.8
2025-09-01,7,63.6,63.6
2025-09-01,8,63.2,63.2
2025-09-01,9,65.3,65.3
2025-09-01,10,71.2,71.2
2025-09-01,11,75.2,75.2
2025-09-01,12,79.2,79.2
2025-09-01,13,83.8,83.8
2025-09-01,14,87.9,87.9
2025-09-01,15,89.9,89.9
2025-09-01,16,90.1,90.1
2025-09-01,17,88.8,88.8
2025-09-01,18,86.8,86.8
2025-09-01,19,85.0,85.0
2025-09-01,20,83.4,83.4
2025-09-01,21,75.9,75.9
2025-09-01,22,71.9,71.9
2025-09-01,23,71.0,71.0
2025-09-01,24,71.5,71.5
2025-09-02,1,71.9,71.9
2025-09-02,2,71.5,71.5
2025-09-02,3,70.6,70.6
2025-09-02,4,68.8,68.8
2025-09-02,5,67.2,67.2
2025-09-02,6,65.9,65.9
2025-09-02,7,64.5,64.5
2025-09-02,8,65.6,65.6
2025-09-02,9,67.7,67.7
2025-09-02,10,72.2,72.2
2025-09-02,11,75.8,75.8
2025-09-02,12,80.3,80.3
2025-09-02,13,85.0,85.0
2025-09-02,14,88.8,88.8
2025-09-02,15,91.3,91.3
2025-09-02,16,91.5,91.5
2025-09-02,17,91.4,91.4
2025-09-02,18,90.1,90.1
2025-09-02,19,88.7,88.7
2025-09-02,20,85.6,85.6
2025-09-02,21,78.7,78.7
2025-09-02,22,72.8,72.8
2025-09-02,23,71.5,71.5
2025-09-02,24,69.9,69.9
2025-09-03,1,68.8,68.8
2025-09-03,2,68.5,68.5
2025-09-03,3,68.3,68.3
2025-09-03,4,67.9,67.9
2025-09-03,5,67.6,67.6
2025-09-03,6,67.1,67.1
2025-09-03,7,66.1,66.1
2025-09-03,8,64.0,64.0
2025-09-03,9,66.7,66.7
2025-09-03,10,72.1,72.1
2025-09-03,11,76.0,76.0
2025-09-03,12,80.5,80.5
2025-09-03,13,84.4,84.4
2025-09-03,14,87.5,87.5
2025-09-03,15,89.9,89.9
2025-09-03,16,91.1,91.1
2025-09-03,17,90.6,90.6
2025-09-03,18,89.1,89.1
2025-09-03,19,86.0,86.0
2025-09-03,20,82.8,82.8
2025-09-03,21,78.1,78.1
2025-09-03,22,74.4,74.4
2025-09-03,23,71.9,71.9
2025-09-03,24,71.3,71.3
2025-09-04,1,71.4,71.4
2025-09-04,2,69.6,69.6
2025-09-04,3,67.9,67.9
2025-09-04,4,67.2,67.2
2025-09-04,5,66.1,66.1
2025-09-04,6,65.0,65.0
2025-09-04,7,63.4,63.4
2025-09-04,8,62.6,62.6
2025-09-04,9,66.1,66.1
2025-09-04,10,71.3,71.3
2025-09-04,11,72.9,72.9
2025-09-04,12,76.0,76.0
2025-09-04,13,79.0,79.0
2025-09-04,14,81.6,81.6
2025-09-04,15,84.1,84.1
2025-09-04,16,84.7,84.7
2025-09-04,17,82.1,82.1
2025-09-04,18,83.0,83.0
2025-09-04,19,81.0,81.0
2025-09-04,20,77.6,77.6
2025-09-04,21,72.8,72.8
2025-09-04,22,71.8,71.8
2025-09-04,23,70.8,70.8
2025-09-04,24,69.9,69.9
2025-09-05,1,68.4,68.4
2025-09-05,2,67.7,67.7
2025-09-05,3,67.8,67.8
2025-09-05,4,67.8,67.8
2025-09-05,5,65.5,65.5
2025-09-05,6,65.4,65.4
2025-09-05,7,65.2,65.2
2025-09-05,8,64.1,64.1
2025-09-05,9,67.1,67.1
2025-09-05,10,68.4,68.4
2025-09-05,11,69.7,69.7
2025-09-05,12,73.0,73.0
2025-09-05,13,75.8,75.8
2025-09-05,14,77.9,77.9
2025-09-05,15,79.6,79.6
2025-09-05,16,82.0,82.0
2025-09-05,17,83.3,83.3
2025-09-05,18,79.4,79.4
2025-09-05,19,77.8,77.8
2025-09-05,20,75.9,75.9
2025-09-05,21,72.8,72.8
2025-09-05,22,70.3,70.3
2025-09-05,23,67.6,67.6
2025-09-05,24,65.7,65.7
2025-09-06,1,64.3,64.3
2025-09-06,2,63.8,63.8
2025-09-06,3,64.3,64.3
2025-09-06,4,63.5,63.5
2025-09-06,5,63.4,63.4
2025-09-06,6,63.7,63.7
2025-09-06,7,62.8,62.8
2025-09-06,8,61.8,61.8
2025-09-06,9,65.3,65.3
2025-09-06,10,69.4,69.4
2025-09-06,11,70.1,70.1
2025-09-06,12,72.7,72.7
2025-09-06,13,75.4,75.4
2025-09-06,14,76.3,76.3
2025-09-06,15,78.1,78.1
2025-09-06,16,78.5,78.5
2025-09-06,17,81.1,81.1
2025-09-06,18,81.0,81.0
2025-09-06,19,76.0,76.0
2025-09-06,20,75.4,75.4
2025-09-06,21,69.4,69.4
2025-09-06,22,66.3,66.3
2025-09-06,23,66.1,66.1
2025-09-06,24,65.6,65.6
2025-09-07,1,65.1,65.1
2025-09-07,2,64.9,64.9
2025-09-07,3,65.2,65.2
2025-09-07,4,64.2,64.2
2025-09-07,5,63.0,63.0
2025-09-07,6,62.4,62.4
2025-09-07,7,61.3,61.3
2025-09-07,8,61.0,61.0
2025-09-07,9,64.0,64.0
2025-09-07,10,68.8,68.8
2025-09-07,11,71.9,71.9
2025-09-07,12,76.0,76.0
2025-09-07,13,78.7,78.7
2025-09-07,14,80.5,80.5
2025-09-07,15,83.2,83.2
2025-09-07,16,86.0,86.0
2025-09-07,17,87.4,87.4
2025-09-07,18,87.4,87.4
2025-09-07,19,85.9,85.9
2025-09-07,20,81.4,81.4
2025-09-07,21,76.9,76.9
2025-09-07,22,74.5,74.5
2025-09-07,23,72.0,72.0
2025-09-07,24,69.4,69.4
2025-09-08,1,66.8,66.8
2025-09-08,2,66.5,66.5
2025-09-08,3,64.5,64.5
2025-09-08,4,63.2,63.2
2025-09-08,5,62.5,62.5
2025-09-08,6,61.9,61.9
2025-09-08,7,60.8,60.8
2025-09-08,8,59.3,59.3
2025-09-08,9,62.5,62.5
2025-09-08,10,69.5,69.5
2025-09-08,11,73.4,73.4
2025-09-08,12,77.5,77.5
2025-09-08,13,80.0,80.0
2025-09-08,14,83.3,83.3
2025-09-08,15,86.3,86.3
2025-09-08,16,87.6,87.6
2025-09-08,17,87.7,87.7
2025-09-08,18,87.7,87.7
2025-09-08,19,86.7,86.7
2025-09-08,20,80.5,80.5
2025-09-08,21,76.6,76.6
2025-09-08,22,75.1,75.1
2025-09-08,23,71.2,71.2
2025-09-08,24,68.9,68.9
2025-09-09,1,66.7,66.7
2025-09-09,2,64.3,64.3
2025-09-09,3,63.0,63.0
2025-09-09,4,61.6,61.6
2025-09-09,5,60.9,60.9
2025-09-09,6,61.1,61.1
2025-09-09,7,60.6,60.6
2025-09-09,8,61.2,61.2
2025-09-09,9,63.6,63.6
2025-09-09,10,70.6,70.6
2025-09-09,11,74.7,74.7
2025-09-09,12,78.3,78.3
2025-09-09,13,80.4,80.4
2025-09-09,14,83.5,83.5
2025-09-09,15,85.7,85.7
2025-09-09,16,86.9,86.9
2025-09-09,17,87.7,87.7
2025-09-09,18,87.7,87.7
2025-09-09,19,86.6,86.6
2025-09-09,20,81.0,81.0
2025-09-09,21,75.1,75.1
2025-09-09,22,75.1,75.1
2025-09-09,23,72.4,72.4
2025-09-09,24,68.8,68.8
2025-09-10,1,67.0,67.0
2025-09-10,2,66.1,66.1
2025-09-10,3,63.9,63.9
2025-09-10,4,62.9,62.9
2025-09-10,5,61.9,61.9
2025-09-10,6,61.0,61.0
2025-09-10,7,60.4,60.4
2025-09-10,8,60.5,60.5
2025-09-10,9,62.8,62.8
2025-09-10,10,70.2,70.2
2025-09-10,11,74.2,74.2
2025-09-10,12,77.8,77.8
2025-09-10,13,81.0,81.0
2025-09-10,14,83.8,83.8
2025-09-10,15,86.3,86.3
2025-09-10,16,88.2,88.2
2025-09-10,17,86.6,86.6
2025-09-10,18,86.5,86.5
2025-09-10,19,85.6,85.6
2025-09-10,20,81.9,81.9
2025-09-10,21,77.4,77.4
2025-09-10,22,73.1,73.1
2025-09-10,23,70.2,70.2
2025-09-10,24,68.0,68.0
2025-09-11,1,67.0,67.0
2025-09-11,2,63.6,63.6
2025-09-11,3,63.1,63.1
2025-09-11,4,61.6,61.6
2025-09-11,5,58.6,58.6
2025-09-11,6,58.9,58.9
2025-09-11,7,58.9,58.9
2025-09-11,8,57.3,57.3
2025-09-11,9,60.4,60.4
2025-09-11,10,68.9,68.9
2025-09-11,11,72.6,72.6
2025-09-11,12,75.5,75.5
2025-09-11,13,78.3,78.3
2025-09-11,14,80.7,80.7
2025-09-11,15,82.7,82.7
2025-09-11,16,84.1,84.1
2025-09-11,17,82.5,82.5
2025-09-11,18,83.5,83.5
2025-09-11,19,81.7,81.7
2025-09-11,20,78.8,78.8
2025-09-11,21,73.4,73.4
2025-09-11,22,71.2,71.2
2025-09-11,23,69.8,69.8
2025-09-11,24,63.7,63.7
2025-09-12,1,63.8,63.8
2025-09-12,2,62.5,62.5
2025-09-12,3,60.1,60.1
2025-09-12,4,60.2,60.2
2025-09-12,5,58.9,58.9
2025-09-12,6,58.1,58.1
2025-09-12,7,59.1,59.1
2025-09-12,8,59.8,59.8
2025-09-12,9,61.3,61.3
2025-09-12,10,65.8,65.8
2025-09-12,11,68.5,68.5
2025-09-12,12,71.8,71.8
2025-09-12,13,74.9,74.9
2025-09-12,14,76.9,76.9
2025-09-12,15,80.1,80.1
2025-09-12,16,79.9,79.9
2025-09-12,17,76.9,76.9
2025-09-12,18,70.6,70.6
2025-09-12,19,70.6,70.6
2025-09-12,20,68.8,68.8
2025-09-12,21,65.3,65.3
2025-09-12,22,61.5,61.5
2025-09-12,23,61.3,61.3
2025-09-12,24,60.5,60.5
2025-09-13,1,60.7,60.7
2025-09-13,2,60.1,60.1
2025-09-13,3,59.4,59.4
2025-09-13,4,58.5,58.5
2025-09-13,5,58.3,58.3
2025-09-13,6,58.1,58.1
2025-09-13,7,58.6,58.6
2025-09-13,8,56.7,56.7
2025-09-13,9,58.0,58.0
2025-09-13,10,62.6,62.6
2025-09-13,11,64.9,64.9
2025-09-13,12,68.8,68.8
2025-09-13,13,72.7,72.7
2025-09-13,14,75.1,75.1
2025-09-13,15,70.6,70.6
2025-09-13,16,64.3,64.3
2025-09-13,17,69.4,69.4
2025-09-13,18,71.3,71.3
2025-09-13,19,70.4,70.4
2025-09-13,20,67.9,67.9
2025-09-13,21,62.8,62.8
2025-09-13,22,62.3,62.3
2025-09-13,23,61.4,61.4
2025-09-13,24,60.2,60.2
2025-09-14,1,58.7,58.7
2025-09-14,2,57.4,57.4
2025-09-14,3,56.9,56.9
2025-09-14,4,56.1,56.1
2025-09-14,5,56.0,56.0
2025-09-14,6,55.8,55.8
2025-09-14,7,54.6,54.6
2025-09-14,8,53.3,53.3
2025-09-14,9,55.4,55.4
2025-09-14,10,60.5,60.5
2025-09-14,11,63.8,63.8
2025-09-14,12,68.0,68.0
2025-09-14,13,72.5,72.5
2025-09-14,14,76.8,76.8
2025-09-14,15,79.2,79.2
2025-09-14,16,80.4,80.4
2025-09-14,17,81.0,81.0
2025-09-14,18,80.6,80.6
2025-09-14,19,80.2,80.2
2025-09-14,20,76.8,76.8
2025-09-14,21,71.3,71.3
2025-09-14,22,65.4,65.4
2025-09-14,23,62.4,62.4
2025-09-14,24,61.3,61.3
2025-09-15,1,62.5,62.5
2025-09-15,2,64.3,64.3
2025-09-15,3,61.1,61.1
2025-09-15,4,60.6,60.6
2025-09-15,5,58.7,58.7
2025-09-15,6,58.3,58.3
2025-09-15,7,57.1,57.1
2025-09-15,8,58.2,58.2
2025-09-15,9,59.4,59.4
2025-09-15,10,65.2,65.2
2025-09-15,11,68.8,68.8
2025-09-15,12,71.9,71.9
2025-09-15,13,75.4,75.4
2025-09-15,14,77.8,77.8
2025-09-15,15,78.7,78.7
2025-09-15,16,80.3,80.3
2025-09-15,17,77.8,77.8
2025-09-15,18,76.0,76.0
2025-09-15,19,73.4,73.4
2025-09-15,20,72.0,72.0
2025-09-15,21,68.9,68.9
2025-09-15,22,67.0,67.0
2025-09-15,23,64.4,64.4
2025-09-15,24,60.4,60.4
2025-09-16,1,59.8,59.8
2025-09-16,2,60.2,60.2
2025-09-16,3,60.2,60.2
2025-09-16,4,59.8,59.8
2025-09-16,5,58.9,58.9
2025-09-16,6,56.1,56.1
2025-09-16,7,56.2,56.2
2025-09-16,8,53.7,53.7
2025-09-16,9,56.5,56.5
2025-09-16,10,62.4,62.4
2025-09-16,11,65.2,65.2
2025-09-16,12,67.9,67.9
2025-09-16,13,70.9,70.9
2025-09-16,14,73.9,73.9
2025-09-16,15,75.1,75.1
2025-09-16,16,76.2,76.2
2025-09-16,17,76.3,76.3
2025-09-16,18,75.1,75.1
2025-09-16,19,73.5,73.5
2025-09-16,20,70.6,70.6
2025-09-16,21,65.7,65.7
2025-09-16,22,63.2,63.2
2025-09-16,23,61.3,61.3
2025-09-16,24,58.9,58.9
2025-09-17,1,58.0,58.0
2025-09-17,2,57.7,57.7
2025-09-17,3,57.4,57.4
2025-09-17,4,57.2,57.2
2025-09-17,5,57.1,57.1
2025-09-17,6,57.1,57.1
2025-09-17,7,56.6,56.6
2025-09-17,8,54.4,54.4
2025-09-17,9,56.1,56.1
2025-09-17,10,60.4,60.4
2025-09-17,11,64.0,64.0
2025-09-17,12,67.1,67.1
2025-09-17,13,69.8,69.8
2025-09-17,14,72.0,72.0
2025-09-17,15,74.5,74.5
2025-09-17,16,76.3,76.3
2025-09-17,17,77.4,77.4
2025-09-17,18,77.0,77.0
2025-09-17,19,76.9,69.8
2025-09-17,20,75.4,70.9
2025-09-17,21,66.3,64.0
2025-09-17,22,65.5,62.9
2025-09-17,23,65.2,62.6
2025-09-17,24,62.7,60.5
2025-09-18,1,60.0,58.0
2025-09-18,2,59.0,58.4
2025-09-18,3,55.5,54.6
2025-09-18,4,56.1,55.4
2025-09-18,5,54.9,54.3
2025-09-18,6,55.2,54.7
2025-09-18,7,55.1,54.2
2025-09-18,8,54.2,53.2
2025-09-18,9,55.7,54.7
2025-09-18,10,60.8,58.3
2025-09-18,11,66.4,63.4
2025-09-18,12,71.7,68.5
2025-09-18,13,73.9,71.9
2025-09-18,14,76.1,74.4
2025-09-18,15,80.6,78.5
2025-09-18,16,81.7,78.6
2025-09-18,17,82.0,77.3
2025-09-18,18,81.8,75.7
2025-09-18,19,80.8,76.1
2025-09-18,20,79.3,76.4
2025-09-18,21,69.9,66.3
2025-09-18,22,71.3,66.7
2025-09-18,23,68.3,65.6
2025-09-18,24,66.6,63.8
2025-09-19,1,67.3,65.0
2025-09-19,2,66.7,65.1
2025-09-19,3,63.5,62.6
2025-09-19,4,61.5,61.2
2025-09-19,5,59.1,58.5
2025-09-19,6,59.6,58.7
2025-09-19,7,59.1,57.7
2025-09-19,8,59.2,57.5
2025-09-19,9,61.4,60.1
2025-09-19,10,64.9,62.3
2025-09-19,11,69.5,66.1
2025-09-19,12,74.4,69.8
2025-09-19,13,76.5,72.3
2025-09-19,14,77.9,72.8
2025-09-19,15,80.8,75.3
2025-09-19,16,81.7,76.4
2025-09-19,17,78.1,73.5
2025-09-19,18,78.8,74.6
2025-09-19,19,79.0,75.1
2025-09-19,20,77.3,75.2
2025-09-19,21,72.3,69.8
2025-09-19,22,69.8,67.4
2025-09-19,23,69.8,68.5
2025-09-19,24,67.4,65.1
2025-09-20,1,67.5,64.5
2025-09-20,2,67.6,65.5
2025-09-20,3,63.7,62.4
2025-09-20,4,63.8,62.9
2025-09-20,5,61.7,60.9
2025-09-20,6,62.0,62.2
2025-09-20,7,61.7,61.0
2025-09-20,8,61.9,62.2
2025-09-20,9,62.9,63.8
2025-09-20,10,66.5,66.2
2025-09-20,11,69.6,67.8
2025-09-20,12,73.4,71.1
2025-09-20,13,75.5,73.6
2025-09-20,14,77.0,76.0
2025-09-20,15,81.5,79.7
2025-09-20,16,79.1,79.5
2025-09-20,17,79.7,76.8
2025-09-20,18,73.1,71.4
2025-09-20,19,72.4,73.6
2025-09-20,20,71.8,73.1
2025-09-20,21,69.1,70.6
2025-09-20,22,68.2,69.7
2025-09-20,23,66.6,68.4
2025-09-20,24,63.4,64.9
2025-09-21,1,64.8,66.4
2025-09-21,2,63.3,64.8
2025-09-21,3,60.7,61.5
2025-09-21,4,60.6,61.2
2025-09-21,5,59.4,60.0
2025-09-21,6,58.7,58.7
2025-09-21,7,58.8,58.6
2025-09-21,8,58.5,58.0
2025-09-21,9,60.0,60.1
2025-09-21,10,64.2,64.3
2025-09-21,11,67.2,66.6
2025-09-21,12,72.5,70.0
2025-09-21,13,74.3,72.4
2025-09-21,14,75.5,75.0
2025-09-21,15,79.6,77.9
2025-09-21,16,79.9,78.1
2025-09-21,17,78.1,79.7
2025-09-21,18,79.7,75.4
2025-09-21,19,78.5,77.5
2025-09-21,20,74.5,75.0
2025-09-21,21,68.4,69.1
2025-09-21,22,66.7,65.8
2025-09-21,23,65.3,64.9
2025-09-21,24,61.8,62.1
2025-09-22,1,63.2,62.7
2025-09-22,2,62.7,63.6
2025-09-22,3,60.0,60.4
2025-09-22,4,60.0,60.8
2025-09-22,5,57.2,57.4
2025-09-22,6,58.5,57.9
2025-09-22,7,57.8,57.6
2025-09-22,8,58.8,59.9
2025-09-22,9,59.9,60.9
2025-09-22,10,62.5,62.1
2025-09-22,11,61.2,59.1
2025-09-22,12,64.2,62.9
2025-09-22,13,66.5,63.3
2025-09-22,14,68.0,65.6
2025-09-22,15,70.0,66.4
2025-09-22,16,71.9,68.2
2025-09-22,17,69.9,66.1
2025-09-22,18,70.2,64.1
2025-09-22,19,69.7,63.5
2025-09-22,20,68.6,65.7
2025-09-22,21,63.5,61.4
2025-09-22,22,60.2,58.5
2025-09-22,23,59.0,57.4
2025-09-22,24,53.6,51.4
2025-09-23,1,54.2,52.5
2025-09-23,2,54.2,52.5
2025-09-23,3,51.3,48.4
2025-09-23,4,51.0,48.0
2025-09-23,5,48.7,45.4
2025-09-23,6,49.0,46.2
2025-09-23,7,49.4,47.3
2025-09-23,8,49.5,47.6
2025-09-23,9,51.0,48.9
2025-09-23,10,55.0,52.4
2025-09-23,11,57.5,55.0
2025-09-23,12,63.2,60.9
2025-09-23,13,65.8,65.2
2025-09-23,14,67.5,67.9
2025-09-23,15,71.5,72.3
2025-09-23,16,72.5,71.7
2025-09-23,17,74.2,70.1
2025-09-23,18,73.4,68.3
2025-09-23,19,72.4,66.8
2025-09-23,20,70.9,68.1
2025-09-23,21,64.0,60.5
2025-09-23,22,62.0,59.6
2025-09-23,23,62.5,61.0
2025-09-23,24,59.5,59.1
2025-09-24,1,59.2,59.1
2025-09-24,2,59.7,59.7
2025-09-24,3,57.7,57.7
2025-09-24,4,56.3,56.2
2025-09-24,5,53.9,53.1
2025-09-24,6,52.0,50.2
2025-09-24,7,50.8,48.7
2025-09-24,8,50.9,49.5
2025-09-24,9,53.5,52.4
2025-09-24,10,58.9,56.7
2025-09-24,11,66.0,63.1
2025-09-24,12,69.8,66.7
2025-09-24,13,71.3,69.9
2025-09-24,14,73.1,73.0
2025-09-24,15,77.0,77.2
2025-09-24,16,78.7,78.7
2025-09-24,17,80.6,79.6
2025-09-24,18,80.4,77.9
2025-09-24,19,79.5,75.9
2025-09-24,20,77.0,75.1
2025-09-24,21,67.1,65.0
2025-09-24,22,66.1,64.8
2025-09-24,23,65.7,64.4
2025-09-24,24,61.2,59.5
2025-09-25,1,61.3,61.1
2025-09-25,2,59.3,59.5
2025-09-25,3,57.3,57.9
2025-09-25,4,57.3,57.7
2025-09-25,5,52.6,51.5
2025-09-25,6,52.5,51.0
2025-09-25,7,52.7,51.2
2025-09-25,8,53.0,51.5
2025-09-25,9,55.5,53.9
2025-09-25,10,61.9,60.0
2025-09-25,11,67.6,65.3
2025-09-25,12,74.2,71.3
2025-09-25,13,76.1,74.0
2025-09-25,14,78.2,76.8
2025-09-25,15,82.8,81.1
2025-09-25,16,84.0,81.4
2025-09-25,17,83.4,79.9
2025-09-25,18,84.2,79.8
2025-09-25,19,83.5,80.3
2025-09-25,20,78.9,76.7
2025-09-25,21,74.3,71.5
2025-09-25,22,69.3,68.2
2025-09-25,23,70.0,68.8
2025-09-25,24,68.8,66.4
2025-09-26,1,67.8,65.2
2025-09-26,2,65.5,63.4
2025-09-26,3,63.7,62.0
2025-09-26,4,64.2,63.3
2025-09-26,5,64.0,63.1
2025-09-26,6,64.2,63.5
2025-09-26,7,64.4,63.9
2025-09-26,8,64.0,64.1
2025-09-26,9,64.9,64.9
2025-09-26,10,65.2,65.1
2025-09-26,11,66.6,66.1
2025-09-26,12,72.2,70.0
2025-09-26,13,74.3,72.7
2025-09-26,14,75.2,75.7
2025-09-26,15,78.3,80.4
2025-09-26,16,78.8,75.2
2025-09-26,17,79.7,76.5
2025-09-26,18,79.3,77.7
2025-09-26,19,78.3,75.5
2025-09-26,20,77.4,77.0
2025-09-26,21,68.3,66.7
2025-09-26,22,67.1,66.4
2025-09-26,23,68.0,67.4
2025-09-26,24,63.2,62.5
2025-09-27,1,63.0,63.4
2025-09-27,2,63.4,65.2
2025-09-27,3,60.1,61.3
2025-09-27,4,58.3,59.5
2025-09-27,5,57.2,58.1
2025-09-27,6,57.1,57.6
2025-09-27,7,56.1,56.3
2025-09-27,8,56.1,56.3
2025-09-27,9,56.2,56.4
2025-09-27,10,61.9,63.0
2025-09-27,11,67.0,67.6
2025-09-27,12,73.0,71.6
2025-09-27,13,74.3,74.5
2025-09-27,14,75.5,76.4
2025-09-27,15,79.5,78.4
2025-09-27,16,80.7,76.3
2025-09-27,17,81.2,78.8
2025-09-27,18,80.1,76.3
2025-09-27,19,75.7,75.8
2025-09-27,20,75.0,73.3
2025-09-27,21,69.5,69.0
2025-09-27,22,67.1,66.8
2025-09-27,23,68.2,68.4
2025-09-27,24,64.5,64.1
2025-09-28,1,64.4,63.9
2025-09-28,2,63.5,62.8
2025-09-28,3,61.3,60.5
2025-09-28,4,61.1,60.2
2025-09-28,5,58.9,58.2
2025-09-28,6,58.8,58.2
2025-09-28,7,59.0,58.5
2025-09-28,8,59.5,59.2
2025-09-28,9,60.6,60.6
2025-09-28,10,62.4,62.1
2025-09-28,11,64.3,63.4
2025-09-28,12,70.8,69.6
2025-09-28,13,72.3,71.5
2025-09-28,14,73.4,71.0
2025-09-28,15,74.7,73.0
2025-09-28,16,75.8,72.8
2025-09-28,17,74.7,71.7
2025-09-28,18,73.9,72.8
2025-09-28,19,70.4,70.3
2025-09-28,20,69.2,70.1
2025-09-28,21,65.1,66.2
2025-09-28,22,63.4,64.7
2025-09-28,23,63.3,64.1
2025-09-28,24,59.6,59.7
2025-09-29,1,60.2,60.2
2025-09-29,2,60.9,61.2
2025-09-29,3,58.4,58.3
2025-09-29,4,58.1,58.1
2025-09-29,5,56.4,56.0
2025-09-29,6,56.7,56.2
2025-09-29,7,56.4,55.9
2025-09-29,8,56.6,55.7
2025-09-29,9,58.3,57.8
2025-09-29,10,61.1,60.5
2025-09-29,11,64.6,63.3
2025-09-29,12,69.4,67.6
2025-09-29,13,70.6,69.1
2025-09-29,14,72.5,70.8
2025-09-29,15,74.5,72.5
2025-09-29,16,76.1,73.0
2025-09-29,17,76.9,73.6
2025-09-29,18,76.6,73.2
2025-09-29,19,76.1,73.6
2025-09-29,20,74.7,74.4
2025-09-29,21,68.7,68.7
2025-09-29,22,67.9,67.3
2025-09-29,23,65.9,64.8
2025-09-29,24,63.5,62.3
2025-09-30,1,63.9,62.0
2025-09-30,2,63.6,61.7
2025-09-30,3,63.3,61.9
2025-09-30,4,63.8,62.7
2025-09-30,5,62.6,61.8
2025-09-30,6,61.9,61.1
2025-09-30,7,61.7,60.6
2025-09-30,8,61.1,60.3
2025-09-30,9,61.9,62.0
2025-09-30,10,62.4,61.6
2025-09-30,11,61.7,61.2
2025-09-30,12,60.1,58.2
2025-09-30,13,59.0,56.3
2025-09-30,14,58.4,56.5
2025-09-30,15,59.3,56.9
2025-09-30,16,60.8,58.1
2025-09-30,17,61.8,59.5
2025-09-30,18,63.1,62.2
2025-09-30,19,62.6,62.3
2025-09-30,20,60.3,61.5
2025-09-30,21,56.0,57.1
2025-09-30,22,56.3,57.5
2025-09-30,23,55.4,55.9
2025-09-30,24,54.0,54.4
2025-10-01,1,53.9,53.7
2025-10-01,2,53.6,53.3
2025-10-01,3,52.7,51.9
2025-10-01,4,52.7,51.9
2025-10-01,5,52.8,51.7
2025-10-01,6,52.7,51.2
2025-10-01,7,52.7,51.1
2025-10-01,8,52.7,51.0
2025-10-01,9,54.7,53.3
2025-10-01,10,57.8,56.7
2025-10-01,11,59.4,58.2
2025-10-01,12,68.0,66.0
2025-10-01,13,69.8,68.2
2025-10-01,14,71.3,69.9
2025-10-01,15,74.6,72.9
2025-10-01,16,75.6,73.0
2025-10-01,17,76.1,72.6
2025-10-01,18,75.9,71.8
2025-10-01,19,75.0,72.9
2025-10-01,20,73.0,72.2
2025-10-01,21,66.9,65.2
2025-10-01,22,62.4,60.3
2025-10-01,23,63.6,62.3
2025-10-01,24,60.5,58.8
2025-10-02,1,58.7,58.0
2025-10-02,2,57.9,56.8
2025-10-02,3,54.5,52.8
2025-10-02,4,54.3,51.6
2025-10-02,5,54.6,52.8
2025-10-02,6,54.6,52.5
2025-10-02,7,54.8,52.4
2025-10-02,8,55.0,52.5
2025-10-02,9,57.8,55.8
2025-10-02,10,61.7,59.7
2025-10-02,11,65.6,63.2
2025-10-02,12,72.9,69.6
2025-10-02,13,74.3,72.0
2025-10-02,14,75.9,73.6
2025-10-02,15,79.7,77.3
2025-10-02,16,80.6,77.8
2025-10-02,17,80.7,77.3
2025-10-02,18,81.0,77.6
2025-10-02,19,79.8,79.6
2025-10-02,20,79.6,77.8
2025-10-02,21,68.8,68.1
2025-10-02,22,68.7,68.2
2025-10-02,23,67.8,67.1
2025-10-02,24,64.7,64.0
2025-10-03,1,63.8,62.8
2025-10-03,2,62.5,60.3
2025-10-03,3,61.2,58.7
2025-10-03,4,61.2,59.0
2025-10-03,5,61.3,59.3
2025-10-03,6,63.0,61.0
2025-10-03,7,62.6,60.2
2025-10-03,8,62.6,60.3
2025-10-03,9,65.0,63.3
2025-10-03,10,67.2,65.6
2025-10-03,11,70.8,69.0
2025-10-03,12,75.1,72.7
2025-10-03,13,76.3,73.3
2025-10-03,14,76.6,73.1
2025-10-03,15,77.7,72.7
2025-10-03,16,77.9,71.6
2025-10-03,17,75.3,69.6
2025-10-03,18,73.3,71.6
2025-10-03,19,71.0,70.9
2025-10-03,20,69.8,71.6
2025-10-03,21,67.1,64.0
2025-10-03,22,66.3,64.0
2025-10-03,23,64.2,64.1
2025-10-03,24,60.9,60.9
2025-10-04,1,59.7,59.1
2025-10-04,2,59.3,57.1
2025-10-04,3,56.1,54.7
2025-10-04,4,56.4,55.0
2025-10-04,5,54.4,53.8
2025-10-04,6,53.5,53.6
2025-10-04,7,53.8,50.6
2025-10-04,8,53.7,49.5
2025-10-04,9,51.7,48.2
2025-10-04,10,51.8,48.0
2025-10-04,11,51.1,47.1
2025-10-04,12,51.0,47.2
2025-10-04,13,50.3,47.7
2025-10-04,14,48.2,45.3
2025-10-04,15,50.9,48.2
2025-10-04,16,49.7,47.2
2025-10-04,17,50.6,48.3
2025-10-04,18,52.6,50.2
2025-10-04,19,51.1,49.3
2025-10-04,20,51.2,50.2
2025-10-04,21,49.6,48.4
2025-10-04,22,49.3,47.2
2025-10-04,23,49.2,47.5
2025-10-04,24,47.5,45.7
2025-10-05,1,47.5,45.7
2025-10-05,2,47.8,46.6
2025-10-05,3,46.5,44.3
2025-10-05,4,46.0,43.8
2025-10-05,5,46.3,44.4
2025-10-05,6,46.4,44.6
2025-10-05,7,46.3,44.1
2025-10-05,8,46.4,45.0
2025-10-05,9,47.6,46.3
2025-10-05,10,48.9,46.5
2025-10-05,11,50.1,47.3
2025-10-05,12,56.2,53.1
2025-10-05,13,56.3,53.9
2025-10-05,14,56.3,52.5
2025-10-05,15,58.8,54.0
2025-10-05,16,59.4,53.6
2025-10-05,17,59.2,53.6
2025-10-05,18,59.1,54.1
2025-10-05,19,58.6,54.2
2025-10-05,20,57.9,55.0
2025-10-05,21,51.3,48.0
2025-10-05,22,49.2,45.7
2025-10-05,23,49.3,45.8
2025-10-05,24,46.3,42.3
2025-10-06,1,45.3,42.1
2025-10-06,2,44.2,41.3
2025-10-06,3,40.9,37.9
2025-10-06,4,41.2,38.4
2025-10-06,5,40.5,37.3
2025-10-06,6,40.7,37.6
2025-10-06,7,41.7,38.6
2025-10-06,8,41.4,38.2
2025-10-06,9,43.6,40.5
2025-10-06,10,45.9,42.4
2025-10-06,11,47.9,44.6
2025-10-06,12,53.6,49.7
2025-10-06,13,54.9,50.9
2025-10-06,14,56.5,51.3
2025-10-06,15,60.0,54.5
2025-10-06,16,61.8,55.6
2025-10-06,17,61.7,55.4
2025-10-06,18,61.5,54.9
2025-10-06,19,60.0,53.8
2025-10-06,20,58.4,54.2
2025-10-06,21,50.5,46.5
2025-10-06,22,49.1,45.3
2025-10-06,23,48.2,44.3
2025-10-06,24,45.9,42.4
2025-10-07,1,44.7,41.6
2025-10-07,2,45.5,42.7
2025-10-07,3,42.4,39.3
2025-10-07,4,42.7,39.5
2025-10-07,5,40.2,37.5
2025-10-07,6,38.6,35.7
2025-10-07,7,38.7,35.5
2025-10-07,8,38.9,35.9
2025-10-07,9,42.2,39.4
2025-10-07,10,45.5,42.7
2025-10-07,11,51.8,49.3
2025-10-07,12,58.1,55.8
2025-10-07,13,60.1,59.0
2025-10-07,14,61.5,61.7
2025-10-07,15,65.7,65.3
2025-10-07,16,67.1,65.2
2025-10-07,17,69.1,65.3
2025-10-07,18,68.7,63.9
2025-10-07,19,67.8,64.6
2025-10-07,20,64.6,61.5
2025-10-07,21,55.3,52.7
2025-10-07,22,54.6,52.1
2025-10-07,23,54.4,52.3
2025-10-07,24,50.8,48.4
2025-10-08,1,50.1,47.8
2025-10-08,2,50.0,47.8
2025-10-08,3,46.9,44.3
2025-10-08,4,46.8,44.5
2025-10-08,5,47.3,44.7
2025-10-08,6,46.2,43.1
2025-10-08,7,44.9,41.1
2025-10-08,8,45.8,41.9
2025-10-08,9,48.1,44.4
2025-10-08,10,53.1,49.5
2025-10-08,11,59.7,56.8
2025-10-08,12,66.6,62.5
2025-10-08,13,67.7,64.1
2025-10-08,14,69.3,65.9
2025-10-08,15,74.2,70.8
2025-10-08,16,75.0,70.6
2025-10-08,17,75.6,69.5
2025-10-08,18,75.8,69.6
2025-10-08,19,69.6,65.3
2025-10-08,20,62.5,58.7
2025-10-08,21,58.6,55.3
2025-10-08,22,53.5,49.3
2025-10-08,23,53.4,49.0
2025-10-08,24,53.5,49.4
2025-10-09,1,54.3,50.5
2025-10-09,2,53.5,50.1
2025-10-09,3,52.3,49.3
2025-10-09,4,51.1,48.3
2025-10-09,5,50.9,48.2
2025-10-09,6,50.0,47.2
2025-10-09,7,52.3,49.0
2025-10-09,8,51.2,47.7
2025-10-09,9,51.7,48.4
2025-10-09,10,59.1,56.2
2025-10-09,11,64.5,61.1
2025-10-09,12,68.9,64.5
2025-10-09,13,72.2,67.3
2025-10-09,14,75.9,70.9
2025-10-09,15,78.7,72.6
2025-10-09,16,79.1,71.4
2025-10-09,17,79.0,71.9
2025-10-09,18,78.5,72.4
2025-10-09,19,75.1,71.6
2025-10-09,20,70.9,66.7
2025-10-09,21,69.2,64.8
2025-10-09,22,67.1,63.1
2025-10-09,23,63.2,61.2
2025-10-09,24,59.7,58.7
2025-10-10,1,58.0,57.1
2025-10-10,2,58.2,57.2
2025-10-10,3,59.0,58.4
2025-10-10,4,58.2,57.8
2025-10-10,5,58.1,56.2
2025-10-10,6,57.1,57.5
2025-10-10,7,56.4,56.5
2025-10-10,8,56.7,56.3
2025-10-10,9,55.7,55.5
2025-10-10,10,58.6,57.3
2025-10-10,11,61.0,59.0
2025-10-10,12,65.5,63.0
2025-10-10,13,67.8,66.0
2025-10-10,14,70.9,69.2
2025-10-10,15,72.3,70.4
2025-10-10,16,70.8,68.5
2025-10-10,17,70.7,68.7
2025-10-10,18,69.1,68.7
2025-10-10,19,69.1,69.8
2025-10-10,20,64.5,62.7
2025-10-10,21,61.4,60.8
2025-10-10,22,59.8,59.4
2025-10-10,23,59.9,59.3
2025-10-10,24,59.4,59.0
2025-10-11,1,56.8,56.9
2025-10-11,2,55.6,56.3
2025-10-11,3,56.2,56.2
2025-10-11,4,56.8,56.9
2025-10-11,5,57.1,57.0
2025-10-11,6,56.9,56.6
2025-10-11,7,58.0,57.8
2025-10-11,8,57.3,57.1
2025-10-11,9,57.4,57.4
2025-10-11,10,62.7,62.1
2025-10-11,11,65.7,63.8
2025-10-11,12,68.0,64.4
2025-10-11,13,69.0,63.7
2025-10-11,14,73.3,66.3
2025-10-11,15,74.5,66.7
2025-10-11,16,75.2,66.6
2025-10-11,17,75.3,67.1
2025-10-11,18,74.4,65.6
2025-10-11,19,69.3,65.7
2025-10-11,20,53.3,43.4
2025-10-11,21,48.1,37.5
2025-10-11,22,45.5,37.2
2025-10-11,23,45.0,39.5
2025-10-11,24,46.1,40.6
2025-10-12,1,44.2,39.2
2025-10-12,2,42.9,37.9
2025-10-12,3,41.7,37.4
2025-10-12,4,42.9,39.2
2025-10-12,5,43.0,40.1
2025-10-12,6,42.5,39.3
2025-10-12,7,40.6,36.6
2025-10-12,8,39.9,36.6
2025-10-12,9,40.1,36.6
2025-10-12,10,44.7,41.2
2025-10-12,11,47.8,43.5
2025-10-12,12,50.1,44.7
2025-10-12,13,51.6,46.8
2025-10-12,14,52.9,47.6
2025-10-12,15,54.3,48.8
2025-10-12,16,54.9,48.7
2025-10-12,17,55.7,49.9
2025-10-12,18,55.9,49.8
2025-10-12,19,53.8,47.9
2025-10-12,20,48.6,43.4
2025-10-12,21,46.3,41.1
2025-10-12,22,43.8,38.9
2025-10-12,23,42.7,37.7
2025-10-12,24,42.7,37.9
2025-10-13,1,42.8,39.0
2025-10-13,2,42.8,39.0
2025-10-13,3,42.6,38.7
2025-10-13,4,42.6,38.7
2025-10-13,5,42.3,38.4
2025-10-13,6,42.7,38.7
2025-10-13,7,43.7,39.9
2025-10-13,8,43.7,39.8
2025-10-13,9,44.0,40.2
2025-10-13,10,49.4,45.3
2025-10-13,11,54.4,49.5
2025-10-13,12,58.4,52.4
2025-10-13,13,62.6,56.9
2025-10-13,14,65.9,58.0
2025-10-13,15,66.6,59.3
2025-10-13,16,68.1,60.0
2025-10-13,17,66.3,59.0
2025-10-13,18,65.8,58.9
2025-10-13,19,61.7,58.5
2025-10-13,20,55.9,52.7
2025-10-13,21,53.5,50.8
2025-10-13,22,51.8,50.5
2025-10-13,23,52.4,51.8
2025-10-13,24,52.4,51.1
2025-10-14,1,51.6,50.4
2025-10-14,2,50.9,50.1
2025-10-14,3,49.9,45.9
2025-10-14,4,49.4,47.3
2025-10-14,5,48.8,47.0
2025-10-14,6,48.7,46.6
2025-10-14,7,48.5,46.6
2025-10-14,8,48.6,46.1
2025-10-14,9,48.8,45.7
2025-10-14,10,54.4,51.1
2025-10-14,11,58.0,54.3
2025-10-14,12,61.3,57.4
2025-10-14,13,64.5,59.0
2025-10-14,14,66.8,60.1
2025-10-14,15,69.0,61.9
2025-10-14,16,70.1,63.4
2025-10-14,17,68.9,62.6
2025-10-14,18,68.2,61.9
2025-10-14,19,63.9,61.9
2025-10-14,20,59.3,56.8
2025-10-14,21,54.5,51.3
2025-10-14,22,51.3,50.1
2025-10-14,23,49.7,47.8
2025-10-14,24,48.0,44.9
2025-10-15,1,49.6,46.2
2025-10-15,2,48.7,47.2
2025-10-15,3,49.1,48.1
2025-10-15,4,47.8,45.2
2025-10-15,5,46.8,44.2
2025-10-15,6,46.0,43.3
2025-10-15,7,46.6,45.0
2025-10-15,8,45.5,43.8
2025-10-15,9,44.6,41.8
2025-10-15,10,48.7,45.7
2025-10-15,11,53.6,50.9
2025-10-15,12,56.2,53.8
2025-10-15,13,52.8,48.2
2025-10-15,14,55.6,49.4
2025-10-15,15,57.0,49.4
2025-10-15,16,56.2,48.2
2025-10-15,17,56.3,48.7
2025-10-15,18,56.0,49.2
2025-10-15,19,49.6,46.0
2025-10-15,20,49.1,45.2
2025-10-15,21,48.8,44.6
2025-10-15,22,47.8,43.7
2025-10-15,23,46.0,42.4
2025-10-15,24,45.4,41.9
2025-10-16,1,46.4,44.1
2025-10-16,2,45.2,42.8
2025-10-16,3,44.1,41.6
2025-10-16,4,43.6,40.9
2025-10-16,5,42.7,39.4
2025-10-16,6,42.7,39.6
2025-10-16,7,40.9,36.4
2025-10-16,8,41.2,37.3
2025-10-16,9,41.9,37.9
2025-10-16,10,43.0,39.0
2025-10-16,11,45.4,40.8
2025-10-16,12,48.1,42.4
2025-10-16,13,48.4,42.0
2025-10-16,14,49.8,43.1
2025-10-16,15,51.1,44.9
2025-10-16,16,51.4,45.4
2025-10-16,17,52.2,46.5
2025-10-16,18,51.7,45.9
2025-10-16,19,50.7,46.2
2025-10-16,20,46.1,41.4
2025-10-16,21,44.5,40.3
2025-10-16,22,43.9,39.6
2025-10-16,23,44.2,39.9
2025-10-16,24,43.1,39.5
2025-10-17,1,42.6,38.7
2025-10-17,2,42.0,38.4
2025-10-17,3,42.2,38.7
2025-10-17,4,41.4,37.9
2025-10-17,5,40.8,36.8
2025-10-17,6,40.9,37.1
2025-10-17,7,39.9,36.1
2025-10-17,8,39.6,35.6
2025-10-17,9,40.0,35.8
2025-10-17,10,45.0,40.9
2025-10-17,11,47.6,42.7
2025-10-17,12,49.7,44.1
2025-10-17,13,52.0,46.3
2025-10-17,14,54.5,48.7
2025-10-17,15,55.6,49.4
2025-10-17,16,55.7,48.9
2025-10-17,17,55.1,48.7
2025-10-17,18,54.1,48.7
2025-10-17,19,52.1,47.2
2025-10-17,20,47.7,43.9
2025-10-17,21,46.1,42.7
2025-10-17,22,44.1,40.8
2025-10-17,23,42.7,39.4
2025-10-17,24,42.6,39.4
2025-10-18,1,42.6,39.5
2025-10-18,2,43.2,40.2
2025-10-18,3,43.3,39.8
2025-10-18,4,43.0,39.0
2025-10-18,5,42.7,38.5
2025-10-18,6,42.2,37.8
2025-10-18,7,41.3,37.6
2025-10-18,8,40.4,36.1
2025-10-18,9,41.3,37.1
2025-10-18,10,46.4,42.2
2025-10-18,11,50.3,45.9
2025-10-18,12,53.5,48.5
2025-10-18,13,57.1,52.8
2025-10-18,14,60.1,56.3
2025-10-18,15,61.5,57.6
2025-10-18,16,61.9,57.3
2025-10-18,17,61.3,55.8
2025-10-18,18,60.0,54.7
2025-10-18,19,57.3,53.9
2025-10-18,20,53.4,49.8
2025-10-18,21,51.2,47.8
2025-10-18,22,48.2,44.8
2025-10-18,23,45.6,42.2
2025-10-18,24,44.4,40.9
2025-10-19,1,43.7,40.1
2025-10-19,2,44.3,40.4
2025-10-19,3,44.6,40.5
2025-10-19,4,44.4,40.2
2025-10-19,5,43.8,39.8
2025-10-19,6,43.2,39.2
2025-10-19,7,43.3,39.5
2025-10-19,8,42.6,38.2
2025-10-19,9,43.3,39.0
2025-10-19,10,48.8,44.7
2025-10-19,11,54.3,49.9
2025-10-19,12,58.9,53.4
2025-10-19,13,64.9,58.1
2025-10-19,14,67.5,60.2
2025-10-19,15,69.2,62.2
2025-10-19,16,73.3,65.0
2025-10-19,17,73.3,64.7
2025-10-19,18,71.6,64.9
2025-10-19,19,66.3,62.5
2025-10-19,20,62.0,57.5
2025-10-19,21,63.5,59.8
2025-10-19,22,56.9,46.9
2025-10-19,23,53.1,44.0
2025-10-19,24,51.6,45.6
2025-10-20,1,51.2,47.1
2025-10-20,2,49.9,45.5
2025-10-20,3,49.9,45.9
2025-10-20,4,50.1,45.7
2025-10-20,5,45.9,41.8
2025-10-20,6,43.4,39.3
2025-10-20,7,43.0,38.6
2025-10-20,8,41.6,37.7
2025-10-20,9,40.9,36.9
2025-10-20,10,46.0,42.5
2025-10-20,11,51.4,45.0
2025-10-20,12,53.0,45.0
2025-10-20,13,55.2,46.8
2025-10-20,14,56.7,48.3
2025-10-20,15,57.4,48.5
2025-10-20,16,57.1,47.3
2025-10-20,17,55.6,45.2
2025-10-20,18,53.5,43.5
2025-10-20,19,51.2,44.2
2025-10-20,20,46.7,39.8
2025-10-20,21,43.3,37.0
2025-10-20,22,41.8,36.0
2025-10-20,23,41.7,36.6
2025-10-20,24,40.9,36.2
2025-10-21,1,39.1,33.8
2025-10-21,2,39.3,34.0
2025-10-21,3,40.0,35.0
2025-10-21,4,40.2,35.2
2025-10-21,5,40.2,35.5
2025-10-21,6,39.6,35.0
2025-10-21,7,40.0,35.3
2025-10-21,8,39.2,34.6
2025-10-21,9,39.7,35.5
2025-10-21,10,43.0,39.1
2025-10-21,11,46.5,42.3
2025-10-21,12,49.6,45.0
2025-10-21,13,52.7,48.0
2025-10-21,14,56.0,51.2
2025-10-21,15,58.0,52.8
2025-10-21,16,59.3,53.5
2025-10-21,17,59.7,53.1
2025-10-21,18,58.5,51.8
2025-10-21,19,55.7,50.6
2025-10-21,20,49.9,44.3
2025-10-21,21,47.7,42.2
2025-10-21,22,46.2,40.8
2025-10-21,23,46.0,41.2
2025-10-21,24,46.1,41.5
2025-10-22,1,45.6,41.0
2025-10-22,2,45.7,41.3
2025-10-22,3,45.6,41.3
2025-10-22,4,45.1,40.9
2025-10-22,5,44.6,40.6
2025-10-22,6,44.1,40.1
2025-10-22,7,44.5,40.1
2025-10-22,8,44.6,40.6
2025-10-22,9,44.3,40.3
2025-10-22,10,47.5,44.1
2025-10-22,11,51.4,47.2
2025-10-22,12,54.3,49.9
2025-10-22,13,58.0,52.8
2025-10-22,14,59.8,54.6
2025-10-22,15,61.9,57.2
2025-10-22,16,65.1,59.7
2025-10-22,17,64.2,58.8
2025-10-22,18,63.2,58.4
2025-10-22,19,59.3,54.6
2025-10-22,20,55.3,49.9
2025-10-22,21,52.6,48.8
2025-10-22,22,49.1,46.7
2025-10-22,23,49.0,46.9
2025-10-22,24,48.3,45.1
2025-10-23,1,49.2,46.7
2025-10-23,2,49.0,46.1
2025-10-23,3,48.7,46.0
2025-10-23,4,48.6,45.6
2025-10-23,5,45.9,41.7
2025-10-23,6,44.5,40.2
2025-10-23,7,44.3,39.8
2025-10-23,8,43.4,39.3
2025-10-23,9,43.6,39.3
2025-10-23,10,47.5,44.4
2025-10-23,11,52.6,49.6
2025-10-23,12,56.0,50.9
2025-10-23,13,59.4,54.0
2025-10-23,14,62.6,56.3
2025-10-23,15,61.7,54.6
2025-10-23,16,61.8,53.5
2025-10-23,17,61.6,53.2
2025-10-23,18,60.5,52.0
2025-10-23,19,58.5,51.0
2025-10-23,20,53.9,47.7
2025-10-23,21,49.7,44.5
2025-10-23,22,46.5,41.9
2025-10-23,23,44.6,40.5
2025-10-23,24,43.9,40.0
2025-10-24,1,42.5,38.4
2025-10-24,2,42.9,39.2
2025-10-24,3,43.2,39.5
2025-10-24,4,42.7,39.0
2025-10-24,5,42.1,38.4
2025-10-24,6,42.4,38.4
2025-10-24,7,42.9,38.7
2025-10-24,8,42.8,38.8
2025-10-24,9,42.2,38.3
2025-10-24,10,45.7,42.1
2025-10-24,11,50.3,45.9
2025-10-24,12,53.3,48.3
2025-10-24,13,56.1,50.5
2025-10-24,14,58.4,53.4
2025-10-24,15,60.3,55.5
2025-10-24,16,61.1,55.9
2025-10-24,17,61.0,55.4
2025-10-24,18,59.9,54.6
2025-10-24,19,56.6,52.9
2025-10-24,20,52.7,48.9
2025-10-24,21,50.8,47.3
2025-10-24,22,48.2,44.8
2025-10-24,23,45.9,42.4
2025-10-24,24,45.0,41.4
2025-10-25,1,44.4,40.5
2025-10-25,2,44.9,41.1
2025-10-25,3,44.9,40.9
2025-10-25,4,43.8,39.7
2025-10-25,5,42.8,38.8
2025-10-25,6,42.8,38.9
2025-10-25,7,42.7,38.3
2025-10-25,8,42.5,37.8
2025-10-25,9,41.8,37.2
2025-10-25,10,47.7,43.3
2025-10-25,11,52.2,46.9
2025-10-25,12,56.6,50.6
2025-10-25,13,60.7,54.2
2025-10-25,14,65.2,57.5
2025-10-25,15,66.9,58.3
2025-10-25,16,67.8,59.6
2025-10-25,17,67.9,59.8
2025-10-25,18,66.1,59.7
2025-10-25,19,60.7,55.5
2025-10-25,20,57.1,52.0
2025-10-25,21,56.1,50.9
2025-10-25,22,56.8,51.8
2025-10-25,23,56.1,50.6
2025-10-25,24,55.6,50.1
2025-10-26,1,54.9,49.4
2025-10-26,2,54.9,49.0
2025-10-26,3,54.3,48.6
2025-10-26,4,54.1,48.4
2025-10-26,5,54.1,50.0
2025-10-26,6,53.0,47.1
2025-10-26,7,51.0,46.0
2025-10-26,8,51.5,45.9
2025-10-26,9,50.4,44.9
2025-10-26,10,51.7,46.1
2025-10-26,11,54.2,47.1
2025-10-26,12,54.5,48.5
2025-10-26,13,55.3,51.0
2025-10-26,14,61.1,55.9
2025-10-26,15,58.7,53.7
2025-10-26,16,59.4,54.3
2025-10-26,17,59.1,54.5
2025-10-26,18,59.2,54.4
2025-10-26,19,56.8,53.1
2025-10-26,20,51.1,47.7
2025-10-26,21,50.8,46.5
2025-10-26,22,47.9,45.7
2025-10-26,23,48.2,46.4
2025-10-26,24,48.1,45.7
2025-10-27,1,47.6,43.6
2025-10-27,2,47.2,42.0
2025-10-27,3,46.1,42.3
2025-10-27,4,48.0,43.5
2025-10-27,5,47.9,44.7
2025-10-27,6,47.3,45.0
2025-10-27,7,47.3,44.2
2025-10-27,8,45.1,42.0
2025-10-27,9,45.2,41.9
2025-10-27,10,47.7,43.1
2025-10-27,11,47.9,41.4
2025-10-27,12,46.4,38.5
2025-10-27,13,47.8,38.4
2025-10-27,14,49.0,37.9
2025-10-27,15,48.1,37.7
2025-10-27,16,49.2,39.3
2025-10-27,17,51.4,41.3
2025-10-27,18,49.9,39.6
2025-10-27,19,46.6,37.5
2025-10-27,20,42.3,34.0
2025-10-27,21,38.4,31.2
2025-10-27,22,34.9,28.5
2025-10-27,23,33.5,27.6
2025-10-27,24,32.9,27.3
2025-10-28,1,32.7,27.8
2025-10-28,2,32.6,27.9
2025-10-28,3,31.9,27.1
2025-10-28,4,31.6,26.7
2025-10-28,5,32.1,27.3
2025-10-28,6,32.4,27.7
2025-10-28,7,32.5,28.3
2025-10-28,8,32.3,28.0
2025-10-28,9,32.2,27.6
2025-10-28,10,36.1,31.9
2025-10-28,11,40.4,35.1
2025-10-28,12,43.2,37.2
2025-10-28,13,46.0,40.2
2025-10-28,14,49.0,43.5
2025-10-28,15,50.4,45.1
2025-10-28,16,51.0,44.9
2025-10-28,17,50.8,43.9
2025-10-28,18,49.6,42.0
2025-10-28,19,47.1,41.4
2025-10-28,20,42.2,35.7
2025-10-28,21,40.6,34.7
2025-10-28,22,40.8,35.2
2025-10-28,23,40.8,35.3
2025-10-28,24,40.2,34.7
2025-10-29,1,39.9,34.1
2025-10-29,2,40.0,34.4
2025-10-29,3,39.6,34.0
2025-10-29,4,38.9,33.2
2025-10-29,5,38.0,32.2
2025-10-29,6,37.5,31.8
2025-10-29,7,37.6,32.0
2025-10-29,8,37.5,32.1
2025-10-29,9,37.9,32.6
2025-10-29,10,41.1,35.4
2025-10-29,11,45.7,39.4
2025-10-29,12,48.5,42.1
2025-10-29,13,51.7,45.3
2025-10-29,14,55.5,49.4
2025-10-29,15,58.7,52.9
2025-10-29,16,60.1,53.3
2025-10-29,17,59.5,52.1
2025-10-29,18,58.1,51.3
2025-10-29,19,55.9,55.9
2025-10-29,20,51.4,51.4
2025-10-29,21,48.1,48.1
2025-10-29,22,49.1,49.1
2025-10-29,23,47.4,47.4
2025-10-29,24,46.0,46.0
2025-10-30,1,45.1,45.1
2025-10-30,2,44.7,44.7
2025-10-30,3,44.2,44.2
2025-10-30,4,43.6,43.6
2025-10-30,5,43.2,43.2
2025-10-30,6,42.7,42.7
2025-10-30,7,42.0,42.0
2025-10-30,8,41.1,41.1
2025-10-30,9,39.7,39.7
2025-10-30,10,39.8,39.8
2025-10-30,11,44.5,44.5
2025-10-30,12,49.7,49.7
2025-10-30,13,53.2,53.2
2025-10-30,14,55.3,55.3
2025-10-30,15,57.0,57.0
2025-10-30,16,58.0,58.0
2025-10-30,17,58.2,58.2
2025-10-30,18,57.3,57.3
2025-10-30,19,54.7,54.7
2025-10-30,20,50.5,50.5
2025-10-30,21,49.1,49.1
2025-10-30,22,48.6,48.6
2025-10-30,23,47.4,47.4
2025-10-30,24,46.4,46.4
2025-10-31,1,45.7,45.7
2025-10-31,2,45.8,45.8
2025-10-31,3,45.6,45.6
2025-10-31,4,45.6,45.6
2025-10-31,5,45.5,45.5
2025-10-31,6,45.4,45.4
2025-10-31,7,45.4,45.4
2025-10-31,8,45.3,45.3
2025-10-31,9,45.0,45.0
2025-10-31,10,45.1,45.1
2025-10-31,11,47.5,47.5
2025-10-31,12,52.2,52.2
2025-10-31,13,55.0,55.0
2025-10-31,14,56.9,56.9
2025-10-31,15,58.6,58.6
2025-10-31,16,59.3,59.3
2025-10-31,17,59.1,59.1
2025-10-31,18,57.9,57.9
2025-10-31,19,55.9,55.9
2025-10-31,20,51.4,51.4
2025-10-31,21,49.9,49.9
2025-10-31,22,49.9,49.9
2025-10-31,23,48.2,48.2
2025-10-31,24,46.8,46.8
2025-11-01,1,45.7,45.7
2025-11-01,2,45.2,45.2
2025-11-01,3,44.3,44.3
2025-11-01,4,43.6,43.6
2025-11-01,5,43.0,43.0
2025-11-01,6,42.8,42.8
2025-11-01,7,42.5,42.5
2025-11-01,8,42.1,42.1
2025-11-01,9,41.5,41.5
2025-11-01,10,41.5,41.5
2025-11-01,11,45.8,45.8
2025-11-01,12,53.3,53.3
2025-11-01,13,57.4,57.4
2025-11-01,14,60.1,60.1
2025-11-01,15,62.2,62.2
2025-11-01,16,63.6,63.6
2025-11-01,17,64.2,64.2
2025-11-01,18,64.0,64.0
2025-11-01,19,62.2,62.2
2025-11-01,20,60.0,60.0
2025-11-01,21,58.1,58.1
2025-11-01,22,57.0,57.0
2025-11-01,23,54.9,54.9
2025-11-01,24,52.3,52.3
2025-11-02,1,49.5,49.5
2025-11-02,2,45.2,45.2
2025-11-02,3,44.0,44.0
2025-11-02,4,43.5,43.5
2025-11-02,5,43.2,43.2
2025-11-02,6,43.1,43.1
2025-11-02,7,42.9,42.9
2025-11-02,8,43.4,43.4
2025-11-02,9,43.6,43.6
2025-11-02,10,44.7,44.7
2025-11-02,11,50.7,50.7
2025-11-02,12,59.3,59.3
2025-11-02,13,64.4,64.4
2025-11-02,14,66.6,66.6
2025-11-02,15,68.2,68.2
2025-11-02,16,69.1,69.1
2025-11-02,17,69.2,69.2
2025-11-02,18,68.2,68.2
2025-11-02,19,64.7,64.7
2025-11-02,20,59.3,59.3
2025-11-02,21,60.2,60.2
2025-11-02,22,57.7,57.7
2025-11-02,23,55.5,55.5
2025-11-02,24,53.4,53.4
2025-11-03,1,51.4,51.4
2025-11-03,2,49.4,49.4
2025-11-03,3,46.6,46.6
2025-11-03,4,44.2,44.2
2025-11-03,5,43.9,43.9
2025-11-03,6,43.2,43.2
2025-11-03,7,42.4,42.4
2025-11-03,8,41.8,41.8
2025-11-03,9,41.2,41.2
2025-11-03,10,42.4,42.4
2025-11-03,11,50.9,50.9
2025-11-03,12,60.3,60.3
2025-11-03,13,65.0,65.0
2025-11-03,14,66.9,66.9
2025-11-03,15,68.6,68.6
2025-11-03,16,69.4,69.4
2025-11-03,17,69.4,69.4
2025-11-03,18,68.7,68.7
2025-11-03,19,65.8,65.8
2025-11-03,20,60.5,60.5
2025-11-03,21,59.0,59.0
2025-11-03,22,57.7,57.7
2025-11-03,23,56.0,56.0
2025-11-03,24,54.1,54.1
2025-11-04,1,52.2,52.2
2025-11-04,2,51.2,51.2
2025-11-04,3,50.1,50.1
2025-11-04,4,49.1,49.1
2025-11-04,5,48.7,48.7
2025-11-04,6,49.1,49.1
2025-11-04,7,49.3,49.3
2025-11-04,8,47.8,47.8
2025-11-04,9,46.2,46.2
2025-11-04,10,46.8,46.8
2025-11-04,11,50.7,50.7
2025-11-04,12,60.1,60.1
2025-11-04,13,64.0,64.0
2025-11-04,14,66.5,66.5
2025-11-04,15,68.0,68.0
2025-11-04,16,68.9,68.9
2025-11-04,17,69.2,69.2
2025-11-04,18,68.7,68.7
2025-11-04,19,65.5,65.5
2025-11-04,20,63.0,63.0
2025-11-04,21,59.9,59.9
2025-11-04,22,58.1,58.1
2025-11-04,23,55.9,55.9
2025-11-04,24,53.2,53.2
2025-11-05,1,50.9,50.9
2025-11-05,2,48.5,48.5
2025-11-05,3,48.7,48.7
2025-11-05,4,48.2,48.2
2025-11-05,5,46.8,46.8
2025-11-05,6,45.0,45.0
2025-11-05,7,43.5,43.5
2025-11-05,8,42.8,42.8
2025-11-05,9,42.2,42.2
2025-11-05,10,43.1,43.1
2025-11-05,11,48.9,48.9
2025-11-05,12,60.1,60.1
2025-11-05,13,65.6,65.6
2025-11-05,14,68.9,68.9
2025-11-05,15,70.7,70.7
2025-11-05,16,71.2,71.2
2025-11-05,17,70.4,70.4
2025-11-05,18,68.9,68.9
2025-11-05,19,66.9,66.9
2025-11-05,20,64.7,64.7
2025-11-05,21,63.1,63.1
2025-11-05,22,61.9,61.9
2025-11-05,23,60.6,60.6
2025-11-05,24,59.2,59.2
2025-11-06,1,56.8,56.8
2025-11-06,2,62.2,62.2
2025-11-06,3,54.0,54.0
2025-11-06,4,50.0,50.0
2025-11-06,5,47.6,47.6
2025-11-06,6,47.4,47.4
2025-11-06,7,49.3,49.3
2025-11-06,8,52.2,52.2
2025-11-06,9,51.8,51.8
2025-11-06,10,51.0,51.0
2025-11-06,11,51.2,51.2
2025-11-06,12,54.6,54.6
2025-11-06,13,56.2,56.2
2025-11-06,14,56.6,56.6
2025-11-06,15,56.8,56.8
2025-11-06,16,56.8,56.8
2025-11-06,17,56.7,56.7
2025-11-06,18,55.5,55.5
2025-11-06,19,53.7,53.7
2025-11-06,20,50.1,50.1
2025-11-06,21,49.5,49.5
2025-11-06,22,49.5,49.5
2025-11-06,23,48.0,48.0
2025-11-06,24,46.7,46.7
2025-11-07,1,45.8,45.8
2025-11-07,2,44.5,44.5
2025-11-07,3,43.7,43.7
2025-11-07,4,42.3,42.3
2025-11-07,5,41.4,41.4
2025-11-07,6,42.8,42.8
2025-11-07,7,42.4,42.4
2025-11-07,8,43.0,43.0
2025-11-07,9,43.1,43.1
2025-11-07,10,43.8,43.8
2025-11-07,11,46.0,46.0
2025-11-07,12,48.7,48.7
2025-11-07,13,51.6,51.6
2025-11-07,14,55.7,55.7
2025-11-07,15,56.8,56.8
2025-11-07,16,57.8,57.8
2025-11-07,17,58.2,58.2
2025-11-07,18,57.7,57.7
2025-11-07,19,56.1,56.1
2025-11-07,20,53.1,53.1
2025-11-07,21,54.3,54.3
2025-11-07,22,53.2,53.2
2025-11-07,23,51.8,51.8
2025-11-07,24,50.8,50.8
2025-11-08,1,50.0,50.0
2025-11-08,2,45.2,45.2
2025-11-08,3,45.0,45.0
2025-11-08,4,44.6,44.6
2025-11-08,5,44.5,44.5
2025-11-08,6,44.7,44.7
2025-11-08,7,45.4,45.4
2025-11-08,8,44.7,44.7
2025-11-08,9,44.0,44.0
2025-11-08,10,43.6,43.6
2025-11-08,11,43.3,43.3
2025-11-08,12,48.3,48.3
2025-11-08,13,50.5,50.5
2025-11-08,14,51.7,51.7
2025-11-08,15,52.9,52.9
2025-11-08,16,53.7,53.7
2025-11-08,17,53.6,53.6
2025-11-08,18,52.4,52.4
2025-11-08,19,50.1,50.1
2025-11-08,20,45.6,45.6
2025-11-08,21,43.4,43.4
2025-11-08,22,43.6,43.6
2025-11-08,23,42.6,42.6
2025-11-08,24,41.9,41.9
2025-11-09,1,41.1,41.1
2025-11-09,2,40.6,40.6
2025-11-09,3,39.7,39.7
2025-11-09,4,39.1,39.1
2025-11-09,5,38.7,38.7
2025-11-09,6,38.1,38.1
2025-11-09,7,37.8,37.8
2025-11-09,8,37.2,37.2
2025-11-09,9,37.0,37.0
2025-11-09,10,37.2,37.2
2025-11-09,11,41.1,41.1
2025-11-09,12,45.8,45.8
2025-11-09,13,49.5,49.5
2025-11-09,14,52.2,52.2
2025-11-09,15,54.2,54.2
2025-11-09,16,55.9,55.9
2025-11-09,17,56.4,56.4
2025-11-09,18,55.5,55.5
2025-11-09,19,53.2,53.2
2025-11-09,20,48.6,48.6
2025-11-09,21,47.6,47.6
2025-11-09,22,46.9,46.9
2025-11-09,23,45.6,45.6
2025-11-09,24,44.5,44.5
2025-11-10,1,43.6,43.6
2025-11-10,2,42.4,42.4
2025-11-10,3,41.9,41.9
2025-11-10,4,41.5,41.5
2025-11-10,5,41.3,41.3
2025-11-10,6,40.7,40.7
2025-11-10,7,40.0,40.0
2025-11-10,8,39.0,39.0
2025-11-10,9,38.4,38.4
2025-11-10,10,39.5,39.5
2025-11-10,11,44.7,44.7
2025-11-10,12,50.6,50.6
2025-11-10,13,54.7,54.7
2025-11-10,14,56.8,56.8
2025-11-10,15,59.5,59.5
2025-11-10,16,61.1,61.1
2025-11-10,17,61.7,61.7
2025-11-10,18,61.2,61.2
2025-11-10,19,59.4,59.4
2025-11-10,20,60.0,60.0
2025-11-10,21,58.3,58.3
2025-11-10,22,56.3,56.3
2025-11-10,23,54.3,54.3
2025-11-10,24,52.6,52.6
2025-11-11,1,51.1,51.1
2025-11-11,2,47.8,47.8
2025-11-11,3,47.0,47.0
2025-11-11,4,46.4,46.4
2025-11-11,5,45.9,45.9
2025-11-11,6,45.5,45.5
2025-11-11,7,45.2,45.2
2025-11-11,8,44.9,44.9
2025-11-11,9,44.4,44.4
2025-11-11,10,44.4,44.4
2025-11-11,11,47.9,47.9
2025-11-11,12,54.1,54.1
2025-11-11,13,58.6,58.6
2025-11-11,14,60.7,60.7
2025-11-11,15,62.5,62.5
2025-11-11,16,63.6,63.6
2025-11-11,17,63.8,63.8
2025-11-11,18,63.1,63.1
2025-11-11,19,60.9,60.9
2025-11-11,20,59.7,59.7
2025-11-11,21,57.7,57.7
2025-11-11,22,55.9,55.9
2025-11-11,23,53.9,53.9
2025-11-11,24,51.6,51.6
2025-11-12,1,49.7,49.7
2025-11-12,2,46.2,46.2
2025-11-12,3,44.8,44.8
2025-11-12,4,43.8,43.8
2025-11-12,5,42.3,42.3
2025-11-12,6,41.3,41.3
2025-11-12,7,41.3,41.3
2025-11-12,8,41.2,41.2
2025-11-12,9,40.6,40.6
2025-11-12,10,41.8,41.8
2025-11-12,11,48.6,48.6
2025-11-12,12,56.1,56.1
2025-11-12,13,61.3,61.3
2025-11-12,14,64.3,64.3
2025-11-12,15,64.9,64.9
2025-11-12,16,65.0,65.0
2025-11-12,17,64.4,64.4
2025-11-12,18,63.0,63.0
2025-11-12,19,60.1,60.1
2025-11-12,20,56.8,56.8
2025-11-12,21,55.7,55.7
2025-11-12,22,54.7,54.7
2025-11-12,23,53.9,53.9
2025-11-12,24,53.1,53.1
2025-11-13,1,52.2,52.2
2025-11-13,2,48.9,48.9
2025-11-13,3,48.6,48.6
2025-11-13,4,47.8,47.8
2025-11-13,5,47.0,47.0
2025-11-13,6,46.1,46.1
2025-11-13,7,44.9,44.9
2025-11-13,8,44.2,44.2
2025-11-13,9,43.5,43.5
2025-11-13,10,43.9,43.9
2025-11-13,11,48.3,48.3
2025-11-13,12,57.7,57.7
2025-11-13,13,63.0,63.0
2025-11-13,14,65.8,65.8
2025-11-13,15,67.6,67.6
2025-11-13,16,68.3,68.3
2025-11-13,17,68.5,68.5
2025-11-13,18,67.6,67.6
2025-11-13,19,65.0,65.0
2025-11-13,20,60.1,60.1
2025-11-13,21,55.5,55.5
2025-11-13,22,53.4,53.4
2025-11-13,23,51.5,51.5
2025-11-13,24,50.6,50.6
2025-11-14,1,49.7,49.7
2025-11-14,2,49.0,49.0
2025-11-14,3,47.7,47.7
2025-11-14,4,47.3,47.3
2025-11-14,5,46.8,46.8
2025-11-14,6,46.3,46.3
2025-11-14,7,46.9,46.9
2025-11-14,8,46.9,46.9
2025-11-14,9,46.5,46.5
2025-11-14,10,47.2,47.2
2025-11-14,11,50.2,50.2
2025-11-14,12,58.5,58.5
2025-11-14,13,62.4,62.4
2025-11-14,14,66.4,66.4
2025-11-14,15,67.0,67.0
2025-11-14,16,66.2,66.2
2025-11-14,17,63.0,63.0
2025-11-14,18,59.9,59.9
2025-11-14,19,58.7,58.7
2025-11-14,20,56.0,56.0
2025-11-14,21,53.6,53.6
2025-11-14,22,52.3,52.3
2025-11-14,23,51.8,51.8
2025-11-14,24,51.5,51.5
2025-11-15,1,51.3,51.3
2025-11-15,2,51.6,51.6
2025-11-15,3,51.5,51.5
2025-11-15,4,52.6,52.6
2025-11-15,5,51.5,51.5
2025-11-15,6,50.5,50.5
2025-11-15,7,50.1,50.1
2025-11-15,8,49.2,49.2
2025-11-15,9,48.3,48.3
2025-11-15,10,47.8,47.8
2025-11-15,11,51.8,51.8
2025-11-15,12,56.8,56.8
2025-11-15,13,60.5,60.5
2025-11-15,14,62.8,62.8
2025-11-15,15,64.0,64.0
2025-11-15,16,64.6,64.6
2025-11-15,17,64.7,64.7
2025-11-15,18,63.9,63.9
2025-11-15,19,61.2,61.2
2025-11-15,20,57.8,57.8
2025-11-15,21,58.0,58.0
2025-11-15,22,57.7,57.7
2025-11-15,23,56.2,56.2
2025-11-15,24,55.0,55.0
2025-11-16,1,52.6,52.6
2025-11-16,2,47.4,47.4
2025-11-16,3,45.9,45.9
2025-11-16,4,44.9,44.9
2025-11-16,5,44.0,44.0
2025-11-16,6,43.3,43.3
2025-11-16,7,42.7,42.7
2025-11-16,8,43.5,43.5
2025-11-16,9,44.2,44.2
2025-11-16,10,44.6,44.6
2025-11-16,11,48.9,48.9
2025-11-16,12,56.4,56.4
2025-11-16,13,59.6,59.6
2025-11-16,14,57.2,57.2
2025-11-16,15,56.5,56.5
2025-11-16,16,51.2,51.2
2025-11-16,17,46.8,46.8
2025-11-16,18,45.1,45.1
2025-11-16,19,44.2,44.2
2025-11-16,20,43.3,43.3
2025-11-16,21,43.2,43.2
2025-11-16,22,43.1,43.1
2025-11-16,23,43.0,43.0
2025-11-16,24,43.1,43.1
2025-11-17,1,42.9,42.9
2025-11-17,2,42.5,42.5
2025-11-17,3,42.5,42.5
2025-11-17,4,42.2,42.2
2025-11-17,5,41.9,41.9
2025-11-17,6,41.7,41.7
2025-11-17,7,41.9,41.9
2025-11-17,8,41.7,41.7
2025-11-17,9,41.1,41.1
2025-11-17,10,40.9,40.9
2025-11-17,11,43.3,43.3
2025-11-17,12,45.3,45.3
2025-11-17,13,47.8,47.8
2025-11-17,14,49.7,49.7
2025-11-17,15,50.9,50.9
2025-11-17,16,51.6,51.6
2025-11-17,17,52.0,52.0
2025-11-17,18,51.8,51.8
2025-11-17,19,50.8,50.8
2025-11-17,20,49.5,49.5
2025-11-17,21,47.3,47.3
2025-11-17,22,46.9,46.9
2025-11-17,23,46.6,46.6
2025-11-17,24,46.3,46.3
2025-11-18,1,45.7,45.7
2025-11-18,2,45.3,45.3
2025-11-18,3,44.7,44.7
2025-11-18,4,44.2,44.2
2025-11-18,5,43.6,43.6
2025-11-18,6,42.5,42.5
2025-11-18,7,41.5,41.5
2025-11-18,8,40.8,40.8
2025-11-18,9,40.5,40.5
2025-11-18,10,41.3,41.3
2025-11-18,11,43.4,43.4
2025-11-18,12,48.5,48.5
2025-11-18,13,51.7,51.7
2025-11-18,14,54.1,54.1
2025-11-18,15,55.2,55.2
2025-11-18,16,55.1,55.1
2025-11-18,17,55.2,55.2
2025-11-18,18,54.5,54.5
2025-11-18,19,52.6,52.6
2025-11-18,20,50.4,50.4
2025-11-18,21,49.9,49.9
2025-11-18,22,48.6,48.6
2025-11-18,23,47.5,47.5
2025-11-18,24,46.7,46.7
2025-11-19,1,44.9,44.9
2025-11-19,2,43.3,43.3
2025-11-19,3,43.4,43.4
2025-11-19,4,43.1,43.1
2025-11-19,5,43.5,43.5
2025-11-19,6,44.2,44.2
2025-11-19,7,43.6,43.6
2025-11-19,8,43.1,43.1
2025-11-19,9,43.0,43.0
2025-11-19,10,42.4,42.4
2025-11-19,11,43.5,43.5
2025-11-19,12,48.6,48.6
2025-11-19,13,51.2,51.2
2025-11-19,14,49.7,49.7
2025-11-19,15,50.9,50.9
2025-11-19,16,52.2,52.2
2025-11-19,17,52.6,52.6
2025-11-19,18,52.5,52.5
2025-11-19,19,51.1,48.5
2025-11-19,20,50.4,46.5
2025-11-19,21,49.1,45.6
2025-11-19,22,47.9,44.7
2025-11-19,23,46.6,43.1
2025-11-19,24,45.3,41.9
2025-11-20,1,44.2,40.6
2025-11-20,2,42.9,39.6
2025-11-20,3,42.4,38.9
2025-11-20,4,41.9,38.7
2025-11-20,5,41.4,38.1
2025-11-20,6,41.3,37.8
2025-11-20,7,41.2,37.7
2025-11-20,8,41.4,38.0
2025-11-20,9,41.5,37.8
2025-11-20,10,41.6,37.8
2025-11-20,11,43.3,39.3
2025-11-20,12,45.7,41.4
2025-11-20,13,47.3,43.3
2025-11-20,14,48.1,43.1
2025-11-20,15,47.5,42.5
2025-11-20,16,47.8,42.8
2025-11-20,17,48.4,43.5
2025-11-20,18,47.7,43.9
2025-11-20,19,46.2,42.5
2025-11-20,20,44.9,41.6
2025-11-20,21,43.9,41.2
2025-11-20,22,42.9,40.3
2025-11-20,23,41.7,39.1
2025-11-20,24,40.0,37.3
2025-11-21,1,37.3,34.3
2025-11-21,2,36.3,32.9
2025-11-21,3,34.7,30.8
2025-11-21,4,33.4,29.4
2025-11-21,5,32.6,28.7
2025-11-21,6,32.1,28.0
2025-11-21,7,31.6,26.9
2025-11-21,8,31.2,26.9
2025-11-21,9,31.2,26.6
2025-11-21,10,31.7,27.3
2025-11-21,11,35.5,31.8
2025-11-21,12,39.6,36.4
2025-11-21,13,43.0,39.7
2025-11-21,14,46.9,42.6
2025-11-21,15,48.7,42.6
2025-11-21,16,49.1,42.1
2025-11-21,17,48.7,41.6
2025-11-21,18,47.5,40.4
2025-11-21,19,45.7,41.9
2025-11-21,20,43.0,39.5
2025-11-21,21,42.9,39.5
2025-11-21,22,42.2,38.7
2025-11-21,23,41.0,37.7
2025-11-21,24,40.3,37.1
2025-11-22,1,39.3,36.3
2025-11-22,2,39.8,37.0
2025-11-22,3,39.1,36.2
2025-11-22,4,37.0,33.8
2025-11-22,5,35.5,32.1
2025-11-22,6,33.4,29.3
2025-11-22,7,31.4,27.0
2025-11-22,8,30.4,26.1
2025-11-22,9,30.4,26.1
2025-11-22,10,30.7,26.4
2025-11-22,11,34.0,29.4
2025-11-22,12,38.4,34.7
2025-11-22,13,43.0,38.9
2025-11-22,14,46.9,42.8
2025-11-22,15,49.2,44.9
2025-11-22,16,50.7,45.7
2025-11-22,17,51.1,45.3
2025-11-22,18,50.0,44.4
2025-11-22,19,47.7,43.5
2025-11-22,20,43.4,38.8
2025-11-22,21,40.5,36.1
2025-11-22,22,40.6,36.2
2025-11-22,23,41.1,37.2
2025-11-22,24,40.2,36.8
2025-11-23,1,39.3,35.5
2025-11-23,2,38.2,33.9
2025-11-23,3,37.7,33.7
2025-11-23,4,36.8,32.4
2025-11-23,5,35.2,30.9
2025-11-23,6,33.9,29.8
2025-11-23,7,33.5,29.0
2025-11-23,8,33.3,28.7
2025-11-23,9,33.4,29.3
2025-11-23,10,33.4,29.6
2025-11-23,11,35.7,31.7
2025-11-23,12,40.0,35.6
2025-11-23,13,43.3,38.7
2025-11-23,14,44.7,38.9
2025-11-23,15,46.3,41.0
2025-11-23,16,47.4,42.4
2025-11-23,17,47.5,42.5
2025-11-23,18,46.8,42.6
2025-11-23,19,45.1,41.6
2025-11-23,20,41.7,38.4
2025-11-23,21,41.6,38.3
2025-11-23,22,41.5,38.0
2025-11-23,23,39.6,36.0
2025-11-23,24,38.7,35.1
2025-11-24,1,38.3,35.1
2025-11-24,2,38.5,34.7
2025-11-24,3,38.2,34.1
2025-11-24,4,37.9,33.6
2025-11-24,5,37.7,33.6
2025-11-24,6,36.8,32.7
2025-11-24,7,36.6,32.8
2025-11-24,8,36.6,32.3
2025-11-24,9,36.6,31.9
2025-11-24,10,35.8,30.8
2025-11-24,11,37.5,31.8
2025-11-24,12,42.4,36.6
2025-11-24,13,46.0,40.4
2025-11-24,14,47.8,41.0
2025-11-24,15,49.6,42.6
2025-11-24,16,50.5,43.5
2025-11-24,17,50.6,44.2
2025-11-24,18,50.1,44.1
2025-11-24,19,48.5,44.1
2025-11-24,20,49.0,44.6
2025-11-24,21,47.8,43.5
2025-11-24,22,46.6,42.4
2025-11-24,23,45.7,41.5
2025-11-24,24,43.0,39.0
2025-11-25,1,38.2,33.7
2025-11-25,2,36.8,31.4
2025-11-25,3,35.9,30.0
2025-11-25,4,36.1,30.2
2025-11-25,5,36.9,31.4
2025-11-25,6,36.4,31.1
2025-11-25,7,40.1,35.4
2025-11-25,8,39.4,35.0
2025-11-25,9,38.8,34.5
2025-11-25,10,38.1,33.9
2025-11-25,11,38.8,34.6
2025-11-25,12,40.5,34.6
2025-11-25,13,42.5,36.1
2025-11-25,14,43.9,37.2
2025-11-25,15,45.0,38.1
2025-11-25,16,45.6,38.2
2025-11-25,17,45.5,37.9
2025-11-25,18,44.3,37.8
2025-11-25,19,42.9,36.3
2025-11-25,20,40.3,33.9
2025-11-25,21,39.8,34.2
2025-11-25,22,38.7,33.5
2025-11-25,23,37.7,32.9
2025-11-25,24,37.0,32.2
2025-11-26,1,36.7,31.7
2025-11-26,2,36.8,32.2
2025-11-26,3,36.5,32.0
2025-11-26,4,36.7,31.6
2025-11-26,5,36.5,31.5
2025-11-26,6,36.3,31.3
2025-11-26,7,35.8,30.4
2025-11-26,8,35.7,30.2
2025-11-26,9,35.7,30.3
2025-11-26,10,36.2,30.9
2025-11-26,11,37.9,31.8
2025-11-26,12,42.2,35.5
2025-11-26,13,45.8,39.0
2025-11-26,14,46.9,39.4
2025-11-26,15,48.7,41.0
2025-11-26,16,49.7,42.3
2025-11-26,17,49.9,42.9
2025-11-26,18,49.6,43.6
2025-11-26,19,47.8,43.4
2025-11-26,20,46.9,41.9
2025-11-26,21,45.0,40.1
2025-11-26,22,43.3,38.5
2025-11-26,23,41.6,36.8
2025-11-26,24,40.1,35.2
2025-11-27,1,38.8,34.6
2025-11-27,2,37.8,33.4
2025-11-27,3,37.0,32.2
2025-11-27,4,36.1,31.3
2025-11-27,5,36.1,31.5
2025-11-27,6,36.3,31.8
2025-11-27,7,36.2,31.7
2025-11-27,8,36.0,31.2
2025-11-27,9,35.3,30.2
2025-11-27,10,35.5,30.4
2025-11-27,11,39.7,34.7
2025-11-27,12,45.2,39.7
2025-11-27,13,50.2,44.3
2025-11-27,14,52.7,46.1
2025-11-27,15,54.5,47.6
2025-11-27,16,55.4,48.7
2025-11-27,17,55.6,49.8
2025-11-27,18,54.5,49.4
2025-11-27,19,50.8,47.1
2025-11-27,20,49.7,44.9
2025-11-27,21,50.1,44.9
2025-11-27,22,48.9,43.7
2025-11-27,23,47.2,42.3
2025-11-27,24,45.2,40.5
2025-11-28,1,43.4,38.1
2025-11-28,2,39.7,34.0
2025-11-28,3,38.8,33.0
2025-11-28,4,38.2,32.5
2025-11-28,5,37.7,32.1
2025-11-28,6,37.8,32.1
2025-11-28,7,37.2,31.6
2025-11-28,8,37.9,32.1
2025-11-28,9,39.8,34.0
2025-11-28,10,40.6,34.5
2025-11-28,11,40.1,34.0
2025-11-28,12,43.6,37.7
2025-11-28,13,47.4,41.1
2025-11-28,14,52.3,44.8
2025-11-28,15,53.5,45.7
2025-11-28,16,53.9,44.1
2025-11-28,17,52.2,42.2
2025-11-28,18,49.8,39.8
2025-11-28,19,46.6,39.4
2025-11-28,20,43.3,37.3
2025-11-28,21,45.3,39.8
2025-11-28,22,44.2,38.8
2025-11-28,23,43.5,38.0
2025-11-28,24,38.2,33.0
2025-11-29,1,36.7,32.2
2025-11-29,2,38.7,33.9
2025-11-29,3,37.0,32.6
2025-11-29,4,36.1,31.1
2025-11-29,5,35.8,30.8
2025-11-29,6,36.2,30.5
2025-11-29,7,37.7,32.4
2025-11-29,8,37.8,33.3
2025-11-29,9,36.8,32.9
2025-11-29,10,36.2,32.2
2025-11-29,11,36.4,31.5
2025-11-29,12,38.8,33.8
2025-11-29,13,40.0,34.8
2025-11-29,14,41.5,35.4
2025-11-29,15,42.4,36.4
2025-11-29,16,43.8,38.1
2025-11-29,17,43.8,38.5
2025-11-29,18,43.3,38.4
2025-11-29,19,42.2,37.8
2025-11-29,20,40.7,35.9
2025-11-29,21,39.7,35.2
2025-11-29,22,38.9,34.4
2025-11-29,23,38.3,33.5
2025-11-29,24,37.9,32.1
2025-11-30,1,37.9,32.0
2025-11-30,2,37.5,31.2
2025-11-30,3,35.9,29.7
2025-11-30,4,34.1,27.8
2025-11-30,5,34.5,28.3
2025-11-30,6,35.1,29.1
2025-11-30,7,38.0,32.6
2025-11-30,8,37.9,33.1
2025-11-30,9,37.2,32.2
2025-11-30,10,36.7,31.4
2025-11-30,11,36.7,31.5
2025-11-30,12,37.1,31.7
2025-11-30,13,37.4,31.6
2025-11-30,14,38.1,32.5
2025-11-30,15,37.3,32.2
2025-11-30,16,36.0,29.4
2025-11-30,17,36.0,28.2
2025-11-30,18,34.9,27.3
2025-11-30,19,33.5,27.5
2025-11-30,20,32.9,27.1
2025-11-30,21,32.5,26.6
2025-11-30,22,31.7,25.2
2025-11-30,23,30.7,24.2
2025-11-30,24,30.7,24.4
2025-12-01,1,32.0,25.7
2025-12-01,2,31.5,25.6
2025-12-01,3,31.0,25.7
2025-12-01,4,29.8,24.0
2025-12-01,5,24.8,18.8
2025-12-01,6,22.4,16.6
2025-12-01,7,20.6,14.1
2025-12-01,8,19.0,12.8
2025-12-01,9,18.8,12.6
2025-12-01,10,18.5,12.5
2025-12-01,11,20.8,14.9
2025-12-01,12,25.2,18.6
2025-12-01,13,30.1,22.5
2025-12-01,14,31.8,24.4
2025-12-01,15,33.4,26.3
2025-12-01,16,34.4,27.7
2025-12-01,17,34.7,28.2
2025-12-01,18,34.4,28.3
2025-12-01,19,33.3,28.0
2025-12-01,20,31.4,26.0
2025-12-01,21,30.6,25.4
2025-12-01,22,29.8,24.8
2025-12-01,23,29.3,24.2
2025-12-01,24,29.4,24.0
2025-12-02,1,29.6,24.1
2025-12-02,2,27.5,21.7
2025-12-02,3,28.1,22.1
2025-12-02,4,28.2,21.9
2025-12-02,5,29.3,23.5
2025-12-02,6,29.9,24.5
2025-12-02,7,29.9,24.6
2025-12-02,8,30.4,23.9
2025-12-02,9,29.8,22.7
2025-12-02,10,29.9,23.4
2025-12-02,11,31.7,25.7
2025-12-02,12,36.0,29.6
2025-12-02,13,37.7,31.0
2025-12-02,14,38.0,30.7
2025-12-02,15,39.3,31.9
2025-12-02,16,40.0,32.7
2025-12-02,17,39.7,32.8
2025-12-02,18,38.5,32.4
2025-12-02,19,37.1,31.4
2025-12-02,20,36.0,29.8
2025-12-02,21,34.3,27.9
2025-12-02,22,33.6,27.5
2025-12-02,23,32.9,27.2
2025-12-02,24,32.2,26.9
2025-12-03,1,31.6,26.4
2025-12-03,2,30.2,25.4
2025-12-03,3,30.2,25.4
2025-12-03,4,29.9,24.8
2025-12-03,5,29.0,23.3
2025-12-03,6,27.1,20.9
2025-12-03,7,26.6,20.3
2025-12-03,8,26.8,19.8
2025-12-03,9,26.4,19.9
2025-12-03,10,26.1,19.6
2025-12-03,11,27.2,21.1
2025-12-03,12,29.9,23.2
2025-12-03,13,33.4,26.2
2025-12-03,14,36.1,28.9
2025-12-03,15,37.5,30.6
2025-12-03,16,37.6,30.0
2025-12-03,17,36.5,28.4
2025-12-03,18,35.3,27.1
2025-12-03,19,33.4,26.8
2025-12-03,20,30.3,24.0
2025-12-03,21,31.6,25.7
2025-12-03,22,31.1,25.9
2025-12-03,23,30.6,25.4
2025-12-03,24,30.2,25.2
2025-12-04,1,29.8,24.5
2025-12-04,2,28.8,24.0
2025-12-04,3,27.4,22.7
2025-12-04,4,26.2,21.5
2025-12-04,5,25.6,20.7
2025-12-04,6,25.3,20.1
2025-12-04,7,25.1,19.2
2025-12-04,8,24.4,18.5
2025-12-04,9,24.4,18.9
2025-12-04,10,24.4,18.6
2025-12-04,11,26.8,20.8
2025-12-04,12,29.4,22.2
2025-12-04,13,31.6,24.2
2025-12-04,14,34.1,26.7
2025-12-04,15,35.7,28.3
2025-12-04,16,36.4,29.0
2025-12-04,17,36.6,29.7
2025-12-04,18,36.2,30.1
2025-12-04,19,34.2,29.1
2025-12-04,20,32.5,26.9
2025-12-04,21,31.5,25.8
2025-12-04,22,30.7,24.6
2025-12-04,23,30.6,24.3
2025-12-04,24,30.2,23.8
2025-12-05,1,30.2,24.4
2025-12-05,2,30.2,24.0
2025-12-05,3,30.4,24.1
2025-12-05,4,30.7,24.4
2025-12-05,5,30.6,24.3
2025-12-05,6,30.9,24.8
2025-12-05,7,31.0,25.1
2025-12-05,8,30.9,24.9
2025-12-05,9,30.9,25.0
2025-12-05,10,30.8,24.7
2025-12-05,11,31.6,25.2
2025-12-05,12,32.5,26.3
2025-12-05,13,33.4,27.3
2025-12-05,14,34.3,27.8
2025-12-05,15,34.9,28.4
2025-12-05,16,35.2,29.0
2025-12-05,17,35.4,29.4
2025-12-05,18,35.1,28.9
2025-12-05,19,34.7,29.5
2025-12-05,20,34.7,29.4
2025-12-05,21,34.3,28.6
2025-12-05,22,33.6,28.0
2025-12-05,23,33.8,28.0
2025-12-05,24,34.1,28.0
2025-12-06,1,34.1,28.3
2025-12-06,2,34.5,28.3
2025-12-06,3,34.6,28.4
2025-12-06,4,34.5,27.3
2025-12-06,5,35.3,28.2
2025-12-06,6,36.2,30.0
2025-12-06,7,38.2,33.4
2025-12-06,8,38.1,32.8
2025-12-06,9,37.9,33.8
2025-12-06,10,37.5,33.3
2025-12-06,11,36.5,31.5
2025-12-06,12,37.2,31.2
2025-12-06,13,39.7,34.0
2025-12-06,14,40.7,35.3
2025-12-06,15,38.3,33.3
2025-12-06,16,38.3,32.9
2025-12-06,17,39.1,33.3
2025-12-06,18,42.4,37.2
2025-12-06,19,41.2,36.4
2025-12-06,20,40.3,35.4
2025-12-06,21,38.6,33.8
2025-12-06,22,37.0,32.5
2025-12-06,23,35.6,30.9
2025-12-06,24,34.3,29.7
2025-12-07,1,33.3,28.7
2025-12-07,2,32.0,27.5
2025-12-07,3,31.7,26.9
2025-12-07,4,31.2,26.1
2025-12-07,5,29.6,24.0
2025-12-07,6,26.3,20.6
2025-12-07,7,25.1,19.0
2025-12-07,8,23.1,17.4
2025-12-07,9,20.8,15.0
2025-12-07,10,19.6,13.4
2025-12-07,11,22.6,15.9
2025-12-07,12,25.2,18.1
2025-12-07,13,29.9,23.3
2025-12-07,14,36.4,29.3
2025-12-07,15,37.4,30.6
2025-12-07,16,38.0,31.0
2025-12-07,17,38.1,31.1
2025-12-07,18,39.6,33.8
2025-12-07,19,38.3,33.4
2025-12-07,20,37.5,32.4
2025-12-07,21,37.9,32.6
2025-12-07,22,37.0,31.7
2025-12-07,23,36.1,30.8
2025-12-07,24,35.7,30.2
2025-12-08,1,35.7,30.2
2025-12-08,2,34.0,28.3
2025-12-08,3,33.9,28.1
2025-12-08,4,34.3,28.4
2025-12-08,5,34.8,29.1
2025-12-08,6,34.8,29.6
2025-12-08,7,34.5,28.9
2025-12-08,8,34.2,28.4
2025-12-08,9,33.6,28.2
2025-12-08,10,33.4,28.1
2025-12-08,11,34.3,28.5
2025-12-08,12,38.2,32.0
2025-12-08,13,41.9,36.0
2025-12-08,14,41.7,35.9
2025-12-08,15,45.7,39.3
2025-12-08,16,46.8,40.5
2025-12-08,17,47.2,40.7
2025-12-08,18,46.4,41.2
2025-12-08,19,44.7,40.3
2025-12-08,20,42.0,37.3
2025-12-08,21,39.8,34.9
2025-12-08,22,38.0,33.0
2025-12-08,23,36.5,31.1
2025-12-08,24,35.2,29.7
2025-12-09,1,34.1,28.4
2025-12-09,2,34.3,28.5
2025-12-09,3,33.4,27.6
2025-12-09,4,32.8,26.6
2025-12-09,5,33.1,26.9
2025-12-09,6,33.0,26.8
2025-12-09,7,32.6,26.7
2025-12-09,8,32.5,26.5
2025-12-09,9,32.7,26.5
2025-12-09,10,32.5,26.1
2025-12-09,11,34.1,27.1
2025-12-09,12,38.9,31.6
2025-12-09,13,41.5,34.8
2025-12-09,14,42.4,35.2
2025-12-09,15,44.0,36.8
2025-12-09,16,45.4,38.6
2025-12-09,17,49.9,43.5
2025-12-09,18,48.6,44.1
2025-12-09,19,47.5,43.3
2025-12-09,20,47.4,42.9
2025-12-09,21,46.9,41.7
2025-12-09,22,46.1,40.9
2025-12-09,23,45.5,40.6
2025-12-09,24,45.0,40.3
2025-12-10,1,44.9,40.5
2025-12-10,2,42.9,38.1
2025-12-10,3,42.3,37.3
2025-12-10,4,41.4,36.2
2025-12-10,5,40.6,35.1
2025-12-10,6,40.2,34.7
2025-12-10,7,39.6,34.3
2025-12-10,8,38.8,33.2
2025-12-10,9,37.4,31.9
2025-12-10,10,36.6,31.2
2025-12-10,11,37.4,31.9
2025-12-10,12,42.5,36.9
2025-12-10,13,46.9,42.0
2025-12-10,14,50.6,44.8
2025-12-10,15,52.2,45.7
2025-12-10,16,53.2,47.0
2025-12-10,17,53.6,48.0
2025-12-10,18,52.1,47.6
2025-12-10,19,48.7,44.2
2025-12-10,20,46.0,40.8
2025-12-10,21,43.4,38.1
2025-12-10,22,41.8,36.5
2025-12-10,23,40.5,35.3
2025-12-10,24,40.0,34.8
2025-12-11,1,39.1,33.9
2025-12-11,2,39.6,34.6
2025-12-11,3,38.4,33.6
2025-12-11,4,37.3,32.7
2025-12-11,5,36.9,32.0
2025-12-11,6,36.4,31.6
2025-12-11,7,35.2,30.2
2025-12-11,8,34.6,29.8
2025-12-11,9,36.1,31.3
2025-12-11,10,36.5,31.7
2025-12-11,11,41.3,36.6
2025-12-11,12,45.1,40.2
2025-12-11,13,48.4,43.6
2025-12-11,14,52.3,46.8
2025-12-11,15,54.5,49.1
2025-12-11,16,54.7,49.5
2025-12-11,17,54.0,49.7
2025-12-11,18,50.8,47.9
2025-12-11,19,49.0,45.7
2025-12-11,20,45.5,42.0
2025-12-11,21,42.7,39.0
2025-12-11,22,40.2,36.5
2025-12-11,23,38.9,34.7
2025-12-11,24,38.6,34.2
2025-12-12,1,37.3,32.4
2025-12-12,2,38.2,33.4
2025-12-12,3,38.4,33.6
2025-12-12,4,37.7,32.7
2025-12-12,5,37.1,32.0
2025-12-12,6,36.9,31.8
2025-12-12,7,37.3,31.9
2025-12-12,8,36.4,31.3
2025-12-12,9,36.3,31.3
2025-12-12,10,36.2,31.1
2025-12-12,11,40.5,35.6
2025-12-12,12,43.9,39.1
2025-12-12,13,45.3,40.5
2025-12-12,14,49.0,44.0
2025-12-12,15,51.2,46.2
2025-12-12,16,52.0,47.2
2025-12-12,17,51.8,47.3
2025-12-12,18,48.8,45.4
2025-12-12,19,46.0,42.2
2025-12-12,20,43.1,39.2
2025-12-12,21,41.3,37.2
2025-12-12,22,40.2,35.8
2025-12-12,23,39.0,34.2
2025-12-12,24,37.8,33.0
2025-12-13,1,37.0,32.1
2025-12-13,2,37.3,32.4
2025-12-13,3,36.8,31.7
2025-12-13,4,35.9,30.8
2025-12-13,5,35.5,30.3
2025-12-13,6,35.1,30.0
2025-12-13,7,34.6,29.3
2025-12-13,8,35.2,30.0
2025-12-13,9,34.7,29.6
2025-12-13,10,34.5,29.3
2025-12-13,11,39.0,34.1
2025-12-13,12,42.5,37.3
2025-12-13,13,43.5,38.1
2025-12-13,14,46.3,40.8
2025-12-13,15,48.1,42.7
2025-12-13,16,49.2,44.1
2025-12-13,17,49.0,44.7
2025-12-13,18,46.7,42.4
2025-12-13,19,44.6,40.5
2025-12-13,20,42.4,38.0
2025-12-13,21,41.4,36.8
2025-12-13,22,40.5,35.9
2025-12-13,23,39.9,35.2
2025-12-13,24,39.2,34.5
2025-12-14,1,38.3,33.2
2025-12-14,2,37.3,32.1
2025-12-14,3,37.3,32.1
2025-12-14,4,35.1,29.8
2025-12-14,5,34.1,28.5
2025-12-14,6,33.9,28.2
2025-12-14,7,33.9,27.8
2025-12-14,8,33.5,27.5
2025-12-14,9,34.1,28.1
2025-12-14,10,33.9,28.0
2025-12-14,11,38.2,32.6
2025-12-14,12,41.7,36.2
2025-12-14,13,42.1,36.7
2025-12-14,14,46.1,40.4
2025-12-14,15,48.8,42.8
2025-12-14,16,49.9,44.1
2025-12-14,17,49.0,43.5
2025-12-14,18,46.2,41.3
2025-12-14,19,43.0,37.9
2025-12-14,20,43.3,38.4
2025-12-14,21,42.3,37.4
2025-12-14,22,41.5,36.6
2025-12-14,23,41.8,36.8
2025-12-14,24,42.0,37.0
2025-12-15,1,39.1,33.7
2025-12-15,2,37.6,32.2
2025-12-15,3,38.6,33.5
2025-12-15,4,39.1,34.0
2025-12-15,5,38.5,33.2
2025-12-15,6,37.5,32.1
2025-12-15,7,36.4,30.8
2025-12-15,8,36.5,31.2
2025-12-15,9,33.7,28.0
2025-12-15,10,32.6,26.8
2025-12-15,11,37.7,32.3
2025-12-15,12,41.9,36.9
2025-12-15,13,43.2,37.7
2025-12-15,14,46.7,40.9
2025-12-15,15,47.9,42.3
2025-12-15,16,48.3,42.7
2025-12-15,17,47.7,42.6
2025-12-15,18,41.9,37.4
2025-12-15,19,39.6,34.6
2025-12-15,20,39.5,34.8
2025-12-15,21,39.6,34.7
2025-12-15,22,40.0,35.2
2025-12-15,23,39.1,34.0
2025-12-15,24,38.6,33.4
2025-12-16,1,38.8,33.6
2025-12-16,2,40.6,35.3
2025-12-16,3,39.1,33.9
2025-12-16,4,36.3,30.9
2025-12-16,5,35.5,29.9
2025-12-16,6,35.3,29.9
2025-12-16,7,35.3,29.5
2025-12-16,8,33.9,28.2
2025-12-16,9,33.8,28.4
2025-12-16,10,33.8,28.8
2025-12-16,11,38.6,33.4
2025-12-16,12,43.9,37.7
2025-12-16,13,45.8,40.5
2025-12-16,14,46.4,40.8
2025-12-16,15,49.1,43.1
2025-12-16,16,49.9,43.8
2025-12-16,17,47.5,41.5
2025-12-16,18,43.3,38.6
2025-12-16,19,40.5,34.7
2025-12-16,20,39.3,33.4
2025-12-16,21,38.1,32.2
2025-12-16,22,35.8,29.7
2025-12-16,23,35.5,29.4
2025-12-16,24,36.5,30.6
2025-12-17,1,36.8,31.0
2025-12-17,2,37.9,31.6
2025-12-17,3,39.4,32.9
2025-12-17,4,39.4,32.8
2025-12-17,5,33.7,26.8
2025-12-17,6,33.7,27.7
2025-12-17,7,35.4,28.8
2025-12-17,8,38.0,31.4
2025-12-17,9,39.1,32.4
2025-12-17,10,40.0,33.4
2025-12-17,11,41.9,35.5
2025-12-17,12,45.4,38.3
2025-12-17,13,50.1,44.0
2025-12-17,14,55.3,48.2
2025-12-17,15,57.6,51.2
2025-12-17,16,56.6,50.6
2025-12-17,17,56.6,52.2
2025-12-17,18,45.0,39.9
2025-12-17,19,47.2,42.3
2025-12-17,20,45.3,39.5
2025-12-17,21,44.9,38.1
2025-12-17,22,44.5,37.3
2025-12-17,23,42.5,35.0
2025-12-17,24,42.3,34.7
2025-12-18,1,38.2,30.5
2025-12-18,2,35.5,28.4
2025-12-18,3,32.4,26.1
2025-12-18,4,32.6,27.4
2025-12-18,5,30.7,25.4
2025-12-18,6,29.8,24.6
2025-12-18,7,28.5,23.3
2025-12-18,8,27.8,22.0
2025-12-18,9,28.0,22.1
2025-12-18,10,28.6,22.6
2025-12-18,11,35.2,29.0
2025-12-18,12,39.5,32.8
2025-12-18,13,40.7,33.5
2025-12-18,14,42.6,34.3
2025-12-18,15,42.9,34.4
2025-12-18,16,43.5,35.4
2025-12-18,17,43.7,36.3
2025-12-18,18,43.5,36.4
2025-12-18,19,39.5,33.2
2025-12-18,20,36.7,30.5
2025-12-18,21,34.6,28.1
2025-12-18,22,33.8,27.2
2025-12-18,23,33.7,27.1
2025-12-18,24,33.8,27.2
2025-12-19,1,33.8,27.1
2025-12-19,2,34.4,27.4
2025-12-19,3,35.8,28.9
2025-12-19,4,37.2,30.3
2025-12-19,5,38.1,31.1
2025-12-19,6,39.4,32.6
2025-12-19,7,39.7,33.1
2025-12-19,8,42.6,35.8
2025-12-19,9,42.7,35.8
2025-12-19,10,42.3,35.4
2025-12-19,11,45.8,38.8
2025-12-19,12,48.7,41.7
2025-12-19,13,54.1,47.0
2025-12-19,14,55.3,47.9
2025-12-19,15,55.2,46.9
2025-12-19,16,57.1,48.4
2025-12-19,17,57.2,49.7
2025-12-19,18,52.9,45.5
2025-12-19,19,50.5,43.3
2025-12-19,20,50.8,44.2
2025-12-19,21,48.1,43.0
2025-12-19,22,45.9,41.4
2025-12-19,23,45.5,40.2
2025-12-19,24,44.0,37.9
2025-12-20,1,44.4,39.6
2025-12-20,2,44.8,40.1
2025-12-20,3,43.5,39.5
2025-12-20,4,43.9,39.6
2025-12-20,5,42.4,38.2
2025-12-20,6,41.0,36.8
2025-12-20,7,40.5,35.7
2025-12-20,8,40.9,36.6
2025-12-20,9,40.2,35.4
2025-12-20,10,38.2,33.7
2025-12-20,11,38.9,34.4
2025-12-20,12,44.7,40.4
2025-12-20,13,46.7,42.7
2025-12-20,14,48.9,46.2
2025-12-20,15,48.9,45.6
2025-12-20,16,48.5,45.0
2025-12-20,17,50.9,46.5
2025-12-20,18,49.6,46.1
2025-12-20,19,43.8,40.1
2025-12-20,20,40.5,36.4
2025-12-20,21,38.1,34.0
2025-12-20,22,35.3,30.9
2025-12-20,23,34.2,29.6
2025-12-20,24,35.2,30.2
2025-12-21,1,38.7,33.8
2025-12-21,2,40.9,36.2
2025-12-21,3,41.8,37.0
2025-12-21,4,41.8,37.2
2025-12-21,5,42.2,37.3
2025-12-21,6,42.1,36.9
2025-12-21,7,42.4,37.0
2025-12-21,8,40.8,35.2
2025-12-21,9,42.7,36.8
2025-12-21,10,41.1,34.9
2025-12-21,11,43.6,37.7
2025-12-21,12,49.1,43.2
2025-12-21,13,53.5,47.6
2025-12-21,14,56.7,49.7
2025-12-21,15,57.5,50.3
2025-12-21,16,56.3,49.6
2025-12-21,17,58.0,51.6
2025-12-21,18,56.2,50.1
2025-12-21,19,52.9,47.6
2025-12-21,20,52.9,47.3
2025-12-21,21,50.0,44.4
2025-12-21,22,49.7,44.0
2025-12-21,23,50.6,44.8
2025-12-21,24,48.6,42.9
2025-12-22,1,47.5,41.8
2025-12-22,2,46.3,40.2
2025-12-22,3,45.1,38.9
2025-12-22,4,44.0,37.7
2025-12-22,5,43.6,37.4
2025-12-22,6,43.8,37.6
2025-12-22,7,44.3,37.9
2025-12-22,8,43.2,36.6
2025-12-22,9,43.6,36.9
2025-12-22,10,44.6,37.8
2025-12-22,11,48.1,41.7
2025-12-22,12,53.9,48.3
2025-12-22,13,58.0,51.5
2025-12-22,14,60.6,53.0
2025-12-22,15,62.0,54.2
2025-12-22,16,63.4,56.0
2025-12-22,17,63.1,55.9
2025-12-22,18,59.8,52.8
2025-12-22,19,53.0,46.5
2025-12-22,20,49.0,41.9
2025-12-22,21,47.3,40.1
2025-12-22,22,46.0,38.6
2025-12-22,23,45.1,37.8
2025-12-22,24,44.0,37.0
2025-12-23,1,43.7,37.1
2025-12-23,2,42.7,36.2
2025-12-23,3,42.7,36.7
2025-12-23,4,42.7,36.9
2025-12-23,5,42.7,37.2
2025-12-23,6,42.7,37.1
2025-12-23,7,43.2,37.5
2025-12-23,8,44.4,38.9
2025-12-23,9,43.9,38.4
2025-12-23,10,43.8,38.3
2025-12-23,11,45.8,40.5
2025-12-23,12,49.3,44.7
2025-12-23,13,52.6,48.0
2025-12-23,14,55.8,51.1
2025-12-23,15,57.6,53.1
2025-12-23,16,58.7,54.7
2025-12-23,17,58.0,54.1
2025-12-23,18,54.7,50.7
2025-12-23,19,52.5,48.8
2025-12-23,20,49.0,44.6
2025-12-23,21,47.8,43.1
2025-12-23,22,47.2,42.3
2025-12-23,23,47.9,42.7
2025-12-23,24,48.5,43.3
2025-12-24,1,49.4,44.2
2025-12-24,2,50.2,44.6
2025-12-24,3,49.7,43.9
2025-12-24,4,49.6,43.6
2025-12-24,5,47.1,41.0
2025-12-24,6,44.0,37.7
2025-12-24,7,44.3,37.9
2025-12-24,8,44.3,38.1
2025-12-24,9,44.3,38.5
2025-12-24,10,48.3,42.7
2025-12-24,11,49.3,44.3
2025-12-24,12,49.9,45.2
2025-12-24,13,51.2,46.4
2025-12-24,14,56.3,51.4
2025-12-24,15,58.9,54.0
2025-12-24,16,58.0,53.2
2025-12-24,17,57.5,51.4
2025-12-24,18,56.1,51.0
2025-12-24,19,54.3,49.7
2025-12-24,20,52.7,48.4
2025-12-24,21,49.9,45.5
2025-12-24,22,48.5,44.2
2025-12-24,23,48.2,43.8
2025-12-24,24,46.8,42.2
2025-12-25,1,49.0,44.4
2025-12-25,2,49.3,45.0
2025-12-25,3,48.4,43.8
2025-12-25,4,47.6,43.1
2025-12-25,5,47.0,42.0
2025-12-25,6,46.8,41.8
2025-12-25,7,47.2,41.9
2025-12-25,8,46.1,39.5
2025-12-25,9,44.5,38.8
2025-12-25,10,45.9,39.5
2025-12-25,11,47.1,40.9
2025-12-25,12,49.2,43.3
2025-12-25,13,51.4,45.2
2025-12-25,14,56.3,49.4
2025-12-25,15,57.3,49.7
2025-12-25,16,58.4,50.7
2025-12-25,17,57.6,50.3
2025-12-25,18,55.9,49.3
2025-12-25,19,51.3,44.9
2025-12-25,20,47.7,41.2
2025-12-25,21,46.2,39.9
2025-12-25,22,44.9,38.6
2025-12-25,23,43.1,36.7
2025-12-25,24,41.9,35.7
2025-12-26,1,42.2,36.1
2025-12-26,2,43.5,37.0
2025-12-26,3,41.2,34.8
2025-12-26,4,43.5,36.8
2025-12-26,5,41.6,34.8
2025-12-26,6,39.9,33.1
2025-12-26,7,42.2,35.6
2025-12-26,8,42.6,35.5
2025-12-26,9,44.5,37.4
2025-12-26,10,44.9,37.5
2025-12-26,11,45.5,37.8
2025-12-26,12,46.9,39.1
2025-12-26,13,47.6,39.5
2025-12-26,14,48.4,40.1
2025-12-26,15,48.8,39.9
2025-12-26,16,44.5,36.1
2025-12-26,17,47.0,38.3
2025-12-26,18,48.2,39.4
2025-12-26,19,50.7,43.2
2025-12-26,20,45.5,38.1
2025-12-26,21,40.9,34.1
2025-12-26,22,39.4,32.7
2025-12-26,23,39.1,33.3
2025-12-26,24,40.0,34.6
2025-12-27,1,39.0,33.5
2025-12-27,2,39.1,33.7
2025-12-27,3,37.7,33.3
2025-12-27,4,37.7,33.2
2025-12-27,5,37.3,32.5
2025-12-27,6,36.5,31.4
2025-12-27,7,33.7,28.4
2025-12-27,8,35.4,30.7
2025-12-27,9,35.4,31.1
2025-12-27,10,34.6,30.1
2025-12-27,11,35.7,31.1
2025-12-27,12,39.1,35.1
2025-12-27,13,39.1,34.2
2025-12-27,14,41.0,36.5
2025-12-27,15,42.3,37.4
2025-12-27,16,42.0,36.4
2025-12-27,17,39.4,33.8
2025-12-27,18,37.8,31.7
2025-12-27,19,35.7,30.2
2025-12-27,20,33.7,27.9
2025-12-27,21,35.2,29.2
2025-12-27,22,34.4,28.3
2025-12-27,23,33.2,27.3
2025-12-27,24,31.9,26.0
2025-12-28,1,28.6,22.5
2025-12-28,2,26.5,20.2
2025-12-28,3,24.8,18.3
2025-12-28,4,24.6,18.1
2025-12-28,5,22.9,15.7
2025-12-28,6,22.9,15.6
2025-12-28,7,25.9,18.6
2025-12-28,8,27.6,19.9
2025-12-28,9,28.0,20.3
2025-12-28,10,27.7,20.6
2025-12-28,11,28.6,22.1
2025-12-28,12,29.5,23.4
2025-12-28,13,31.0,24.4
2025-12-28,14,32.7,26.5
2025-12-28,15,33.1,26.6
2025-12-28,16,33.6,26.8
2025-12-28,17,33.1,26.8
2025-12-28,18,31.7,25.4
2025-12-28,19,27.7,21.2
2025-12-28,20,25.7,18.6
2025-12-28,21,25.6,18.5
2025-12-28,22,24.0,17.3
2025-12-28,23,23.5,17.2
2025-12-28,24,22.5,16.3
2025-12-29,1,22.5,15.7
2025-12-29,2,22.1,15.4
2025-12-29,3,22.4,15.6
2025-12-29,4,22.9,16.3
2025-12-29,5,23.1,16.7
2025-12-29,6,23.2,16.8
2025-12-29,7,22.1,15.0
2025-12-29,8,22.4,15.7
2025-12-29,9,22.8,16.2
2025-12-29,10,23.1,16.7
2025-12-29,11,26.5,19.9
2025-12-29,12,27.8,21.5
2025-12-29,13,29.2,22.9
2025-12-29,14,31.4,25.1
2025-12-29,15,32.7,26.4
2025-12-29,16,33.4,26.9
2025-12-29,17,33.1,27.0
2025-12-29,18,31.9,25.7
2025-12-29,19,29.3,23.2
2025-12-29,20,28.6,22.6
2025-12-29,21,28.2,22.2
2025-12-29,22,26.9,20.7
2025-12-29,23,26.9,20.7
2025-12-29,24,27.5,21.6
2025-12-30,1,27.6,21.4
2025-12-30,2,27.8,21.6
2025-12-30,3,28.1,22.1
2025-12-30,4,28.2,22.2
2025-12-30,5,28.0,21.7
2025-12-30,6,27.9,21.6
2025-12-30,7,28.7,22.3
2025-12-30,8,27.6,21.4
2025-12-30,9,27.0,20.8
2025-12-30,10,26.6,20.4
2025-12-30,11,30.0,23.8
2025-12-30,12,32.2,26.4
2025-12-30,13,34.6,28.8
2025-12-30,14,37.2,31.2
2025-12-30,15,38.5,32.2
2025-12-30,16,39.2,32.5
2025-12-30,17,39.1,32.8
2025-12-30,18,36.6,30.6
2025-12-30,19,33.1,26.6
2025-12-30,20,32.8,26.8
2025-12-30,21,32.7,26.9
2025-12-30,22,31.6,25.6
2025-12-30,23,31.0,24.8
2025-12-30,24,32.2,26.5
2025-12-31,1,31.9,26.0
2025-12-31,2,31.8,25.9
2025-12-31,3,31.6,25.7
2025-12-31,4,31.4,25.6
2025-12-31,5,30.6,24.6
2025-12-31,6,30.2,24.1
2025-12-31,7,32.6,26.5
2025-12-31,8,32.0,26.2
2025-12-31,9,31.6,25.7
2025-12-31,10,31.2,25.2
2025-12-31,11,34.5,28.6
2025-12-31,12,37.3,31.3
2025-12-31,13,39.2,33.8
2025-12-31,14,41.4,35.5
2025-12-31,15,42.7,37.1
2025-12-31,16,43.2,37.6
2025-12-31,17,42.5,36.9
2025-12-31,18,38.8,33.4
2025-12-31,19,35.9,30.6
2025-12-31,20,35.6,30.2
2025-12-31,21,36.4,31.2
2025-12-31,22,36.5,31.3
2025-12-31,23,36.3,30.5
2025-12-31,24,35.1,28.5
2026-01-01,1,35.5,29.2
2026-01-01,2,37.0,30.7
2026-01-01,3,36.2,30.0
2026-01-01,4,37.4,31.0
2026-01-01,5,36.5,30.3
2026-01-01,6,37.0,30.8
2026-01-01,7,36.2,31.0
2026-01-01,8,35.8,30.4
2026-01-01,9,35.9,30.4
2026-01-01,10,35.5,30.1
2026-01-01,11,35.7,30.4
2026-01-01,12,36.1,30.9
2026-01-01,13,37.2,32.4
2026-01-01,14,37.2,32.4
2026-01-01,15,37.3,32.5
2026-01-01,16,37.3,32.4
2026-01-01,17,37.6,32.8
2026-01-01,18,40.8,35.8
2026-01-01,19,38.2,33.8
2026-01-01,20,38.8,34.6
2026-01-01,21,39.1,35.0
2026-01-01,22,39.1,34.5
2026-01-01,23,38.2,33.4
2026-01-01,24,37.9,32.8
2026-01-02,1,38.8,34.5
2026-01-02,2,38.6,34.9
2026-01-02,3,37.9,33.2
2026-01-02,4,38.0,33.1
2026-01-02,5,37.9,33.1
2026-01-02,6,37.3,32.9
2026-01-02,7,39.1,35.7
2026-01-02,8,38.0,33.2
2026-01-02,9,38.2,34.0
2026-01-02,10,38.9,35.6
2026-01-02,11,38.9,35.6
2026-01-02,12,39.0,35.2
2026-01-02,13,41.8,38.5
2026-01-02,14,42.8,38.6
2026-01-02,15,43.7,39.6
2026-01-02,16,44.6,39.8
2026-01-02,17,45.1,39.7
2026-01-02,18,44.8,39.9
2026-01-02,19,41.8,38.6
2026-01-02,20,39.5,35.8
2026-01-02,21,37.6,33.6
2026-01-02,22,35.5,31.6
2026-01-02,23,33.8,29.4
2026-01-02,24,32.6,27.5
2026-01-03,1,33.0,27.9
2026-01-03,2,32.6,27.2
2026-01-03,3,32.8,27.3
2026-01-03,4,34.5,29.0
2026-01-03,5,35.4,29.8
2026-01-03,6,34.9,29.3
2026-01-03,7,35.0,28.8
2026-01-03,8,34.8,28.7
2026-01-03,9,36.9,31.0
2026-01-03,10,36.8,30.9
2026-01-03,11,38.7,32.6
2026-01-03,12,42.9,36.9
2026-01-03,13,45.6,39.5
2026-01-03,14,49.2,42.6
2026-01-03,15,52.4,45.4
2026-01-03,16,53.6,46.6
2026-01-03,17,53.3,46.3
2026-01-03,18,51.0,45.2
2026-01-03,19,44.5,38.7
2026-01-03,20,43.7,37.6
2026-01-03,21,42.7,36.8
2026-01-03,22,42.6,36.5
2026-01-03,23,42.5,35.8
2026-01-03,24,41.4,35.8
2026-01-04,1,42.3,36.8
2026-01-04,2,40.5,34.9
2026-01-04,3,40.8,35.4
2026-01-04,4,41.6,36.1
2026-01-04,5,40.1,34.5
2026-01-04,6,38.2,32.8
2026-01-04,7,39.2,33.6
2026-01-04,8,39.1,33.5
2026-01-04,9,39.4,33.8
2026-01-04,10,41.0,35.5
2026-01-04,11,42.9,36.9
2026-01-04,12,45.4,39.5
2026-01-04,13,47.6,42.6
2026-01-04,14,48.9,43.1
2026-01-04,15,50.5,43.9
2026-01-04,16,50.7,42.4
2026-01-04,17,49.3,41.1
2026-01-04,18,45.4,38.9
2026-01-04,19,43.8,39.1
2026-01-04,20,43.6,37.9
2026-01-04,21,42.5,37.4
2026-01-04,22,41.0,35.5
2026-01-04,23,40.9,35.2
2026-01-04,24,40.6,34.8
2026-01-05,1,40.0,34.6
2026-01-05,2,40.9,34.9
2026-01-05,3,40.6,35.2
2026-01-05,4,40.9,34.3
2026-01-05,5,40.6,34.2
2026-01-05,6,40.2,34.1
2026-01-05,7,38.9,33.1
2026-01-05,8,37.0,31.4
2026-01-05,9,34.6,29.7
2026-01-05,10,34.5,29.2
2026-01-05,11,35.2,30.8
2026-01-05,12,35.5,30.7
2026-01-05,13,36.9,32.2
2026-01-05,14,36.7,31.8
2026-01-05,15,36.7,31.9
2026-01-05,16,36.3,31.2
2026-01-05,17,36.4,31.4
2026-01-05,18,35.2,30.1
2026-01-05,19,37.0,32.8
2026-01-05,20,34.1,28.8
2026-01-05,21,32.3,27.8
2026-01-05,22,30.4,25.8
2026-01-05,23,29.5,24.6
2026-01-05,24,29.4,24.1
2026-01-06,1,31.9,27.0
2026-01-06,2,33.3,28.5
2026-01-06,3,32.9,27.7
2026-01-06,4,32.6,27.1
2026-01-06,5,32.6,26.9
2026-01-06,6,32.8,27.6
2026-01-06,7,30.7,25.1
2026-01-06,8,31.4,25.9
2026-01-06,9,31.7,26.0
2026-01-06,10,31.4,25.5
2026-01-06,11,35.4,29.6
2026-01-06,12,39.2,32.9
2026-01-06,13,42.3,35.5
2026-01-06,14,45.7,37.6
2026-01-06,15,47.3,38.9
2026-01-06,16,48.1,40.2
2026-01-06,17,48.1,40.6
2026-01-06,18,46.8,39.7
2026-01-06,19,40.7,34.9
2026-01-06,20,36.7,31.1
2026-01-06,21,34.3,28.7
2026-01-06,22,32.4,26.8
2026-01-06,23,31.7,26.0
2026-01-06,24,31.9,26.5
2026-01-07,1,30.9,25.3
2026-01-07,2,31.2,25.3
2026-01-07,3,31.5,25.4
2026-01-07,4,31.4,25.4
2026-01-07,5,31.0,24.9
2026-01-07,6,30.3,24.4
2026-01-07,7,30.6,24.8
2026-01-07,8,30.0,24.1
2026-01-07,9,30.1,24.1
2026-01-07,10,30.1,24.0
2026-01-07,11,35.4,29.8
2026-01-07,12,40.5,34.0
2026-01-07,13,44.0,36.4
2026-01-07,14,46.2,38.0
2026-01-07,15,47.5,39.1
2026-01-07,16,48.1,40.6
2026-01-07,17,47.8,42.6
2026-01-07,18,43.6,36.9
2026-01-07,19,41.1,36.0
2026-01-07,20,37.5,30.6
2026-01-07,21,35.5,30.4
2026-01-07,22,34.4,30.0
2026-01-07,23,33.4,29.1
2026-01-07,24,31.7,26.7
2026-01-08,1,32.7,27.5
2026-01-08,2,31.3,25.5
2026-01-08,3,30.9,24.8
2026-01-08,4,31.3,25.7
2026-01-08,5,30.5,25.1
2026-01-08,6,30.2,25.2
2026-01-08,7,29.9,24.9
2026-01-08,8,31.3,26.8
2026-01-08,9,28.1,22.3
2026-01-08,10,26.6,20.7
2026-01-08,11,28.4,23.1
2026-01-08,12,31.4,25.5
2026-01-08,13,34.8,27.8
2026-01-08,14,34.2,25.9
2026-01-08,15,34.2,25.7
2026-01-08,16,33.1,23.3
2026-01-08,17,31.8,22.5
2026-01-08,18,31.1,22.0
2026-01-08,19,29.6,20.9
2026-01-08,20,28.9,20.4
2026-01-08,21,27.8,19.8
2026-01-08,22,27.2,19.8
2026-01-08,23,26.9,20.1
2026-01-08,24,26.5,20.2
2026-01-09,1,26.1,19.0
2026-01-09,2,25.2,18.2
2026-01-09,3,24.9,18.6
2026-01-09,4,25.1,18.2
2026-01-09,5,25.2,17.7
2026-01-09,6,25.1,17.3
2026-01-09,7,24.1,17.0
2026-01-09,8,21.8,14.7
2026-01-09,9,23.1,16.2
2026-01-09,10,25.1,17.8
2026-01-09,11,25.6,18.0
2026-01-09,12,26.2,18.0
2026-01-09,13,27.8,19.8
2026-01-09,14,28.3,19.9
2026-01-09,15,28.4,19.5
2026-01-09,16,28.3,19.2
2026-01-09,17,27.8,18.8
2026-01-09,18,27.0,18.4
2026-01-09,19,24.0,16.5
2026-01-09,20,21.3,13.6
2026-01-09,21,20.0,12.4
2026-01-09,22,18.0,10.7
2026-01-09,23,17.9,11.3
2026-01-09,24,17.8,11.1
2026-01-10,1,18.3,11.2
2026-01-10,2,18.2,11.4
2026-01-10,3,18.7,12.5
2026-01-10,4,19.3,13.2
2026-01-10,5,19.4,13.2
2026-01-10,6,19.3,13.0
2026-01-10,7,18.7,12.2
2026-01-10,8,18.5,12.5
2026-01-10,9,19.1,13.2
2026-01-10,10,18.5,12.6
2026-01-10,11,21.0,14.9
2026-01-10,12,23.9,17.3
2026-01-10,13,27.8,21.5
2026-01-10,14,29.2,22.8
2026-01-10,15,30.5,24.6
2026-01-10,16,31.4,26.0
2026-01-10,17,30.9,25.3
2026-01-10,18,28.5,22.8
2026-01-10,19,27.0,21.0
2026-01-10,20,25.4,19.4
2026-01-10,21,25.6,19.8
2026-01-10,22,25.4,19.2
2026-01-10,23,25.7,19.6
2026-01-10,24,25.6,19.4
2026-01-11,1,25.6,19.1
2026-01-11,2,25.2,19.0
2026-01-11,3,24.9,18.7
2026-01-11,4,24.8,18.7
2026-01-11,5,25.3,19.2
2026-01-11,6,25.0,18.9
2026-01-11,7,25.0,18.7
2026-01-11,8,24.8,18.7
2026-01-11,9,25.3,19.5
2026-01-11,10,24.4,18.4
2026-01-11,11,25.1,19.2
2026-01-11,12,28.1,22.3
2026-01-11,13,30.9,25.1
2026-01-11,14,32.4,27.2
2026-01-11,15,33.3,27.8
2026-01-11,16,33.7,28.0
2026-01-11,17,32.7,26.9
2026-01-11,18,30.5,24.7
2026-01-11,19,30.0,24.3
2026-01-11,20,27.7,21.4
2026-01-11,21,26.3,19.3
2026-01-11,22,25.2,18.6
2026-01-11,23,26.8,20.7
2026-01-11,24,25.3,18.6
2026-01-12,1,28.4,22.4
2026-01-12,2,26.9,20.6
2026-01-12,3,26.6,20.5
2026-01-12,4,25.1,18.6
2026-01-12,5,25.5,19.4
2026-01-12,6,26.3,20.5
2026-01-12,7,26.4,20.5
2026-01-12,8,26.1,20.0
2026-01-12,9,24.7,18.2
2026-01-12,10,25.2,19.0
2026-01-12,11,29.6,23.7
2026-01-12,12,31.8,26.1
2026-01-12,13,32.9,27.3
2026-01-12,14,36.6,31.0
2026-01-12,15,38.5,32.9
2026-01-12,16,39.2,33.2
2026-01-12,17,38.6,32.5
2026-01-12,18,37.2,31.4
2026-01-12,19,33.4,28.3
2026-01-12,20,31.9,26.7
2026-01-12,21,32.5,27.5
2026-01-12,22,32.1,26.9
2026-01-12,23,30.1,23.8
2026-01-12,24,29.6,22.7
2026-01-13,1,30.2,24.4
2026-01-13,2,30.7,25.2
2026-01-13,3,30.7,25.0
2026-01-13,4,30.2,24.8
2026-01-13,5,29.2,23.3
2026-01-13,6,28.3,22.3
2026-01-13,7,30.2,24.0
2026-01-13,8,29.4,23.9
2026-01-13,9,29.2,23.6
2026-01-13,10,30.1,24.6
2026-01-13,11,32.9,27.5
2026-01-13,12,35.8,30.2
2026-01-13,13,37.2,31.0
2026-01-13,14,40.0,33.5
2026-01-13,15,42.3,36.2
2026-01-13,16,43.7,37.7
2026-01-13,17,43.4,37.1
2026-01-13,18,40.4,34.8
2026-01-13,19,36.9,31.7
2026-01-13,20,35.3,29.8
2026-01-13,21,34.5,29.1
2026-01-13,22,33.9,28.8
2026-01-13,23,33.3,27.9
2026-01-13,24,33.2,27.8
2026-01-14,1,33.1,27.6
2026-01-14,2,32.8,27.3
2026-01-14,3,33.5,28.1
2026-01-14,4,34.5,29.1
2026-01-14,5,34.6,29.2
2026-01-14,6,34.3,29.0
2026-01-14,7,33.7,27.6
2026-01-14,8,33.0,27.2
2026-01-14,9,32.7,26.9
2026-01-14,10,32.7,26.9
2026-01-14,11,35.5,29.9
2026-01-14,12,37.8,32.0
2026-01-14,13,39.4,34.0
2026-01-14,14,41.3,35.8
2026-01-14,15,42.2,36.6
2026-01-14,16,42.8,37.7
2026-01-14,17,42.6,37.2
2026-01-14,18,40.9,35.9
2026-01-14,19,37.4,32.5
2026-01-14,20,35.3,30.0
2026-01-14,21,35.3,30.1
2026-01-14,22,34.5,28.9
2026-01-14,23,34.0,28.3
2026-01-14,24,34.0,28.3
2026-01-15,1,33.6,28.1
2026-01-15,2,33.1,27.3
2026-01-15,3,33.8,28.3
2026-01-15,4,33.9,28.2
2026-01-15,5,33.7,28.0
2026-01-15,6,33.2,27.6
2026-01-15,7,32.7,27.1
2026-01-15,8,31.4,25.4
2026-01-15,9,32.3,27.2
2026-01-15,10,31.9,26.7
2026-01-15,11,35.1,30.0
2026-01-15,12,38.2,32.6
2026-01-15,13,40.0,34.8
2026-01-15,14,42.7,36.6
2026-01-15,15,44.5,38.2
2026-01-15,16,45.1,38.3
2026-01-15,17,43.9,37.0
2026-01-15,18,41.7,35.9
2026-01-15,19,37.6,32.2
2026-01-15,20,34.6,29.4
2026-01-15,21,32.7,27.0
2026-01-15,22,32.1,26.5
2026-01-15,23,32.0,26.3
2026-01-15,24,32.0,26.5
2026-01-16,1,32.7,26.9
2026-01-16,2,32.6,27.0
2026-01-16,3,32.5,26.9
2026-01-16,4,32.5,26.9
2026-01-16,5,31.8,26.0
2026-01-16,6,30.1,23.6
2026-01-16,7,30.8,24.3
2026-01-16,8,31.0,25.3
2026-01-16,9,30.0,24.3
2026-01-16,10,28.3,22.3
2026-01-16,11,32.2,26.5
2026-01-16,12,35.0,29.0
2026-01-16,13,38.2,32.0
2026-01-16,14,40.0,33.5
2026-01-16,15,41.2,34.6
2026-01-16,16,41.8,34.4
2026-01-16,17,40.9,32.8
2026-01-16,18,38.8,31.5
2026-01-16,19,33.7,27.3
2026-01-16,20,30.7,23.7
2026-01-16,21,29.6,22.3
2026-01-16,22,28.3,21.2
2026-01-16,23,27.5,20.6
2026-01-16,24,26.6,20.1
2026-01-17,1,25.7,19.4
2026-01-17,2,26.3,20.0
2026-01-17,3,26.4,20.1
2026-01-17,4,27.3,20.6
2026-01-17,5,27.8,21.0
2026-01-17,6,28.1,21.4
2026-01-17,7,28.4,22.2
2026-01-17,8,28.0,22.2
2026-01-17,9,27.3,21.3
2026-01-17,10,27.1,21.0
2026-01-17,11,30.8,25.0
2026-01-17,12,33.0,26.7
2026-01-17,13,36.3,30.4
2026-01-17,14,38.1,30.3
2026-01-17,15,39.1,31.4
2026-01-17,16,40.0,32.7
2026-01-17,17,40.0,33.2
2026-01-17,18,38.8,32.7
2026-01-17,19,36.0,30.5
2026-01-17,20,33.2,27.5
2026-01-17,21,32.4,26.7
2026-01-17,22,31.9,26.0
2026-01-17,23,31.4,25.3
2026-01-17,24,30.7,24.3
2026-01-18,1,30.2,24.1
2026-01-18,2,29.4,23.0
2026-01-18,3,29.6,23.1
2026-01-18,4,29.6,22.9
2026-01-18,5,29.3,22.8
2026-01-18,6,29.1,22.7
2026-01-18,7,29.4,23.6
2026-01-18,8,28.3,21.9
2026-01-18,9,28.3,21.8
2026-01-18,10,27.9,21.2
2026-01-18,11,33.0,26.6
2026-01-18,12,37.6,30.6
2026-01-18,13,39.2,33.2
2026-01-18,14,43.0,36.2
2026-01-18,15,45.4,38.6
2026-01-18,16,46.7,40.2
2026-01-18,17,46.5,39.7
2026-01-18,18,43.9,37.5
2026-01-18,19,38.4,32.0
2026-01-18,20,34.8,28.8
2026-01-18,21,32.6,26.2
2026-01-18,22,31.3,24.8
2026-01-18,23,31.3,25.1
2026-01-18,24,31.3,25.2
2026-01-19,1,32.0,26.0
2026-01-19,2,32.1,26.3
2026-01-19,3,31.5,25.3
2026-01-19,4,30.6,24.4
2026-01-19,5,29.6,23.2
2026-01-19,6,29.3,23.2
2026-01-19,7,28.7,22.9
2026-01-19,8,28.2,22.3
2026-01-19,9,28.4,22.6
2026-01-19,10,28.6,22.8
2026-01-19,11,32.0,26.2
2026-01-19,12,35.7,29.9
2026-01-19,13,38.4,32.4
2026-01-19,14,40.4,34.5
2026-01-19,15,41.6,35.4
2026-01-19,16,41.9,35.7
2026-01-19,17,41.4,35.0
2026-01-19,18,39.6,33.1
2026-01-19,19,35.2,29.3
2026-01-19,20,32.4,26.7
2026-01-19,21,31.7,26.1
2026-01-19,22,31.1,25.7
2026-01-19,23,31.0,25.8
2026-01-19,24,31.0,25.6
2026-01-20,1,29.8,24.1
2026-01-20,2,29.6,23.4
2026-01-20,3,29.6,23.4
2026-01-20,4,29.2,23.0
2026-01-20,5,29.1,23.0
2026-01-20,6,28.3,22.1
2026-01-20,7,27.4,21.5
2026-01-20,8,26.4,20.1
2026-01-20,9,26.3,19.9
2026-01-20,10,25.6,18.9
2026-01-20,11,30.4,24.0
2026-01-20,12,34.7,27.0
2026-01-20,13,36.6,29.8
2026-01-20,14,39.8,31.8
2026-01-20,15,42.5,34.2
2026-01-20,16,44.0,35.6
2026-01-20,17,44.3,35.8
2026-01-20,18,42.7,35.2
2026-01-20,19,39.0,32.7
2026-01-20,20,33.9,27.6
2026-01-20,21,32.0,25.8
2026-01-20,22,31.9,25.6
2026-01-20,23,32.7,26.6
2026-01-20,24,32.2,26.1
2026-01-21,1,31.6,25.4
2026-01-21,2,30.9,24.5
2026-01-21,3,30.2,24.0
2026-01-21,4,29.6,23.6
2026-01-21,5,29.5,23.6
2026-01-21,6,29.9,24.0
2026-01-21,7,30.1,24.2
2026-01-21,8,30.1,23.9
2026-01-21,9,29.8,23.5
2026-01-21,10,28.3,21.6
2026-01-21,11,32.5,26.1
2026-01-21,12,37.2,29.8
2026-01-21,13,38.6,31.8
2026-01-21,14,41.9,34.1
2026-01-21,15,44.4,36.2
2026-01-21,16,45.7,37.9
2026-01-21,17,45.8,38.5
2026-01-21,18,43.4,37.2
2026-01-21,19,40.6,40.6
2026-01-21,20,38.3,38.3
2026-01-21,21,36.1,36.1
2026-01-21,22,33.7,33.7
2026-01-21,23,31.3,31.3
2026-01-21,24,27.8,27.8
2026-01-22,1,24.9,24.9
2026-01-22,2,22.8,22.8
2026-01-22,3,21.1,21.1
2026-01-22,4,19.9,19.9
2026-01-22,5,19.0,19.0
2026-01-22,6,18.3,18.3
2026-01-22,7,17.8,17.8
2026-01-22,8,17.3,17.3
2026-01-22,9,16.6,16.6
2026-01-22,10,16.1,16.1
2026-01-22,11,18.2,18.2
2026-01-22,12,26.8,26.8
2026-01-22,13,34.6,34.6
2026-01-22,14,38.5,38.5
2026-01-22,15,40.6,40.6
2026-01-22,16,41.9,41.9
2026-01-22,17,42.3,42.3
2026-01-22,18,41.9,41.9
2026-01-22,19,39.5,39.5
2026-01-22,20,38.5,38.5
2026-01-22,21,36.3,36.3
2026-01-22,22,34.2,34.2
2026-01-22,23,31.5,31.5
2026-01-22,24,28.4,28.4
2026-01-23,1,25.6,25.6
2026-01-23,2,22.5,22.5
2026-01-23,3,20.7,20.7
2026-01-23,4,19.7,19.7
2026-01-23,5,21.2,21.2
2026-01-23,6,21.7,21.7
2026-01-23,7,21.9,21.9
2026-01-23,8,22.1,22.1
2026-01-23,9,21.7,21.7
2026-01-23,10,21.3,21.3
2026-01-23,11,24.1,24.1
2026-01-23,12,29.8,29.8
2026-01-23,13,34.9,34.9
2026-01-23,14,37.9,37.9
2026-01-23,15,38.9,38.9
2026-01-23,16,39.2,39.2
2026-01-23,17,38.7,38.7
2026-01-23,18,37.3,37.3
2026-01-23,19,34.9,34.9
2026-01-23,20,32.6,32.6
2026-01-23,21,30.7,30.7
2026-01-23,22,29.7,29.7
2026-01-23,23,27.9,27.9
2026-01-23,24,27.2,27.2
2026-01-24,1,27.9,27.9
2026-01-24,2,27.4,27.4
2026-01-24,3,25.7,25.7
2026-01-24,4,24.4,24.4
2026-01-24,5,24.7,24.7
2026-01-24,6,24.6,24.6
2026-01-24,7,24.7,24.7
2026-01-24,8,24.4,24.4
2026-01-24,9,23.6,23.6
2026-01-24,10,23.5,23.5
2026-01-24,11,25.3,25.3
2026-01-24,12,26.9,26.9
2026-01-24,13,28.4,28.4
2026-01-24,14,28.5,28.5
2026-01-24,15,28.9,28.9
2026-01-24,16,29.5,29.5
2026-01-24,17,29.4,29.4
2026-01-24,18,28.5,28.5
2026-01-24,19,26.8,26.8
2026-01-24,20,25.1,25.1
2026-01-24,21,21.9,21.9
2026-01-24,22,21.3,21.3
2026-01-24,23,21.5,21.5
2026-01-24,24,19.4,19.4
2026-01-25,1,17.2,17.2
2026-01-25,2,16.5,16.5
2026-01-25,3,15.4,15.4
2026-01-25,4,14.7,14.7
2026-01-25,5,14.3,14.3
2026-01-25,6,13.9,13.9
2026-01-25,7,13.6,13.6
2026-01-25,8,13.6,13.6
2026-01-25,9,13.3,13.3
2026-01-25,10,13.1,13.1
2026-01-25,11,15.4,15.4
2026-01-25,12,21.1,21.1
2026-01-25,13,25.5,25.5
2026-01-25,14,28.9,28.9
2026-01-25,15,30.6,30.6
2026-01-25,16,32.0,32.0
2026-01-25,17,32.0,32.0
2026-01-25,18,31.0,31.0
2026-01-25,19,29.4,29.4
2026-01-25,20,26.0,26.0
2026-01-25,21,25.4,25.4
2026-01-25,22,23.0,23.0
2026-01-25,23,19.6,19.6
2026-01-25,24,16.9,16.9
2026-01-26,1,14.9,14.9
2026-01-26,2,14.5,14.5
2026-01-26,3,13.6,13.6
2026-01-26,4,12.4,12.4
2026-01-26,5,11.2,11.2
2026-01-26,6,10.2,10.2
2026-01-26,7,9.8,9.8
2026-01-26,8,9.5,9.5
2026-01-26,9,9.4,9.4
2026-01-26,10,9.4,9.4
2026-01-26,11,14.5,14.5
2026-01-26,12,23.5,23.5
2026-01-26,13,30.4,30.4
2026-01-26,14,34.3,34.3
2026-01-26,15,37.0,37.0
2026-01-26,16,38.8,38.8
2026-01-26,17,39.7,39.7
2026-01-26,18,39.6,39.6
2026-01-26,19,38.1,38.1
2026-01-26,20,34.0,34.0
2026-01-26,21,32.6,32.6
2026-01-26,22,30.2,30.2
2026-01-26,23,27.6,27.6
2026-01-26,24,25.7,25.7
2026-01-27,1,24.8,24.8
2026-01-27,2,25.3,25.3
2026-01-27,3,24.7,24.7
2026-01-27,4,23.9,23.9
2026-01-27,5,23.2,23.2
2026-01-27,6,21.9,21.9
2026-01-27,7,20.4,20.4
2026-01-27,8,18.8,18.8
2026-01-27,9,17.9,17.9
2026-01-27,10,17.4,17.4
2026-01-27,11,21.4,21.4
2026-01-27,12,31.2,31.2
2026-01-27,13,38.6,38.6
2026-01-27,14,41.3,41.3
2026-01-27,15,43.2,43.2
2026-01-27,16,44.2,44.2
2026-01-27,17,44.6,44.6
2026-01-27,18,44.3,44.3
2026-01-27,19,42.3,42.3
2026-01-27,20,40.7,40.7
2026-01-27,21,38.4,38.4
2026-01-27,22,36.5,36.5
2026-01-27,23,34.2,34.2
2026-01-27,24,30.0,30.0
2026-01-28,1,26.4,26.4
2026-01-28,2,24.8,24.8
2026-01-28,3,22.6,22.6
2026-01-28,4,20.8,20.8
2026-01-28,5,19.9,19.9
2026-01-28,6,19.7,19.7
2026-01-28,7,20.0,20.0
2026-01-28,8,20.5,20.5
2026-01-28,9,20.6,20.6
2026-01-28,10,20.9,20.9
2026-01-28,11,25.2,25.2
2026-01-28,12,33.0,33.0
2026-01-28,13,39.0,39.0
2026-01-28,14,41.1,41.1
2026-01-28,15,41.5,41.5
2026-01-28,16,40.2,40.2
2026-01-28,17,38.8,38.8
2026-01-28,18,36.6,36.6
2026-01-28,19,35.3,35.3
2026-01-28,20,34.2,34.2
2026-01-28,21,34.0,34.0
2026-01-28,22,33.3,33.3
2026-01-28,23,32.4,32.4
2026-01-28,24,31.3,31.3
2026-01-29,1,30.1,30.1
2026-01-29,2,29.5,29.5
2026-01-29,3,27.1,27.1
2026-01-29,4,24.1,24.1
2026-01-29,5,21.5,21.5
2026-01-29,6,19.9,19.9
2026-01-29,7,19.0,19.0
2026-01-29,8,18.8,18.8
2026-01-29,9,18.2,18.2
2026-01-29,10,18.1,18.1
2026-01-29,11,21.2,21.2
2026-01-29,12,25.3,25.3
2026-01-29,13,31.1,31.1
2026-01-29,14,35.7,35.7
2026-01-29,15,37.4,37.4
2026-01-29,16,38.1,38.1
2026-01-29,17,38.9,38.9
2026-01-29,18,38.9,38.9
2026-01-29,19,38.0,38.0
2026-01-29,20,35.8,35.8
2026-01-29,21,34.0,34.0
2026-01-29,22,31.8,31.8
2026-01-29,23,29.8,29.8
2026-01-29,24,27.3,27.3
2026-01-30,1,24.5,24.5
2026-01-30,2,23.0,23.0
2026-01-30,3,21.7,21.7
2026-01-30,4,20.5,20.5
2026-01-30,5,19.5,19.5
2026-01-30,6,19.0,19.0
2026-01-30,7,18.3,18.3
2026-01-30,8,17.6,17.6
2026-01-30,9,16.9,16.9
2026-01-30,10,16.3,16.3
2026-01-30,11,20.7,20.7
2026-01-30,12,29.8,29.8
2026-01-30,13,35.7,35.7
2026-01-30,14,38.8,38.8
2026-01-30,15,40.6,40.6
2026-01-30,16,42.0,42.0
2026-01-30,17,42.7,42.7
2026-01-30,18,42.8,42.8
2026-01-30,19,42.0,42.0
2026-01-30,20,38.8,38.8
2026-01-30,21,38.2,38.2
2026-01-30,22,36.2,36.2
2026-01-30,23,33.0,33.0
2026-01-30,24,29.8,29.8
2026-01-31,1,28.0,28.0
2026-01-31,2,27.0,27.0
2026-01-31,3,26.2,26.2
2026-01-31,4,25.1,25.1
2026-01-31,5,24.1,24.1
2026-01-31,6,23.2,23.2
2026-01-31,7,22.5,22.5
2026-01-31,8,22.2,22.2
2026-01-31,9,21.9,21.9
2026-01-31,10,21.7,21.7
2026-01-31,11,26.7,26.7
2026-01-31,12,35.9,35.9
2026-01-31,13,41.9,41.9
2026-01-31,14,45.0,45.0
2026-01-31,15,47.0,47.0
2026-01-31,16,48.3,48.3
2026-01-31,17,48.9,48.9
2026-01-31,18,48.8,48.8
2026-01-31,19,47.6,47.6
2026-01-31,20,45.9,45.9
2026-01-31,21,42.9,42.9
2026-01-31,22,39.9,39.9
2026-01-31,23,37.1,37.1
2026-01-31,24,34.3,34.3
2026-02-01,1,31.2,31.2
2026-02-01,2,28.8,28.8
2026-02-01,3,26.8,26.8
2026-02-01,4,25.4,25.4
2026-02-01,5,24.5,24.5
2026-02-01,6,23.9,23.9
2026-02-01,7,22.7,22.7
2026-02-01,8,21.6,21.6
2026-02-01,9,20.8,20.8
2026-02-01,10,20.7,20.7
2026-02-01,11,26.6,26.6
2026-02-01,12,37.3,37.3
2026-02-01,13,45.1,45.1
2026-02-01,14,48.9,48.9
2026-02-01,15,51.7,51.7
2026-02-01,16,53.2,53.2
2026-02-01,17,53.5,53.5
2026-02-01,18,52.0,52.0
2026-02-01,19,49.3,49.3
2026-02-01,20,49.7,49.7
2026-02-01,21,47.4,47.4
2026-02-01,22,45.1,45.1
2026-02-01,23,42.9,42.9
2026-02-01,24,41.1,41.1
2026-02-02,1,39.7,39.7
2026-02-02,2,37.4,37.4
2026-02-02,3,37.0,37.0
2026-02-02,4,37.1,37.1
2026-02-02,5,36.6,36.6
2026-02-02,6,36.1,36.1
2026-02-02,7,35.8,35.8
2026-02-02,8,34.9,34.9
2026-02-02,9,34.1,34.1
2026-02-02,10,33.6,33.6
2026-02-02,11,34.2,34.2
2026-02-02,12,40.4,40.4
2026-02-02,13,44.6,44.6
2026-02-02,14,46.8,46.8
2026-02-02,15,47.8,47.8
2026-02-02,16,48.3,48.3
2026-02-02,17,48.5,48.5
2026-02-02,18,47.6,47.6
2026-02-02,19,45.7,45.7
2026-02-02,20,43.7,43.7
2026-02-02,21,41.3,41.3
2026-02-02,22,38.6,38.6
2026-02-02,23,36.3,36.3
2026-02-02,24,34.6,34.6
2026-02-03,1,32.6,32.6
2026-02-03,2,32.7,32.7
2026-02-03,3,29.6,29.6
2026-02-03,4,27.9,27.9
2026-02-03,5,26.6,26.6
2026-02-03,6,25.6,25.6
2026-02-03,7,24.9,24.9
2026-02-03,8,24.5,24.5
2026-02-03,9,24.1,24.1
2026-02-03,10,23.8,23.8
2026-02-03,11,29.1,29.1
2026-02-03,12,38.2,38.2
2026-02-03,13,43.5,43.5
2026-02-03,14,46.0,46.0
2026-02-03,15,47.7,47.7
2026-02-03,16,48.7,48.7
2026-02-03,17,49.0,49.0
2026-02-03,18,48.6,48.6
2026-02-03,19,47.0,47.0
2026-02-03,20,44.3,44.3
2026-02-03,21,41.8,41.8
2026-02-03,22,39.7,39.7
2026-02-03,23,37.7,37.7
2026-02-03,24,36.0,36.0
2026-02-04,1,34.3,34.3
2026-02-04,2,33.5,33.5
2026-02-04,3,30.7,30.7
2026-02-04,4,28.6,28.6
2026-02-04,5,27.0,27.0
2026-02-04,6,25.4,25.4
2026-02-04,7,24.5,24.5
2026-02-04,8,23.5,23.5
2026-02-04,9,22.8,22.8
2026-02-04,10,22.5,22.5
2026-02-04,11,28.7,28.7
2026-02-04,12,37.9,37.9
2026-02-04,13,42.9,42.9
2026-02-04,14,46.1,46.1
2026-02-04,15,47.8,47.8
2026-02-04,16,48.9,48.9
2026-02-04,17,49.5,49.5
2026-02-04,18,49.2,49.2
2026-02-04,19,47.6,47.6
2026-02-04,20,44.5,44.5
2026-02-04,21,42.1,42.1
2026-02-04,22,40.0,40.0
2026-02-04,23,38.1,38.1
2026-02-04,24,36.4,36.4
2026-02-05,1,34.3,34.3
2026-02-05,2,32.4,32.4
2026-02-05,3,30.4,30.4
2026-02-05,4,28.5,28.5
2026-02-05,5,27.3,27.3
2026-02-05,6,26.1,26.1
2026-02-05,7,25.3,25.3
2026-02-05,8,24.8,24.8
2026-02-05,9,24.4,24.4
2026-02-05,10,24.4,24.4
2026-02-05,11,30.2,30.2
2026-02-05,12,39.6,39.6
2026-02-05,13,44.7,44.7
2026-02-05,14,47.8,47.8
2026-02-05,15,50.1,50.1
2026-02-05,16,51.4,51.4
2026-02-05,17,51.8,51.8
2026-02-05,18,51.0,51.0
2026-02-05,19,48.9,48.9
2026-02-05,20,46.0,46.0
2026-02-05,21,44.9,44.9
2026-02-05,22,42.6,42.6
2026-02-05,23,40.8,40.8
2026-02-05,24,38.8,38.8
2026-02-06,1,36.0,36.0
2026-02-06,2,32.4,32.4
2026-02-06,3,30.3,30.3
2026-02-06,4,28.9,28.9
2026-02-06,5,28.0,28.0
2026-02-06,6,27.1,27.1
2026-02-06,7,26.5,26.5
2026-02-06,8,26.1,26.1
2026-02-06,9,25.6,25.6
2026-02-06,10,25.5,25.5
2026-02-06,11,32.0,32.0
2026-02-06,12,42.6,42.6
2026-02-06,13,48.2,48.2
2026-02-06,14,51.0,51.0
2026-02-06,15,53.3,53.3
2026-02-06,16,55.0,55.0
2026-02-06,17,55.7,55.7
2026-02-06,18,55.2,55.2
2026-02-06,19,53.7,53.7
2026-02-06,20,52.2,52.2
2026-02-06,21,49.9,49.9
2026-02-06,22,46.9,46.9
2026-02-06,23,43.2,43.2
2026-02-06,24,40.0,40.0
2026-02-07,1,38.0,38.0
2026-02-07,2,37.9,37.9
2026-02-07,3,36.5,36.5
2026-02-07,4,35.2,35.2
2026-02-07,5,34.2,34.2
2026-02-07,6,33.8,33.8
2026-02-07,7,33.4,33.4
2026-02-07,8,32.9,32.9
2026-02-07,9,31.9,31.9
2026-02-07,10,30.9,30.9
2026-02-07,11,35.2,35.2
2026-02-07,12,44.1,44.1
2026-02-07,13,48.8,48.8
2026-02-07,14,52.1,52.1
2026-02-07,15,53.9,53.9
2026-02-07,16,54.8,54.8
2026-02-07,17,55.0,55.0
2026-02-07,18,54.7,54.7
2026-02-07,19,53.2,53.2
2026-02-07,20,48.7,48.7
2026-02-07,21,48.1,48.1
2026-02-07,22,46.4,46.4
2026-02-07,23,44.2,44.2
2026-02-07,24,41.3,41.3
2026-02-08,1,39.1,39.1
2026-02-08,2,37.9,37.9
2026-02-08,3,35.4,35.4
2026-02-08,4,33.5,33.5
2026-02-08,5,33.1,33.1
2026-02-08,6,32.1,32.1
2026-02-08,7,32.0,32.0
2026-02-08,8,29.9,29.9
2026-02-08,9,29.3,29.3
2026-02-08,10,29.7,29.7
2026-02-08,11,35.0,35.0
2026-02-08,12,44.4,44.4
2026-02-08,13,49.6,49.6
2026-02-08,14,52.8,52.8
2026-02-08,15,55.1,55.1
2026-02-08,16,56.4,56.4
2026-02-08,17,56.8,56.8
2026-02-08,18,56.7,56.7
2026-02-08,19,55.0,55.0
2026-02-08,20,49.3,49.3
2026-02-08,21,44.6,44.6
2026-02-08,22,42.4,42.4
2026-02-08,23,41.2,41.2
2026-02-08,24,39.3,39.3
2026-02-09,1,37.8,37.8
2026-02-09,2,39.4,39.4
2026-02-09,3,37.3,37.3
2026-02-09,4,37.0,37.0
2026-02-09,5,37.0,37.0
2026-02-09,6,37.9,37.9
2026-02-09,7,38.2,38.2
2026-02-09,8,39.8,39.8
2026-02-09,9,41.7,41.7
2026-02-09,10,41.8,41.8
2026-02-09,11,42.7,42.7
2026-02-09,12,41.7,41.7
2026-02-09,13,43.8,43.8
2026-02-09,14,43.1,43.1
2026-02-09,15,42.8,42.8
2026-02-09,16,43.4,43.4
2026-02-09,17,43.3,43.3
2026-02-09,18,43.0,43.0
2026-02-09,19,41.7,41.7
2026-02-09,20,38.9,38.9
2026-02-09,21,40.1,40.1
2026-02-09,22,39.1,39.1
2026-02-09,23,38.1,38.1
2026-02-09,24,37.2,37.2
2026-02-10,1,36.4,36.4
2026-02-10,2,35.2,35.2
2026-02-10,3,34.8,34.8
2026-02-10,4,34.2,34.2
2026-02-10,5,33.9,33.9
2026-02-10,6,33.5,33.5
2026-02-10,7,32.8,32.8
2026-02-10,8,32.6,32.6
2026-02-10,9,32.4,32.4
2026-02-10,10,32.1,32.1
2026-02-10,11,33.1,33.1
2026-02-10,12,35.7,35.7
2026-02-10,13,37.9,37.9
2026-02-10,14,39.7,39.7
2026-02-10,15,41.0,41.0
2026-02-10,16,42.3,42.3
2026-02-10,17,43.6,43.6
2026-02-10,18,44.3,44.3
2026-02-10,19,43.9,43.9
2026-02-10,20,41.3,41.3
2026-02-10,21,38.8,38.8
2026-02-10,22,37.2,37.2
2026-02-10,23,36.2,36.2
2026-02-10,24,35.6,35.6
2026-02-11,1,36.0,36.0
2026-02-11,2,35.0,35.0
2026-02-11,3,34.5,34.5
2026-02-11,4,33.6,33.6
2026-02-11,5,32.9,32.9
2026-02-11,6,32.7,32.7
2026-02-11,7,32.3,32.3
2026-02-11,8,32.8,32.8
2026-02-11,9,33.3,33.3
2026-02-11,10,33.4,33.4
2026-02-11,11,35.8,35.8
2026-02-11,12,41.3,41.3
2026-02-11,13,45.2,45.2
2026-02-11,14,48.8,48.8
2026-02-11,15,50.2,50.2
2026-02-11,16,51.2,51.2
2026-02-11,17,50.8,50.8
2026-02-11,18,49.1,49.1
2026-02-11,19,47.3,44.8
2026-02-11,20,47.6,44.3
2026-02-11,21,45.3,42.9
2026-02-11,22,45.8,42.1
2026-02-11,23,46.4,43.1
2026-02-11,24,45.4,42.0
2026-02-12,1,45.3,42.5
2026-02-12,2,45.0,41.3
2026-02-12,3,43.2,39.5
2026-02-12,4,42.8,38.8
2026-02-12,5,42.0,37.8
2026-02-12,6,42.8,39.3
2026-02-12,7,43.1,39.7
2026-02-12,8,43.1,39.8
2026-02-12,9,42.5,39.5
2026-02-12,10,41.8,38.7
2026-02-12,11,42.8,39.2
2026-02-12,12,45.7,42.7
2026-02-12,13,46.0,41.3
2026-02-12,14,46.4,42.4
2026-02-12,15,47.1,43.3
2026-02-12,16,46.7,42.7
2026-02-12,17,47.1,43.9
2026-02-12,18,45.0,42.1
2026-02-12,19,43.6,40.0
2026-02-12,20,42.6,38.4
2026-02-12,21,41.7,37.7
2026-02-12,22,42.6,38.9
2026-02-12,23,42.3,39.1
2026-02-12,24,40.9,37.7
2026-02-13,1,40.6,37.5
2026-02-13,2,40.6,37.0
2026-02-13,3,39.2,36.2
2026-02-13,4,37.5,34.4
2026-02-13,5,38.3,35.0
2026-02-13,6,38.9,35.4
2026-02-13,7,38.9,35.2
2026-02-13,8,38.3,34.5
2026-02-13,9,37.4,33.3
2026-02-13,10,37.6,34.3
2026-02-13,11,38.6,35.0
2026-02-13,12,41.3,37.6
2026-02-13,13,41.4,37.6
2026-02-13,14,42.0,38.1
2026-02-13,15,44.3,40.5
2026-02-13,16,44.8,40.6
2026-02-13,17,45.6,40.6
2026-02-13,18,45.4,40.3
2026-02-13,19,44.2,40.4
2026-02-13,20,40.7,36.3
2026-02-13,21,37.7,32.6
2026-02-13,22,40.0,35.7
2026-02-13,23,41.0,37.7
2026-02-13,24,38.3,35.1
2026-02-14,1,35.6,31.9
2026-02-14,2,36.5,33.2
2026-02-14,3,34.4,30.7
2026-02-14,4,33.6,29.7
2026-02-14,5,30.6,25.8
2026-02-14,6,33.0,27.8
2026-02-14,7,32.2,27.3
2026-02-14,8,31.0,25.8
2026-02-14,9,30.6,25.2
2026-02-14,10,30.7,25.1
2026-02-14,11,31.7,25.3
2026-02-14,12,39.3,33.0
2026-02-14,13,41.4,35.6
2026-02-14,14,42.0,36.6
2026-02-14,15,46.6,41.7
2026-02-14,16,47.2,42.0
2026-02-14,17,48.2,42.3
2026-02-14,18,48.2,42.7
2026-02-14,19,46.5,42.8
2026-02-14,20,43.5,39.9
2026-02-14,21,42.5,38.3
2026-02-14,22,43.1,38.6
2026-02-14,23,42.1,37.6
2026-02-14,24,39.4,34.3
2026-02-15,1,38.3,32.9
2026-02-15,2,38.0,32.2
2026-02-15,3,37.2,31.2
2026-02-15,4,36.8,30.9
2026-02-15,5,36.5,30.5
2026-02-15,6,37.6,31.7
2026-02-15,7,37.5,31.5
2026-02-15,8,37.7,32.0
2026-02-15,9,38.5,32.8
2026-02-15,10,39.2,33.4
2026-02-15,11,40.6,34.5
2026-02-15,12,48.1,42.0
2026-02-15,13,49.5,43.0
2026-02-15,14,49.7,42.5
2026-02-15,15,51.4,44.1
2026-02-15,16,51.6,44.5
2026-02-15,17,51.8,44.9
2026-02-15,18,51.5,44.9
2026-02-15,19,51.0,45.6
2026-02-15,20,48.8,43.6
2026-02-15,21,44.5,39.5
2026-02-15,22,44.2,39.3
2026-02-15,23,43.9,38.7
2026-02-15,24,42.7,37.2
2026-02-16,1,41.4,35.5
2026-02-16,2,41.0,35.1
2026-02-16,3,38.9,33.0
2026-02-16,4,39.2,33.5
2026-02-16,5,38.8,33.1
2026-02-16,6,39.1,33.4
2026-02-16,7,39.9,34.1
2026-02-16,8,39.5,33.9
2026-02-16,9,40.4,34.8
2026-02-16,10,40.7,35.0
2026-02-16,11,42.0,36.1
2026-02-16,12,47.3,41.1
2026-02-16,13,49.4,42.4
2026-02-16,14,50.1,42.3
2026-02-16,15,53.5,44.9
2026-02-16,16,53.7,46.1
2026-02-16,17,55.3,48.1
2026-02-16,18,55.1,47.9
2026-02-16,19,55.2,49.5
2026-02-16,20,54.6,49.7
2026-02-16,21,53.6,49.4
2026-02-16,22,54.4,49.9
2026-02-16,23,55.0,50.3
2026-02-16,24,52.9,47.5
2026-02-17,1,49.2,42.3
2026-02-17,2,46.8,38.5
2026-02-17,3,43.8,34.2
2026-02-17,4,43.6,34.3
2026-02-17,5,40.0,31.1
2026-02-17,6,39.2,30.4
2026-02-17,7,38.9,30.2
2026-02-17,8,39.2,30.2
2026-02-17,9,38.2,30.3
2026-02-17,10,39.2,31.9
2026-02-17,11,38.9,31.4
2026-02-17,12,37.5,29.6
2026-02-17,13,38.7,31.2
2026-02-17,14,39.9,33.0
2026-02-17,15,40.8,35.1
2026-02-17,16,42.8,37.5
2026-02-17,17,43.5,37.8
2026-02-17,18,42.8,34.3
2026-02-17,19,41.9,33.2
2026-02-17,20,41.4,33.8
2026-02-17,21,39.2,31.2
2026-02-17,22,39.7,30.9
2026-02-17,23,40.0,32.1
2026-02-17,24,39.3,31.6
2026-02-18,1,40.1,32.2
2026-02-18,2,40.3,32.1
2026-02-18,3,40.4,32.0
2026-02-18,4,40.1,30.8
2026-02-18,5,39.2,30.2
2026-02-18,6,39.2,30.5
2026-02-18,7,39.2,32.9
2026-02-18,8,38.9,30.8
2026-02-18,9,37.8,29.4
2026-02-18,10,36.6,28.1
2026-02-18,11,35.8,26.3
2026-02-18,12,34.3,25.5
2026-02-18,13,33.7,28.4
2026-02-18,14,33.1,24.2
2026-02-18,15,31.2,22.9
2026-02-18,16,30.1,21.2
2026-02-18,17,29.9,21.2
2026-02-18,18,30.0,22.2
2026-02-18,19,29.4,22.6
2026-02-18,20,30.2,24.3
2026-02-18,21,27.5,22.2
2026-02-18,22,27.2,22.1
2026-02-18,23,28.6,23.3
2026-02-18,24,27.9,22.2
2026-02-19,1,26.3,20.4
2026-02-19,2,24.8,18.7
2026-02-19,3,19.7,13.4
2026-02-19,4,19.3,13.1
2026-02-19,5,15.8,9.7
2026-02-19,6,16.7,10.5
2026-02-19,7,19.5,13.7
2026-02-19,8,19.3,13.1
2026-02-19,9,17.7,11.5
2026-02-19,10,19.5,13.3
2026-02-19,11,20.4,14.1
2026-02-19,12,25.7,18.3
2026-02-19,13,27.9,19.8
2026-02-19,14,28.7,21.5
2026-02-19,15,31.3,24.6
2026-02-19,16,32.5,26.2
2026-02-19,17,32.6,26.0
2026-02-19,18,32.9,26.3
2026-02-19,19,31.9,26.0
2026-02-19,20,29.6,23.7
2026-02-19,21,29.9,24.3
2026-02-19,22,31.6,26.0
2026-02-19,23,30.2,24.6
2026-02-19,24,30.2,24.6
2026-02-20,1,30.7,25.0
2026-02-20,2,29.0,22.8
2026-02-20,3,28.0,21.5
2026-02-20,4,26.6,20.1
2026-02-20,5,24.3,17.6
2026-02-20,6,24.3,17.4
2026-02-20,7,25.3,18.3
2026-02-20,8,24.9,18.1
2026-02-20,9,24.8,18.0
2026-02-20,10,24.1,17.2
2026-02-20,11,27.4,20.8
2026-02-20,12,29.4,22.2
2026-02-20,13,30.7,22.6
2026-02-20,14,31.0,22.7
2026-02-20,15,33.1,25.6
2026-02-20,16,33.6,25.4
2026-02-20,17,32.8,25.3
2026-02-20,18,31.7,25.4
2026-02-20,19,30.2,24.6
2026-02-20,20,29.9,24.8
2026-02-20,21,30.0,25.1
2026-02-20,22,25.7,19.9
2026-02-20,23,25.8,19.7
2026-02-20,24,23.8,17.4
2026-02-21,1,23.1,17.0
2026-02-21,2,23.7,17.5
2026-02-21,3,23.2,16.9
2026-02-21,4,23.0,16.2
2026-02-21,5,18.5,11.2
2026-02-21,6,19.2,12.0
2026-02-21,7,19.4,12.5
2026-02-21,8,19.2,12.1
2026-02-21,9,18.3,11.0
2026-02-21,10,19.3,12.0
2026-02-21,11,24.2,17.1
2026-02-21,12,29.7,21.4
2026-02-21,13,32.9,25.6
2026-02-21,14,35.6,29.8
2026-02-21,15,38.8,34.0
2026-02-21,16,39.2,34.5
2026-02-21,17,41.5,35.7
2026-02-21,18,40.7,33.9
2026-02-21,19,40.5,34.6
2026-02-21,20,36.2,30.4
2026-02-21,21,33.7,27.5
2026-02-21,22,36.1,30.0
2026-02-21,23,32.7,26.3
2026-02-21,24,28.4,21.9
2026-02-22,1,28.6,21.8
2026-02-22,2,29.3,22.0
2026-02-22,3,28.7,21.5
2026-02-22,4,25.3,17.8
2026-02-22,5,27.0,19.8
2026-02-22,6,26.3,19.0
2026-02-22,7,27.1,20.3
2026-02-22,8,27.0,19.6
2026-02-22,9,26.4,19.1
2026-02-22,10,29.5,22.6
2026-02-22,11,31.6,24.5
2026-02-22,12,39.0,31.7
2026-02-22,13,42.2,35.8
2026-02-22,14,44.0,39.5
2026-02-22,15,48.4,44.7
2026-02-22,16,50.0,46.3
2026-02-22,17,50.7,46.3
2026-02-22,18,50.5,45.7
2026-02-22,19,48.0,43.3
2026-02-22,20,45.9,41.2
2026-02-22,21,40.1,35.2
2026-02-22,22,40.4,35.6
2026-02-22,23,39.9,35.1
2026-02-22,24,36.4,31.1
2026-02-23,1,35.4,30.0
2026-02-23,2,34.2,28.4
2026-02-23,3,31.7,25.8
2026-02-23,4,30.7,24.7
2026-02-23,5,28.9,22.9
2026-02-23,6,28.6,22.6
2026-02-23,7,28.7,23.1
2026-02-23,8,27.5,21.4
2026-02-23,9,27.8,21.5
2026-02-23,10,30.0,23.9
2026-02-23,11,35.4,29.3
2026-02-23,12,42.0,36.2
2026-02-23,13,46.2,41.4
2026-02-23,14,50.4,46.4
2026-02-23,15,52.8,49.0
2026-02-23,16,54.2,49.7
2026-02-23,17,53.5,48.4
2026-02-23,18,52.7,48.5
2026-02-23,19,50.9,46.7
2026-02-23,20,49.1,44.8
2026-02-23,21,47.4,42.9
2026-02-23,22,48.7,43.8
2026-02-23,23,48.9,43.9
2026-02-23,24,46.6,41.8
2026-02-24,1,45.2,39.9
2026-02-24,2,43.3,37.6
2026-02-24,3,42.2,36.0
2026-02-24,4,41.1,34.8
2026-02-24,5,42.2,36.2
2026-02-24,6,43.3,37.3
2026-02-24,7,43.3,37.3
2026-02-24,8,46.4,40.6
2026-02-24,9,47.3,41.6
2026-02-24,10,47.4,41.4
2026-02-24,11,47.0,40.5
2026-02-24,12,49.6,43.6
2026-02-24,13,49.4,43.8
2026-02-24,14,49.7,42.8
2026-02-24,15,52.7,46.3
2026-02-24,16,51.8,46.2
2026-02-24,17,53.5,49.5
2026-02-24,18,50.0,46.1
2026-02-24,19,49.2,47.1
2026-02-24,20,48.9,46.5
2026-02-24,21,47.9,46.1
2026-02-24,22,49.3,48.1
2026-02-24,23,49.7,48.6
2026-02-24,24,49.1,47.8
2026-02-25,1,48.8,47.2
2026-02-25,2,48.4,47.4
2026-02-25,3,48.2,47.1
2026-02-25,4,48.3,47.4
2026-02-25,5,47.6,46.2
2026-02-25,6,47.2,45.4
2026-02-25,7,47.3,45.4
2026-02-25,8,47.6,45.2
2026-02-25,9,47.7,45.6
2026-02-25,10,47.3,45.7
2026-02-25,11,48.1,46.5
2026-02-25,12,50.5,47.8
2026-02-25,13,51.5,49.3
2026-02-25,14,52.7,50.0
2026-02-25,15,55.6,53.2
2026-02-25,16,56.0,53.6
2026-02-25,17,57.2,53.4
2026-02-25,18,56.7,52.2
2026-02-25,19,55.1,52.0
2026-02-25,20,54.0,49.9
2026-02-25,21,52.5,49.8
2026-02-25,22,51.9,49.3
2026-02-25,23,52.8,49.6
2026-02-25,24,53.1,50.0
2026-02-26,1,54.5,51.3
2026-02-26,2,51.1,48.4
2026-02-26,3,47.6,45.0
2026-02-26,4,47.3,44.7
2026-02-26,5,46.7,44.2
2026-02-26,6,44.8,41.7
2026-02-26,7,45.0,41.4
2026-02-26,8,44.1,40.8
2026-02-26,9,43.7,40.7
2026-02-26,10,45.1,42.3
2026-02-26,11,44.9,41.4
2026-02-26,12,49.1,45.3
2026-02-26,13,50.2,44.3
2026-02-26,14,50.9,44.5
2026-02-26,15,52.2,46.2
2026-02-26,16,52.4,46.0
2026-02-26,17,53.3,45.9
2026-02-26,18,52.8,45.7
2026-02-26,19,51.5,45.3
2026-02-26,20,49.9,44.9
2026-02-26,21,46.4,42.1
2026-02-26,22,42.6,38.5
2026-02-26,23,43.6,39.8
2026-02-26,24,42.2,38.2
2026-02-27,1,40.7,36.4
2026-02-27,2,40.1,36.1
2026-02-27,3,38.0,33.7
2026-02-27,4,37.2,32.7
2026-02-27,5,34.3,29.4
2026-02-27,6,35.4,30.5
2026-02-27,7,35.6,30.2
2026-02-27,8,36.5,31.4
2026-02-27,9,36.9,31.6
2026-02-27,10,38.1,32.6
2026-02-27,11,40.4,34.7
2026-02-27,12,49.5,43.6
2026-02-27,13,50.9,45.6
2026-02-27,14,52.1,47.2
2026-02-27,15,55.5,51.1
2026-02-27,16,56.7,52.4
2026-02-27,17,57.2,51.9
2026-02-27,18,55.8,50.1
2026-02-27,19,57.0,53.5
2026-02-27,20,55.3,52.2
2026-02-27,21,50.9,46.9
2026-02-27,22,47.7,43.7
2026-02-27,23,47.1,42.9
2026-02-27,24,43.8,39.7
2026-02-28,1,42.6,37.7
2026-02-28,2,42.6,38.2
2026-02-28,3,40.1,35.4
2026-02-28,4,38.8,33.6
2026-02-28,5,36.8,31.7
2026-02-28,6,36.7,31.9
2026-02-28,7,37.0,31.9
2026-02-28,8,36.7,31.9
2026-02-28,9,37.4,32.1
2026-02-28,10,39.8,34.6
2026-02-28,11,41.8,36.2
2026-02-28,12,48.9,43.7
2026-02-28,13,50.4,45.8
2026-02-28,14,51.7,46.8
2026-02-28,15,55.5,51.1
2026-02-28,16,55.3,50.5
2026-02-28,17,55.0,50.8
2026-02-28,18,57.5,53.7
2026-02-28,19,53.8,51.0
2026-02-28,20,54.4,51.7
2026-02-28,21,51.8,49.4
2026-02-28,22,51.1,48.3
2026-02-28,23,50.0,47.7
2026-02-28,24,49.2,46.4
2026-03-01,1,49.4,46.4
2026-03-01,2,49.6,46.7
2026-03-01,3,47.9,44.5
2026-03-01,4,46.1,42.8
2026-03-01,5,43.9,40.4
2026-03-01,6,45.9,42.4
2026-03-01,7,45.9,42.9
2026-03-01,8,46.0,43.3
2026-03-01,9,45.7,42.6
2026-03-01,10,46.5,43.1
2026-03-01,11,46.7,43.2
2026-03-01,12,52.0,48.5
2026-03-01,13,52.3,49.1
2026-03-01,14,52.3,49.6
2026-03-01,15,55.0,51.7
2026-03-01,16,56.3,53.4
2026-03-01,17,60.3,57.7
2026-03-01,18,58.7,57.3
2026-03-01,19,56.3,54.1
2026-03-01,20,56.5,52.6
2026-03-01,21,51.8,48.0
2026-03-01,22,52.7,49.9
2026-03-01,23,52.0,48.0
2026-03-01,24,50.1,45.4
2026-03-02,1,49.1,44.6
2026-03-02,2,49.2,45.2
2026-03-02,3,48.2,43.7
2026-03-02,4,48.3,43.6
2026-03-02,5,46.0,43.0
2026-03-02,6,46.8,44.6
2026-03-02,7,46.3,44.0
2026-03-02,8,45.7,44.0
2026-03-02,9,46.0,44.0
2026-03-02,10,45.9,43.8
2026-03-02,11,47.6,44.4
2026-03-02,12,50.0,47.0
2026-03-02,13,51.0,48.3
2026-03-02,14,52.2,50.7
2026-03-02,15,50.9,44.5
2026-03-02,16,49.3,44.0
2026-03-02,17,47.9,43.3
2026-03-02,18,45.4,39.8
2026-03-02,19,44.4,39.3
2026-03-02,20,43.9,39.8
2026-03-02,21,42.0,37.2
2026-03-02,22,40.9,36.8
2026-03-02,23,41.0,37.3
2026-03-02,24,39.3,36.2
2026-03-03,1,40.2,37.0
2026-03-03,2,38.6,34.7
2026-03-03,3,38.0,34.2
2026-03-03,4,38.5,34.4
2026-03-03,5,37.4,33.0
2026-03-03,6,38.7,34.7
2026-03-03,7,39.0,35.7
2026-03-03,8,39.6,36.4
2026-03-03,9,40.3,37.1
2026-03-03,10,40.5,37.2
2026-03-03,11,40.9,37.2
2026-03-03,12,43.6,40.4
2026-03-03,13,43.6,38.1
2026-03-03,14,45.6,40.0
2026-03-03,15,47.5,42.7
2026-03-03,16,48.3,45.1
2026-03-03,17,51.2,47.2
2026-03-03,18,51.2,47.1
2026-03-03,19,50.4,47.5
2026-03-03,20,49.3,47.0
2026-03-03,21,44.8,41.9
2026-03-03,22,40.2,36.7
2026-03-03,23,41.1,37.6
2026-03-03,24,39.0,35.4
2026-03-04,1,39.0,35.5
2026-03-04,2,38.5,35.0
2026-03-04,3,37.3,33.6
2026-03-04,4,37.2,33.2
2026-03-04,5,33.5,28.7
2026-03-04,6,33.5,28.5
2026-03-04,7,33.8,29.2
2026-03-04,8,35.1,30.4
2026-03-04,9,35.5,30.4
2026-03-04,10,38.3,32.9
2026-03-04,11,43.0,37.5
2026-03-04,12,48.1,42.3
2026-03-04,13,50.0,45.5
2026-03-04,14,51.0,47.2
2026-03-04,15,55.6,51.4
2026-03-04,16,57.6,52.8
2026-03-04,17,58.2,52.9
2026-03-04,18,58.0,52.1
2026-03-04,19,59.4,53.8
2026-03-04,20,51.3,46.2
2026-03-04,21,47.6,43.4
2026-03-04,22,45.0,40.1
2026-03-04,23,43.5,37.1
2026-03-04,24,41.0,36.4
2026-03-05,1,38.8,33.9
2026-03-05,2,39.4,34.2
2026-03-05,3,37.8,33.4
2026-03-05,4,36.8,33.3
2026-03-05,5,37.2,33.4
2026-03-05,6,35.9,31.5
2026-03-05,7,34.8,30.1
2026-03-05,8,35.5,30.9
2026-03-05,9,34.9,30.0
2026-03-05,10,34.7,30.0
2026-03-05,11,37.3,32.1
2026-03-05,12,36.0,30.8
2026-03-05,13,39.1,33.1
2026-03-05,14,40.2,35.0
2026-03-05,15,40.6,35.3
2026-03-05,16,41.5,36.3
2026-03-05,17,41.2,35.5
2026-03-05,18,40.0,33.9
2026-03-05,19,37.9,32.0
2026-03-05,20,35.5,29.6
2026-03-05,21,33.5,28.4
2026-03-05,22,34.0,28.9
2026-03-05,23,33.7,28.7
2026-03-05,24,32.1,27.2
2026-03-06,1,32.5,27.1
2026-03-06,2,31.2,25.8
2026-03-06,3,31.6,26.1
2026-03-06,4,30.9,25.4
2026-03-06,5,30.9,25.2
2026-03-06,6,31.0,25.5
2026-03-06,7,32.4,26.8
2026-03-06,8,32.1,26.2
2026-03-06,9,32.6,26.6
2026-03-06,10,32.8,26.6
2026-03-06,11,33.6,27.4
2026-03-06,12,33.6,27.4
2026-03-06,13,34.6,28.0
2026-03-06,14,35.1,28.5
2026-03-06,15,35.9,30.7
2026-03-06,16,36.4,30.5
2026-03-06,17,39.7,33.2
2026-03-06,18,40.6,34.3
2026-03-06,19,39.8,33.5
2026-03-06,20,38.9,32.2
2026-03-06,21,36.9,29.4
2026-03-06,22,35.7,28.4
2026-03-06,23,33.0,25.8
2026-03-06,24,29.3,22.6
2026-03-07,1,28.6,21.9
2026-03-07,2,27.8,22.1
2026-03-07,3,26.4,20.9
2026-03-07,4,25.6,20.1
2026-03-07,5,25.5,20.1
2026-03-07,6,25.5,19.9
2026-03-07,7,25.1,18.9
2026-03-07,8,25.6,19.3
2026-03-07,9,26.5,19.9
2026-03-07,10,31.0,24.1
2026-03-07,11,35.3,29.6
2026-03-07,12,37.2,31.4
2026-03-07,13,39.1,34.0
2026-03-07,14,40.9,37.0
2026-03-07,15,42.7,38.7
2026-03-07,16,43.8,39.6
2026-03-07,17,44.1,39.2
2026-03-07,18,43.8,38.1
2026-03-07,19,44.0,38.8
2026-03-07,20,40.9,36.0
2026-03-07,21,37.0,31.5
2026-03-07,22,34.7,29.7
2026-03-07,23,32.4,27.4
2026-03-07,24,31.0,26.2
2026-03-08,1,31.8,26.7
2026-03-08,2,31.7,26.8
2026-03-08,3,31.4,26.3
2026-03-08,4,32.3,27.2
2026-03-08,5,32.5,27.4
2026-03-08,6,32.4,27.3
2026-03-08,7,33.5,28.3
2026-03-08,8,33.0,27.9
2026-03-08,9,32.6,27.3
2026-03-08,10,37.2,32.2
2026-03-08,11,40.4,35.4
2026-03-08,12,42.6,37.2
2026-03-08,13,46.3,41.4
2026-03-08,14,49.8,45.8
2026-03-08,15,52.0,48.4
2026-03-08,16,53.5,49.6
2026-03-08,17,54.7,50.3
2026-03-08,18,54.9,49.6
2026-03-08,19,54.3,49.1
2026-03-08,20,48.6,44.0
2026-03-08,21,44.3,39.8
2026-03-08,22,40.6,35.9
2026-03-08,23,37.8,32.8
2026-03-08,24,36.6,31.3
2026-03-09,1,37.6,32.4
2026-03-09,2,37.4,32.1
2026-03-09,3,36.6,31.3
2026-03-09,4,35.9,30.5
2026-03-09,5,35.1,29.9
2026-03-09,6,34.5,29.0
2026-03-09,7,34.2,28.6
2026-03-09,8,34.5,28.8
2026-03-09,9,34.8,29.2
2026-03-09,10,40.6,34.9
2026-03-09,11,47.2,41.7
2026-03-09,12,51.8,46.0
2026-03-09,13,57.2,51.8
2026-03-09,14,59.8,55.1
2026-03-09,15,61.5,56.6
2026-03-09,16,65.2,60.0
2026-03-09,17,67.2,62.4
2026-03-09,18,67.2,62.2
2026-03-09,19,65.9,61.8
2026-03-09,20,57.9,54.0
2026-03-09,21,52.8,49.7
2026-03-09,22,46.7,42.8
2026-03-09,23,47.3,43.5
2026-03-09,24,48.7,44.0
2026-03-10,1,45.8,40.2
2026-03-10,2,45.5,38.8
2026-03-10,3,45.4,38.0
2026-03-10,4,42.4,34.6
2026-03-10,5,40.9,33.4
2026-03-10,6,41.8,34.8
2026-03-10,7,39.6,33.2
2026-03-10,8,38.5,31.8
2026-03-10,9,39.0,32.1
2026-03-10,10,43.2,36.9
2026-03-10,11,50.6,45.6
2026-03-10,12,54.8,49.0
2026-03-10,13,59.3,55.1
2026-03-10,14,59.8,56.2
2026-03-10,15,57.8,53.7
2026-03-10,16,57.5,53.9
2026-03-10,17,57.9,52.3
2026-03-10,18,55.7,49.6
2026-03-10,19,47.2,41.4
2026-03-10,20,44.5,37.8
2026-03-10,21,41.8,33.6
2026-03-10,22,41.5,33.2
2026-03-10,23,40.2,32.6
2026-03-10,24,39.2,32.2
2026-03-11,1,37.4,29.6
2026-03-11,2,35.9,27.8
2026-03-11,3,33.5,26.2
2026-03-11,4,32.2,25.8
2026-03-11,5,31.4,25.1
2026-03-11,6,30.5,24.9
2026-03-11,7,28.2,22.4
2026-03-11,8,27.9,22.6
2026-03-11,9,27.9,22.6
2026-03-11,10,34.0,28.9
2026-03-11,11,40.1,33.8
2026-03-11,12,42.9,35.9
2026-03-11,13,45.5,40.5
2026-03-11,14,48.0,43.4
2026-03-11,15,48.8,44.2
2026-03-11,16,50.1,45.3
2026-03-11,17,50.3,43.4
2026-03-11,18,49.6,41.0
2026-03-11,19,49.0,42.1
2026-03-11,20,44.8,38.4
2026-03-11,21,40.4,35.1
2026-03-11,22,37.8,32.3
2026-03-11,23,34.6,29.2
2026-03-11,24,33.8,28.3
2026-03-12,1,33.7,28.1
2026-03-12,2,34.4,28.6
2026-03-12,3,34.7,29.0
2026-03-12,4,34.7,29.0
2026-03-12,5,34.7,28.9
2026-03-12,6,33.9,28.0
2026-03-12,7,33.7,27.9
2026-03-12,8,33.4,27.6
2026-03-12,9,34.2,28.2
2026-03-12,10,40.7,34.9
2026-03-12,11,47.2,40.7
2026-03-12,12,51.1,44.1
2026-03-12,13,55.2,48.9
2026-03-12,14,58.8,54.1
2026-03-12,15,61.3,57.5
2026-03-12,16,63.1,58.4
2026-03-12,17,63.3,57.1
2026-03-12,18,62.6,55.6
2026-03-12,19,60.1,53.9
2026-03-12,20,55.3,52.4
2026-03-12,21,51.0,46.5
2026-03-12,22,48.4,43.4
2026-03-12,23,47.7,42.7
2026-03-12,24,47.2,42.3
2026-03-13,1,44.2,39.5
2026-03-13,2,45.2,41.1
2026-03-13,3,45.4,41.8
2026-03-13,4,44.5,40.9
2026-03-13,5,43.5,40.1
2026-03-13,6,42.5,39.0
2026-03-13,7,40.9,36.9
2026-03-13,8,39.6,35.8
2026-03-13,9,38.6,34.8
2026-03-13,10,44.3,40.8
2026-03-13,11,49.5,46.3
2026-03-13,12,54.0,49.5
2026-03-13,13,59.4,55.5
2026-03-13,14,62.2,58.7
2026-03-13,15,63.4,58.5
2026-03-13,16,64.2,58.2
2026-03-13,17,65.5,59.1
2026-03-13,18,66.1,58.9
2026-03-13,19,65.6,59.5
2026-03-13,20,57.9,52.4
2026-03-13,21,53.0,48.1
2026-03-13,22,47.7,42.2
2026-03-13,23,46.1,40.3
2026-03-13,24,46.1,40.3
2026-03-14,1,45.5,39.7
2026-03-14,2,46.1,40.3
2026-03-14,3,46.2,40.6
2026-03-14,4,45.3,39.9
2026-03-14,5,44.6,39.9
2026-03-14,6,43.4,38.7
2026-03-14,7,40.9,36.1
2026-03-14,8,40.8,35.9
2026-03-14,9,41.6,36.6
2026-03-14,10,46.9,42.3
2026-03-14,11,52.5,47.9
2026-03-14,12,55.7,50.4
2026-03-14,13,57.2,51.8
2026-03-14,14,57.2,51.5
2026-03-14,15,56.8,49.9
2026-03-14,16,55.2,47.6
2026-03-14,17,56.3,49.2
2026-03-14,18,56.9,50.2
2026-03-14,19,55.8,50.9
2026-03-14,20,53.1,48.1
2026-03-14,21,45.7,40.8
2026-03-14,22,43.8,38.7
2026-03-14,23,45.6,39.9
2026-03-14,24,42.8,35.7
2026-03-15,1,45.9,37.6
2026-03-15,2,44.5,35.8
2026-03-15,3,42.2,33.6
2026-03-15,4,39.3,31.0
2026-03-15,5,37.0,29.4
2026-03-15,6,35.2,27.7
2026-03-15,7,32.2,24.7
2026-03-15,8,29.2,22.0
2026-03-15,9,28.4,21.4
2026-03-15,10,34.5,27.9
2026-03-15,11,38.0,31.4
2026-03-15,12,40.6,33.8
2026-03-15,13,42.0,35.9
2026-03-15,14,44.4,39.3
2026-03-15,15,46.2,41.3
2026-03-15,16,47.2,42.0
2026-03-15,17,47.7,41.5
2026-03-15,18,46.3,38.8
2026-03-15,19,43.3,35.8
2026-03-15,20,41.5,34.3
2026-03-15,21,36.4,30.1
2026-03-15,22,35.6,29.3
2026-03-15,23,33.7,27.4
2026-03-15,24,31.9,25.3
2026-03-16,1,33.2,26.7
2026-03-16,2,32.1,25.7
2026-03-16,3,33.0,27.1
2026-03-16,4,36.9,30.8
2026-03-16,5,37.3,31.5
2026-03-16,6,37.5,31.8
2026-03-16,7,37.9,32.4
2026-03-16,8,38.8,33.4
2026-03-16,9,38.8,33.8
2026-03-16,10,40.8,35.7
2026-03-16,11,42.8,37.0
2026-03-16,12,45.2,38.9
2026-03-16,13,50.1,44.4
2026-03-16,14,51.9,46.0
2026-03-16,15,54.7,49.3
2026-03-16,16,56.9,52.1
2026-03-16,17,58.9,55.0
2026-03-16,18,59.2,54.7
2026-03-16,19,56.8,52.4
2026-03-16,20,53.7,49.4
2026-03-16,21,49.8,45.7
2026-03-16,22,47.2,43.0
2026-03-16,23,45.2,41.3
2026-03-16,24,43.8,40.2
2026-03-17,1,42.3,38.5
2026-03-17,2,41.6,37.8
2026-03-17,3,41.2,37.8
2026-03-17,4,40.8,37.5
2026-03-17,5,40.4,37.2
2026-03-17,6,39.6,36.4
2026-03-17,7,37.8,34.2
2026-03-17,8,37.2,33.8
2026-03-17,9,38.5,35.3
2026-03-17,10,45.4,42.4
2026-03-17,11,50.2,46.4
2026-03-17,12,53.9,49.2
2026-03-17,13,58.6,55.5
2026-03-17,14,62.7,60.5
2026-03-17,15,65.2,63.0
2026-03-17,16,66.3,63.4
2026-03-17,17,66.9,63.9
2026-03-17,18,67.9,64.1
2026-03-17,19,67.8,64.7
2026-03-17,20,63.4,60.9
2026-03-17,21,59.0,57.3
2026-03-17,22,55.5,53.2
2026-03-17,23,51.7,48.9
2026-03-17,24,49.0,46.1
2026-03-18,1,48.1,44.9
2026-03-18,2,47.9,44.7
2026-03-18,3,46.9,43.5
2026-03-18,4,46.4,43.0
2026-03-18,5,45.8,42.5
2026-03-18,6,44.8,41.5
2026-03-18,7,43.6,40.1
2026-03-18,8,42.8,39.3
2026-03-18,9,43.0,39.5
2026-03-18,10,49.6,46.4
2026-03-18,11,54.8,52.1
2026-03-18,12,59.2,55.6
2026-03-18,13,64.4,61.3
2026-03-18,14,70.1,67.1
2026-03-18,15,73.1,70.1
2026-03-18,16,75.1,71.8
2026-03-18,17,76.0,72.3
2026-03-18,18,75.6,70.4
2026-03-18,19,74.6,71.8
2026-03-18,20,68.5,67.1
2026-03-18,21,60.6,59.0
2026-03-18,22,55.9,54.2
2026-03-18,23,51.7,49.4
2026-03-18,24,49.8,46.9
2026-03-19,1,50.2,47.3
2026-03-19,2,51.2,48.3
2026-03-19,3,52.1,49.0
2026-03-19,4,51.7,48.4
2026-03-19,5,50.4,46.9
2026-03-19,6,49.9,46.5
2026-03-19,7,47.1,43.2
2026-03-19,8,48.4,45.0
2026-03-19,9,47.9,44.6
2026-03-19,10,54.1,51.7
2026-03-19,11,58.2,56.5
2026-03-19,12,62.7,60.0
2026-03-19,13,67.6,65.3
2026-03-19,14,73.3,71.0
2026-03-19,15,76.5,74.7
2026-03-19,16,78.0,76.1
2026-03-19,17,78.0,75.1
2026-03-19,18,76.4,72.9
2026-03-19,19,74.2,72.5
2026-03-19,20,68.6,67.0
2026-03-19,21,59.9,58.8
2026-03-19,22,55.4,53.9
2026-03-19,23,52.2,50.5
2026-03-19,24,49.7,48.0
2026-03-20,1,51.7,49.5
2026-03-20,2,52.3,50.0
2026-03-20,3,51.7,49.2
2026-03-20,4,51.5,48.6
2026-03-20,5,51.3,48.2
2026-03-20,6,50.8,47.7
2026-03-20,7,49.9,46.4
2026-03-20,8,50.1,47.0
2026-03-20,9,49.7,46.7
2026-03-20,10,55.4,53.2
2026-03-20,11,59.2,57.7
2026-03-20,12,63.3,61.5
2026-03-20,13,67.7,66.8
2026-03-20,14,73.1,73.1
2026-03-20,15,76.5,76.3
2026-03-20,16,78.7,77.5
2026-03-20,17,79.6,77.5
2026-03-20,18,79.0,76.1
2026-03-20,19,77.7,75.9
2026-03-20,20,71.2,70.9
2026-03-20,21,61.7,60.8
2026-03-20,22,57.2,56.5
2026-03-20,23,53.5,52.1
2026-03-20,24,53.5,51.4
2026-03-21,1,56.2,53.7
2026-03-21,2,57.7,54.9
2026-03-21,3,57.2,54.5
2026-03-21,4,54.1,51.2
2026-03-21,5,51.6,48.4
2026-03-21,6,49.5,46.1
2026-03-21,7,48.0,44.2
2026-03-21,8,47.4,43.8
2026-03-21,9,48.1,44.5
2026-03-21,10,55.4,52.7
2026-03-21,11,61.6,58.8
2026-03-21,12,66.3,62.5
2026-03-21,13,72.5,69.0
2026-03-21,14,76.8,73.9
2026-03-21,15,78.8,76.2
2026-03-21,16,80.3,77.5
2026-03-21,17,81.1,77.8
2026-03-21,18,79.4,75.6
2026-03-21,19,75.2,73.1
2026-03-21,20,68.8,66.5
2026-03-21,21,63.3,61.5
2026-03-21,22,58.5,56.6
2026-03-21,23,55.6,53.9
2026-03-21,24,54.1,52.7
2026-03-22,1,53.5,52.2
2026-03-22,2,53.9,50.4
2026-03-22,3,51.5,47.7
2026-03-22,4,50.8,46.1
2026-03-22,5,51.4,46.2
2026-03-22,6,52.7,47.5
2026-03-22,7,51.6,46.5
2026-03-22,8,51.4,46.8
2026-03-22,9,49.0,44.9
2026-03-22,10,55.5,52.7
2026-03-22,11,58.9,56.2
2026-03-22,12,61.2,57.9
2026-03-22,13,63.8,62.0
2026-03-22,14,66.4,66.4
2026-03-22,15,68.1,67.9
2026-03-22,16,69.4,68.5
2026-03-22,17,69.2,66.3
2026-03-22,18,67.6,63.3
2026-03-22,19,66.2,61.5
2026-03-22,20,62.2,56.7
2026-03-22,21,58.8,53.9
2026-03-22,22,57.0,53.1
2026-03-22,23,54.2,50.1
2026-03-22,24,52.5,49.1
2026-03-23,1,51.6,49.0
2026-03-23,2,52.7,50.6
2026-03-23,3,54.3,52.6
2026-03-23,4,54.3,52.7
2026-03-23,5,52.6,50.8
2026-03-23,6,52.6,50.7
2026-03-23,7,51.0,49.0
2026-03-23,8,52.4,50.8
2026-03-23,9,53.3,51.8
2026-03-23,10,53.8,52.6
2026-03-23,11,56.5,55.1
2026-03-23,12,58.3,56.7
2026-03-23,13,62.5,60.3
2026-03-23,14,64.5,62.2
2026-03-23,15,65.8,62.3
2026-03-23,16,68.9,66.0
2026-03-23,17,69.9,65.9
2026-03-23,18,70.2,65.6
2026-03-23,19,68.3,65.9
2026-03-23,20,65.3,62.9
2026-03-23,21,57.0,55.8
2026-03-23,22,53.3,52.1
2026-03-23,23,51.5,50.1
2026-03-23,24,50.8,49.6
2026-03-24,1,51.0,49.6
2026-03-24,2,52.3,50.9
2026-03-24,3,52.6,51.0
2026-03-24,4,51.7,49.9
2026-03-24,5,50.5,48.7
2026-03-24,6,49.7,47.7
2026-03-24,7,49.1,46.9
2026-03-24,8,48.8,46.5
2026-03-24,9,49.9,47.7
2026-03-24,10,56.8,55.0
2026-03-24,11,62.1,59.4
2026-03-24,12,66.1,62.4
2026-03-24,13,70.6,67.7
2026-03-24,14,75.1,72.7
2026-03-24,15,78.0,76.1
2026-03-24,16,79.7,77.7
2026-03-24,17,80.0,76.6
2026-03-24,18,76.9,72.5
2026-03-24,19,75.3,72.6
2026-03-24,20,69.5,69.3
2026-03-24,21,64.0,63.9
2026-03-24,22,63.2,63.3
2026-03-24,23,61.5,61.3
2026-03-24,24,60.6,60.0
2026-03-25,1,58.9,57.9
2026-03-25,2,60.2,59.4
2026-03-25,3,59.2,58.4
2026-03-25,4,56.6,55.6
2026-03-25,5,55.2,54.0
2026-03-25,6,54.1,52.6
2026-03-25,7,53.2,51.6
2026-03-25,8,53.2,51.7
2026-03-25,9,53.6,52.1
2026-03-25,10,59.9,59.4
2026-03-25,11,64.4,63.7
2026-03-25,12,68.6,66.7
2026-03-25,13,74.0,72.6
2026-03-25,14,78.7,77.3
2026-03-25,15,81.5,80.5
2026-03-25,16,82.3,81.1
2026-03-25,17,82.4,79.8
2026-03-25,18,81.5,75.7
2026-03-25,19,82.3,77.9
2026-03-25,20,75.1,73.0
2026-03-25,21,65.0,60.5
2026-03-25,22,61.8,57.4
2026-03-25,23,60.9,56.3
2026-03-25,24,57.2,53.3
2026-03-26,1,57.8,54.2
2026-03-26,2,57.3,52.7
2026-03-26,3,55.3,51.1
2026-03-26,4,54.4,51.6
2026-03-26,5,54.3,51.2
2026-03-26,6,53.7,50.5
2026-03-26,7,52.4,47.3
2026-03-26,8,50.6,45.1
2026-03-26,9,52.1,46.6
2026-03-26,10,59.2,51.3
2026-03-26,11,60.7,51.4
2026-03-26,12,61.2,50.8
2026-03-26,13,62.4,53.4
2026-03-26,14,63.7,55.0
2026-03-26,15,64.5,56.0
2026-03-26,16,65.1,56.2
2026-03-26,17,64.8,54.3
2026-03-26,18,63.3,51.6
2026-03-26,19,61.6,50.9
2026-03-26,20,59.0,49.6
2026-03-26,21,53.6,46.2
2026-03-26,22,50.7,43.5
2026-03-26,23,49.0,41.5
2026-03-26,24,46.2,38.7
2026-03-27,1,42.7,35.7
2026-03-27,2,40.9,34.0
2026-03-27,3,39.8,33.7
2026-03-27,4,40.0,34.6
2026-03-27,5,40.2,34.8
2026-03-27,6,41.6,35.9
2026-03-27,7,40.5,34.6
2026-03-27,8,40.3,34.2
2026-03-27,9,41.3,35.2
2026-03-27,10,46.7,40.0
2026-03-27,11,49.9,43.2
2026-03-27,12,53.7,48.0
2026-03-27,13,57.0,53.0
2026-03-27,14,61.2,58.3
2026-03-27,15,64.1,62.3
2026-03-27,16,66.3,63.9
2026-03-27,17,67.5,63.3
2026-03-27,18,67.2,60.3
2026-03-27,19,67.5,60.9
2026-03-27,20,62.8,55.6
2026-03-27,21,56.1,50.2
2026-03-27,22,52.7,47.5
2026-03-27,23,51.7,46.2
2026-03-27,24,51.1,45.9
2026-03-28,1,50.4,45.1
2026-03-28,2,51.5,46.3
2026-03-28,3,51.5,46.2
2026-03-28,4,51.0,45.7
2026-03-28,5,49.4,44.0
2026-03-28,6,48.6,43.7
2026-03-28,7,48.1,43.6
2026-03-28,8,49.2,44.9
2026-03-28,9,50.2,45.9
2026-03-28,10,54.5,49.7
2026-03-28,11,57.2,52.4
2026-03-28,12,61.7,55.9
2026-03-28,13,65.8,61.0
2026-03-28,14,71.0,66.4
2026-03-28,15,74.4,70.0
2026-03-28,16,76.4,71.9
2026-03-28,17,76.4,69.9
2026-03-28,18,76.3,70.9
2026-03-28,19,70.6,62.3
2026-03-28,20,67.8,61.7
2026-03-28,21,61.0,55.3
2026-03-28,22,59.3,55.2
2026-03-28,23,58.9,55.4
2026-03-28,24,55.1,51.0
2026-03-29,1,54.1,49.9
2026-03-29,2,54.4,50.5
2026-03-29,3,53.1,48.6
2026-03-29,4,52.9,49.0
2026-03-29,5,51.6,48.1
2026-03-29,6,51.0,48.0
2026-03-29,7,49.9,46.6
2026-03-29,8,50.5,47.3
2026-03-29,9,51.6,48.4
2026-03-29,10,56.5,53.2
2026-03-29,11,59.8,56.3
2026-03-29,12,63.9,59.3
2026-03-29,13,68.4,64.7
2026-03-29,14,71.6,68.2
2026-03-29,15,74.2,70.8
2026-03-29,16,75.5,72.3
2026-03-29,17,75.9,71.5
2026-03-29,18,73.5,65.8
2026-03-29,19,69.2,60.0
2026-03-29,20,65.0,59.5
2026-03-29,21,57.8,52.6
2026-03-29,22,57.7,53.9
2026-03-29,23,55.1,50.6
2026-03-29,24,53.0,48.9
2026-03-30,1,52.6,48.2
2026-03-30,2,53.5,49.4
2026-03-30,3,56.5,52.4
2026-03-30,4,56.8,52.7
2026-03-30,5,52.8,48.5
2026-03-30,6,51.7,48.3
2026-03-30,7,51.5,48.0
2026-03-30,8,51.5,48.2
2026-03-30,9,52.3,49.1
2026-03-30,10,57.1,53.7
2026-03-30,11,61.0,56.7
2026-03-30,12,64.7,58.7
2026-03-30,13,67.1,63.0
2026-03-30,14,69.7,65.4
2026-03-30,15,71.4,66.4
2026-03-30,16,72.4,68.9
2026-03-30,17,73.3,68.0
2026-03-30,18,72.5,65.5
2026-03-30,19,68.0,60.9
2026-03-30,20,65.2,57.9
2026-03-30,21,60.2,52.6
2026-03-30,22,56.5,52.3
2026-03-30,23,55.1,51.0
2026-03-30,24,54.3,50.8
2026-03-31,1,55.5,52.0
2026-03-31,2,54.1,50.0
2026-03-31,3,52.4,48.0
2026-03-31,4,52.4,47.2
2026-03-31,5,49.5,45.2
2026-03-31,6,49.1,45.6
2026-03-31,7,49.4,45.6
2026-03-31,8,49.9,46.4
2026-03-31,9,50.8,45.9
2026-03-31,10,54.0,50.6
2026-03-31,11,56.2,51.8
2026-03-31,12,59.4,55.2
2026-03-31,13,56.4,52.3
2026-03-31,14,60.0,55.4
2026-03-31,15,63.4,58.4
2026-03-31,16,63.4,58.8
2026-03-31,17,65.3,60.6
2026-03-31,18,66.1,59.0
2026-03-31,19,65.2,58.4
2026-03-31,20,59.2,53.8
2026-03-31,21,57.1,53.2
2026-03-31,22,55.8,52.3
2026-03-31,23,52.4,48.6
2026-03-31,24,51.5,47.9
2026-04-01,1,49.9,47.0
2026-04-01,2,49.3,46.6
2026-04-01,3,49.0,47.0
2026-04-01,4,48.6,45.6
2026-04-01,5,48.6,46.1
2026-04-01,6,48.4,44.7
2026-04-01,7,46.4,41.5
2026-04-01,8,44.8,40.6
2026-04-01,9,44.0,40.1
2026-04-01,10,43.5,39.6
2026-04-01,11,43.5,39.9
2026-04-01,12,45.1,41.4
2026-04-01,13,45.4,41.9
2026-04-01,14,47.0,43.0
2026-04-01,15,48.2,43.6
2026-04-01,16,49.3,44.1
2026-04-01,17,52.6,46.7
2026-04-01,18,53.8,47.4
2026-04-01,19,51.0,45.3
2026-04-01,20,51.1,45.5
2026-04-01,21,47.9,43.6
2026-04-01,22,47.8,44.3
2026-04-01,23,47.4,43.4
2026-04-01,24,48.8,43.9
2026-04-02,1,46.6,43.7
2026-04-02,2,46.4,43.2
2026-04-02,3,46.2,41.9
2026-04-02,4,45.7,41.4
2026-04-02,5,45.4,41.0
2026-04-02,6,46.7,42.2
2026-04-02,7,47.3,43.0
2026-04-02,8,44.9,40.4
2026-04-02,9,48.1,43.2
2026-04-02,10,49.5,42.1
2026-04-02,11,51.7,45.4
2026-04-02,12,56.6,51.9
2026-04-02,13,38.2,29.3
2026-04-02,14,44.3,32.2
2026-04-02,15,40.8,29.5
2026-04-02,16,41.8,32.6
2026-04-02,17,43.3,34.2
2026-04-02,18,45.0,35.1
2026-04-02,19,45.2,34.5
2026-04-02,20,43.3,34.3
2026-04-02,21,39.1,31.9
2026-04-02,22,36.4,28.8
2026-04-02,23,34.9,27.4
2026-04-02,24,32.8,25.9
2026-04-03,1,32.9,26.7
2026-04-03,2,31.7,25.5
2026-04-03,3,31.2,25.2
2026-04-03,4,31.0,25.2
2026-04-03,5,30.2,24.6
2026-04-03,6,29.3,23.6
2026-04-03,7,29.8,24.3
2026-04-03,8,29.8,24.0
2026-04-03,9,32.7,27.2
2026-04-03,10,36.4,30.3
2026-04-03,11,38.8,32.0
2026-04-03,12,41.3,33.6
2026-04-03,13,43.3,37.2
2026-04-03,14,46.2,39.5
2026-04-03,15,47.5,40.5
2026-04-03,16,49.0,41.4
2026-04-03,17,48.5,39.5
2026-04-03,18,48.5,38.7
2026-04-03,19,46.7,37.9
2026-04-03,20,44.9,36.0
2026-04-03,21,40.0,33.2
2026-04-03,22,36.8,30.7
2026-04-03,23,35.0,29.5
2026-04-03,24,33.7,28.7
2026-04-04,1,33.7,28.6
2026-04-04,2,32.8,27.9
2026-04-04,3,32.1,27.2
2026-04-04,4,32.1,27.2
2026-04-04,5,32.5,27.6
2026-04-04,6,32.5,27.6
2026-04-04,7,33.7,28.6
2026-04-04,8,33.6,28.5
2026-04-04,9,35.8,31.1
2026-04-04,10,40.0,35.0
2026-04-04,11,43.0,37.8
2026-04-04,12,46.7,42.1
2026-04-04,13,50.4,47.5
2026-04-04,14,54.0,50.7
2026-04-04,15,55.7,51.5
2026-04-04,16,56.9,51.5
2026-04-04,17,57.1,50.2
2026-04-04,18,56.3,47.8
2026-04-04,19,55.2,46.8
2026-04-04,20,52.7,45.1
2026-04-04,21,47.5,40.5
2026-04-04,22,45.0,38.2
2026-04-04,23,42.4,35.9
2026-04-04,24,42.7,37.2
2026-04-05,1,42.0,36.8
2026-04-05,2,42.1,37.3
2026-04-05,3,41.6,36.7
2026-04-05,4,41.4,36.5
2026-04-05,5,41.3,36.6
2026-04-05,6,40.7,36.0
2026-04-05,7,39.5,34.6
2026-04-05,8,38.8,34.2
2026-04-05,9,40.5,36.2
2026-04-05,10,45.4,40.8
2026-04-05,11,48.9,44.1
2026-04-05,12,52.8,48.9
2026-04-05,13,57.9,55.4
2026-04-05,14,62.4,60.3
2026-04-05,15,65.0,62.5
2026-04-05,16,66.7,63.2
2026-04-05,17,67.3,62.7
2026-04-05,18,67.1,60.9
2026-04-05,19,65.5,58.3
2026-04-05,20,60.7,55.9
2026-04-05,21,53.1,46.8
2026-04-05,22,50.0,44.5
2026-04-05,23,48.1,42.8
2026-04-05,24,48.0,43.3
2026-04-06,1,47.9,43.1
2026-04-06,2,48.6,43.7
2026-04-06,3,48.7,43.8
2026-04-06,4,48.1,43.4
2026-04-06,5,47.0,42.6
2026-04-06,6,45.1,40.7
2026-04-06,7,43.0,38.5
2026-04-06,8,42.7,37.9
2026-04-06,9,46.2,41.6
2026-04-06,10,52.2,47.0
2026-04-06,11,55.4,49.9
2026-04-06,12,59.5,54.7
2026-04-06,13,64.2,60.5
2026-04-06,14,68.4,64.8
2026-04-06,15,70.5,66.0
2026-04-06,16,70.8,65.3
2026-04-06,17,69.4,60.9
2026-04-06,18,67.0,57.9
2026-04-06,19,65.4,56.7
2026-04-06,20,63.2,57.8
2026-04-06,21,57.6,51.8
2026-04-06,22,52.6,47.5
2026-04-06,23,49.0,43.9
2026-04-06,24,47.5,42.8
2026-04-07,1,45.8,41.3
2026-04-07,2,45.0,40.5
2026-04-07,3,44.5,40.1
2026-04-07,4,43.5,39.1
2026-04-07,5,43.3,38.9
2026-04-07,6,43.3,38.9
2026-04-07,7,44.9,40.7
2026-04-07,8,45.0,40.9
2026-04-07,9,47.1,43.1
2026-04-07,10,54.6,50.1
2026-04-07,11,58.9,53.7
2026-04-07,12,62.2,56.3
2026-04-07,13,66.3,62.1
2026-04-07,14,68.8,64.8
2026-04-07,15,70.0,65.2
2026-04-07,16,69.4,63.2
2026-04-07,17,68.1,61.5
2026-04-07,18,67.7,60.5
2026-04-07,19,65.5,58.1
2026-04-07,20,62.9,58.1
2026-04-07,21,57.4,52.8
2026-04-07,22,54.8,50.0
2026-04-07,23,52.2,47.2
2026-04-07,24,49.9,44.9
2026-04-08,1,48.5,44.0
2026-04-08,2,48.9,44.7
2026-04-08,3,48.4,44.1
2026-04-08,4,48.6,44.3
2026-04-08,5,48.6,44.4
2026-04-08,6,48.3,44.2
2026-04-08,7,45.0,41.1
2026-04-08,8,45.4,41.7
2026-04-08,9,48.4,44.8
2026-04-08,10,55.3,51.2
2026-04-08,11,58.8,54.3
2026-04-08,12,61.9,58.0
2026-04-08,13,66.1,62.4
2026-04-08,14,67.9,64.0
2026-04-08,15,67.7,62.9
2026-04-08,16,68.5,64.0
2026-04-08,17,68.7,63.7
2026-04-08,18,67.7,60.6
2026-04-08,19,65.6,58.1
2026-04-08,20,62.5,58.1
2026-04-08,21,57.0,51.7
2026-04-08,22,54.8,50.3
2026-04-08,23,53.2,49.2
2026-04-08,24,50.8,46.5
2026-04-09,1,47.6,43.5
2026-04-09,2,46.4,42.4
2026-04-09,3,46.0,41.9
2026-04-09,4,46.2,42.2
2026-04-09,5,46.5,42.6
2026-04-09,6,45.9,41.8
2026-04-09,7,46.4,42.1
2026-04-09,8,45.5,41.5
2026-04-09,9,49.0,44.8
2026-04-09,10,56.6,54.2
2026-04-09,11,60.2,56.5
2026-04-09,12,64.2,59.3
2026-04-09,13,65.9,60.6
2026-04-09,14,67.5,62.5
2026-04-09,15,69.1,63.9
2026-04-09,16,70.5,66.5
2026-04-09,17,70.4,65.4
2026-04-09,18,70.6,64.5
2026-04-09,19,67.7,59.9
2026-04-09,20,65.0,59.6
2026-04-09,21,59.3,53.2
2026-04-09,22,55.1,50.1
2026-04-09,23,54.8,50.5
2026-04-09,24,55.6,51.7
2026-04-10,1,56.0,52.2
2026-04-10,2,55.5,52.0
2026-04-10,3,53.8,50.0
2026-04-10,4,51.8,48.4
2026-04-10,5,50.1,47.1
2026-04-10,6,48.6,45.7
2026-04-10,7,47.3,44.1
2026-04-10,8,46.7,43.4
2026-04-10,9,50.4,47.7
2026-04-10,10,58.6,55.8
2026-04-10,11,63.0,58.9
2026-04-10,12,66.8,62.0
2026-04-10,13,71.0,65.8
2026-04-10,14,73.6,67.2
2026-04-10,15,74.7,66.3
2026-04-10,16,75.9,67.9
2026-04-10,17,75.9,66.7
2026-04-10,18,75.0,64.7
2026-04-10,19,73.3,63.5
2026-04-10,20,70.0,61.3
2026-04-10,21,63.7,57.5
2026-04-10,22,58.3,53.5
2026-04-10,23,56.1,51.7
2026-04-10,24,54.4,50.0
2026-04-11,1,53.9,49.7
2026-04-11,2,52.2,48.4
2026-04-11,3,51.2,47.7
2026-04-11,4,49.8,46.4
2026-04-11,5,48.7,45.3
2026-04-11,6,48.3,44.8
2026-04-11,7,49.9,45.9
2026-04-11,8,50.1,46.4
2026-04-11,9,53.7,50.1
2026-04-11,10,58.8,53.4
2026-04-11,11,54.1,49.9
2026-04-11,12,55.0,51.2
2026-04-11,13,63.5,55.8
2026-04-11,14,67.2,59.4
2026-04-11,15,63.9,56.8
2026-04-11,16,63.4,57.5
2026-04-11,17,66.2,57.1
2026-04-11,18,67.8,58.3
2026-04-11,19,64.7,58.3
2026-04-11,20,59.3,51.1
2026-04-11,21,52.8,46.0
2026-04-11,22,51.1,46.3
2026-04-11,23,50.1,45.2
2026-04-11,24,50.6,45.7
2026-04-12,1,49.3,45.5
2026-04-12,2,47.7,43.8
2026-04-12,3,46.5,42.4
2026-04-12,4,45.9,41.4
2026-04-12,5,45.0,40.4
2026-04-12,6,44.0,39.5
2026-04-12,7,47.3,43.0
2026-04-12,8,48.7,43.6
2026-04-12,9,51.1,46.3
2026-04-12,10,54.1,48.8
2026-04-12,11,56.5,50.1
2026-04-12,12,58.9,50.7
2026-04-12,13,62.1,51.7
2026-04-12,14,65.2,54.8
2026-04-12,15,66.8,55.5
2026-04-12,16,67.1,56.5
2026-04-12,17,67.0,56.2
2026-04-12,18,65.6,54.2
2026-04-12,19,63.8,53.3
2026-04-12,20,60.6,53.0
2026-04-12,21,46.2,38.5
2026-04-12,22,46.5,39.2
2026-04-12,23,46.3,42.0
2026-04-12,24,45.4,41.2
2026-04-13,1,42.9,38.0
2026-04-13,2,40.5,35.5
2026-04-13,3,39.6,33.9
2026-04-13,4,38.2,33.8
2026-04-13,5,38.0,34.4
2026-04-13,6,35.8,31.3
2026-04-13,7,36.5,32.3
2026-04-13,8,36.4,32.6
2026-04-13,9,40.0,36.4
2026-04-13,10,44.2,39.6
2026-04-13,11,47.0,41.3
2026-04-13,12,49.9,44.7
2026-04-13,13,51.8,48.1
2026-04-13,14,55.1,51.7
2026-04-13,15,57.0,54.0
2026-04-13,16,58.9,55.8
2026-04-13,17,57.6,51.9
2026-04-13,18,53.5,44.3
2026-04-13,19,53.3,45.5
2026-04-13,20,52.6,45.4
2026-04-13,21,49.9,43.1
2026-04-13,22,46.9,41.5
2026-04-13,23,45.6,40.5
2026-04-13,24,43.6,38.3
2026-04-14,1,42.1,36.7
2026-04-14,2,39.8,34.5
2026-04-14,3,38.9,33.5
2026-04-14,4,38.2,33.4
2026-04-14,5,38.4,32.5
2026-04-14,6,38.5,32.7
2026-04-14,7,36.1,30.6
2026-04-14,8,36.5,30.4
2026-04-14,9,41.9,35.3
2026-04-14,10,45.7,37.3
2026-04-14,11,47.4,38.6
2026-04-14,12,49.7,41.0
2026-04-14,13,50.6,42.6
2026-04-14,14,52.8,44.5
2026-04-14,15,54.4,46.1
2026-04-14,16,55.9,48.2
2026-04-14,17,56.9,48.9
2026-04-14,18,56.4,47.9
2026-04-14,19,56.1,48.5
2026-04-14,20,54.3,47.1
2026-04-14,21,49.8,43.4
2026-04-14,22,46.2,41.3
2026-04-14,23,43.8,39.1
2026-04-14,24,41.9,37.5
2026-04-15,1,41.3,36.7
2026-04-15,2,40.2,35.6
2026-04-15,3,40.7,36.3
2026-04-15,4,40.6,36.6
2026-04-15,5,40.1,36.2
2026-04-15,6,39.8,35.7
2026-04-15,7,39.4,35.0
2026-04-15,8,38.2,33.2
2026-04-15,9,43.4,39.0
2026-04-15,10,48.8,43.1
2026-04-15,11,52.6,45.2
2026-04-15,12,56.2,48.8
2026-04-15,13,59.1,52.6
2026-04-15,14,64.5,58.8
2026-04-15,15,67.6,60.6
2026-04-15,16,67.3,60.1
2026-04-15,17,67.2,57.5
2026-04-15,18,67.2,58.3
2026-04-15,19,66.6,58.1
2026-04-15,20,64.8,57.8
2026-04-15,21,62.6,56.3
2026-04-15,22,60.2,54.2
2026-04-15,23,57.9,52.0
2026-04-15,24,56.1,49.6
2026-04-16,1,55.2,49.1
2026-04-16,2,54.7,47.6
2026-04-16,3,53.6,46.1
2026-04-16,4,52.3,44.9
2026-04-16,5,51.4,43.6
2026-04-16,6,49.9,42.2
2026-04-16,7,47.8,40.1
2026-04-16,8,46.0,38.6
2026-04-16,9,47.8,43.9
2026-04-16,10,52.9,48.3
2026-04-16,11,55.4,50.1
2026-04-16,12,56.0,50.4
2026-04-16,13,56.2,49.5
2026-04-16,14,48.3,40.6
2026-04-16,15,45.7,37.0
2026-04-16,16,43.6,35.1
2026-04-16,17,40.7,32.1
2026-04-16,18,39.8,30.9
2026-04-16,19,39.3,30.9
2026-04-16,20,39.7,30.9
2026-04-16,21,39.1,30.5
2026-04-16,22,38.8,30.2
2026-04-16,23,38.2,30.5
2026-04-16,24,37.6,30.7
2026-04-17,1,36.5,29.0
2026-04-17,2,33.8,26.1
2026-04-17,3,31.6,24.2
2026-04-17,4,30.3,23.3
2026-04-17,5,29.7,23.0
2026-04-17,6,29.1,22.6
2026-04-17,7,27.5,20.6
2026-04-17,8,26.8,19.9
2026-04-17,9,30.3,23.3
2026-04-17,10,33.7,26.5
2026-04-17,11,36.8,29.0
2026-04-17,12,39.3,31.3
2026-04-17,13,41.5,33.4
2026-04-17,14,41.3,33.1
2026-04-17,15,43.0,35.1
2026-04-17,16,44.1,35.6
2026-04-17,17,45.1,36.3
2026-04-17,18,45.6,36.2
2026-04-17,19,44.7,35.9
2026-04-17,20,43.0,34.2
2026-04-17,21,41.4,33.7
2026-04-17,22,39.0,32.6
2026-04-17,23,39.8,34.1
2026-04-17,24,39.9,33.7
2026-04-18,1,39.6,33.7
2026-04-18,2,39.5,33.4
2026-04-18,3,39.1,33.0
2026-04-18,4,38.8,32.9
2026-04-18,5,38.4,32.5
2026-04-18,6,38.0,32.3
2026-04-18,7,37.7,32.4
2026-04-18,8,37.5,32.2
2026-04-18,9,38.2,33.3
2026-04-18,10,40.8,35.3
2026-04-18,11,44.4,38.3
2026-04-18,12,47.0,40.1
2026-04-18,13,49.6,42.4
2026-04-18,14,51.5,44.2
2026-04-18,15,54.1,46.9
2026-04-18,16,56.3,49.0
2026-04-18,17,57.9,51.3
2026-04-18,18,59.0,52.3
2026-04-18,19,59.2,52.1
2026-04-18,20,57.7,52.7
2026-04-18,21,55.3,49.0
2026-04-18,22,53.7,47.3
2026-04-18,23,51.1,45.0
2026-04-18,24,48.2,42.1
2026-04-19,1,44.6,38.3
2026-04-19,2,40.1,34.6
2026-04-19,3,38.8,33.8
2026-04-19,4,37.8,32.9
2026-04-19,5,36.8,31.8
2026-04-19,6,36.0,30.7
2026-04-19,7,35.2,29.4
2026-04-19,8,34.8,28.9
2026-04-19,9,37.7,32.1
2026-04-19,10,47.4,41.6
2026-04-19,11,54.1,47.7
2026-04-19,12,59.1,52.1
2026-04-19,13,63.1,55.6
2026-04-19,14,65.8,57.7
2026-04-19,15,67.9,59.5
2026-04-19,16,69.4,61.0
2026-04-19,17,70.3,62.1
2026-04-19,18,70.8,62.5
2026-04-19,19,70.4,61.9
2026-04-19,20,69.3,64.5
2026-04-19,21,64.0,57.6
2026-04-19,22,60.0,54.0
2026-04-19,23,56.7,50.7
2026-04-19,24,52.9,46.4
2026-04-20,1,49.0,42.2
2026-04-20,2,46.4,40.2
2026-04-20,3,45.6,40.5
2026-04-20,4,44.8,40.2
2026-04-20,5,44.1,39.5
2026-04-20,6,43.5,38.8
2026-04-20,7,42.9,37.6
2026-04-20,8,42.4,37.1
2026-04-20,9,46.5,41.9
2026-04-20,10,55.9,51.1
2026-04-20,11,63.1,57.7
2026-04-20,12,68.3,61.1
2026-04-20,13,71.4,63.2
2026-04-20,14,73.9,65.1
2026-04-20,15,75.2,65.4
2026-04-20,16,76.1,67.6
2026-04-20,17,77.1,68.8
2026-04-20,18,77.1,68.9
2026-04-20,19,76.4,68.2
2026-04-20,20,74.6,66.9
2026-04-20,21,70.7,64.3
2026-04-20,22,65.7,59.4
2026-04-20,23,61.2,55.0
2026-04-20,24,58.6,53.0
2026-04-21,1,57.9,52.9
2026-04-21,2,57.2,52.5
2026-04-21,3,56.4,52.0
2026-04-21,4,55.2,50.9
2026-04-21,5,53.9,49.8
2026-04-21,6,52.8,49.2
2026-04-21,7,51.6,48.3
2026-04-21,8,50.7,47.2
2026-04-21,9,51.9,49.4
2026-04-21,10,59.6,56.4
2026-04-21,11,66.5,62.2
2026-04-21,12,69.8,63.4
2026-04-21,13,72.4,64.6
2026-04-21,14,74.3,65.6
2026-04-21,15,75.8,66.6
2026-04-21,16,77.1,67.6
2026-04-21,17,77.8,66.8
2026-04-21,18,78.3,67.9
2026-04-21,19,77.4,68.0
2026-04-21,20,75.7,67.4
2026-04-21,21,72.3,64.4
2026-04-21,22,67.6,59.3
2026-04-21,23,63.0,54.4
2026-04-21,24,59.4,50.7
2026-04-22,1,56.7,48.6
2026-04-22,2,55.8,48.1
2026-04-22,3,55.0,47.0
2026-04-22,4,54.5,46.3
2026-04-22,5,54.7,46.6
2026-04-22,6,54.3,46.3
2026-04-22,7,50.2,43.4
2026-04-22,8,47.2,40.2
2026-04-22,9,47.9,41.6
2026-04-22,10,51.2,44.0
2026-04-22,11,52.0,42.2
2026-04-22,12,50.3,40.8
2026-04-22,13,52.2,41.8
2026-04-22,14,53.5,43.3
2026-04-22,15,54.9,45.2
2026-04-22,16,55.1,46.0
2026-04-22,17,55.4,46.7
2026-04-22,18,54.9,49.4
2026-04-22,19,53.6,49.3
2026-04-22,20,53.0,46.2
2026-04-22,21,52.1,44.9
2026-04-22,22,48.6,42.0
2026-04-22,23,50.2,44.8
2026-04-22,24,46.0,41.4
2026-04-23,1,47.5,42.6
2026-04-23,2,44.6,39.4
2026-04-23,3,44.5,39.2
2026-04-23,4,44.6,39.7
2026-04-23,5,44.3,39.4
2026-04-23,6,44.2,39.6
2026-04-23,7,43.9,39.2
2026-04-23,8,43.4,38.3
2026-04-23,9,42.8,37.0
2026-04-23,10,44.1,37.7
2026-04-23,11,45.1,37.9
2026-04-23,12,47.3,40.7
2026-04-23,13,48.6,42.8
2026-04-23,14,50.8,44.7
2026-04-23,15,52.1,45.9
2026-04-23,16,54.0,47.8
2026-04-23,17,55.5,49.1
2026-04-23,18,56.2,49.1
2026-04-23,19,56.6,49.4
2026-04-23,20,55.9,49.6
2026-04-23,21,54.6,48.9
2026-04-23,22,51.1,44.4
2026-04-23,23,48.9,42.1
2026-04-23,24,47.8,41.3
2026-04-24,1,47.7,41.7
2026-04-24,2,48.5,42.6
2026-04-24,3,49.5,43.6
2026-04-24,4,49.0,43.5
2026-04-24,5,48.5,43.0
2026-04-24,6,48.2,42.9
2026-04-24,7,47.6,42.4
2026-04-24,8,46.9,42.4
2026-04-24,9,47.6,43.1
2026-04-24,10,51.4,45.4
2026-04-24,11,55.9,48.9
2026-04-24,12,58.1,50.8
2026-04-24,13,60.4,53.8
2026-04-24,14,62.6,54.4
2026-04-24,15,64.0,57.5
2026-04-24,16,64.9,59.3
2026-04-24,17,64.8,58.5
2026-04-24,18,63.5,57.0
2026-04-24,19,61.7,53.8
2026-04-24,20,57.2,49.7
2026-04-24,21,52.6,45.1
2026-04-24,22,49.4,42.3
2026-04-24,23,47.6,39.8
2026-04-24,24,45.1,37.4
2026-04-25,1,42.4,34.9
2026-04-25,2,40.2,33.0
2026-04-25,3,41.3,34.1
2026-04-25,4,42.5,36.0
2026-04-25,5,43.4,37.5
2026-04-25,6,43.1,37.7
2026-04-25,7,42.8,37.2
2026-04-25,8,42.5,36.8
2026-04-25,9,43.6,38.1
2026-04-25,10,46.3,40.5
2026-04-25,11,49.6,43.6
2026-04-25,12,53.2,47.2
2026-04-25,13,56.5,50.6
2026-04-25,14,57.3,50.5
2026-04-25,15,59.5,52.8
2026-04-25,16,61.4,55.0
2026-04-25,17,62.9,56.6
2026-04-25,18,64.0,57.0
2026-04-25,19,64.1,56.5
2026-04-25,20,63.3,57.5
2026-04-25,21,60.9,55.7
2026-04-25,22,56.4,50.0
2026-04-25,23,55.0,49.2
2026-04-25,24,55.5,50.1
2026-04-26,1,54.9,49.4
2026-04-26,2,48.7,43.5
2026-04-26,3,48.8,44.0
2026-04-26,4,50.0,45.2
2026-04-26,5,49.5,45.5
2026-04-26,6,47.2,42.8
2026-04-26,7,45.1,40.7
2026-04-26,8,44.6,40.5
2026-04-26,9,44.9,40.8
2026-04-26,10,45.5,40.7
2026-04-26,11,46.3,41.0
2026-04-26,12,46.9,41.8
2026-04-26,13,47.0,41.7
2026-04-26,14,51.4,45.6
2026-04-26,15,53.2,47.9
2026-04-26,16,53.1,47.9
2026-04-26,17,49.7,45.4
2026-04-26,18,47.8,43.4
2026-04-26,19,46.1,42.3
2026-04-26,20,44.8,41.8
2026-04-26,21,44.0,41.0
2026-04-26,22,43.3,39.9
2026-04-26,23,41.5,37.8
2026-04-26,24,40.8,36.8
2026-04-27,1,40.1,36.1
2026-04-27,2,39.7,35.6
2026-04-27,3,39.7,35.7
2026-04-27,4,39.6,35.6
2026-04-27,5,39.0,35.3
2026-04-27,6,38.8,34.7
2026-04-27,7,38.8,35.9
2026-04-27,8,39.0,36.0
2026-04-27,9,41.3,38.6
2026-04-27,10,42.5,39.8
2026-04-27,11,42.4,39.1
2026-04-27,12,42.3,39.2
2026-04-27,13,43.3,39.9
2026-04-27,14,43.7,40.4
2026-04-27,15,45.1,41.8
2026-04-27,16,46.3,43.4
2026-04-27,17,46.2,42.2
2026-04-27,18,45.0,40.9
2026-04-27,19,44.8,40.5
2026-04-27,20,44.6,40.0
2026-04-27,21,43.8,39.9
2026-04-27,22,43.2,38.7
2026-04-27,23,41.8,37.1
2026-04-27,24,40.5,35.5
2026-04-28,1,39.7,35.1
2026-04-28,2,37.1,32.5
2026-04-28,3,37.0,32.3
2026-04-28,4,36.3,32.0
2026-04-28,5,35.7,31.4
2026-04-28,6,35.1,30.9
2026-04-28,7,34.8,30.2
2026-04-28,8,34.5,30.1
2026-04-28,9,37.5,32.8
2026-04-28,10,40.8,36.0
2026-04-28,11,44.8,40.0
2026-04-28,12,47.2,42.2
2026-04-28,13,49.6,44.3
2026-04-28,14,50.2,44.5
2026-04-28,15,51.4,45.5
2026-04-28,16,51.7,47.1
2026-04-28,17,52.6,47.6
2026-04-28,18,52.8,47.9
2026-04-28,19,52.4,45.4
2026-04-28,20,52.5,46.9
2026-04-28,21,51.3,47.0
2026-04-28,22,48.9,44.3
2026-04-28,23,48.9,44.3
2026-04-28,24,47.6,43.1
2026-04-29,1,46.4,42.0
2026-04-29,2,44.2,39.7
2026-04-29,3,43.8,39.0
2026-04-29,4,43.3,38.3
2026-04-29,5,42.8,37.9
2026-04-29,6,42.3,37.1
2026-04-29,7,41.5,37.4
2026-04-29,8,40.9,37.1
2026-04-29,9,43.2,40.1
2026-04-29,10,48.1,45.0
2026-04-29,11,51.9,47.4
2026-04-29,12,54.5,49.1
2026-04-29,13,56.0,50.5
2026-04-29,14,57.2,51.1
2026-04-29,15,58.0,51.3
2026-04-29,16,58.6,51.3
2026-04-29,17,58.4,51.0
2026-04-29,18,58.0,50.6
2026-04-29,19,57.5,49.7
2026-04-29,20,56.5,49.7
2026-04-29,21,54.8,49.1
2026-04-29,22,51.7,45.5
2026-04-29,23,52.3,46.5
2026-04-29,24,51.0,45.7
2026-04-30,1,49.6,44.7
2026-04-30,2,48.1,43.2
2026-04-30,3,47.4,42.4
2026-04-30,4,46.7,41.7
2026-04-30,5,46.0,41.3
2026-04-30,6,45.1,40.4
2026-04-30,7,44.1,39.6
2026-04-30,8,43.3,38.8
2026-04-30,9,45.9,41.2
2026-04-30,10,50.2,45.2
2026-04-30,11,53.4,47.7
2026-04-30,12,55.6,49.2
2026-04-30,13,57.2,49.9
2026-04-30,14,57.6,50.0
2026-04-30,15,58.6,50.8
2026-04-30,16,59.5,51.7
2026-04-30,17,59.6,52.7
2026-04-30,18,59.5,52.8
2026-04-30,19,58.6,51.6
2026-04-30,20,57.3,50.7
2026-04-30,21,55.2,49.0
2026-04-30,22,51.9,45.1
2026-04-30,23,50.6,44.5
2026-04-30,24,51.7,46.2
2026-05-01,1,50.5,45.4
2026-05-01,2,48.9,44.0
2026-05-01,3,47.8,43.0
2026-05-01,4,46.3,41.6
2026-05-01,5,45.1,40.5
2026-05-01,6,44.1,39.9
2026-05-01,7,43.4,39.3
2026-05-01,8,43.1,39.1
2026-05-01,9,45.2,41.5
2026-05-01,10,50.3,46.9
2026-05-01,11,53.9,49.3
2026-05-01,12,56.6,50.7
2026-05-01,13,59.1,52.9
2026-05-01,14,60.7,54.1
2026-05-01,15,62.1,55.4
2026-05-01,16,63.3,56.1
2026-05-01,17,63.8,56.3
2026-05-01,18,64.0,56.4
2026-05-01,19,63.2,55.6
2026-05-01,20,61.3,54.6
2026-05-01,21,58.6,52.1
2026-05-01,22,54.5,47.7
2026-05-01,23,55.6,49.2
2026-05-01,24,54.1,48.7
2026-05-02,1,52.4,47.6
2026-05-02,2,51.7,47.1
2026-05-02,3,50.0,45.4
2026-05-02,4,48.3,44.0
2026-05-02,5,46.7,42.8
2026-05-02,6,45.0,41.2
2026-05-02,7,43.3,39.6
2026-05-02,8,43.0,39.5
2026-05-02,9,48.1,45.0
2026-05-02,10,54.7,51.0
2026-05-02,11,59.8,54.8
2026-05-02,12,63.7,57.2
2026-05-02,13,66.3,59.0
2026-05-02,14,67.5,59.9
2026-05-02,15,68.7,60.6
2026-05-02,16,69.6,61.5
2026-05-02,17,70.1,62.6
2026-05-02,18,70.2,62.6
2026-05-02,19,69.8,62.3
2026-05-02,20,68.7,63.0
2026-05-02,21,66.0,60.8
2026-05-02,22,63.4,56.9
2026-05-02,23,62.7,56.5
2026-05-02,24,60.7,55.0
2026-05-03,1,58.3,53.3
2026-05-03,2,56.0,51.1
2026-05-03,3,53.7,48.7
2026-05-03,4,51.8,46.9
2026-05-03,5,49.0,43.9
2026-05-03,6,47.5,42.5
2026-05-03,7,46.2,41.9
2026-05-03,8,46.0,41.6
2026-05-03,9,51.5,47.8
2026-05-03,10,59.0,55.5
2026-05-03,11,64.0,59.9
2026-05-03,12,68.1,62.5
2026-05-03,13,70.5,64.2
2026-05-03,14,72.3,65.6
2026-05-03,15,72.9,65.1
2026-05-03,16,72.8,64.6
2026-05-03,17,73.0,64.8
2026-05-03,18,73.0,65.3
2026-05-03,19,72.4,64.1
2026-05-03,20,71.3,66.0
2026-05-03,21,67.5,60.2
2026-05-03,22,62.3,56.5
2026-05-03,23,59.9,54.4
2026-05-03,24,59.2,54.2
2026-05-04,1,58.2,53.0
2026-05-04,2,55.9,50.6
2026-05-04,3,52.0,46.2
2026-05-04,4,50.7,46.2
2026-05-04,5,51.5,47.8
2026-05-04,6,52.5,49.5
2026-05-04,7,52.3,48.9
2026-05-04,8,51.4,48.1
2026-05-04,9,52.9,50.1
2026-05-04,10,60.6,57.4
2026-05-04,11,64.0,59.1
2026-05-04,12,66.8,61.3
2026-05-04,13,68.5,63.6
2026-05-04,14,70.2,64.9
2026-05-04,15,71.3,66.8
2026-05-04,16,72.1,66.4
2026-05-04,17,72.1,66.4
2026-05-04,18,71.9,64.9
2026-05-04,19,69.9,67.1
2026-05-04,20,67.5,63.4
2026-05-04,21,65.9,61.9
2026-05-04,22,64.8,60.7
2026-05-04,23,62.5,59.3
2026-05-04,24,60.2,57.4
2026-05-05,1,57.7,55.4
2026-05-05,2,53.8,52.1
2026-05-05,3,52.4,50.7
2026-05-05,4,51.3,49.3
2026-05-05,5,50.6,48.8
2026-05-05,6,50.1,48.0
2026-05-05,7,49.6,47.9
2026-05-05,8,49.1,46.8
2026-05-05,9,51.4,48.3
2026-05-05,10,55.1,50.6
2026-05-05,11,56.0,49.5
2026-05-05,12,57.6,51.3
2026-05-05,13,58.6,52.3
2026-05-05,14,54.9,48.3
2026-05-05,15,54.5,47.9
2026-05-05,16,54.4,48.3
2026-05-05,17,56.5,51.2
2026-05-05,18,57.5,52.0
2026-05-05,19,57.7,53.9
2026-05-05,20,57.0,53.1
2026-05-05,21,56.8,53.7
2026-05-05,22,55.3,51.9
2026-05-05,23,55.3,51.9
2026-05-05,24,54.5,51.1
2026-05-06,1,53.8,50.4
2026-05-06,2,52.2,48.1
2026-05-06,3,48.8,44.9
2026-05-06,4,45.5,41.2
2026-05-06,5,46.1,42.1
2026-05-06,6,45.6,41.4
2026-05-06,7,43.5,39.2
2026-05-06,8,42.2,37.7
2026-05-06,9,45.9,41.1
2026-05-06,10,49.8,43.6
2026-05-06,11,52.3,44.3
2026-05-06,12,55.0,46.4
2026-05-06,13,57.3,47.6
2026-05-06,14,57.7,47.7
2026-05-06,15,59.1,49.6
2026-05-06,16,60.0,51.2
2026-05-06,17,60.3,52.2
2026-05-06,18,60.0,52.9
2026-05-06,19,61.2,54.8
2026-05-06,20,59.8,54.2
2026-05-06,21,55.3,52.3
2026-05-06,22,50.8,46.8
2026-05-06,23,48.3,43.9
2026-05-06,24,46.9,42.5
2026-05-07,1,46.0,41.6
2026-05-07,2,46.2,41.8
2026-05-07,3,45.9,41.2
2026-05-07,4,45.0,39.8
2026-05-07,5,44.4,39.2
2026-05-07,6,43.6,38.3
2026-05-07,7,43.3,38.3
2026-05-07,8,44.9,40.0
2026-05-07,9,51.7,46.4
2026-05-07,10,56.0,49.8
2026-05-07,11,59.3,52.3
2026-05-07,12,63.6,57.8
2026-05-07,13,64.8,58.4
2026-05-07,14,65.5,59.3
2026-05-07,15,71.4,69.4
2026-05-07,16,71.1,65.6
2026-05-07,17,71.0,64.6
2026-05-07,18,70.6,64.0
2026-05-07,19,67.5,61.5
2026-05-07,20,66.3,63.6
2026-05-07,21,63.6,61.1
2026-05-07,22,60.1,57.8
2026-05-07,23,57.3,55.0
2026-05-07,24,55.3,52.5
2026-05-08,1,54.9,52.0
2026-05-08,2,55.0,51.4
2026-05-08,3,53.2,49.5
2026-05-08,4,51.9,48.4
2026-05-08,5,52.0,48.6
2026-05-08,6,51.5,48.1
2026-05-08,7,48.9,45.1
2026-05-08,8,50.2,46.8
2026-05-08,9,56.6,55.2
2026-05-08,10,61.9,58.2
2026-05-08,11,65.3,61.0
2026-05-08,12,68.6,65.0
2026-05-08,13,72.2,69.9
2026-05-08,14,75.2,73.7
2026-05-08,15,76.8,75.5
2026-05-08,16,77.2,75.4
2026-05-08,17,77.1,74.7
2026-05-08,18,76.2,71.8
2026-05-08,19,74.7,68.1
2026-05-08,20,72.5,66.7
2026-05-08,21,66.1,61.6
2026-05-08,22,62.9,60.4
2026-05-08,23,60.2,56.9
2026-05-08,24,58.1,54.9
2026-05-09,1,56.9,52.6
2026-05-09,2,53.5,50.6
2026-05-09,3,52.1,48.0
2026-05-09,4,51.7,45.6
2026-05-09,5,53.3,47.9
2026-05-09,6,51.7,46.6
2026-05-09,7,50.1,44.6
2026-05-09,8,50.5,45.4
2026-05-09,9,57.4,52.9
2026-05-09,10,62.3,57.1
2026-05-09,11,65.1,59.1
2026-05-09,12,67.2,62.8
2026-05-09,13,68.5,65.0
2026-05-09,14,71.1,68.0
2026-05-09,15,73.0,69.7
2026-05-09,16,74.2,70.3
2026-05-09,17,74.7,70.4
2026-05-09,18,73.7,68.2
2026-05-09,19,71.3,63.7
2026-05-09,20,69.2,61.9
2026-05-09,21,62.5,56.9
2026-05-09,22,60.2,54.7
2026-05-09,23,57.4,52.7
2026-05-09,24,54.1,50.4
2026-05-10,1,52.7,49.8
2026-05-10,2,51.0,48.8
2026-05-10,3,49.8,47.7
2026-05-10,4,49.1,47.0
2026-05-10,5,48.7,46.0
2026-05-10,6,48.1,45.9
2026-05-10,7,48.7,46.5
2026-05-10,8,49.4,47.5
2026-05-10,9,55.7,54.5
2026-05-10,10,60.3,57.0
2026-05-10,11,63.8,59.7
2026-05-10,12,67.8,65.6
2026-05-10,13,71.1,70.4
2026-05-10,14,73.5,73.8
2026-05-10,15,75.3,75.6
2026-05-10,16,76.7,75.8
2026-05-10,17,77.7,75.6
2026-05-10,18,77.8,73.6
2026-05-10,19,76.6,70.1
2026-05-10,20,73.6,69.0
2026-05-10,21,67.0,62.7
2026-05-10,22,63.1,58.2
2026-05-10,23,60.2,56.2
2026-05-10,24,57.8,53.5
2026-05-11,1,57.4,54.2
2026-05-11,2,56.5,53.9
2026-05-11,3,55.4,53.2
2026-05-11,4,54.2,51.9
2026-05-11,5,53.5,50.8
2026-05-11,6,52.3,49.6
2026-05-11,7,51.1,48.7
2026-05-11,8,51.8,48.9
2026-05-11,9,59.0,57.0
2026-05-11,10,64.4,61.5
2026-05-11,11,68.8,64.0
2026-05-11,12,73.8,69.0
2026-05-11,13,78.4,74.9
2026-05-11,14,82.0,79.3
2026-05-11,15,84.4,82.0
2026-05-11,16,86.2,83.0
2026-05-11,17,87.1,82.2
2026-05-11,18,86.0,78.6
2026-05-11,19,87.2,82.4
2026-05-11,20,83.1,78.7
2026-05-11,21,74.7,71.0
2026-05-11,22,69.8,66.4
2026-05-11,23,68.9,66.0
2026-05-11,24,65.8,62.7
2026-05-12,1,65.3,61.4
2026-05-12,2,65.6,62.6
2026-05-12,3,65.7,64.2
2026-05-12,4,65.7,64.7
2026-05-12,5,64.3,63.4
2026-05-12,6,62.4,61.1
2026-05-12,7,60.4,59.0
2026-05-12,8,60.9,59.5
2026-05-12,9,66.8,66.7
2026-05-12,10,70.7,69.6
2026-05-12,11,74.9,71.5
2026-05-12,12,79.5,76.6
2026-05-12,13,83.6,81.7
2026-05-12,14,86.4,84.7
2026-05-12,15,88.2,86.2
2026-05-12,16,88.7,85.1
2026-05-12,17,88.8,83.9
2026-05-12,18,87.5,80.9
2026-05-12,19,84.8,79.6
2026-05-12,20,80.6,77.4
2026-05-12,21,75.1,72.2
2026-05-12,22,71.7,69.5
2026-05-12,23,70.1,67.6
2026-05-12,24,68.4,66.2
2026-05-13,1,67.1,66.4
2026-05-13,2,67.2,66.1
2026-05-13,3,65.7,64.4
2026-05-13,4,64.8,63.1
2026-05-13,5,64.5,62.2
2026-05-13,6,62.8,59.8
2026-05-13,7,60.8,57.1
2026-05-13,8,62.5,58.1
2026-05-13,9,69.5,66.3
2026-05-13,10,74.9,71.0
2026-05-13,11,78.0,71.7
2026-05-13,12,81.0,74.7
2026-05-13,13,85.0,80.4
2026-05-13,14,84.6,79.5
2026-05-13,15,87.0,83.3
2026-05-13,16,87.2,83.2
2026-05-13,17,84.1,78.9
2026-05-13,18,87.6,84.5
2026-05-13,19,82.1,76.3
2026-05-13,20,81.0,75.0
2026-05-13,21,76.8,71.2
2026-05-13,22,72.1,66.2
2026-05-13,23,67.8,60.5
2026-05-13,24,65.4,59.2
2026-05-14,1,61.6,56.8
2026-05-14,2,61.8,57.4
2026-05-14,3,60.8,56.2
2026-05-14,4,59.3,54.2
2026-05-14,5,57.4,52.0
2026-05-14,6,56.3,50.8
2026-05-14,7,53.6,47.7
2026-05-14,8,54.0,48.5
2026-05-14,9,57.5,52.3
2026-05-14,10,59.9,53.8
2026-05-14,11,62.5,57.3
2026-05-14,12,65.0,61.9
2026-05-14,13,67.1,65.6
2026-05-14,14,68.8,67.0
2026-05-14,15,70.1,68.3
2026-05-14,16,71.2,68.6
2026-05-14,17,71.5,67.3
2026-05-14,18,71.4,66.2
2026-05-14,19,71.4,65.0
2026-05-14,20,70.7,64.6
2026-05-14,21,67.3,62.4
2026-05-14,22,61.6,56.1
2026-05-14,23,58.8,54.5
2026-05-14,24,57.0,52.6
2026-05-15,1,55.8,51.9
2026-05-15,2,56.2,53.2
2026-05-15,3,56.4,53.4
2026-05-15,4,56.2,53.0
2026-05-15,5,56.1,52.5
2026-05-15,6,55.6,52.4
2026-05-15,7,52.6,49.4
2026-05-15,8,55.1,52.2
2026-05-15,9,60.9,59.4
2026-05-15,10,64.1,60.3
2026-05-15,11,67.8,63.5
2026-05-15,12,71.0,68.1
2026-05-15,13,74.0,72.0
2026-05-15,14,74.9,72.4
2026-05-15,15,74.5,70.6
2026-05-15,16,74.2,71.6
2026-05-15,17,75.5,73.2
2026-05-15,18,74.2,69.1
2026-05-15,19,73.7,66.7
2026-05-15,20,71.7,64.7
2026-05-15,21,68.3,63.6
2026-05-15,22,63.8,58.7
2026-05-15,23,62.6,58.4
2026-05-15,24,59.6,54.8
2026-05-16,1,58.2,54.2
2026-05-16,2,58.1,54.8
2026-05-16,3,57.3,53.3
2026-05-16,4,57.3,53.3
2026-05-16,5,57.6,54.7
2026-05-16,6,56.7,53.6
2026-05-16,7,54.8,51.3
2026-05-16,8,56.1,52.8
2026-05-16,9,59.2,56.1
2026-05-16,10,61.8,58.2
2026-05-16,11,64.1,59.9
2026-05-16,12,67.9,64.6
2026-05-16,13,66.1,61.6
2026-05-16,14,66.3,60.7
2026-05-16,15,66.4,60.4
2026-05-16,16,69.9,64.9
2026-05-16,17,69.4,65.3
2026-05-16,18,69.2,64.7
2026-05-16,19,66.6,61.2
2026-05-16,20,64.7,58.8
2026-05-16,21,61.9,56.6
2026-05-16,22,59.3,55.1
2026-05-16,23,57.0,52.7
2026-05-16,24,56.3,50.7
2026-05-17,1,54.8,49.1
2026-05-17,2,52.7,47.6
2026-05-17,3,51.9,46.7
2026-05-17,4,51.0,45.7
2026-05-17,5,49.6,43.9
2026-05-17,6,48.9,43.1
2026-05-17,7,47.2,41.4
2026-05-17,8,47.7,42.1
2026-05-17,9,49.2,43.3
2026-05-17,10,50.8,44.9
2026-05-17,11,52.0,46.5
2026-05-17,12,53.3,48.2
2026-05-17,13,55.2,52.6
2026-05-17,14,54.4,51.0
2026-05-17,15,53.5,49.2
2026-05-17,16,52.2,46.3
2026-05-17,17,53.5,47.2
2026-05-17,18,52.1,44.3
2026-05-17,19,47.1,40.2
2026-05-17,20,45.6,40.0
2026-05-17,21,45.0,39.3
2026-05-17,22,43.7,38.7
2026-05-17,23,43.3,38.5
2026-05-17,24,42.8,38.5
2026-05-18,1,41.4,36.9
2026-05-18,2,41.0,36.7
2026-05-18,3,40.5,36.0
2026-05-18,4,39.4,34.7
2026-05-18,5,38.6,33.2
2026-05-18,6,38.5,32.8
2026-05-18,7,39.6,33.6
2026-05-18,8,40.4,34.1
2026-05-18,9,40.9,34.8
2026-05-18,10,42.7,36.2
2026-05-18,11,44.9,38.3
2026-05-18,12,46.2,39.6
2026-05-18,13,50.9,45.7
2026-05-18,14,51.2,45.1
2026-05-18,15,52.3,45.8
2026-05-18,16,53.0,47.0
2026-05-18,17,53.5,50.2
2026-05-18,18,53.3,48.1
2026-05-18,19,52.3,47.6
2026-05-18,20,51.5,47.5
2026-05-18,21,49.9,45.9
2026-05-18,22,45.9,41.8
2026-05-18,23,43.7,39.6
2026-05-18,24,42.7,38.8
2026-05-19,1,42.7,37.9
2026-05-19,2,42.7,38.3
2026-05-19,3,41.9,37.6
2026-05-19,4,39.9,35.1
2026-05-19,5,40.0,35.7
2026-05-19,6,39.9,35.8
2026-05-19,7,38.2,34.6
2026-05-19,8,40.6,36.9
2026-05-19,9,44.8,41.6
2026-05-19,10,48.0,44.2
2026-05-19,11,50.8,46.6
2026-05-19,12,53.7,50.5
2026-05-19,13,57.8,54.7
2026-05-19,14,59.8,57.4
2026-05-19,15,61.0,58.9
2026-05-19,16,61.6,57.9
2026-05-19,17,61.5,56.5
2026-05-19,18,60.7,53.9
2026-05-19,19,59.1,52.2
2026-05-19,20,58.9,52.6
2026-05-19,21,56.4,51.8
2026-05-19,22,50.6,45.5
2026-05-19,23,49.8,45.1
2026-05-19,24,48.5,44.3
2026-05-20,1,47.1,42.7
2026-05-20,2,45.3,41.6
2026-05-20,3,43.5,39.8
2026-05-20,4,42.1,38.7
2026-05-20,5,41.5,38.0
2026-05-20,6,41.6,38.3
2026-05-20,7,42.2,38.9
2026-05-20,8,45.3,41.6
2026-05-20,9,51.5,47.8
2026-05-20,10,55.3,50.4
2026-05-20,11,58.1,53.4
2026-05-20,12,60.7,57.2
2026-05-20,13,63.1,60.6
2026-05-20,14,63.2,58.8
2026-05-20,15,63.5,58.7
2026-05-20,16,63.2,58.0
2026-05-20,17,65.7,63.5
2026-05-20,18,66.1,61.4
2026-05-20,19,65.0,58.7
2026-05-20,20,63.1,57.7
2026-05-20,21,59.8,56.4
2026-05-20,22,55.7,50.9
2026-05-20,23,54.8,51.0
2026-05-20,24,53.5,50.0
2026-05-21,1,51.9,48.6
2026-05-21,2,51.9,48.5
2026-05-21,3,51.4,47.8
2026-05-21,4,50.9,47.1
2026-05-21,5,50.8,46.1
2026-05-21,6,51.0,46.5
2026-05-21,7,51.4,46.7
2026-05-21,8,52.9,48.1
2026-05-21,9,55.3,51.2
2026-05-21,10,57.5,52.8
2026-05-21,11,62.2,58.0
2026-05-21,12,60.6,56.0
2026-05-21,13,63.3,57.6
2026-05-21,14,70.0,70.4
2026-05-21,15,70.7,69.3
2026-05-21,16,71.0,69.5
2026-05-21,17,72.4,68.4
2026-05-21,18,69.9,64.1
2026-05-21,19,68.2,61.2
2026-05-21,20,65.9,58.4
2026-05-21,21,62.3,55.2
2026-05-21,22,57.9,52.7
2026-05-21,23,56.2,49.8
2026-05-21,24,53.5,47.6
2026-05-22,1,50.8,46.2
2026-05-22,2,49.9,46.2
2026-05-22,3,48.6,45.3
2026-05-22,4,47.5,44.8
2026-05-22,5,46.7,43.6
2026-05-22,6,45.9,42.6
2026-05-22,7,46.0,42.9
2026-05-22,8,48.1,44.9
2026-05-22,9,53.4,49.9
2026-05-22,10,57.2,52.7
2026-05-22,11,60.4,56.3
2026-05-22,12,63.1,60.1
2026-05-22,13,64.7,61.5
2026-05-22,14,65.5,60.4
2026-05-22,15,68.1,63.7
2026-05-22,16,69.7,66.7
2026-05-22,17,69.8,66.9
2026-05-22,18,69.7,65.6
2026-05-22,19,68.5,62.6
2026-05-22,20,68.2,61.7
2026-05-22,21,65.2,59.9
2026-05-22,22,60.4,54.4
2026-05-22,23,57.8,52.4
2026-05-22,24,56.4,52.2
2026-05-23,1,55.8,52.5
2026-05-23,2,55.3,52.3
2026-05-23,3,54.8,52.0
2026-05-23,4,54.4,51.9
2026-05-23,5,54.4,51.7
2026-05-23,6,53.7,50.9
2026-05-23,7,51.4,48.5
2026-05-23,8,54.0,50.8
2026-05-23,9,60.5,57.3
2026-05-23,10,63.0,59.2
2026-05-23,11,66.7,61.9
2026-05-23,12,71.3,67.3
2026-05-23,13,75.8,73.3
2026-05-23,14,77.8,75.0
2026-05-23,15,77.9,72.9
2026-05-23,16,75.9,69.5
2026-05-23,17,76.6,71.7
2026-05-23,18,76.8,70.8
2026-05-23,19,76.7,70.4
2026-05-23,20,75.5,70.1
2026-05-23,21,70.7,67.0
2026-05-23,22,66.6,62.2
2026-05-23,23,64.5,61.9
2026-05-23,24,63.8,60.5
2026-05-24,1,62.3,58.6
2026-05-24,2,62.5,59.9
2026-05-24,3,64.1,61.0
2026-05-24,4,63.7,60.6
2026-05-24,5,61.5,58.1
2026-05-24,6,59.8,56.4
2026-05-24,7,59.5,56.1
2026-05-24,8,61.6,58.6
2026-05-24,9,66.5,63.9
2026-05-24,10,69.7,66.1
2026-05-24,11,73.3,68.6
2026-05-24,12,75.3,72.1
2026-05-24,13,77.5,74.2
2026-05-24,14,79.8,76.1
2026-05-24,15,79.0,77.0
2026-05-24,16,79.8,76.3
2026-05-24,17,80.3,77.1
2026-05-24,18,79.1,74.9
2026-05-24,19,82.5,80.4
2026-05-24,20,79.1,76.2
2026-05-24,21,75.3,72.3
2026-05-24,22,72.5,70.0
2026-05-24,23,68.7,66.5
2026-05-24,24,67.3,66.4
2026-05-25,1,63.8,64.1
2026-05-25,2,63.4,64.1
2026-05-25,3,63.3,64.1
2026-05-25,4,61.7,61.6
2026-05-25,5,60.6,60.3
2026-05-25,6,59.3,58.9
2026-05-25,7,57.0,56.3
2026-05-25,8,59.5,59.0
2026-05-25,9,65.9,64.7
2026-05-25,10,69.8,68.2
2026-05-25,11,74.6,71.3
2026-05-25,12,79.0,75.7
2026-05-25,13,81.3,78.7
2026-05-25,14,83.2,80.8
2026-05-25,15,84.0,81.5
2026-05-25,16,84.4,80.8
2026-05-25,17,81.6,75.5
2026-05-25,18,81.5,75.5
2026-05-25,19,80.8,76.1
2026-05-25,20,80.4,75.5
2026-05-25,21,75.5,73.2
2026-05-25,22,72.3,71.1
2026-05-25,23,71.3,69.6
2026-05-25,24,68.9,65.8
2026-05-26,1,70.1,66.5
2026-05-26,2,66.7,63.2
2026-05-26,3,64.0,60.8
2026-05-26,4,62.3,58.9
2026-05-26,5,60.7,58.5
2026-05-26,6,58.5,56.6
2026-05-26,7,58.3,57.0
2026-05-26,8,58.6,57.1
2026-05-26,9,60.5,59.1
2026-05-26,10,62.5,60.4
2026-05-26,11,65.6,62.3
2026-05-26,12,69.4,65.3
2026-05-26,13,73.9,70.4
2026-05-26,14,77.8,73.6
2026-05-26,15,78.7,72.7
2026-05-26,16,79.0,71.7
2026-05-26,17,73.6,66.9
2026-05-26,18,72.9,66.2
2026-05-26,19,72.3,67.2
2026-05-26,20,69.2,65.3
2026-05-26,21,68.6,63.1
2026-05-26,22,64.3,61.8
2026-05-26,23,61.6,59.4
2026-05-26,24,60.5,58.7
2026-05-27,1,59.5,58.3
2026-05-27,2,58.8,57.6
2026-05-27,3,58.3,57.2
2026-05-27,4,57.7,56.7
2026-05-27,5,56.8,54.4
2026-05-27,6,55.6,53.5
2026-05-27,7,55.9,53.8
2026-05-27,8,59.0,57.2
2026-05-27,9,64.9,64.0
2026-05-27,10,69.9,66.2
2026-05-27,11,72.5,65.7
2026-05-27,12,75.7,68.4
2026-05-27,13,78.7,71.6
2026-05-27,14,79.3,71.6
2026-05-27,15,78.7,68.5
2026-05-27,16,81.1,72.0
2026-05-27,17,81.3,73.7
2026-05-27,18,82.7,74.8
2026-05-27,19,80.2,69.8
2026-05-27,20,79.1,69.8
2026-05-27,21,76.8,69.2
2026-05-27,22,70.4,63.6
2026-05-27,23,69.2,63.2
2026-05-27,24,64.5,60.1
2026-05-28,1,62.9,59.9
2026-05-28,2,62.2,59.2
2026-05-28,3,61.6,58.7
2026-05-28,4,59.8,56.7
2026-05-28,5,57.9,55.2
2026-05-28,6,56.3,53.7
2026-05-28,7,54.0,51.6
2026-05-28,8,57.3,54.5
2026-05-28,9,64.5,60.2
2026-05-28,10,68.9,62.1
2026-05-28,11,72.3,64.9
2026-05-28,12,76.6,68.1
2026-05-28,13,80.1,74.3
2026-05-28,14,81.4,75.6
2026-05-28,15,82.4,74.1
2026-05-28,16,82.3,72.7
2026-05-28,17,84.2,74.5
2026-05-28,18,83.1,72.9
2026-05-28,19,81.7,70.9
2026-05-28,20,80.3,69.9
2026-05-28,21,76.8,68.2
2026-05-28,22,72.5,66.4
2026-05-28,23,68.9,63.5
2026-05-28,24,63.6,58.7
2026-05-29,1,60.0,55.6
2026-05-29,2,61.5,57.2
2026-05-29,3,61.5,57.2
2026-05-29,4,60.2,56.4
2026-05-29,5,58.0,55.5
2026-05-29,6,56.7,55.0
2026-05-29,7,54.3,52.3
2026-05-29,8,57.2,54.8
2026-05-29,9,63.4,59.0
2026-05-29,10,66.5,60.3
2026-05-29,11,68.9,62.7
2026-05-29,12,71.8,67.5
2026-05-29,13,74.5,71.9
2026-05-29,14,75.2,73.4
2026-05-29,15,76.2,74.5
2026-05-29,16,76.4,70.8
2026-05-29,17,73.1,64.6
2026-05-29,18,71.7,63.2
2026-05-29,19,61.3,53.8
2026-05-29,20,55.5,52.0
2026-05-29,21,54.1,50.5
2026-05-29,22,54.2,51.9
2026-05-29,23,53.9,51.1
2026-05-29,24,53.8,51.3
2026-05-30,1,51.4,48.8
2026-05-30,2,53.2,50.2
2026-05-30,3,53.0,49.9
2026-05-30,4,51.4,47.6
2026-05-30,5,50.3,46.7
2026-05-30,6,49.5,45.1
2026-05-30,7,49.0,46.1
2026-05-30,8,49.1,46.2
2026-05-30,9,49.9,47.3
2026-05-30,10,50.4,47.9
2026-05-30,11,51.8,47.9
2026-05-30,12,53.5,48.5
2026-05-30,13,56.1,52.2
2026-05-30,14,57.1,53.4
2026-05-30,15,59.0,55.1
2026-05-30,16,57.4,54.3
2026-05-30,17,55.8,52.6
2026-05-30,18,58.5,55.8
2026-05-30,19,62.2,58.0
2026-05-30,20,62.0,57.1
2026-05-30,21,60.7,57.9
2026-05-30,22,57.4,55.0
2026-05-30,23,56.4,54.0
2026-05-30,24,55.1,52.6
2026-05-31,1,55.3,53.6
2026-05-31,2,55.8,54.1
2026-05-31,3,54.8,53.0
2026-05-31,4,54.6,52.9
2026-05-31,5,53.6,51.5
2026-05-31,6,53.4,50.8
2026-05-31,7,48.9,45.9
2026-05-31,8,51.6,49.6
2026-05-31,9,57.0,55.8
2026-05-31,10,60.5,58.4
2026-05-31,11,62.5,60.9
2026-05-31,12,64.3,63.7
2026-05-31,13,68.6,67.5
2026-05-31,14,69.7,67.8
2026-05-31,15,68.5,63.9
2026-05-31,16,66.9,62.6
2026-05-31,17,67.7,63.0
2026-05-31,18,69.7,64.3
2026-05-31,19,70.0,63.7
2026-05-31,20,68.8,61.9
2026-05-31,21,65.3,59.3
2026-05-31,22,60.1,54.8
2026-05-31,23,59.4,55.1
2026-05-31,24,59.1,54.6
2026-06-01,1,59.4,54.7
2026-06-01,2,58.2,53.7
2026-06-01,3,57.6,53.0
2026-06-01,4,56.3,51.4
2026-06-01,5,56.0,51.1
2026-06-01,6,55.7,50.9
2026-06-01,7,53.4,48.6
2026-06-01,8,56.3,52.3
2026-06-01,9,61.6,56.8
2026-06-01,10,64.6,60.2
2026-06-01,11,67.8,64.4
2026-06-01,12,71.2,70.1
2026-06-01,13,75.0,74.4
2026-06-01,14,77.1,75.1
2026-06-01,15,78.6,76.8
2026-06-01,16,79.7,78.7
2026-06-01,17,80.7,79.3
2026-06-01,18,77.8,70.5
2026-06-01,19,75.4,65.8
2026-06-01,20,72.9,64.7
2026-06-01,21,70.4,65.0
2026-06-01,22,65.2,60.2
2026-06-01,23,64.5,58.7
2026-06-01,24,62.9,57.0
2026-06-02,1,61.2,55.4
2026-06-02,2,61.6,56.5
2026-06-02,3,61.4,56.8
2026-06-02,4,60.7,56.3
2026-06-02,5,60.1,55.7
2026-06-02,6,58.9,54.5
2026-06-02,7,55.4,50.9
2026-06-02,8,59.0,55.7
2026-06-02,9,64.2,59.8
2026-06-02,10,66.9,62.3
2026-06-02,11,69.6,65.7
2026-06-02,12,72.8,71.0
2026-06-02,13,76.3,75.8
2026-06-02,14,78.1,77.1
2026-06-02,15,79.5,77.6
2026-06-02,16,80.4,77.6
2026-06-02,17,80.4,76.4
2026-06-02,18,79.1,73.1
2026-06-02,19,78.9,72.2
2026-06-02,20,77.9,70.5
2026-06-02,21,74.6,68.3
2026-06-02,22,68.3,62.9
2026-06-02,23,67.2,62.8
2026-06-02,24,66.4,61.9
2026-06-03,1,65.3,60.9
2026-06-03,2,64.0,60.1
2026-06-03,3,62.5,58.7
2026-06-03,4,60.6,56.3
2026-06-03,5,59.8,55.2
2026-06-03,6,59.4,55.5
2026-06-03,7,58.5,54.1
2026-06-03,8,61.7,58.7
2026-06-03,9,67.3,63.5
2026-06-03,10,70.6,67.4
2026-06-03,11,73.6,71.2
2026-06-03,12,77.6,76.2
2026-06-03,13,81.4,80.9
2026-06-03,14,83.4,79.2
2026-06-03,15,85.7,81.3
2026-06-03,16,86.8,82.7
2026-06-03,17,85.2,77.5
2026-06-03,18,83.0,73.9
2026-06-03,19,82.5,74.6
2026-06-03,20,81.1,74.1
2026-06-03,21,76.7,73.2
2026-06-03,22,71.4,65.4
2026-06-03,23,70.0,65.6
2026-06-03,24,69.0,65.0
2026-06-04,1,67.7,62.9
2026-06-04,2,66.9,62.4
2026-06-04,3,67.2,63.1
2026-06-04,4,66.7,62.4
2026-06-04,5,65.8,61.2
2026-06-04,6,65.8,61.5
2026-06-04,7,62.2,58.3
2026-06-04,8,65.3,61.9
2026-06-04,9,71.3,67.3
2026-06-04,10,73.4,69.3
2026-06-04,11,76.0,72.9
2026-06-04,12,79.2,76.9
2026-06-04,13,83.2,80.3
2026-06-04,14,84.1,80.4
2026-06-04,15,84.2,79.3
2026-06-04,16,83.8,78.7
2026-06-04,17,83.9,78.0
2026-06-04,18,83.3,75.3
2026-06-04,19,82.4,74.4
2026-06-04,20,81.2,73.9
2026-06-04,21,78.3,71.8
2026-06-04,22,74.2,66.5
2026-06-04,23,72.4,65.8
2026-06-04,24,68.9,63.7
2026-06-05,1,67.9,63.0
2026-06-05,2,67.7,63.7
2026-06-05,3,66.9,63.1
2026-06-05,4,66.8,63.8
2026-06-05,5,65.7,62.0
2026-06-05,6,64.6,60.9
2026-06-05,7,63.0,59.0
2026-06-05,8,64.3,61.0
2026-06-05,9,68.6,64.5
2026-06-05,10,71.4,67.8
2026-06-05,11,75.1,72.2
2026-06-05,12,78.8,77.5
2026-06-05,13,82.6,81.2
2026-06-05,14,84.8,82.1
2026-06-05,15,86.8,83.9
2026-06-05,16,88.5,85.4
2026-06-05,17,88.7,84.5
2026-06-05,18,87.2,80.2
2026-06-05,19,90.0,83.4
2026-06-05,20,86.5,77.9
2026-06-05,21,81.4,75.6
2026-06-05,22,75.6,71.9
2026-06-05,23,73.6,70.2
2026-06-05,24,70.2,67.1
2026-06-06,1,69.3,65.0
2026-06-06,2,68.4,64.0
2026-06-06,3,68.5,65.2
2026-06-06,4,66.9,65.5
2026-06-06,5,65.1,63.8
2026-06-06,6,64.4,62.7
2026-06-06,7,62.4,60.9
2026-06-06,8,66.8,64.9
2026-06-06,9,74.5,71.6
2026-06-06,10,78.6,72.4
2026-06-06,11,82.7,74.9
2026-06-06,12,87.2,78.3
2026-06-06,13,89.9,81.2
2026-06-06,14,90.9,82.8
2026-06-06,15,92.1,84.1
2026-06-06,16,92.9,84.6
2026-06-06,17,93.1,84.6
2026-06-06,18,92.7,83.5
2026-06-06,19,91.8,81.2
2026-06-06,20,90.2,79.3
2026-06-06,21,86.4,78.4
2026-06-06,22,81.6,75.7
2026-06-06,23,77.3,72.5
2026-06-06,24,75.5,72.7
2026-06-07,1,70.6,66.9
2026-06-07,2,70.3,66.3
2026-06-07,3,69.1,66.4
2026-06-07,4,67.9,65.1
2026-06-07,5,66.3,63.4
2026-06-07,6,64.8,62.2
2026-06-07,7,64.6,61.8
2026-06-07,8,66.2,64.5
2026-06-07,9,69.9,68.0
2026-06-07,10,72.7,68.5
2026-06-07,11,75.1,69.4
2026-06-07,12,76.1,69.4
2026-06-07,13,77.7,73.1
2026-06-07,14,76.3,70.9
2026-06-07,15,76.7,71.7
2026-06-07,16,77.6,74.3
2026-06-07,17,79.3,74.8
2026-06-07,18,75.1,67.7
2026-06-07,19,74.7,65.5
2026-06-07,20,75.1,66.9
2026-06-07,21,73.6,65.6
2026-06-07,22,69.7,62.4
2026-06-07,23,67.3,60.6
2026-06-07,24,66.6,57.7
2026-06-08,1,62.7,54.9
2026-06-08,2,61.1,54.4
2026-06-08,3,59.1,53.1
2026-06-08,4,57.5,52.0
2026-06-08,5,55.6,50.7
2026-06-08,6,55.3,50.5
2026-06-08,7,54.3,49.4
2026-06-08,8,58.1,53.9
2026-06-08,9,62.4,57.9
2026-06-08,10,65.3,60.9
2026-06-08,11,69.0,64.7
2026-06-08,12,73.2,69.3
2026-06-08,13,76.9,73.2
2026-06-08,14,79.5,75.6
2026-06-08,15,81.4,77.3
2026-06-08,16,83.2,77.3
2026-06-08,17,86.2,78.7
2026-06-08,18,87.3,79.5
2026-06-08,19,86.5,77.3
2026-06-08,20,85.7,76.6
2026-06-08,21,83.2,74.7
2026-06-08,22,80.2,71.8
2026-06-08,23,77.7,69.3
2026-06-08,24,74.5,67.7
2026-06-09,1,74.7,67.2
2026-06-09,2,73.7,67.0
2026-06-09,3,72.5,66.7
2026-06-09,4,69.8,65.1
2026-06-09,5,69.0,65.0
2026-06-09,6,69.6,64.5
2026-06-09,7,70.7,62.4
2026-06-09,8,69.4,62.1
2026-06-09,9,70.6,64.4
2026-06-09,10,74.0,67.8
2026-06-09,11,75.4,68.8
2026-06-09,12,74.4,67.0
2026-06-09,13,70.6,63.8
2026-06-09,14,71.6,65.0
2026-06-09,15,73.8,70.6
2026-06-09,16,74.8,70.5
2026-06-09,17,74.8,69.9
2026-06-09,18,75.5,68.7
2026-06-09,19,71.7,63.3
2026-06-09,20,72.6,65.2
2026-06-09,21,71.2,63.6
2026-06-09,22,67.0,61.5
2026-06-09,23,65.1,58.2
2026-06-09,24,63.3,57.2
2026-06-10,1,61.7,56.1
2026-06-10,2,61.0,56.1
2026-06-10,3,59.4,55.1
2026-06-10,4,58.0,53.6
2026-06-10,5,57.1,52.7
2026-06-10,6,55.5,51.7
2026-06-10,7,52.5,48.9
2026-06-10,8,56.2,53.4
2026-06-10,9,62.5,58.7
2026-06-10,10,65.8,60.1
2026-06-10,11,68.5,62.8
2026-06-10,12,70.8,65.9
2026-06-10,13,72.4,67.8
2026-06-10,14,74.2,69.5
2026-06-10,15,75.5,71.0
2026-06-10,16,77.1,73.3
2026-06-10,17,77.9,73.7
2026-06-10,18,77.9,71.9
2026-06-10,19,83.5,75.3
2026-06-10,20,79.5,70.2
2026-06-10,21,73.4,64.1
2026-06-10,22,70.3,58.7
2026-06-10,23,67.9,57.0
2026-06-10,24,62.6,48.8
2026-06-11,1,59.4,46.2
2026-06-11,2,58.9,46.8
2026-06-11,3,57.1,47.1
2026-06-11,4,54.8,46.4
2026-06-11,5,52.6,45.4
2026-06-11,6,50.3,43.9
2026-06-11,7,48.4,43.1
2026-06-11,8,51.7,47.6
2026-06-11,9,55.5,50.0
2026-06-11,10,58.4,52.2
2026-06-11,11,61.1,55.6
2026-06-11,12,63.8,59.7
2026-06-11,13,66.4,63.3
2026-06-11,14,68.8,65.6
2026-06-11,15,70.8,67.9
2026-06-11,16,72.6,69.7
2026-06-11,17,74.0,69.7
2026-06-11,18,74.2,67.9
2026-06-11,19,74.6,67.0
2026-06-11,20,72.4,63.3
2026-06-11,21,69.3,61.1
2026-06-11,22,64.5,58.5
2026-06-11,23,63.3,57.2
2026-06-11,24,60.6,55.3
2026-06-12,1,59.7,54.8
2026-06-12,2,59.2,54.8
2026-06-12,3,58.7,54.5
2026-06-12,4,57.4,53.6
2026-06-12,5,57.0,53.1
2026-06-12,6,56.7,52.9
2026-06-12,7,55.2,51.5
2026-06-12,8,58.3,55.8
2026-06-12,9,64.3,60.3
2026-06-12,10,67.5,63.2
2026-06-12,11,71.0,67.3
2026-06-12,12,75.1,72.0
2026-06-12,13,79.2,75.6
2026-06-12,14,81.2,76.9
2026-06-12,15,81.4,76.0
2026-06-12,16,81.6,75.7
2026-06-12,17,82.2,76.0
2026-06-12,18,82.3,74.6
2026-06-12,19,82.0,73.8
2026-06-12,20,80.7,72.3
2026-06-12,21,78.3,71.1
2026-06-12,22,72.2,65.2
2026-06-12,23,69.7,63.6
2026-06-12,24,68.1,62.5
2026-06-13,1,67.0,61.9
2026-06-13,2,66.8,62.1
2026-06-13,3,65.2,60.5
2026-06-13,4,64.1,59.2
2026-06-13,5,63.8,59.2
2026-06-13,6,63.4,58.7
2026-06-13,7,60.6,55.3
2026-06-13,8,62.8,57.5
2026-06-13,9,70.1,64.0
2026-06-13,10,73.8,66.1
2026-06-13,11,76.8,69.4
2026-06-13,12,79.6,73.8
2026-06-13,13,81.9,76.9
2026-06-13,14,83.4,78.4
2026-06-13,15,85.1,79.8
2026-06-13,16,85.7,79.1
2026-06-13,17,85.9,77.9
2026-06-13,18,85.0,76.0
2026-06-13,19,84.3,74.6
2026-06-13,20,81.8,71.5
2026-06-13,21,78.7,70.0
2026-06-13,22,73.3,67.2
2026-06-13,23,70.6,65.0
2026-06-13,24,68.3,62.7
2026-06-14,1,66.1,60.7
2026-06-14,2,65.1,59.8
2026-06-14,3,65.1,61.1
2026-06-14,4,64.8,61.3
2026-06-14,5,64.5,60.6
2026-06-14,6,63.2,59.1
2026-06-14,7,61.4,56.3
2026-06-14,8,65.1,60.4
2026-06-14,9,69.2,65.1
2026-06-14,10,72.0,67.8
2026-06-14,11,75.3,71.1
2026-06-14,12,78.4,75.4
2026-06-14,13,80.5,78.8
2026-06-14,14,82.2,79.0
2026-06-14,15,84.2,80.0
2026-06-14,16,85.2,78.7
2026-06-14,17,85.8,78.3
2026-06-14,18,85.3,76.0
2026-06-14,19,84.9,75.2
2026-06-14,20,82.6,72.5
2026-06-14,21,79.6,71.1
2026-06-14,22,73.0,66.8
2026-06-14,23,70.6,65.0
2026-06-14,24,68.4,63.3
2026-06-15,1,66.1,61.2
2026-06-15,2,66.1,61.8
2026-06-15,3,65.3,61.2
2026-06-15,4,63.6,59.0
2026-06-15,5,62.5,58.2
2026-06-15,6,62.1,58.0
2026-06-15,7,60.9,56.7
2026-06-15,8,63.8,61.2
2026-06-15,9,68.7,64.7
2026-06-15,10,72.1,67.5
2026-06-15,11,74.9,70.9
2026-06-15,12,78.2,75.3
2026-06-15,13,82.0,79.5
2026-06-15,14,83.2,80.2
2026-06-15,15,84.2,81.0
2026-06-15,16,86.2,82.2
2026-06-15,17,87.4,80.4
2026-06-15,18,86.7,77.6
2026-06-15,19,86.3,76.1
2026-06-15,20,84.4,73.8
2026-06-15,21,81.7,72.4
2026-06-15,22,75.8,68.9
2026-06-15,23,72.7,67.5
2026-06-15,24,70.0,64.9
2026-06-16,1,68.8,64.1
2026-06-16,2,68.5,64.4
2026-06-16,3,66.8,62.9
2026-06-16,4,65.7,62.1
2026-06-16,5,65.2,62.3
2026-06-16,6,64.9,61.6
2026-06-16,7,63.6,59.2
2026-06-16,8,65.9,61.8
2026-06-16,9,71.6,67.5
2026-06-16,10,74.9,71.1
2026-06-16,11,78.2,74.2
2026-06-16,12,81.4,77.7
2026-06-16,13,85.0,81.5
2026-06-16,14,86.1,83.2
2026-06-16,15,87.8,84.9
2026-06-16,16,89.1,84.6
2026-06-16,17,89.8,83.8
2026-06-16,18,89.1,81.4
2026-06-16,19,88.3,79.2
2026-06-16,20,86.8,78.9
2026-06-16,21,84.3,78.1
2026-06-16,22,78.3,73.3
2026-06-16,23,75.1,70.1
2026-06-16,24,73.0,68.4
2026-06-17,1,72.1,67.8
2026-06-17,2,71.9,67.5
2026-06-17,3,71.3,67.2
2026-06-17,4,70.4,66.3
2026-06-17,5,69.9,66.0
2026-06-17,6,69.0,64.9
2026-06-17,7,66.6,62.4
2026-06-17,8,69.7,66.7
2026-06-17,9,75.7,71.9
2026-06-17,10,79.6,74.4
2026-06-17,11,82.3,77.0
2026-06-17,12,84.5,79.9
2026-06-17,13,86.9,84.0
2026-06-17,14,88.9,85.4
2026-06-17,15,90.4,85.3
2026-06-17,16,90.5,84.7
2026-06-17,17,90.5,83.7
2026-06-17,18,90.0,81.5
2026-06-17,19,89.5,80.1
2026-06-17,20,87.6,77.5
2026-06-17,21,83.7,73.7
2026-06-17,22,77.8,70.7
2026-06-17,23,74.5,67.8
2026-06-17,24,72.9,66.0
2026-06-18,1,71.5,63.8
2026-06-18,2,71.6,63.9
2026-06-18,3,67.9,60.6
2026-06-18,4,66.8,59.5
2026-06-18,5,64.9,57.7
2026-06-18,6,63.0,55.9
2026-06-18,7,61.4,55.4
2026-06-18,8,64.5,59.8
2026-06-18,9,70.2,64.1
2026-06-18,10,73.3,66.3
2026-06-18,11,76.2,69.7
2026-06-18,12,78.8,74.4
2026-06-18,13,81.8,79.0
2026-06-18,14,83.2,80.0
2026-06-18,15,84.1,80.7
2026-06-18,16,85.6,82.3
2026-06-18,17,87.2,82.6
2026-06-18,18,87.7,80.4
2026-06-18,19,87.2,78.0
2026-06-18,20,84.8,73.8
2026-06-18,21,82.3,72.1
2026-06-18,22,76.8,68.8
2026-06-18,23,73.3,65.6
2026-06-18,24,70.9,64.3
2026-06-19,1,68.2,62.8
2026-06-19,2,67.6,62.9
2026-06-19,3,66.9,62.2
2026-06-19,4,66.6,62.3
2026-06-19,5,66.1,62.4
2026-06-19,6,65.7,61.6
2026-06-19,7,65.4,60.3
2026-06-19,8,67.4,63.0
2026-06-19,9,72.7,68.5
2026-06-19,10,75.6,72.1
2026-06-19,11,79.5,75.4
2026-06-19,12,84.0,79.9
2026-06-19,13,87.7,84.0
2026-06-19,14,91.0,87.0
2026-06-19,15,93.2,89.3
2026-06-19,16,94.3,89.1
2026-06-19,17,94.0,86.9
2026-06-19,18,94.1,86.1
2026-06-19,19,94.8,86.1
2026-06-19,20,93.5,85.3
2026-06-19,21,90.4,84.0
2026-06-19,22,84.4,79.9
2026-06-19,23,81.8,76.1
2026-06-19,24,78.0,73.0
2026-06-20,1,77.1,73.3
2026-06-20,2,75.1,71.0
2026-06-20,3,72.8,69.1
2026-06-20,4,71.7,68.1
2026-06-20,5,69.3,65.6
2026-06-20,6,68.4,63.9
2026-06-20,7,65.3,61.6
2026-06-20,8,70.6,65.3
2026-06-20,9,75.4,67.4
2026-06-20,10,78.3,69.2
2026-06-20,11,82.3,74.4
2026-06-20,12,85.4,80.0
2026-06-20,13,87.7,85.6
2026-06-20,14,87.7,86.2
2026-06-20,15,87.2,83.7
2026-06-20,16,86.8,82.2
2026-06-20,17,85.3,78.6
2026-06-20,18,82.7,74.5
2026-06-20,19,84.3,76.0
2026-06-20,20,83.0,74.2
2026-06-20,21,79.5,69.8
2026-06-20,22,73.7,62.8
2026-06-20,23,72.4,64.0
2026-06-20,24,71.6,64.1
2026-06-21,1,70.5,64.4
2026-06-21,2,69.5,64.4
2026-06-21,3,68.1,63.1
2026-06-21,4,66.1,61.8
2026-06-21,5,63.8,60.4
2026-06-21,6,62.3,59.2
2026-06-21,7,60.7,58.1
2026-06-21,8,63.9,61.9
2026-06-21,9,69.0,65.7
2026-06-21,10,72.4,68.1
2026-06-21,11,75.5,71.6
2026-06-21,12,78.4,75.6
2026-06-21,13,80.5,78.2
2026-06-21,14,82.3,80.1
2026-06-21,15,82.4,78.7
2026-06-21,16,82.3,77.9
2026-06-21,17,83.1,78.7
2026-06-21,18,82.5,76.9
2026-06-21,19,84.2,76.8
2026-06-21,20,83.0,75.0
2026-06-21,21,80.4,72.3
2026-06-21,22,74.7,69.3
2026-06-21,23,72.5,66.9
2026-06-21,24,70.8,65.5
2026-06-22,1,69.6,65.1
2026-06-22,2,69.7,66.0
2026-06-22,3,69.2,65.2
2026-06-22,4,68.3,64.4
2026-06-22,5,67.2,63.5
2026-06-22,6,67.1,64.7
2026-06-22,7,64.3,61.7
2026-06-22,8,66.4,65.0
2026-06-22,9,72.1,70.5
2026-06-22,10,75.3,73.1
2026-06-22,11,79.0,76.4
2026-06-22,12,83.4,80.8
2026-06-22,13,87.0,84.0
2026-06-22,14,89.2,86.3
2026-06-22,15,91.2,88.3
2026-06-22,16,92.2,88.6
2026-06-22,17,91.1,84.2
2026-06-22,18,88.6,80.0
2026-06-22,19,88.0,80.0
2026-06-22,20,86.1,77.9
2026-06-22,21,83.9,77.9
2026-06-22,22,78.8,73.0
2026-06-22,23,76.0,70.6
2026-06-22,24,74.3,69.3
2026-06-23,1,74.0,69.2
2026-06-23,2,73.3,69.4
2026-06-23,3,71.3,66.8
2026-06-23,4,70.6,66.6
2026-06-23,5,69.0,65.1
2026-06-23,6,67.5,64.5
2026-06-23,7,64.1,61.1
2026-06-23,8,67.2,64.8
2026-06-23,9,73.8,71.9
2026-06-23,10,78.2,74.1
2026-06-23,11,82.3,75.4
2026-06-23,12,85.2,79.2
2026-06-23,13,89.1,84.0
2026-06-23,14,91.8,87.1
2026-06-23,15,93.6,88.9
2026-06-23,16,94.5,90.6
2026-06-23,17,94.2,88.6
2026-06-23,18,93.0,85.3
2026-06-23,19,93.3,85.3
2026-06-23,20,90.1,80.7
2026-06-23,21,86.1,80.0
2026-06-23,22,81.0,74.1
2026-06-23,23,77.4,71.6
2026-06-23,24,75.8,70.5
2026-06-24,1,73.9,69.0
2026-06-24,2,72.8,68.3
2026-06-24,3,71.6,66.6
2026-06-24,4,70.3,65.7
2026-06-24,5,70.3,67.6
2026-06-24,6,70.7,68.1
2026-06-24,7,66.8,65.5
2026-06-24,8,71.3,69.6
2026-06-24,9,78.2,75.3
2026-06-24,10,83.0,76.9
2026-06-24,11,85.9,80.0
2026-06-24,12,88.9,84.6
2026-06-24,13,93.0,89.2
2026-06-24,14,95.4,90.8
2026-06-24,15,96.7,92.1
2026-06-24,16,96.6,91.4
2026-06-24,17,96.5,90.8
2026-06-24,18,93.6,85.9
2026-06-24,19,85.5,78.3
2026-06-24,20,83.7,78.2
2026-06-24,21,73.5,70.3
2026-06-24,22,69.7,71.8
2026-06-24,23,68.9,69.8
2026-06-24,24,69.0,69.9
2026-06-25,1,68.1,68.6
2026-06-25,2,68.9,68.6
2026-06-25,3,66.7,67.1
2026-06-25,4,65.6,66.7
2026-06-25,5,65.5,66.3
2026-06-25,6,64.5,65.6
2026-06-25,7,62.0,63.0
2026-06-25,8,65.4,66.5
2026-06-25,9,69.0,69.6
2026-06-25,10,72.7,71.7
2026-06-25,11,76.7,75.0
2026-06-25,12,79.5,78.6
2026-06-25,13,82.5,83.9
2026-06-25,14,84.4,85.5
2026-06-25,15,85.8,87.4
2026-06-25,16,87.6,85.3
2026-06-25,17,85.0,82.0
2026-06-25,18,85.0,79.7
2026-06-25,19,90.7,85.6
2026-06-25,20,86.6,81.0
2026-06-25,21,82.1,75.9
2026-06-25,22,76.0,72.8
2026-06-25,23,74.9,72.6
2026-06-25,24,73.1,71.6
2026-06-26,1,70.4,70.4
2026-06-26,2,69.0,68.6
2026-06-26,3,68.7,69.4
2026-06-26,4,67.4,68.3
2026-06-26,5,66.9,67.2
2026-06-26,6,66.2,66.0
2026-06-26,7,64.6,65.3
2026-06-26,8,67.9,69.0
2026-06-26,9,74.8,73.3
2026-06-26,10,77.0,73.6
2026-06-26,11,80.5,75.9
2026-06-26,12,86.2,80.4
2026-06-26,13,91.9,82.8
2026-06-26,14,93.4,84.6
2026-06-26,15,95.0,86.2
2026-06-26,16,95.8,86.0
2026-06-26,17,95.6,85.3
2026-06-26,18,95.3,84.3
2026-06-26,19,92.8,81.2
2026-06-26,20,91.1,80.6
2026-06-26,21,80.4,70.1
2026-06-26,22,74.7,65.6
2026-06-26,23,71.9,65.4
2026-06-26,24,71.7,65.6
2026-06-27,1,68.6,64.3
2026-06-27,2,65.6,62.4
2026-06-27,3,64.3,62.6
2026-06-27,4,66.1,62.8
2026-06-27,5,66.9,62.3
2026-06-27,6,63.4,61.0
2026-06-27,7,62.8,59.8
2026-06-27,8,64.1,60.2
2026-06-27,9,66.3,61.8
2026-06-27,10,69.2,64.9
2026-06-27,11,71.6,69.1
2026-06-27,12,75.2,72.3
2026-06-27,13,76.9,76.5
2026-06-27,14,78.9,78.0
2026-06-27,15,80.9,77.8
2026-06-27,16,66.1,57.9
2026-06-27,17,71.5,63.6
2026-06-27,18,71.2,63.8
2026-06-27,19,70.0,61.2
2026-06-27,20,67.9,58.5
2026-06-27,21,66.1,56.3
2026-06-27,22,65.4,55.9
2026-06-27,23,63.8,56.4
2026-06-27,24,63.4,56.5
2026-06-28,1,62.6,57.0
2026-06-28,2,62.1,56.0
2026-06-28,3,61.1,55.7
2026-06-28,4,60.8,55.1
2026-06-28,5,59.8,54.7
2026-06-28,6,58.5,53.9
2026-06-28,7,57.5,53.2
2026-06-28,8,56.1,52.0
2026-06-28,9,54.8,50.9
2026-06-28,10,55.4,52.0
2026-06-28,11,56.5,53.1
2026-06-28,12,58.4,55.0
2026-06-28,13,65.6,60.9
2026-06-28,14,66.1,63.5
2026-06-28,15,65.9,59.9
2026-06-28,16,63.9,56.9
2026-06-28,17,65.3,60.0
2026-06-28,18,66.1,59.3
2026-06-28,19,64.6,55.2
2026-06-28,20,64.6,54.6
2026-06-28,21,62.5,52.3
2026-06-28,22,61.5,52.2
2026-06-28,23,60.2,52.4
2026-06-28,24,58.5,52.7
2026-06-29,1,56.4,52.2
2026-06-29,2,56.8,53.3
2026-06-29,3,56.4,51.8
2026-06-29,4,54.4,49.0
2026-06-29,5,49.3,45.1
2026-06-29,6,47.6,43.9
2026-06-29,7,48.1,45.8
2026-06-29,8,48.3,45.5
2026-06-29,9,50.5,46.4
2026-06-29,10,54.4,49.0
2026-06-29,11,57.7,52.3
2026-06-29,12,60.8,56.4
2026-06-29,13,62.3,58.1
2026-06-29,14,64.4,60.1
2026-06-29,15,67.4,64.5
2026-06-29,16,69.5,66.8
2026-06-29,17,70.6,66.5
2026-06-29,18,70.6,64.8
2026-06-29,19,70.9,64.6
2026-06-29,20,69.2,61.3
2026-06-29,21,67.0,60.4
2026-06-29,22,62.6,57.4
2026-06-29,23,60.9,56.1
2026-06-29,24,59.6,54.8
