date,hr,ghi,temp_f
2023-07-06,1,0.0,82.8
2023-07-06,2,0.0,77.9
2023-07-06,3,0.0,74.2
2023-07-06,4,0.0,71.8
2023-07-06,5,0.0,69.7
2023-07-06,6,0.0,69.5
2023-07-06,7,0.0,69.4
2023-07-06,8,39.0,68.6
2023-07-06,9,203.0,72.8
2023-07-06,10,409.0,77.5
2023-07-06,11,613.0,82.5
2023-07-06,12,793.0,86.5
2023-07-06,13,929.0,89.7
2023-07-06,14,1012.0,91.9
2023-07-06,15,1034.0,94.6
2023-07-06,16,990.0,98.0
2023-07-06,17,888.0,99.0
2023-07-06,18,741.0,98.5
2023-07-06,19,557.0,96.4
2023-07-06,20,350.0,96.6
2023-07-06,21,152.0,96.1
2023-07-06,22,18.0,91.6
2023-07-06,23,0.0,89.1
2023-07-06,24,0.0,86.9
2023-07-07,1,0.0,84.0
2023-07-07,2,0.0,81.9
2023-07-07,3,0.0,81.3
2023-07-07,4,0.0,77.8
2023-07-07,5,0.0,78.1
2023-07-07,6,0.0,76.7
2023-07-07,7,0.0,74.4
2023-07-07,8,37.0,69.5
2023-07-07,9,194.0,73.1
2023-07-07,10,393.0,78.3
2023-07-07,11,591.0,83.2
2023-07-07,12,763.0,88.0
2023-07-07,13,895.0,91.3
2023-07-07,14,978.0,93.4
2023-07-07,15,1002.0,96.4
2023-07-07,16,969.0,97.4
2023-07-07,17,879.0,97.1
2023-07-07,18,736.0,96.9
2023-07-07,19,554.0,94.7
2023-07-07,20,350.0,95.1
2023-07-07,21,153.0,96.1
2023-07-07,22,18.0,91.0
2023-07-07,23,0.0,87.1
2023-07-07,24,0.0,87.6
2023-07-08,1,0.0,81.8
2023-07-08,2,0.0,78.4
2023-07-08,3,0.0,76.5
2023-07-08,4,0.0,73.3
2023-07-08,5,0.0,72.4
2023-07-08,6,0.0,69.8
2023-07-08,7,0.0,70.3
2023-07-08,8,38.0,70.4
2023-07-08,9,199.0,71.5
2023-07-08,10,403.0,75.7
2023-07-08,11,604.0,80.4
2023-07-08,12,780.0,86.1
2023-07-08,13,915.0,89.5
2023-07-08,14,998.0,92.3
2023-07-08,15,1019.0,94.0
2023-07-08,16,982.0,96.4
2023-07-08,17,889.0,97.7
2023-07-08,18,747.0,97.5
2023-07-08,19,564.0,96.2
2023-07-08,20,359.0,95.3
2023-07-08,21,157.0,93.7
2023-07-08,22,18.0,90.2
2023-07-08,23,0.0,86.6
2023-07-08,24,0.0,87.2
2023-07-09,1,0.0,84.4
2023-07-09,2,0.0,82.5
2023-07-09,3,0.0,79.4
2023-07-09,4,0.0,76.2
2023-07-09,5,0.0,69.3
2023-07-09,6,0.0,65.8
2023-07-09,7,0.0,67.2
2023-07-09,8,36.0,65.6
2023-07-09,9,194.0,70.2
2023-07-09,10,395.0,74.8
2023-07-09,11,594.0,78.8
2023-07-09,12,768.0,84.8
2023-07-09,13,900.0,90.9
2023-07-09,14,979.0,94.1
2023-07-09,15,999.0,96.3
2023-07-09,16,961.0,97.5
2023-07-09,17,856.0,98.3
2023-07-09,18,696.0,98.6
2023-07-09,19,510.0,98.2
2023-07-09,20,291.0,97.2
2023-07-09,21,120.0,96.9
2023-07-09,22,16.0,93.3
2023-07-09,23,0.0,91.9
2023-07-09,24,0.0,90.1
2023-07-10,1,0.0,87.6
2023-07-10,2,0.0,84.8
2023-07-10,3,0.0,81.9
2023-07-10,4,0.0,78.7
2023-07-10,5,0.0,77.7
2023-07-10,6,0.0,73.7
2023-07-10,7,0.0,73.5
2023-07-10,8,33.0,73.7
2023-07-10,9,179.0,77.5
2023-07-10,10,356.0,82.0
2023-07-10,11,573.0,86.2
2023-07-10,12,751.0,88.6
2023-07-10,13,838.0,91.0
2023-07-10,14,855.0,92.9
2023-07-10,15,766.0,93.3
2023-07-10,16,796.0,95.5
2023-07-10,17,691.0,96.6
2023-07-10,18,544.0,97.3
2023-07-10,19,406.0,95.6
2023-07-10,20,284.0,94.4
2023-07-10,21,140.0,94.5
2023-07-10,22,16.0,91.3
2023-07-10,23,0.0,89.0
2023-07-10,24,0.0,86.3
2023-07-11,1,0.0,82.7
2023-07-11,2,0.0,79.5
2023-07-11,3,0.0,77.4
2023-07-11,4,0.0,74.9
2023-07-11,5,0.0,73.0
2023-07-11,6,0.0,71.3
2023-07-11,7,0.0,70.0
2023-07-11,8,31.0,70.1
2023-07-11,9,154.0,74.0
2023-07-11,10,364.0,78.4
2023-07-11,11,564.0,83.5
2023-07-11,12,740.0,89.5
2023-07-11,13,876.0,92.8
2023-07-11,14,836.0,94.7
2023-07-11,15,934.0,96.4
2023-07-11,16,928.0,98.1
2023-07-11,17,795.0,99.1
2023-07-11,18,419.0,97.4
2023-07-11,19,456.0,97.3
2023-07-11,20,319.0,94.8
2023-07-11,21,133.0,92.8
2023-07-11,22,14.0,91.4
2023-07-11,23,0.0,90.1
2023-07-11,24,0.0,88.0
2023-07-12,1,0.0,85.7
2023-07-12,2,0.0,83.4
2023-07-12,3,0.0,81.1
2023-07-12,4,0.0,79.0
2023-07-12,5,0.0,76.9
2023-07-12,6,0.0,74.3
2023-07-12,7,0.0,70.4
2023-07-12,8,31.0,71.2
2023-07-12,9,182.0,74.9
2023-07-12,10,379.0,79.9
2023-07-12,11,574.0,85.5
2023-07-12,12,744.0,90.4
2023-07-12,13,874.0,94.3
2023-07-12,14,958.0,96.3
2023-07-12,15,985.0,97.1
2023-07-12,16,950.0,97.3
2023-07-12,17,859.0,98.0
2023-07-12,18,719.0,97.9
2023-07-12,19,541.0,97.3
2023-07-12,20,341.0,96.2
2023-07-12,21,145.0,94.4
2023-07-12,22,16.0,92.3
2023-07-12,23,0.0,90.2
2023-07-12,24,0.0,86.3
2023-07-13,1,0.0,83.8
2023-07-13,2,0.0,82.6
2023-07-13,3,0.0,78.4
2023-07-13,4,0.0,75.4
2023-07-13,5,0.0,77.1
2023-07-13,6,0.0,76.3
2023-07-13,7,0.0,71.4
2023-07-13,8,30.0,73.6
2023-07-13,9,169.0,75.8
2023-07-13,10,349.0,80.3
2023-07-13,11,554.0,85.0
2023-07-13,12,738.0,90.1
2023-07-13,13,875.0,95.3
2023-07-13,14,960.0,97.4
2023-07-13,15,985.0,98.2
2023-07-13,16,952.0,99.2
2023-07-13,17,865.0,99.5
2023-07-13,18,726.0,99.4
2023-07-13,19,550.0,98.2
2023-07-13,20,331.0,97.1
2023-07-13,21,139.0,95.4
2023-07-13,22,15.0,93.3
2023-07-13,23,0.0,91.5
2023-07-13,24,0.0,89.3
2023-07-14,1,0.0,85.5
2023-07-14,2,0.0,82.6
2023-07-14,3,0.0,78.5
2023-07-14,4,0.0,76.5
2023-07-14,5,0.0,77.9
2023-07-14,6,0.0,76.6
2023-07-14,7,0.0,77.2
2023-07-14,8,30.0,72.7
2023-07-14,9,183.0,75.9
2023-07-14,10,385.0,80.4
2023-07-14,11,587.0,86.1
2023-07-14,12,763.0,91.6
2023-07-14,13,899.0,94.6
2023-07-14,14,982.0,96.9
2023-07-14,15,1007.0,99.3
2023-07-14,16,972.0,101.5
2023-07-14,17,879.0,102.6
2023-07-14,18,736.0,103.5
2023-07-14,19,554.0,101.5
2023-07-14,20,348.0,100.6
2023-07-14,21,149.0,99.0
2023-07-14,22,15.0,95.3
2023-07-14,23,0.0,92.3
2023-07-14,24,0.0,88.3
2023-07-15,1,0.0,85.2
2023-07-15,2,0.0,85.3
2023-07-15,3,0.0,84.1
2023-07-15,4,0.0,82.1
2023-07-15,5,0.0,79.6
2023-07-15,6,0.0,81.1
2023-07-15,7,0.0,72.7
2023-07-15,8,30.0,72.7
2023-07-15,9,184.0,76.1
2023-07-15,10,391.0,80.9
2023-07-15,11,597.0,84.7
2023-07-15,12,776.0,88.7
2023-07-15,13,913.0,92.2
2023-07-15,14,995.0,94.9
2023-07-15,15,1016.0,97.6
2023-07-15,16,977.0,99.9
2023-07-15,17,885.0,101.7
2023-07-15,18,742.0,103.0
2023-07-15,19,563.0,102.1
2023-07-15,20,352.0,100.1
2023-07-15,21,151.0,97.4
2023-07-15,22,15.0,93.7
2023-07-15,23,0.0,90.4
2023-07-15,24,0.0,87.2
2023-07-16,1,0.0,82.9
2023-07-16,2,0.0,78.9
2023-07-16,3,0.0,76.6
2023-07-16,4,0.0,73.9
2023-07-16,5,0.0,71.2
2023-07-16,6,0.0,69.5
2023-07-16,7,0.0,66.0
2023-07-16,8,29.0,65.8
2023-07-16,9,183.0,70.3
2023-07-16,10,386.0,75.7
2023-07-16,11,588.0,81.0
2023-07-16,12,766.0,86.4
2023-07-16,13,904.0,91.0
2023-07-16,14,988.0,94.9
2023-07-16,15,1010.0,98.1
2023-07-16,16,975.0,101.0
2023-07-16,17,877.0,103.3
2023-07-16,18,732.0,103.6
2023-07-16,19,551.0,102.7
2023-07-16,20,343.0,102.5
2023-07-16,21,146.0,100.6
2023-07-16,22,14.0,96.7
2023-07-16,23,0.0,93.7
2023-07-16,24,0.0,89.5
2023-07-17,1,0.0,85.5
2023-07-17,2,0.0,85.6
2023-07-17,3,0.0,84.5
2023-07-17,4,0.0,77.2
2023-07-17,5,0.0,73.3
2023-07-17,6,0.0,70.2
2023-07-17,7,0.0,67.2
2023-07-17,8,28.0,68.1
2023-07-17,9,179.0,71.9
2023-07-17,10,380.0,75.7
2023-07-17,11,581.0,80.9
2023-07-17,12,757.0,87.6
2023-07-17,13,894.0,93.2
2023-07-17,14,980.0,97.6
2023-07-17,15,1008.0,101.2
2023-07-17,16,973.0,103.4
2023-07-17,17,850.0,104.7
2023-07-17,18,682.0,105.2
2023-07-17,19,497.0,104.5
2023-07-17,20,341.0,104.2
2023-07-17,21,143.0,103.2
2023-07-17,22,14.0,99.1
2023-07-17,23,0.0,96.8
2023-07-17,24,0.0,91.9
2023-07-18,1,0.0,89.8
2023-07-18,2,0.0,87.1
2023-07-18,3,0.0,85.5
2023-07-18,4,0.0,82.9
2023-07-18,5,0.0,82.3
2023-07-18,6,0.0,84.3
2023-07-18,7,0.0,74.8
2023-07-18,8,26.0,73.0
2023-07-18,9,170.0,76.6
2023-07-18,10,366.0,81.5
2023-07-18,11,555.0,85.6
2023-07-18,12,734.0,90.7
2023-07-18,13,875.0,96.4
2023-07-18,14,915.0,100.2
2023-07-18,15,916.0,102.0
2023-07-18,16,908.0,102.7
2023-07-18,17,842.0,102.9
2023-07-18,18,674.0,102.4
2023-07-18,19,522.0,97.3
2023-07-18,20,144.0,95.4
2023-07-18,21,100.0,94.7
2023-07-18,22,8.0,95.4
2023-07-18,23,0.0,91.1
2023-07-18,24,0.0,89.3
2023-07-19,1,0.0,86.1
2023-07-19,2,0.0,84.5
2023-07-19,3,0.0,83.1
2023-07-19,4,0.0,79.8
2023-07-19,5,0.0,80.0
2023-07-19,6,0.0,78.5
2023-07-19,7,0.0,74.8
2023-07-19,8,24.0,74.6
2023-07-19,9,165.0,77.6
2023-07-19,10,360.0,81.8
2023-07-19,11,557.0,86.4
2023-07-19,12,732.0,90.2
2023-07-19,13,860.0,93.7
2023-07-19,14,932.0,96.5
2023-07-19,15,962.0,99.0
2023-07-19,16,939.0,100.4
2023-07-19,17,849.0,101.5
2023-07-19,18,705.0,102.0
2023-07-19,19,531.0,101.7
2023-07-19,20,332.0,101.2
2023-07-19,21,139.0,99.8
2023-07-19,22,13.0,96.7
2023-07-19,23,0.0,94.4
2023-07-19,24,0.0,89.9
2023-07-20,1,0.0,91.1
2023-07-20,2,0.0,89.2
2023-07-20,3,0.0,84.5
2023-07-20,4,0.0,82.0
2023-07-20,5,0.0,79.0
2023-07-20,6,0.0,76.1
2023-07-20,7,0.0,76.6
2023-07-20,8,24.0,74.2
2023-07-20,9,166.0,77.2
2023-07-20,10,361.0,81.3
2023-07-20,11,558.0,84.8
2023-07-20,12,734.0,89.3
2023-07-20,13,869.0,95.1
2023-07-20,14,901.0,98.2
2023-07-20,15,928.0,100.3
2023-07-20,16,942.0,101.6
2023-07-20,17,857.0,102.0
2023-07-20,18,710.0,101.3
2023-07-20,19,519.0,99.9
2023-07-20,20,331.0,98.5
2023-07-20,21,136.0,96.9
2023-07-20,22,12.0,95.0
2023-07-20,23,0.0,92.3
2023-07-20,24,0.0,89.7
2023-07-21,1,0.0,86.4
2023-07-21,2,0.0,83.7
2023-07-21,3,0.0,82.0
2023-07-21,4,0.0,81.7
2023-07-21,5,0.0,78.9
2023-07-21,6,0.0,77.4
2023-07-21,7,0.0,74.8
2023-07-21,8,23.0,74.6
2023-07-21,9,165.0,77.6
2023-07-21,10,363.0,82.5
2023-07-21,11,562.0,87.8
2023-07-21,12,739.0,92.0
2023-07-21,13,878.0,94.9
2023-07-21,14,967.0,97.5
2023-07-21,15,987.0,99.2
2023-07-21,16,955.0,99.6
2023-07-21,17,851.0,99.6
2023-07-21,18,675.0,100.9
2023-07-21,19,528.0,99.6
2023-07-21,20,338.0,100.5
2023-07-21,21,141.0,98.7
2023-07-21,22,12.0,93.5
2023-07-21,23,0.0,91.5
2023-07-21,24,0.0,89.1
2023-07-22,1,0.0,85.9
2023-07-22,2,0.0,83.3
2023-07-22,3,0.0,80.0
2023-07-22,4,0.0,76.7
2023-07-22,5,0.0,74.7
2023-07-22,6,0.0,73.1
2023-07-22,7,0.0,72.6
2023-07-22,8,22.0,73.1
2023-07-22,9,163.0,77.0
2023-07-22,10,360.0,81.1
2023-07-22,11,558.0,84.6
2023-07-22,12,734.0,88.3
2023-07-22,13,868.0,90.9
2023-07-22,14,933.0,93.5
2023-07-22,15,960.0,96.5
2023-07-22,16,939.0,98.5
2023-07-22,17,822.0,99.7
2023-07-22,18,685.0,100.6
2023-07-22,19,501.0,99.2
2023-07-22,20,322.0,99.3
2023-07-22,21,134.0,98.7
2023-07-22,22,11.0,95.6
2023-07-22,23,0.0,92.7
2023-07-22,24,0.0,90.1
2023-07-23,1,0.0,86.1
2023-07-23,2,0.0,82.0
2023-07-23,3,0.0,79.3
2023-07-23,4,0.0,77.4
2023-07-23,5,0.0,75.2
2023-07-23,6,0.0,73.8
2023-07-23,7,0.0,72.1
2023-07-23,8,22.0,73.0
2023-07-23,9,164.0,76.8
2023-07-23,10,362.0,81.6
2023-07-23,11,562.0,86.5
2023-07-23,12,736.0,90.1
2023-07-23,13,860.0,92.7
2023-07-23,14,947.0,95.2
2023-07-23,15,985.0,98.0
2023-07-23,16,955.0,99.9
2023-07-23,17,863.0,100.8
2023-07-23,18,720.0,101.2
2023-07-23,19,539.0,99.9
2023-07-23,20,336.0,101.0
2023-07-23,21,136.0,100.5
2023-07-23,22,11.0,96.2
2023-07-23,23,0.0,96.6
2023-07-23,24,0.0,90.1
2023-07-24,1,0.0,89.7
2023-07-24,2,0.0,86.6
2023-07-24,3,0.0,84.0
2023-07-24,4,0.0,81.6
2023-07-24,5,0.0,79.0
2023-07-24,6,0.0,76.3
2023-07-24,7,0.0,78.4
2023-07-24,8,20.0,75.0
2023-07-24,9,160.0,78.5
2023-07-24,10,357.0,82.4
2023-07-24,11,555.0,86.1
2023-07-24,12,729.0,90.8
2023-07-24,13,859.0,94.8
2023-07-24,14,946.0,97.7
2023-07-24,15,978.0,99.1
2023-07-24,16,936.0,100.5
2023-07-24,17,840.0,102.0
2023-07-24,18,674.0,102.6
2023-07-24,19,521.0,102.3
2023-07-24,20,312.0,102.2
2023-07-24,21,108.0,99.7
2023-07-24,22,9.0,92.5
2023-07-24,23,0.0,91.0
2023-07-24,24,0.0,89.3
2023-07-25,1,0.0,86.0
2023-07-25,2,0.0,84.4
2023-07-25,3,0.0,82.3
2023-07-25,4,0.0,79.5
2023-07-25,5,0.0,76.7
2023-07-25,6,0.0,77.9
2023-07-25,7,0.0,73.9
2023-07-25,8,19.0,73.0
2023-07-25,9,157.0,76.2
2023-07-25,10,356.0,79.7
2023-07-25,11,553.0,83.3
2023-07-25,12,724.0,88.3
2023-07-25,13,858.0,92.7
2023-07-25,14,941.0,96.5
2023-07-25,15,969.0,99.1
2023-07-25,16,918.0,100.1
2023-07-25,17,806.0,100.8
2023-07-25,18,692.0,100.8
2023-07-25,19,513.0,100.4
2023-07-25,20,298.0,99.6
2023-07-25,21,120.0,98.1
2023-07-25,22,9.0,95.7
2023-07-25,23,0.0,93.7
2023-07-25,24,0.0,91.9
2023-07-26,1,0.0,89.6
2023-07-26,2,0.0,86.0
2023-07-26,3,0.0,83.3
2023-07-26,4,0.0,80.7
2023-07-26,5,0.0,77.5
2023-07-26,6,0.0,75.4
2023-07-26,7,0.0,71.1
2023-07-26,8,19.0,71.1
2023-07-26,9,156.0,74.7
2023-07-26,10,353.0,79.2
2023-07-26,11,550.0,83.8
2023-07-26,12,725.0,89.5
2023-07-26,13,863.0,93.7
2023-07-26,14,947.0,96.0
2023-07-26,15,972.0,99.0
2023-07-26,16,937.0,100.8
2023-07-26,17,853.0,101.2
2023-07-26,18,697.0,100.8
2023-07-26,19,460.0,100.3
2023-07-26,20,293.0,100.0
2023-07-26,21,84.0,98.8
2023-07-26,22,7.0,96.2
2023-07-26,23,0.0,93.9
2023-07-26,24,0.0,92.3
2023-07-27,1,0.0,89.9
2023-07-27,2,0.0,87.2
2023-07-27,3,0.0,83.6
2023-07-27,4,0.0,84.6
2023-07-27,5,0.0,80.6
2023-07-27,6,0.0,78.0
2023-07-27,7,0.0,77.5
2023-07-27,8,18.0,75.0
2023-07-27,9,155.0,77.1
2023-07-27,10,352.0,80.2
2023-07-27,11,550.0,84.7
2023-07-27,12,725.0,88.9
2023-07-27,13,861.0,92.4
2023-07-27,14,947.0,94.8
2023-07-27,15,967.0,97.4
2023-07-27,16,937.0,99.8
2023-07-27,17,836.0,100.4
2023-07-27,18,685.0,101.1
2023-07-27,19,496.0,100.9
2023-07-27,20,320.0,98.7
2023-07-27,21,115.0,96.8
2023-07-27,22,8.0,94.7
2023-07-27,23,0.0,92.6
2023-07-27,24,0.0,89.4
2023-07-28,1,0.0,88.4
2023-07-28,2,0.0,86.4
2023-07-28,3,0.0,82.3
2023-07-28,4,0.0,80.4
2023-07-28,5,0.0,77.5
2023-07-28,6,0.0,79.8
2023-07-28,7,0.0,74.6
2023-07-28,8,17.0,73.0
2023-07-28,9,153.0,77.2
2023-07-28,10,350.0,81.7
2023-07-28,11,549.0,85.8
2023-07-28,12,725.0,89.9
2023-07-28,13,863.0,93.7
2023-07-28,14,946.0,97.1
2023-07-28,15,962.0,98.7
2023-07-28,16,942.0,100.3
2023-07-28,17,850.0,101.9
2023-07-28,18,707.0,102.6
2023-07-28,19,527.0,101.0
2023-07-28,20,294.0,99.3
2023-07-28,21,116.0,98.4
2023-07-28,22,8.0,95.8
2023-07-28,23,0.0,93.2
2023-07-28,24,0.0,91.4
2023-07-29,1,0.0,87.9
2023-07-29,2,0.0,85.9
2023-07-29,3,0.0,84.1
2023-07-29,4,0.0,83.3
2023-07-29,5,0.0,82.5
2023-07-29,6,0.0,81.3
2023-07-29,7,0.0,79.1
2023-07-29,8,15.0,77.4
2023-07-29,9,139.0,79.5
2023-07-29,10,338.0,83.7
2023-07-29,11,509.0,87.8
2023-07-29,12,698.0,91.8
2023-07-29,13,819.0,95.1
2023-07-29,14,932.0,95.5
2023-07-29,15,555.0,96.1
2023-07-29,16,795.0,97.7
2023-07-29,17,707.0,98.1
2023-07-29,18,589.0,97.9
2023-07-29,19,492.0,101.2
2023-07-29,20,316.0,100.9
2023-07-29,21,104.0,99.1
2023-07-29,22,5.0,97.7
2023-07-29,23,0.0,88.9
2023-07-29,24,0.0,90.8
2023-07-30,1,0.0,87.6
2023-07-30,2,0.0,86.2
2023-07-30,3,0.0,84.7
2023-07-30,4,0.0,81.3
2023-07-30,5,0.0,79.5
2023-07-30,6,0.0,77.5
2023-07-30,7,0.0,76.6
2023-07-30,8,15.0,75.5
2023-07-30,9,139.0,78.7
2023-07-30,10,338.0,83.2
2023-07-30,11,533.0,86.5
2023-07-30,12,670.0,89.7
2023-07-30,13,830.0,92.5
2023-07-30,14,911.0,94.3
2023-07-30,15,918.0,95.6
2023-07-30,16,872.0,96.6
2023-07-30,17,789.0,98.2
2023-07-30,18,652.0,99.0
2023-07-30,19,460.0,97.2
2023-07-30,20,196.0,96.1
2023-07-30,21,66.0,95.0
2023-07-30,22,5.0,93.7
2023-07-30,23,0.0,91.7
2023-07-30,24,0.0,87.9
2023-07-31,1,0.0,86.1
2023-07-31,2,0.0,84.9
2023-07-31,3,0.0,82.8
2023-07-31,4,0.0,81.1
2023-07-31,5,0.0,79.4
2023-07-31,6,0.0,78.1
2023-07-31,7,0.0,73.7
2023-07-31,8,14.0,73.0
2023-07-31,9,141.0,75.2
2023-07-31,10,332.0,78.1
2023-07-31,11,528.0,81.0
2023-07-31,12,702.0,84.3
2023-07-31,13,837.0,86.5
2023-07-31,14,919.0,88.1
2023-07-31,15,899.0,90.1
2023-07-31,16,818.0,92.0
2023-07-31,17,785.0,93.7
2023-07-31,18,554.0,94.6
2023-07-31,19,309.0,95.1
2023-07-31,20,140.0,91.6
2023-07-31,21,40.0,87.9
2023-07-31,22,3.0,79.0
2023-07-31,23,0.0,77.6
2023-07-31,24,0.0,77.1
2023-08-01,1,0.0,76.6
2023-08-01,2,0.0,75.9
2023-08-01,3,0.0,75.5
2023-08-01,4,0.0,75.0
2023-08-01,5,0.0,73.4
2023-08-01,6,0.0,72.1
2023-08-01,7,0.0,69.0
2023-08-01,8,13.0,68.7
2023-08-01,9,139.0,71.6
2023-08-01,10,317.0,74.3
2023-08-01,11,509.0,77.1
2023-08-01,12,695.0,80.3
2023-08-01,13,839.0,84.1
2023-08-01,14,922.0,87.7
2023-08-01,15,840.0,88.8
2023-08-01,16,831.0,90.0
2023-08-01,17,769.0,90.7
2023-08-01,18,585.0,90.1
2023-08-01,19,370.0,88.9
2023-08-01,20,294.0,88.3
2023-08-01,21,106.0,87.4
2023-08-01,22,5.0,86.9
2023-08-01,23,0.0,85.9
2023-08-01,24,0.0,83.3
2023-08-02,1,0.0,81.4
2023-08-02,2,0.0,79.2
2023-08-02,3,0.0,77.9
2023-08-02,4,0.0,75.8
2023-08-02,5,0.0,75.4
2023-08-02,6,0.0,72.1
2023-08-02,7,0.0,70.5
2023-08-02,8,13.0,70.1
2023-08-02,9,140.0,73.2
2023-08-02,10,335.0,77.0
2023-08-02,11,534.0,80.5
2023-08-02,12,714.0,84.2
2023-08-02,13,831.0,87.6
2023-08-02,14,894.0,90.2
2023-08-02,15,913.0,91.6
2023-08-02,16,917.0,92.7
2023-08-02,17,800.0,95.6
2023-08-02,18,602.0,90.3
2023-08-02,19,240.0,86.1
2023-08-02,20,204.0,84.3
2023-08-02,21,71.0,83.9
2023-08-02,22,3.0,83.2
2023-08-02,23,0.0,82.3
2023-08-02,24,0.0,80.9
2023-08-03,1,0.0,78.4
2023-08-03,2,0.0,75.9
2023-08-03,3,0.0,74.0
2023-08-03,4,0.0,74.0
2023-08-03,5,0.0,71.0
2023-08-03,6,0.0,70.9
2023-08-03,7,0.0,68.0
2023-08-03,8,12.0,68.0
2023-08-03,9,140.0,69.3
2023-08-03,10,337.0,72.7
2023-08-03,11,538.0,76.6
2023-08-03,12,716.0,80.6
2023-08-03,13,859.0,84.5
2023-08-03,14,816.0,87.5
2023-08-03,15,932.0,89.5
2023-08-03,16,925.0,91.0
2023-08-03,17,827.0,92.0
2023-08-03,18,669.0,92.8
2023-08-03,19,493.0,90.2
2023-08-03,20,283.0,90.2
2023-08-03,21,96.0,88.8
2023-08-03,22,4.0,87.0
2023-08-03,23,0.0,84.8
2023-08-03,24,0.0,83.3
2023-08-04,1,0.0,80.6
2023-08-04,2,0.0,77.5
2023-08-04,3,0.0,74.4
2023-08-04,4,0.0,72.2
2023-08-04,5,0.0,70.6
2023-08-04,6,0.0,68.6
2023-08-04,7,0.0,66.4
2023-08-04,8,12.0,66.4
2023-08-04,9,140.0,70.1
2023-08-04,10,339.0,74.6
2023-08-04,11,541.0,79.1
2023-08-04,12,718.0,83.4
2023-08-04,13,862.0,87.3
2023-08-04,14,945.0,90.1
2023-08-04,15,961.0,92.4
2023-08-04,16,922.0,93.9
2023-08-04,17,826.0,94.8
2023-08-04,18,675.0,95.4
2023-08-04,19,500.0,94.5
2023-08-04,20,299.0,94.5
2023-08-04,21,107.0,92.0
2023-08-04,22,4.0,90.7
2023-08-04,23,0.0,88.4
2023-08-04,24,0.0,86.0
2023-08-05,1,0.0,82.4
2023-08-05,2,0.0,82.7
2023-08-05,3,0.0,76.9
2023-08-05,4,0.0,73.5
2023-08-05,5,0.0,74.1
2023-08-05,6,0.0,69.8
2023-08-05,7,0.0,69.9
2023-08-05,8,12.0,67.0
2023-08-05,9,141.0,71.2
2023-08-05,10,343.0,75.4
2023-08-05,11,548.0,79.5
2023-08-05,12,729.0,85.3
2023-08-05,13,869.0,90.2
2023-08-05,14,959.0,93.1
2023-08-05,15,987.0,94.9
2023-08-05,16,952.0,97.7
2023-08-05,17,858.0,99.1
2023-08-05,18,710.0,98.9
2023-08-05,19,519.0,98.2
2023-08-05,20,308.0,96.9
2023-08-05,21,109.0,95.1
2023-08-05,22,4.0,90.5
2023-08-05,23,0.0,88.3
2023-08-05,24,0.0,84.1
2023-08-06,1,0.0,84.1
2023-08-06,2,0.0,81.7
2023-08-06,3,0.0,79.3
2023-08-06,4,0.0,77.8
2023-08-06,5,0.0,76.2
2023-08-06,6,0.0,70.1
2023-08-06,7,0.0,68.5
2023-08-06,8,11.0,67.6
2023-08-06,9,144.0,72.7
2023-08-06,10,351.0,76.7
2023-08-06,11,561.0,81.6
2023-08-06,12,746.0,86.5
2023-08-06,13,886.0,91.3
2023-08-06,14,973.0,95.4
2023-08-06,15,1003.0,96.4
2023-08-06,16,967.0,97.6
2023-08-06,17,871.0,98.0
2023-08-06,18,719.0,97.3
2023-08-06,19,525.0,96.5
2023-08-06,20,311.0,95.0
2023-08-06,21,109.0,93.4
2023-08-06,22,3.0,89.6
2023-08-06,23,0.0,87.4
2023-08-06,24,0.0,83.3
2023-08-07,1,0.0,82.1
2023-08-07,2,0.0,78.5
2023-08-07,3,0.0,76.4
2023-08-07,4,0.0,75.5
2023-08-07,5,0.0,75.7
2023-08-07,6,0.0,73.2
2023-08-07,7,0.0,69.4
2023-08-07,8,11.0,66.7
2023-08-07,9,142.0,69.9
2023-08-07,10,349.0,75.1
2023-08-07,11,558.0,80.5
2023-08-07,12,742.0,86.8
2023-08-07,13,885.0,92.1
2023-08-07,14,976.0,94.2
2023-08-07,15,1004.0,95.5
2023-08-07,16,969.0,96.8
2023-08-07,17,873.0,97.2
2023-08-07,18,724.0,96.8
2023-08-07,19,526.0,96.3
2023-08-07,20,310.0,94.6
2023-08-07,21,106.0,92.1
2023-08-07,22,3.0,90.9
2023-08-07,23,0.0,87.5
2023-08-07,24,0.0,83.4
2023-08-08,1,0.0,82.7
2023-08-08,2,0.0,80.0
2023-08-08,3,0.0,75.8
2023-08-08,4,0.0,73.6
2023-08-08,5,0.0,71.2
2023-08-08,6,0.0,69.5
2023-08-08,7,0.0,70.9
2023-08-08,8,9.0,69.8
2023-08-08,9,134.0,73.2
2023-08-08,10,336.0,77.9
2023-08-08,11,540.0,83.9
2023-08-08,12,718.0,88.0
2023-08-08,13,781.0,90.6
2023-08-08,14,953.0,91.9
2023-08-08,15,978.0,93.3
2023-08-08,16,943.0,94.5
2023-08-08,17,855.0,94.8
2023-08-08,18,706.0,94.4
2023-08-08,19,517.0,93.2
2023-08-08,20,310.0,92.4
2023-08-08,21,105.0,89.7
2023-08-08,22,2.0,87.5
2023-08-08,23,0.0,85.9
2023-08-08,24,0.0,83.7
2023-08-09,1,0.0,81.2
2023-08-09,2,0.0,76.8
2023-08-09,3,0.0,75.8
2023-08-09,4,0.0,77.0
2023-08-09,5,0.0,68.4
2023-08-09,6,0.0,66.9
2023-08-09,7,0.0,66.8
2023-08-09,8,9.0,63.7
2023-08-09,9,133.0,67.0
2023-08-09,10,335.0,71.8
2023-08-09,11,540.0,75.8
2023-08-09,12,722.0,80.5
2023-08-09,13,863.0,84.7
2023-08-09,14,950.0,87.5
2023-08-09,15,978.0,89.9
2023-08-09,16,941.0,92.7
2023-08-09,17,844.0,94.1
2023-08-09,18,687.0,94.4
2023-08-09,19,462.0,92.8
2023-08-09,20,240.0,91.7
2023-08-09,21,61.0,90.2
2023-08-09,22,1.0,89.0
2023-08-09,23,0.0,87.5
2023-08-09,24,0.0,81.8
2023-08-10,1,0.0,80.3
2023-08-10,2,0.0,78.4
2023-08-10,3,0.0,77.0
2023-08-10,4,0.0,75.2
2023-08-10,5,0.0,73.4
2023-08-10,6,0.0,71.8
2023-08-10,7,0.0,69.3
2023-08-10,8,8.0,68.2
2023-08-10,9,126.0,70.8
2023-08-10,10,322.0,74.7
2023-08-10,11,500.0,78.3
2023-08-10,12,690.0,81.3
2023-08-10,13,808.0,84.6
2023-08-10,14,902.0,88.3
2023-08-10,15,909.0,91.2
2023-08-10,16,869.0,93.0
2023-08-10,17,811.0,94.3
2023-08-10,18,612.0,93.2
2023-08-10,19,256.0,89.4
2023-08-10,20,243.0,87.2
2023-08-10,21,67.0,84.0
2023-08-10,22,1.0,82.8
2023-08-10,23,0.0,81.6
2023-08-10,24,0.0,80.1
2023-08-11,1,0.0,79.2
2023-08-11,2,0.0,76.7
2023-08-11,3,0.0,74.3
2023-08-11,4,0.0,74.8
2023-08-11,5,0.0,73.1
2023-08-11,6,0.0,71.3
2023-08-11,7,0.0,66.3
2023-08-11,8,7.0,66.1
2023-08-11,9,119.0,69.0
2023-08-11,10,295.0,72.4
2023-08-11,11,486.0,76.0
2023-08-11,12,695.0,80.5
2023-08-11,13,823.0,83.9
2023-08-11,14,920.0,87.2
2023-08-11,15,916.0,90.0
2023-08-11,16,739.0,91.0
2023-08-11,17,643.0,91.2
2023-08-11,18,433.0,90.3
2023-08-11,19,282.0,89.8
2023-08-11,20,143.0,89.3
2023-08-11,21,56.0,89.4
2023-08-11,22,1.0,79.2
2023-08-11,23,0.0,78.4
2023-08-11,24,0.0,76.7
2023-08-12,1,0.0,76.4
2023-08-12,2,0.0,74.5
2023-08-12,3,0.0,73.8
2023-08-12,4,0.0,73.0
2023-08-12,5,0.0,72.1
2023-08-12,6,0.0,70.5
2023-08-12,7,0.0,73.0
2023-08-12,8,6.0,71.0
2023-08-12,9,113.0,72.4
2023-08-12,10,297.0,75.5
2023-08-12,11,503.0,78.3
2023-08-12,12,689.0,80.8
2023-08-12,13,827.0,84.0
2023-08-12,14,911.0,87.4
2023-08-12,15,858.0,90.9
2023-08-12,16,604.0,87.2
2023-08-12,17,633.0,89.5
2023-08-12,18,494.0,89.1
2023-08-12,19,422.0,89.2
2023-08-12,20,188.0,88.9
2023-08-12,21,45.0,88.5
2023-08-12,22,1.0,84.1
2023-08-12,23,0.0,82.2
2023-08-12,24,0.0,80.8
2023-08-13,1,0.0,78.9
2023-08-13,2,0.0,78.3
2023-08-13,3,0.0,76.1
2023-08-13,4,0.0,75.7
2023-08-13,5,0.0,74.8
2023-08-13,6,0.0,72.7
2023-08-13,7,0.0,72.1
2023-08-13,8,5.0,70.9
2023-08-13,9,98.0,72.1
2023-08-13,10,297.0,75.2
2023-08-13,11,492.0,78.2
2023-08-13,12,675.0,81.4
2023-08-13,13,825.0,84.7
2023-08-13,14,915.0,87.9
2023-08-13,15,945.0,90.5
2023-08-13,16,909.0,92.3
2023-08-13,17,812.0,92.7
2023-08-13,18,657.0,93.2
2023-08-13,19,421.0,89.5
2023-08-13,20,257.0,89.5
2023-08-13,21,74.0,89.5
2023-08-13,22,1.0,88.6
2023-08-13,23,0.0,85.8
2023-08-13,24,0.0,83.0
2023-08-14,1,0.0,80.0
2023-08-14,2,0.0,77.8
2023-08-14,3,0.0,75.9
2023-08-14,4,0.0,74.8
2023-08-14,5,0.0,74.5
2023-08-14,6,0.0,74.5
2023-08-14,7,0.0,74.3
2023-08-14,8,6.0,72.6
2023-08-14,9,99.0,76.2
2023-08-14,10,266.0,79.0
2023-08-14,11,483.0,82.2
2023-08-14,12,596.0,84.9
2023-08-14,13,817.0,85.8
2023-08-14,14,731.0,85.2
2023-08-14,15,687.0,86.1
2023-08-14,16,794.0,88.0
2023-08-14,17,731.0,90.1
2023-08-14,18,572.0,90.5
2023-08-14,19,322.0,81.3
2023-08-14,20,100.0,81.9
2023-08-14,21,35.0,80.8
2023-08-14,22,0.0,79.6
2023-08-14,23,0.0,79.7
2023-08-14,24,0.0,79.4
2023-08-15,1,0.0,77.5
2023-08-15,2,0.0,75.5
2023-08-15,3,0.0,73.9
2023-08-15,4,0.0,72.6
2023-08-15,5,0.0,71.7
2023-08-15,6,0.0,71.1
2023-08-15,7,0.0,69.4
2023-08-15,8,5.0,69.5
2023-08-15,9,108.0,72.1
2023-08-15,10,306.0,75.3
2023-08-15,11,432.0,79.3
2023-08-15,12,485.0,82.4
2023-08-15,13,556.0,84.7
2023-08-15,14,637.0,86.8
2023-08-15,15,812.0,88.7
2023-08-15,16,849.0,90.0
2023-08-15,17,724.0,92.5
2023-08-15,18,543.0,91.4
2023-08-15,19,333.0,93.2
2023-08-15,20,205.0,92.6
2023-08-15,21,67.0,91.8
2023-08-15,22,0.0,89.0
2023-08-15,23,0.0,86.2
2023-08-15,24,0.0,83.5
2023-08-16,1,0.0,81.0
2023-08-16,2,0.0,79.3
2023-08-16,3,0.0,77.3
2023-08-16,4,0.0,75.1
2023-08-16,5,0.0,73.9
2023-08-16,6,0.0,72.6
2023-08-16,7,0.0,70.9
2023-08-16,8,5.0,70.2
2023-08-16,9,100.0,72.7
2023-08-16,10,294.0,75.9
2023-08-16,11,487.0,79.8
2023-08-16,12,670.0,83.5
2023-08-16,13,817.0,86.9
2023-08-16,14,914.0,90.5
2023-08-16,15,896.0,92.5
2023-08-16,16,818.0,94.0
2023-08-16,17,709.0,94.5
2023-08-16,18,545.0,94.1
2023-08-16,19,379.0,95.4
2023-08-16,20,188.0,94.8
2023-08-16,21,58.0,90.0
2023-08-16,22,0.0,89.3
2023-08-16,23,0.0,88.3
2023-08-16,24,0.0,86.0
2023-08-17,1,0.0,83.3
2023-08-17,2,0.0,80.3
2023-08-17,3,0.0,77.4
2023-08-17,4,0.0,75.7
2023-08-17,5,0.0,74.5
2023-08-17,6,0.0,73.0
2023-08-17,7,0.0,72.2
2023-08-17,8,4.0,71.8
2023-08-17,9,106.0,73.7
2023-08-17,10,300.0,76.6
2023-08-17,11,500.0,80.6
2023-08-17,12,665.0,84.7
2023-08-17,13,805.0,88.6
2023-08-17,14,902.0,89.4
2023-08-17,15,908.0,91.0
2023-08-17,16,659.0,92.4
2023-08-17,17,724.0,94.0
2023-08-17,18,587.0,95.4
2023-08-17,19,297.0,94.8
2023-08-17,20,138.0,93.2
2023-08-17,21,63.0,89.5
2023-08-17,22,0.0,88.5
2023-08-17,23,0.0,83.8
2023-08-17,24,0.0,83.4
2023-08-18,1,0.0,81.3
2023-08-18,2,0.0,80.2
2023-08-18,3,0.0,79.0
2023-08-18,4,0.0,77.7
2023-08-18,5,0.0,76.1
2023-08-18,6,0.0,74.3
2023-08-18,7,0.0,70.6
2023-08-18,8,4.0,69.8
2023-08-18,9,102.0,72.0
2023-08-18,10,272.0,75.4
2023-08-18,11,432.0,78.2
2023-08-18,12,584.0,81.1
2023-08-18,13,802.0,84.0
2023-08-18,14,889.0,86.6
2023-08-18,15,924.0,89.4
2023-08-18,16,817.0,90.6
2023-08-18,17,770.0,92.0
2023-08-18,18,615.0,93.3
2023-08-18,19,401.0,91.2
2023-08-18,20,166.0,89.2
2023-08-18,21,62.0,87.6
2023-08-18,22,0.0,84.1
2023-08-18,23,0.0,82.2
2023-08-18,24,0.0,82.3
2023-08-19,1,0.0,80.2
2023-08-19,2,0.0,77.7
2023-08-19,3,0.0,75.4
2023-08-19,4,0.0,73.4
2023-08-19,5,0.0,71.0
2023-08-19,6,0.0,69.1
2023-08-19,7,0.0,70.9
2023-08-19,8,4.0,69.9
2023-08-19,9,107.0,71.8
2023-08-19,10,302.0,75.2
2023-08-19,11,500.0,78.4
2023-08-19,12,682.0,81.7
2023-08-19,13,821.0,85.6
2023-08-19,14,898.0,91.0
2023-08-19,15,852.0,93.8
2023-08-19,16,735.0,94.2
2023-08-19,17,636.0,94.4
2023-08-19,18,614.0,94.5
2023-08-19,19,444.0,96.2
2023-08-19,20,182.0,95.6
2023-08-19,21,62.0,94.7
2023-08-19,22,0.0,93.1
2023-08-19,23,0.0,87.7
2023-08-19,24,0.0,85.8
2023-08-20,1,0.0,84.8
2023-08-20,2,0.0,82.5
2023-08-20,3,0.0,80.8
2023-08-20,4,0.0,74.9
2023-08-20,5,0.0,73.3
2023-08-20,6,0.0,72.7
2023-08-20,7,0.0,73.4
2023-08-20,8,3.0,71.1
2023-08-20,9,102.0,75.8
2023-08-20,10,284.0,80.2
2023-08-20,11,488.0,84.5
2023-08-20,12,695.0,88.3
2023-08-20,13,839.0,93.1
2023-08-20,14,903.0,94.9
2023-08-20,15,864.0,97.1
2023-08-20,16,512.0,95.0
2023-08-20,17,714.0,101.3
2023-08-20,18,397.0,96.4
2023-08-20,19,347.0,95.8
2023-08-20,20,172.0,95.4
2023-08-20,21,38.0,93.8
2023-08-20,22,0.0,91.2
2023-08-20,23,0.0,89.6
2023-08-20,24,0.0,86.9
2023-08-21,1,0.0,85.5
2023-08-21,2,0.0,84.8
2023-08-21,3,0.0,82.4
2023-08-21,4,0.0,78.3
2023-08-21,5,0.0,75.4
2023-08-21,6,0.0,73.6
2023-08-21,7,0.0,72.6
2023-08-21,8,3.0,71.9
2023-08-21,9,96.0,73.9
2023-08-21,10,288.0,77.3
2023-08-21,11,493.0,81.1
2023-08-21,12,680.0,84.8
2023-08-21,13,794.0,88.0
2023-08-21,14,892.0,92.8
2023-08-21,15,896.0,95.5
2023-08-21,16,774.0,95.6
2023-08-21,17,621.0,96.6
2023-08-21,18,488.0,95.9
2023-08-21,19,245.0,97.4
2023-08-21,20,145.0,94.0
2023-08-21,21,46.0,91.9
2023-08-21,22,0.0,83.1
2023-08-21,23,0.0,82.9
2023-08-21,24,0.0,81.0
2023-08-22,1,0.0,78.4
2023-08-22,2,0.0,77.3
2023-08-22,3,0.0,75.3
2023-08-22,4,0.0,75.5
2023-08-22,5,0.0,71.4
2023-08-22,6,0.0,69.4
2023-08-22,7,0.0,68.3
2023-08-22,8,3.0,68.8
2023-08-22,9,60.0,71.7
2023-08-22,10,266.0,77.1
2023-08-22,11,473.0,82.1
2023-08-22,12,666.0,85.6
2023-08-22,13,788.0,88.4
2023-08-22,14,722.0,89.6
2023-08-22,15,802.0,88.7
2023-08-22,16,707.0,88.0
2023-08-22,17,674.0,89.8
2023-08-22,18,598.0,85.7
2023-08-22,19,157.0,88.2
2023-08-22,20,229.0,87.7
2023-08-22,21,56.0,85.8
2023-08-22,22,0.0,84.8
2023-08-22,23,0.0,80.8
2023-08-22,24,0.0,78.4
2023-08-23,1,0.0,75.7
2023-08-23,2,0.0,74.5
2023-08-23,3,0.0,73.0
2023-08-23,4,0.0,70.9
2023-08-23,5,0.0,69.2
2023-08-23,6,0.0,67.4
2023-08-23,7,0.0,66.1
2023-08-23,8,2.0,64.4
2023-08-23,9,98.0,67.0
2023-08-23,10,287.0,72.5
2023-08-23,11,492.0,78.1
2023-08-23,12,669.0,82.7
2023-08-23,13,775.0,87.2
2023-08-23,14,871.0,89.7
2023-08-23,15,856.0,90.5
2023-08-23,16,852.0,92.8
2023-08-23,17,643.0,93.3
2023-08-23,18,454.0,93.2
2023-08-23,19,311.0,91.0
2023-08-23,20,34.0,86.3
2023-08-23,21,7.0,83.4
2023-08-23,22,0.0,79.1
2023-08-23,23,0.0,77.5
2023-08-23,24,0.0,75.9
2023-08-24,1,0.0,73.9
2023-08-24,2,0.0,72.4
2023-08-24,3,0.0,70.2
2023-08-24,4,0.0,69.3
2023-08-24,5,0.0,68.8
2023-08-24,6,0.0,67.5
2023-08-24,7,0.0,68.0
2023-08-24,8,2.0,67.7
2023-08-24,9,71.0,69.1
2023-08-24,10,156.0,69.9
2023-08-24,11,283.0,72.2
2023-08-24,12,463.0,72.8
2023-08-24,13,457.0,74.4
2023-08-24,14,462.0,75.6
2023-08-24,15,615.0,76.6
2023-08-24,16,417.0,76.4
2023-08-24,17,622.0,77.7
2023-08-24,18,607.0,78.6
2023-08-24,19,339.0,73.4
2023-08-24,20,144.0,74.5
2023-08-24,21,34.0,74.3
2023-08-24,22,0.0,74.3
2023-08-24,23,0.0,73.7
2023-08-24,24,0.0,73.0
2023-08-25,1,0.0,71.5
2023-08-25,2,0.0,69.8
2023-08-25,3,0.0,68.1
2023-08-25,4,0.0,66.8
2023-08-25,5,0.0,65.8
2023-08-25,6,0.0,65.0
2023-08-25,7,0.0,65.6
2023-08-25,8,2.0,64.9
2023-08-25,9,88.0,66.6
2023-08-25,10,275.0,69.3
2023-08-25,11,477.0,72.0
2023-08-25,12,635.0,74.5
2023-08-25,13,767.0,76.8
2023-08-25,14,825.0,78.6
2023-08-25,15,869.0,80.7
2023-08-25,16,828.0,82.1
2023-08-25,17,716.0,83.1
2023-08-25,18,573.0,83.8
2023-08-25,19,392.0,84.7
2023-08-25,20,205.0,83.9
2023-08-25,21,44.0,81.3
2023-08-25,22,0.0,77.8
2023-08-25,23,0.0,75.7
2023-08-25,24,0.0,73.9
2023-08-26,1,0.0,72.1
2023-08-26,2,0.0,70.3
2023-08-26,3,0.0,68.8
2023-08-26,4,0.0,67.6
2023-08-26,5,0.0,66.4
2023-08-26,6,0.0,65.5
2023-08-26,7,0.0,64.0
2023-08-26,8,2.0,63.3
2023-08-26,9,90.0,65.8
2023-08-26,10,280.0,70.5
2023-08-26,11,480.0,74.3
2023-08-26,12,659.0,78.2
2023-08-26,13,796.0,81.6
2023-08-26,14,864.0,84.0
2023-08-26,15,891.0,85.6
2023-08-26,16,874.0,86.8
2023-08-26,17,674.0,86.4
2023-08-26,18,578.0,86.8
2023-08-26,19,389.0,88.9
2023-08-26,20,203.0,88.4
2023-08-26,21,40.0,85.7
2023-08-26,22,0.0,82.3
2023-08-26,23,0.0,79.3
2023-08-26,24,0.0,76.9
2023-08-27,1,0.0,74.9
2023-08-27,2,0.0,73.0
2023-08-27,3,0.0,71.0
2023-08-27,4,0.0,69.4
2023-08-27,5,0.0,68.4
2023-08-27,6,0.0,67.3
2023-08-27,7,0.0,64.5
2023-08-27,8,1.0,64.9
2023-08-27,9,91.0,67.2
2023-08-27,10,283.0,71.0
2023-08-27,11,486.0,75.3
2023-08-27,12,667.0,80.0
2023-08-27,13,806.0,83.2
2023-08-27,14,889.0,86.1
2023-08-27,15,910.0,88.2
2023-08-27,16,823.0,90.5
2023-08-27,17,691.0,91.9
2023-08-27,18,551.0,93.1
2023-08-27,19,400.0,93.9
2023-08-27,20,205.0,93.1
2023-08-27,21,41.0,88.6
2023-08-27,22,0.0,84.2
2023-08-27,23,0.0,81.1
2023-08-27,24,0.0,79.0
2023-08-28,1,0.0,76.4
2023-08-28,2,0.0,73.8
2023-08-28,3,0.0,71.7
2023-08-28,4,0.0,69.7
2023-08-28,5,0.0,67.3
2023-08-28,6,0.0,65.1
2023-08-28,7,0.0,64.3
2023-08-28,8,1.0,63.6
2023-08-28,9,89.0,65.8
2023-08-28,10,278.0,70.0
2023-08-28,11,488.0,74.8
2023-08-28,12,664.0,79.4
2023-08-28,13,765.0,83.4
2023-08-28,14,855.0,87.6
2023-08-28,15,881.0,91.2
2023-08-28,16,858.0,93.0
2023-08-28,17,774.0,94.3
2023-08-28,18,600.0,95.7
2023-08-28,19,392.0,95.5
2023-08-28,20,212.0,94.2
2023-08-28,21,41.0,90.9
2023-08-28,22,0.0,89.2
2023-08-28,23,0.0,84.4
2023-08-28,24,0.0,78.8
2023-08-29,1,0.0,76.4
2023-08-29,2,0.0,75.0
2023-08-29,3,0.0,72.9
2023-08-29,4,0.0,71.0
2023-08-29,5,0.0,68.7
2023-08-29,6,0.0,67.9
2023-08-29,7,0.0,64.7
2023-08-29,8,1.0,64.3
2023-08-29,9,90.0,68.0
2023-08-29,10,286.0,72.5
2023-08-29,11,491.0,77.1
2023-08-29,12,672.0,80.9
2023-08-29,13,810.0,84.7
2023-08-29,14,893.0,88.0
2023-08-29,15,916.0,90.1
2023-08-29,16,875.0,91.8
2023-08-29,17,774.0,92.8
2023-08-29,18,618.0,93.4
2023-08-29,19,424.0,93.0
2023-08-29,20,215.0,92.1
2023-08-29,21,39.0,89.2
2023-08-29,22,0.0,86.1
2023-08-29,23,0.0,82.4
2023-08-29,24,0.0,80.0
2023-08-30,1,0.0,80.1
2023-08-30,2,0.0,74.3
2023-08-30,3,0.0,72.6
2023-08-30,4,0.0,69.6
2023-08-30,5,0.0,67.5
2023-08-30,6,0.0,67.1
2023-08-30,7,0.0,66.7
2023-08-30,8,1.0,66.9
2023-08-30,9,86.0,70.0
2023-08-30,10,276.0,74.5
2023-08-30,11,484.0,80.1
2023-08-30,12,665.0,84.4
2023-08-30,13,804.0,86.7
2023-08-30,14,889.0,89.3
2023-08-30,15,912.0,92.2
2023-08-30,16,870.0,94.4
2023-08-30,17,770.0,96.3
2023-08-30,18,616.0,96.9
2023-08-30,19,421.0,95.7
2023-08-30,20,211.0,94.2
2023-08-30,21,36.0,90.4
2023-08-30,22,0.0,88.1
2023-08-30,23,0.0,89.7
2023-08-30,24,0.0,85.8
2023-08-31,1,0.0,83.8
2023-08-31,2,0.0,81.3
2023-08-31,3,0.0,79.0
2023-08-31,4,0.0,72.4
2023-08-31,5,0.0,69.8
2023-08-31,6,0.0,67.0
2023-08-31,7,0.0,67.8
2023-08-31,8,1.0,65.3
2023-08-31,9,86.0,68.6
2023-08-31,10,282.0,72.7
2023-08-31,11,488.0,77.2
2023-08-31,12,669.0,82.4
2023-08-31,13,810.0,87.7
2023-08-31,14,867.0,91.4
2023-08-31,15,899.0,94.5
2023-08-31,16,864.0,96.0
2023-08-31,17,754.0,96.0
2023-08-31,18,601.0,96.9
2023-08-31,19,393.0,97.3
2023-08-31,20,197.0,95.3
2023-08-31,21,33.0,92.3
2023-08-31,22,0.0,90.1
2023-08-31,23,0.0,89.2
2023-08-31,24,0.0,86.4
2023-09-01,1,0.0,82.0
2023-09-01,2,0.0,79.5
2023-09-01,3,0.0,77.7
2023-09-01,4,0.0,77.5
2023-09-01,5,0.0,76.3
2023-09-01,6,0.0,76.6
2023-09-01,7,0.0,71.9
2023-09-01,8,0.0,69.7
2023-09-01,9,74.0,71.6
2023-09-01,10,264.0,74.9
2023-09-01,11,467.0,78.6
2023-09-01,12,656.0,82.3
2023-09-01,13,759.0,84.8
2023-09-01,14,875.0,88.0
2023-09-01,15,819.0,89.4
2023-09-01,16,794.0,91.0
2023-09-01,17,626.0,92.2
2023-09-01,18,453.0,90.2
2023-09-01,19,225.0,88.3
2023-09-01,20,167.0,86.4
2023-09-01,21,26.0,83.8
2023-09-01,22,0.0,83.4
2023-09-01,23,0.0,81.5
2023-09-01,24,0.0,80.4
2023-09-02,1,0.0,79.4
2023-09-02,2,0.0,78.0
2023-09-02,3,0.0,77.5
2023-09-02,4,0.0,74.3
2023-09-02,5,0.0,73.0
2023-09-02,6,0.0,71.5
2023-09-02,7,0.0,70.3
2023-09-02,8,0.0,68.2
2023-09-02,9,66.0,68.9
2023-09-02,10,221.0,70.7
2023-09-02,11,382.0,73.6
2023-09-02,12,631.0,77.1
2023-09-02,13,759.0,79.8
2023-09-02,14,829.0,81.9
2023-09-02,15,830.0,83.1
2023-09-02,16,830.0,84.8
2023-09-02,17,730.0,86.0
2023-09-02,18,577.0,86.4
2023-09-02,19,384.0,88.1
2023-09-02,20,179.0,87.4
2023-09-02,21,23.0,86.5
2023-09-02,22,0.0,84.1
2023-09-02,23,0.0,82.6
2023-09-02,24,0.0,80.6
2023-09-03,1,0.0,77.2
2023-09-03,2,0.0,75.2
2023-09-03,3,0.0,73.8
2023-09-03,4,0.0,71.0
2023-09-03,5,0.0,69.0
2023-09-03,6,0.0,67.3
2023-09-03,7,0.0,66.0
2023-09-03,8,0.0,63.7
2023-09-03,9,70.0,65.7
2023-09-03,10,262.0,69.1
2023-09-03,11,462.0,73.0
2023-09-03,12,643.0,77.0
2023-09-03,13,782.0,81.1
2023-09-03,14,841.0,84.0
2023-09-03,15,867.0,85.6
2023-09-03,16,826.0,87.0
2023-09-03,17,712.0,88.3
2023-09-03,18,566.0,88.7
2023-09-03,19,377.0,88.9
2023-09-03,20,146.0,87.4
2023-09-03,21,24.0,85.3
2023-09-03,22,0.0,83.3
2023-09-03,23,0.0,81.6
2023-09-03,24,0.0,79.7
2023-09-04,1,0.0,78.1
2023-09-04,2,0.0,76.2
2023-09-04,3,0.0,74.0
2023-09-04,4,0.0,72.0
2023-09-04,5,0.0,69.5
2023-09-04,6,0.0,67.3
2023-09-04,7,0.0,65.8
2023-09-04,8,0.0,64.6
2023-09-04,9,78.0,67.0
2023-09-04,10,271.0,70.8
2023-09-04,11,476.0,75.0
2023-09-04,12,614.0,77.1
2023-09-04,13,723.0,80.5
2023-09-04,14,843.0,82.4
2023-09-04,15,821.0,84.3
2023-09-04,16,776.0,86.0
2023-09-04,17,664.0,87.2
2023-09-04,18,505.0,87.4
2023-09-04,19,309.0,82.8
2023-09-04,20,179.0,81.0
2023-09-04,21,23.0,80.3
2023-09-04,22,0.0,77.9
2023-09-04,23,0.0,75.5
2023-09-04,24,0.0,72.0
2023-09-05,1,0.0,72.7
2023-09-05,2,0.0,70.5
2023-09-05,3,0.0,66.5
2023-09-05,4,0.0,63.4
2023-09-05,5,0.0,61.7
2023-09-05,6,0.0,59.5
2023-09-05,7,0.0,57.6
2023-09-05,8,0.0,56.2
2023-09-05,9,77.0,59.5
2023-09-05,10,272.0,63.6
2023-09-05,11,479.0,68.5
2023-09-05,12,662.0,73.0
2023-09-05,13,801.0,76.9
2023-09-05,14,885.0,81.0
2023-09-05,15,907.0,84.0
2023-09-05,16,865.0,86.0
2023-09-05,17,761.0,86.5
2023-09-05,18,597.0,86.3
2023-09-05,19,393.0,86.5
2023-09-05,20,181.0,87.2
2023-09-05,21,22.0,85.7
2023-09-05,22,0.0,81.9
2023-09-05,23,0.0,80.0
2023-09-05,24,0.0,77.4
2023-09-06,1,0.0,77.6
2023-09-06,2,0.0,73.6
2023-09-06,3,0.0,72.7
2023-09-06,4,0.0,70.9
2023-09-06,5,0.0,69.4
2023-09-06,6,0.0,68.5
2023-09-06,7,0.0,65.7
2023-09-06,8,0.0,64.5
2023-09-06,9,77.0,62.3
2023-09-06,10,276.0,66.8
2023-09-06,11,485.0,71.5
2023-09-06,12,669.0,76.0
2023-09-06,13,807.0,79.3
2023-09-06,14,891.0,82.7
2023-09-06,15,913.0,86.0
2023-09-06,16,866.0,88.3
2023-09-06,17,754.0,89.2
2023-09-06,18,589.0,90.6
2023-09-06,19,392.0,90.9
2023-09-06,20,181.0,89.4
2023-09-06,21,21.0,86.4
2023-09-06,22,0.0,84.1
2023-09-06,23,0.0,81.7
2023-09-06,24,0.0,77.8
2023-09-07,1,0.0,74.3
2023-09-07,2,0.0,70.0
2023-09-07,3,0.0,69.8
2023-09-07,4,0.0,65.8
2023-09-07,5,0.0,64.2
2023-09-07,6,0.0,61.3
2023-09-07,7,0.0,62.8
2023-09-07,8,0.0,59.6
2023-09-07,9,73.0,62.2
2023-09-07,10,269.0,65.9
2023-09-07,11,479.0,70.0
2023-09-07,12,663.0,74.8
2023-09-07,13,802.0,80.2
2023-09-07,14,886.0,84.2
2023-09-07,15,906.0,87.1
2023-09-07,16,860.0,89.2
2023-09-07,17,753.0,90.4
2023-09-07,18,591.0,91.0
2023-09-07,19,390.0,90.0
2023-09-07,20,177.0,88.9
2023-09-07,21,19.0,85.5
2023-09-07,22,0.0,82.9
2023-09-07,23,0.0,79.7
2023-09-07,24,0.0,77.9
2023-09-08,1,0.0,75.4
2023-09-08,2,0.0,70.2
2023-09-08,3,0.0,67.0
2023-09-08,4,0.0,64.1
2023-09-08,5,0.0,62.8
2023-09-08,6,0.0,60.7
2023-09-08,7,0.0,62.3
2023-09-08,8,0.0,58.5
2023-09-08,9,72.0,60.9
2023-09-08,10,268.0,64.7
2023-09-08,11,478.0,69.1
2023-09-08,12,662.0,74.8
2023-09-08,13,802.0,80.1
2023-09-08,14,884.0,84.7
2023-09-08,15,901.0,88.0
2023-09-08,16,852.0,90.6
2023-09-08,17,744.0,93.3
2023-09-08,18,583.0,93.7
2023-09-08,19,381.0,92.0
2023-09-08,20,168.0,90.1
2023-09-08,21,17.0,87.2
2023-09-08,22,0.0,85.3
2023-09-08,23,0.0,81.0
2023-09-08,24,0.0,80.4
2023-09-09,1,0.0,75.9
2023-09-09,2,0.0,73.8
2023-09-09,3,0.0,70.6
2023-09-09,4,0.0,67.7
2023-09-09,5,0.0,64.9
2023-09-09,6,0.0,62.9
2023-09-09,7,0.0,60.4
2023-09-09,8,0.0,58.9
2023-09-09,9,68.0,61.6
2023-09-09,10,260.0,66.8
2023-09-09,11,466.0,71.6
2023-09-09,12,648.0,76.6
2023-09-09,13,785.0,81.2
2023-09-09,14,868.0,86.2
2023-09-09,15,883.0,89.7
2023-09-09,16,836.0,91.7
2023-09-09,17,728.0,92.5
2023-09-09,18,565.0,93.3
2023-09-09,19,359.0,91.9
2023-09-09,20,156.0,91.0
2023-09-09,21,15.0,86.7
2023-09-09,22,0.0,83.7
2023-09-09,23,0.0,81.7
2023-09-09,24,0.0,78.5
2023-09-10,1,0.0,75.0
2023-09-10,2,0.0,71.5
2023-09-10,3,0.0,71.3
2023-09-10,4,0.0,67.9
2023-09-10,5,0.0,66.9
2023-09-10,6,0.0,63.4
2023-09-10,7,0.0,62.8
2023-09-10,8,0.0,62.4
2023-09-10,9,52.0,63.7
2023-09-10,10,192.0,69.1
2023-09-10,11,442.0,74.5
2023-09-10,12,624.0,79.3
2023-09-10,13,731.0,83.3
2023-09-10,14,868.0,86.6
2023-09-10,15,844.0,89.0
2023-09-10,16,696.0,89.6
2023-09-10,17,671.0,91.3
2023-09-10,18,487.0,92.0
2023-09-10,19,181.0,85.1
2023-09-10,20,121.0,80.8
2023-09-10,21,5.0,73.7
2023-09-10,22,0.0,71.2
2023-09-10,23,0.0,70.2
2023-09-10,24,0.0,68.7
2023-09-11,1,0.0,67.7
2023-09-11,2,0.0,67.5
2023-09-11,3,0.0,65.1
2023-09-11,4,0.0,65.5
2023-09-11,5,0.0,63.6
2023-09-11,6,0.0,62.2
2023-09-11,7,0.0,64.9
2023-09-11,8,0.0,62.7
2023-09-11,9,58.0,63.7
2023-09-11,10,243.0,68.0
2023-09-11,11,447.0,71.6
2023-09-11,12,629.0,74.3
2023-09-11,13,761.0,77.0
2023-09-11,14,834.0,79.3
2023-09-11,15,827.0,81.0
2023-09-11,16,776.0,82.5
2023-09-11,17,664.0,83.8
2023-09-11,18,516.0,84.5
2023-09-11,19,335.0,83.3
2023-09-11,20,147.0,83.0
2023-09-11,21,11.0,81.6
2023-09-11,22,0.0,79.6
2023-09-11,23,0.0,76.7
2023-09-11,24,0.0,77.2
2023-09-12,1,0.0,72.6
2023-09-12,2,0.0,70.8
2023-09-12,3,0.0,68.0
2023-09-12,4,0.0,66.0
2023-09-12,5,0.0,65.3
2023-09-12,6,0.0,64.8
2023-09-12,7,0.0,66.0
2023-09-12,8,0.0,64.5
2023-09-12,9,38.0,66.6
2023-09-12,10,169.0,69.1
2023-09-12,11,370.0,72.2
2023-09-12,12,384.0,72.5
2023-09-12,13,249.0,73.3
2023-09-12,14,554.0,75.5
2023-09-12,15,618.0,75.9
2023-09-12,16,422.0,75.9
2023-09-12,17,616.0,78.2
2023-09-12,18,352.0,78.5
2023-09-12,19,275.0,73.8
2023-09-12,20,41.0,73.9
2023-09-12,21,7.0,72.8
2023-09-12,22,0.0,71.6
2023-09-12,23,0.0,70.3
2023-09-12,24,0.0,68.5
2023-09-13,1,0.0,67.5
2023-09-13,2,0.0,65.4
2023-09-13,3,0.0,64.9
2023-09-13,4,0.0,64.2
2023-09-13,5,0.0,62.2
2023-09-13,6,0.0,62.2
2023-09-13,7,0.0,59.5
2023-09-13,8,0.0,58.4
2023-09-13,9,56.0,60.0
2023-09-13,10,226.0,63.5
2023-09-13,11,428.0,66.7
2023-09-13,12,611.0,69.4
2023-09-13,13,693.0,70.8
2023-09-13,14,747.0,72.6
2023-09-13,15,799.0,74.9
2023-09-13,16,739.0,76.4
2023-09-13,17,628.0,77.0
2023-09-13,18,458.0,77.5
2023-09-13,19,286.0,77.4
2023-09-13,20,133.0,76.4
2023-09-13,21,8.0,74.0
2023-09-13,22,0.0,72.1
2023-09-13,23,0.0,70.3
2023-09-13,24,0.0,68.2
2023-09-14,1,0.0,66.1
2023-09-14,2,0.0,64.0
2023-09-14,3,0.0,62.4
2023-09-14,4,0.0,61.3
2023-09-14,5,0.0,59.5
2023-09-14,6,0.0,57.7
2023-09-14,7,0.0,56.5
2023-09-14,8,0.0,55.9
2023-09-14,9,45.0,57.4
2023-09-14,10,201.0,61.2
2023-09-14,11,327.0,64.4
2023-09-14,12,576.0,68.2
2023-09-14,13,558.0,70.6
2023-09-14,14,827.0,75.0
2023-09-14,15,837.0,77.0
2023-09-14,16,649.0,74.9
2023-09-14,17,414.0,74.8
2023-09-14,18,401.0,75.5
2023-09-14,19,280.0,74.8
2023-09-14,20,88.0,74.4
2023-09-14,21,6.0,68.8
2023-09-14,22,0.0,66.2
2023-09-14,23,0.0,66.0
2023-09-14,24,0.0,65.4
2023-09-15,1,0.0,63.3
2023-09-15,2,0.0,61.5
2023-09-15,3,0.0,60.4
2023-09-15,4,0.0,59.1
2023-09-15,5,0.0,58.1
2023-09-15,6,0.0,56.9
2023-09-15,7,0.0,57.0
2023-09-15,8,0.0,56.0
2023-09-15,9,44.0,56.8
2023-09-15,10,222.0,60.0
2023-09-15,11,428.0,63.6
2023-09-15,12,609.0,66.8
2023-09-15,13,740.0,69.1
2023-09-15,14,808.0,70.7
2023-09-15,15,814.0,72.0
2023-09-15,16,720.0,74.4
2023-09-15,17,531.0,67.5
2023-09-15,18,209.0,67.7
2023-09-15,19,218.0,71.1
2023-09-15,20,117.0,69.6
2023-09-15,21,6.0,67.2
2023-09-15,22,0.0,65.5
2023-09-15,23,0.0,63.1
2023-09-15,24,0.0,61.4
2023-09-16,1,0.0,59.4
2023-09-16,2,0.0,57.4
2023-09-16,3,0.0,55.3
2023-09-16,4,0.0,53.9
2023-09-16,5,0.0,52.8
2023-09-16,6,0.0,52.0
2023-09-16,7,0.0,50.9
2023-09-16,8,0.0,50.5
2023-09-16,9,53.0,53.0
2023-09-16,10,233.0,57.5
2023-09-16,11,435.0,61.8
2023-09-16,12,614.0,65.8
2023-09-16,13,749.0,69.0
2023-09-16,14,827.0,71.5
2023-09-16,15,845.0,73.6
2023-09-16,16,797.0,75.2
2023-09-16,17,682.0,75.9
2023-09-16,18,521.0,76.6
2023-09-16,19,325.0,76.5
2023-09-16,20,126.0,75.5
2023-09-16,21,6.0,72.2
2023-09-16,22,0.0,71.2
2023-09-16,23,0.0,69.0
2023-09-16,24,0.0,65.9
2023-09-17,1,0.0,62.5
2023-09-17,2,0.0,59.7
2023-09-17,3,0.0,57.7
2023-09-17,4,0.0,55.8
2023-09-17,5,0.0,55.3
2023-09-17,6,0.0,54.1
2023-09-17,7,0.0,52.4
2023-09-17,8,0.0,52.7
2023-09-17,9,46.0,55.2
2023-09-17,10,214.0,61.0
2023-09-17,11,426.0,64.8
2023-09-17,12,611.0,69.3
2023-09-17,13,729.0,73.6
2023-09-17,14,827.0,76.8
2023-09-17,15,850.0,79.2
2023-09-17,16,803.0,80.8
2023-09-17,17,681.0,81.6
2023-09-17,18,499.0,81.9
2023-09-17,19,318.0,83.8
2023-09-17,20,112.0,82.1
2023-09-17,21,5.0,78.9
2023-09-17,22,0.0,74.7
2023-09-17,23,0.0,71.0
2023-09-17,24,0.0,71.6
2023-09-18,1,0.0,67.7
2023-09-18,2,0.0,66.5
2023-09-18,3,0.0,63.8
2023-09-18,4,0.0,61.0
2023-09-18,5,0.0,59.5
2023-09-18,6,0.0,58.6
2023-09-18,7,0.0,58.7
2023-09-18,8,0.0,56.9
2023-09-18,9,41.0,59.3
2023-09-18,10,204.0,62.1
2023-09-18,11,413.0,66.5
2023-09-18,12,601.0,71.5
2023-09-18,13,744.0,75.8
2023-09-18,14,816.0,78.8
2023-09-18,15,809.0,79.9
2023-09-18,16,587.0,78.5
2023-09-18,17,594.0,82.0
2023-09-18,18,416.0,81.1
2023-09-18,19,222.0,80.7
2023-09-18,20,108.0,73.5
2023-09-18,21,4.0,72.0
2023-09-18,22,0.0,70.1
2023-09-18,23,0.0,69.4
2023-09-18,24,0.0,67.6
2023-09-19,1,0.0,65.1
2023-09-19,2,0.0,63.8
2023-09-19,3,0.0,63.4
2023-09-19,4,0.0,61.7
2023-09-19,5,0.0,58.4
2023-09-19,6,0.0,56.3
2023-09-19,7,0.0,54.5
2023-09-19,8,0.0,53.5
2023-09-19,9,46.0,56.5
2023-09-19,10,224.0,60.2
2023-09-19,11,426.0,64.2
2023-09-19,12,608.0,68.4
2023-09-19,13,746.0,72.0
2023-09-19,14,828.0,75.1
2023-09-19,15,845.0,77.7
2023-09-19,16,744.0,79.3
2023-09-19,17,538.0,80.1
2023-09-19,18,498.0,80.7
2023-09-19,19,311.0,82.6
2023-09-19,20,115.0,81.1
2023-09-19,21,3.0,78.4
2023-09-19,22,0.0,76.5
2023-09-19,23,0.0,74.2
2023-09-19,24,0.0,69.2
2023-09-20,1,0.0,65.9
2023-09-20,2,0.0,64.8
2023-09-20,3,0.0,62.5
2023-09-20,4,0.0,59.7
2023-09-20,5,0.0,57.1
2023-09-20,6,0.0,55.3
2023-09-20,7,0.0,54.1
2023-09-20,8,0.0,52.2
2023-09-20,9,48.0,54.7
2023-09-20,10,232.0,58.3
2023-09-20,11,442.0,62.4
2023-09-20,12,608.0,67.5
2023-09-20,13,703.0,72.1
2023-09-20,14,733.0,75.7
2023-09-20,15,705.0,80.4
2023-09-20,16,653.0,82.3
2023-09-20,17,477.0,82.4
2023-09-20,18,475.0,85.5
2023-09-20,19,259.0,83.8
2023-09-20,20,112.0,79.8
2023-09-20,21,3.0,76.0
2023-09-20,22,0.0,73.7
2023-09-20,23,0.0,72.6
2023-09-20,24,0.0,70.1
2023-09-21,1,0.0,68.4
2023-09-21,2,0.0,65.4
2023-09-21,3,0.0,61.5
2023-09-21,4,0.0,59.2
2023-09-21,5,0.0,61.8
2023-09-21,6,0.0,60.9
2023-09-21,7,0.0,59.8
2023-09-21,8,0.0,58.4
2023-09-21,9,46.0,59.5
2023-09-21,10,230.0,63.6
2023-09-21,11,437.0,68.2
2023-09-21,12,619.0,73.3
2023-09-21,13,757.0,76.6
2023-09-21,14,841.0,78.7
2023-09-21,15,855.0,81.5
2023-09-21,16,807.0,83.4
2023-09-21,17,693.0,83.9
2023-09-21,18,527.0,83.3
2023-09-21,19,318.0,82.6
2023-09-21,20,111.0,80.2
2023-09-21,21,2.0,76.6
2023-09-21,22,0.0,75.1
2023-09-21,23,0.0,73.7
2023-09-21,24,0.0,71.2
2023-09-22,1,0.0,68.5
2023-09-22,2,0.0,66.7
2023-09-22,3,0.0,65.1
2023-09-22,4,0.0,63.1
2023-09-22,5,0.0,60.9
2023-09-22,6,0.0,57.7
2023-09-22,7,0.0,57.7
2023-09-22,8,0.0,59.6
2023-09-22,9,46.0,57.2
2023-09-22,10,231.0,62.2
2023-09-22,11,440.0,65.3
2023-09-22,12,620.0,69.1
2023-09-22,13,759.0,73.9
2023-09-22,14,838.0,77.5
2023-09-22,15,850.0,79.6
2023-09-22,16,780.0,82.0
2023-09-22,17,667.0,83.2
2023-09-22,18,515.0,83.3
2023-09-22,19,311.0,81.1
2023-09-22,20,102.0,79.3
2023-09-22,21,2.0,75.8
2023-09-22,22,0.0,72.8
2023-09-22,23,0.0,71.1
2023-09-22,24,0.0,68.7
2023-09-23,1,0.0,66.4
2023-09-23,2,0.0,65.4
2023-09-23,3,0.0,68.6
2023-09-23,4,0.0,65.7
2023-09-23,5,0.0,65.1
2023-09-23,6,0.0,61.1
2023-09-23,7,0.0,60.6
2023-09-23,8,0.0,60.0
2023-09-23,9,38.0,59.5
2023-09-23,10,180.0,62.9
2023-09-23,11,349.0,66.7
2023-09-23,12,466.0,69.9
2023-09-23,13,560.0,72.1
2023-09-23,14,357.0,72.1
2023-09-23,15,568.0,74.1
2023-09-23,16,406.0,74.1
2023-09-23,17,335.0,72.0
2023-09-23,18,353.0,72.5
2023-09-23,19,163.0,73.9
2023-09-23,20,80.0,70.9
2023-09-23,21,1.0,68.4
2023-09-23,22,0.0,63.4
2023-09-23,23,0.0,62.4
2023-09-23,24,0.0,61.3
2023-09-24,1,0.0,59.8
2023-09-24,2,0.0,59.1
2023-09-24,3,0.0,57.5
2023-09-24,4,0.0,56.3
2023-09-24,5,0.0,55.8
2023-09-24,6,0.0,54.0
2023-09-24,7,0.0,52.6
2023-09-24,8,0.0,51.0
2023-09-24,9,39.0,52.2
2023-09-24,10,214.0,55.9
2023-09-24,11,417.0,59.3
2023-09-24,12,597.0,62.6
2023-09-24,13,733.0,65.3
2023-09-24,14,811.0,67.9
2023-09-24,15,826.0,70.6
2023-09-24,16,771.0,72.7
2023-09-24,17,652.0,73.7
2023-09-24,18,481.0,74.2
2023-09-24,19,285.0,73.4
2023-09-24,20,91.0,69.8
2023-09-24,21,1.0,66.5
2023-09-24,22,0.0,67.2
2023-09-24,23,0.0,65.8
2023-09-24,24,0.0,64.5
2023-09-25,1,0.0,59.9
2023-09-25,2,0.0,55.9
2023-09-25,3,0.0,54.2
2023-09-25,4,0.0,52.5
2023-09-25,5,0.0,50.7
2023-09-25,6,0.0,48.9
2023-09-25,7,0.0,47.6
2023-09-25,8,0.0,46.1
2023-09-25,9,40.0,47.8
2023-09-25,10,219.0,53.0
2023-09-25,11,424.0,58.5
2023-09-25,12,605.0,63.3
2023-09-25,13,741.0,67.7
2023-09-25,14,818.0,71.5
2023-09-25,15,830.0,74.8
2023-09-25,16,776.0,76.9
2023-09-25,17,660.0,78.2
2023-09-25,18,494.0,78.5
2023-09-25,19,293.0,77.7
2023-09-25,20,91.0,74.4
2023-09-25,21,1.0,74.7
2023-09-25,22,0.0,73.1
2023-09-25,23,0.0,65.9
2023-09-25,24,0.0,61.9
2023-09-26,1,0.0,58.7
2023-09-26,2,0.0,56.6
2023-09-26,3,0.0,55.1
2023-09-26,4,0.0,52.7
2023-09-26,5,0.0,51.1
2023-09-26,6,0.0,50.1
2023-09-26,7,0.0,52.4
2023-09-26,8,0.0,50.2
2023-09-26,9,38.0,50.5
2023-09-26,10,213.0,55.0
2023-09-26,11,416.0,59.8
2023-09-26,12,595.0,64.7
2023-09-26,13,731.0,69.4
2023-09-26,14,809.0,73.4
2023-09-26,15,822.0,76.4
2023-09-26,16,768.0,78.1
2023-09-26,17,652.0,79.5
2023-09-26,18,485.0,80.3
2023-09-26,19,285.0,80.5
2023-09-26,20,85.0,75.6
2023-09-26,21,0.0,74.8
2023-09-26,22,0.0,74.4
2023-09-26,23,0.0,72.5
2023-09-26,24,0.0,68.0
2023-09-27,1,0.0,62.1
2023-09-27,2,0.0,58.6
2023-09-27,3,0.0,59.3
2023-09-27,4,0.0,55.5
2023-09-27,5,0.0,54.5
2023-09-27,6,0.0,53.0
2023-09-27,7,0.0,50.2
2023-09-27,8,0.0,47.8
2023-09-27,9,37.0,49.6
2023-09-27,10,213.0,54.4
2023-09-27,11,418.0,59.2
2023-09-27,12,599.0,64.5
2023-09-27,13,735.0,69.4
2023-09-27,14,812.0,73.5
2023-09-27,15,824.0,76.6
2023-09-27,16,768.0,78.9
2023-09-27,17,649.0,80.6
2023-09-27,18,480.0,81.1
2023-09-27,19,278.0,81.9
2023-09-27,20,80.0,75.9
2023-09-27,21,0.0,73.4
2023-09-27,22,0.0,70.8
2023-09-27,23,0.0,70.0
2023-09-27,24,0.0,65.5
2023-09-28,1,0.0,62.2
2023-09-28,2,0.0,60.8
2023-09-28,3,0.0,58.6
2023-09-28,4,0.0,58.4
2023-09-28,5,0.0,57.8
2023-09-28,6,0.0,59.2
2023-09-28,7,0.0,57.4
2023-09-28,8,0.0,56.7
2023-09-28,9,36.0,54.2
2023-09-28,10,213.0,57.6
2023-09-28,11,419.0,61.8
2023-09-28,12,599.0,66.6
2023-09-28,13,733.0,70.7
2023-09-28,14,808.0,75.2
2023-09-28,15,818.0,79.8
2023-09-28,16,762.0,83.5
2023-09-28,17,643.0,84.9
2023-09-28,18,474.0,84.6
2023-09-28,19,274.0,83.7
2023-09-28,20,77.0,79.3
2023-09-28,21,0.0,75.4
2023-09-28,22,0.0,72.1
2023-09-28,23,0.0,74.8
2023-09-28,24,0.0,66.5
2023-09-29,1,0.0,67.6
2023-09-29,2,0.0,66.4
2023-09-29,3,0.0,64.9
2023-09-29,4,0.0,63.3
2023-09-29,5,0.0,61.7
2023-09-29,6,0.0,60.6
2023-09-29,7,0.0,59.0
2023-09-29,8,0.0,55.9
2023-09-29,9,34.0,53.2
2023-09-29,10,208.0,59.1
2023-09-29,11,413.0,64.0
2023-09-29,12,592.0,68.3
2023-09-29,13,726.0,72.2
2023-09-29,14,803.0,76.3
2023-09-29,15,813.0,79.6
2023-09-29,16,757.0,81.8
2023-09-29,17,638.0,83.4
2023-09-29,18,464.0,86.3
2023-09-29,19,265.0,86.3
2023-09-29,20,72.0,82.0
2023-09-29,21,0.0,76.2
2023-09-29,22,0.0,73.3
2023-09-29,23,0.0,70.5
2023-09-29,24,0.0,71.1
2023-09-30,1,0.0,68.7
2023-09-30,2,0.0,66.2
2023-09-30,3,0.0,63.1
2023-09-30,4,0.0,59.7
2023-09-30,5,0.0,65.7
2023-09-30,6,0.0,65.2
2023-09-30,7,0.0,59.0
2023-09-30,8,0.0,57.8
2023-09-30,9,21.0,57.7
2023-09-30,10,154.0,61.1
2023-09-30,11,336.0,66.0
2023-09-30,12,518.0,72.5
2023-09-30,13,710.0,81.6
2023-09-30,14,784.0,83.1
2023-09-30,15,757.0,85.1
2023-09-30,16,691.0,85.5
2023-09-30,17,577.0,86.8
2023-09-30,18,304.0,85.7
2023-09-30,19,222.0,85.1
2023-09-30,20,66.0,81.1
2023-09-30,21,0.0,77.5
2023-09-30,22,0.0,76.6
2023-09-30,23,0.0,73.4
2023-09-30,24,0.0,69.4
2023-10-01,1,0.0,69.4
2023-10-01,2,0.0,68.8
2023-10-01,3,0.0,67.6
2023-10-01,4,0.0,66.1
2023-10-01,5,0.0,65.1
2023-10-01,6,0.0,64.0
2023-10-01,7,0.0,64.9
2023-10-01,8,0.0,65.3
2023-10-01,9,27.0,64.8
2023-10-01,10,152.0,66.0
2023-10-01,11,310.0,66.6
2023-10-01,12,537.0,71.2
2023-10-01,13,608.0,73.2
2023-10-01,14,544.0,74.3
2023-10-01,15,548.0,76.0
2023-10-01,16,350.0,75.4
2023-10-01,17,277.0,76.7
2023-10-01,18,210.0,76.1
2023-10-01,19,160.0,76.8
2023-10-01,20,38.0,73.1
2023-10-01,21,0.0,69.6
2023-10-01,22,0.0,66.9
2023-10-01,23,0.0,69.1
2023-10-01,24,0.0,63.0
2023-10-02,1,0.0,57.7
2023-10-02,2,0.0,56.2
2023-10-02,3,0.0,54.8
2023-10-02,4,0.0,54.9
2023-10-02,5,0.0,54.1
2023-10-02,6,0.0,52.7
2023-10-02,7,0.0,52.4
2023-10-02,8,0.0,53.0
2023-10-02,9,23.0,51.9
2023-10-02,10,168.0,56.1
2023-10-02,11,369.0,59.8
2023-10-02,12,457.0,61.4
2023-10-02,13,574.0,63.2
2023-10-02,14,747.0,66.6
2023-10-02,15,728.0,67.9
2023-10-02,16,711.0,68.8
2023-10-02,17,586.0,68.6
2023-10-02,18,419.0,67.2
2023-10-02,19,205.0,64.2
2023-10-02,20,58.0,61.3
2023-10-02,21,0.0,58.9
2023-10-02,22,0.0,56.7
2023-10-02,23,0.0,58.2
2023-10-02,24,0.0,54.2
2023-10-03,1,0.0,53.6
2023-10-03,2,0.0,51.0
2023-10-03,3,0.0,51.3
2023-10-03,4,0.0,48.0
2023-10-03,5,0.0,46.0
2023-10-03,6,0.0,44.2
2023-10-03,7,0.0,44.4
2023-10-03,8,0.0,45.2
2023-10-03,9,27.0,44.7
2023-10-03,10,192.0,48.2
2023-10-03,11,394.0,51.3
2023-10-03,12,572.0,54.4
2023-10-03,13,701.0,58.1
2023-10-03,14,769.0,61.1
2023-10-03,15,779.0,63.2
2023-10-03,16,726.0,64.5
2023-10-03,17,603.0,65.6
2023-10-03,18,441.0,65.8
2023-10-03,19,243.0,66.0
2023-10-03,20,51.0,62.4
2023-10-03,21,0.0,60.9
2023-10-03,22,0.0,62.2
2023-10-03,23,0.0,60.7
2023-10-03,24,0.0,54.9
2023-10-04,1,0.0,51.6
2023-10-04,2,0.0,49.0
2023-10-04,3,0.0,47.8
2023-10-04,4,0.0,46.9
2023-10-04,5,0.0,46.4
2023-10-04,6,0.0,47.8
2023-10-04,7,0.0,46.2
2023-10-04,8,0.0,45.4
2023-10-04,9,26.0,44.2
2023-10-04,10,186.0,47.8
2023-10-04,11,385.0,52.7
2023-10-04,12,564.0,58.0
2023-10-04,13,696.0,62.9
2023-10-04,14,770.0,66.2
2023-10-04,15,781.0,68.4
2023-10-04,16,727.0,69.9
2023-10-04,17,607.0,70.9
2023-10-04,18,436.0,70.8
2023-10-04,19,237.0,70.7
2023-10-04,20,52.0,67.0
2023-10-04,21,0.0,64.1
2023-10-04,22,0.0,61.0
2023-10-04,23,0.0,57.9
2023-10-04,24,0.0,55.5
2023-10-05,1,0.0,52.3
2023-10-05,2,0.0,51.5
2023-10-05,3,0.0,49.0
2023-10-05,4,0.0,47.4
2023-10-05,5,0.0,45.8
2023-10-05,6,0.0,44.2
2023-10-05,7,0.0,44.5
2023-10-05,8,0.0,43.3
2023-10-05,9,25.0,44.1
2023-10-05,10,186.0,49.4
2023-10-05,11,386.0,54.9
2023-10-05,12,563.0,59.4
2023-10-05,13,695.0,64.2
2023-10-05,14,769.0,68.5
2023-10-05,15,778.0,72.0
2023-10-05,16,720.0,74.3
2023-10-05,17,600.0,75.7
2023-10-05,18,430.0,75.9
2023-10-05,19,231.0,76.0
2023-10-05,20,49.0,72.5
2023-10-05,21,0.0,69.1
2023-10-05,22,0.0,66.2
2023-10-05,23,0.0,62.0
2023-10-05,24,0.0,58.6
2023-10-06,1,0.0,56.1
2023-10-06,2,0.0,53.8
2023-10-06,3,0.0,51.8
2023-10-06,4,0.0,50.2
2023-10-06,5,0.0,48.1
2023-10-06,6,0.0,46.9
2023-10-06,7,0.0,47.5
2023-10-06,8,0.0,44.2
2023-10-06,9,24.0,45.2
2023-10-06,10,184.0,50.4
2023-10-06,11,385.0,55.6
2023-10-06,12,562.0,60.1
2023-10-06,13,694.0,64.3
2023-10-06,14,767.0,68.4
2023-10-06,15,775.0,71.4
2023-10-06,16,717.0,73.6
2023-10-06,17,597.0,75.4
2023-10-06,18,428.0,76.4
2023-10-06,19,228.0,76.8
2023-10-06,20,46.0,75.5
2023-10-06,21,0.0,73.5
2023-10-06,22,0.0,67.9
2023-10-06,23,0.0,63.7
2023-10-06,24,0.0,60.2
2023-10-07,1,0.0,57.4
2023-10-07,2,0.0,55.1
2023-10-07,3,0.0,53.2
2023-10-07,4,0.0,52.1
2023-10-07,5,0.0,51.0
2023-10-07,6,0.0,51.0
2023-10-07,7,0.0,50.0
2023-10-07,8,0.0,48.9
2023-10-07,9,22.0,51.5
2023-10-07,10,178.0,57.0
2023-10-07,11,375.0,61.3
2023-10-07,12,549.0,66.5
2023-10-07,13,679.0,71.0
2023-10-07,14,750.0,73.9
2023-10-07,15,757.0,75.8
2023-10-07,16,699.0,77.2
2023-10-07,17,582.0,77.8
2023-10-07,18,416.0,78.2
2023-10-07,19,220.0,78.7
2023-10-07,20,43.0,77.5
2023-10-07,21,0.0,71.7
2023-10-07,22,0.0,69.0
2023-10-07,23,0.0,65.7
2023-10-07,24,0.0,62.5
2023-10-08,1,0.0,59.1
2023-10-08,2,0.0,56.4
2023-10-08,3,0.0,54.1
2023-10-08,4,0.0,52.3
2023-10-08,5,0.0,50.4
2023-10-08,6,0.0,48.8
2023-10-08,7,0.0,48.7
2023-10-08,8,0.0,46.3
2023-10-08,9,21.0,46.5
2023-10-08,10,176.0,51.6
2023-10-08,11,374.0,57.1
2023-10-08,12,550.0,61.9
2023-10-08,13,680.0,66.5
2023-10-08,14,753.0,70.6
2023-10-08,15,761.0,74.6
2023-10-08,16,704.0,78.5
2023-10-08,17,583.0,80.1
2023-10-08,18,415.0,80.3
2023-10-08,19,216.0,79.3
2023-10-08,20,40.0,76.2
2023-10-08,21,0.0,73.5
2023-10-08,22,0.0,71.2
2023-10-08,23,0.0,67.2
2023-10-08,24,0.0,64.1
2023-10-09,1,0.0,60.3
2023-10-09,2,0.0,56.9
2023-10-09,3,0.0,54.4
2023-10-09,4,0.0,52.9
2023-10-09,5,0.0,51.6
2023-10-09,6,0.0,49.4
2023-10-09,7,0.0,49.8
2023-10-09,8,0.0,50.5
2023-10-09,9,20.0,49.3
2023-10-09,10,176.0,52.7
2023-10-09,11,376.0,56.7
2023-10-09,12,553.0,61.2
2023-10-09,13,683.0,65.8
2023-10-09,14,755.0,70.1
2023-10-09,15,763.0,74.6
2023-10-09,16,705.0,78.3
2023-10-09,17,583.0,79.4
2023-10-09,18,412.0,79.4
2023-10-09,19,212.0,79.3
2023-10-09,20,37.0,73.9
2023-10-09,21,0.0,72.2
2023-10-09,22,0.0,67.8
2023-10-09,23,0.0,65.6
2023-10-09,24,0.0,64.5
2023-10-10,1,0.0,62.0
2023-10-10,2,0.0,58.2
2023-10-10,3,0.0,55.0
2023-10-10,4,0.0,53.8
2023-10-10,5,0.0,52.7
2023-10-10,6,0.0,51.5
2023-10-10,7,0.0,50.2
2023-10-10,8,0.0,48.7
2023-10-10,9,14.0,51.1
2023-10-10,10,119.0,54.7
2023-10-10,11,334.0,59.4
2023-10-10,12,535.0,64.2
2023-10-10,13,669.0,68.5
2023-10-10,14,737.0,71.9
2023-10-10,15,745.0,74.8
2023-10-10,16,683.0,77.0
2023-10-10,17,574.0,78.5
2023-10-10,18,357.0,79.0
2023-10-10,19,181.0,79.4
2023-10-10,20,28.0,76.8
2023-10-10,21,0.0,74.0
2023-10-10,22,0.0,71.2
2023-10-10,23,0.0,69.5
2023-10-10,24,0.0,69.0
2023-10-11,1,0.0,66.9
2023-10-11,2,0.0,65.3
2023-10-11,3,0.0,63.5
2023-10-11,4,0.0,61.6
2023-10-11,5,0.0,60.3
2023-10-11,6,0.0,58.7
2023-10-11,7,0.0,57.6
2023-10-11,8,0.0,56.5
2023-10-11,9,17.0,56.5
2023-10-11,10,165.0,60.5
2023-10-11,11,360.0,64.4
2023-10-11,12,535.0,68.8
2023-10-11,13,666.0,73.7
2023-10-11,14,707.0,75.3
2023-10-11,15,583.0,75.4
2023-10-11,16,688.0,75.8
2023-10-11,17,570.0,75.7
2023-10-11,18,405.0,74.5
2023-10-11,19,208.0,71.7
2023-10-11,20,33.0,68.4
2023-10-11,21,0.0,65.3
2023-10-11,22,0.0,60.8
2023-10-11,23,0.0,58.2
2023-10-11,24,0.0,55.9
2023-10-12,1,0.0,54.3
2023-10-12,2,0.0,53.2
2023-10-12,3,0.0,51.4
2023-10-12,4,0.0,49.8
2023-10-12,5,0.0,48.4
2023-10-12,6,0.0,46.6
2023-10-12,7,0.0,46.7
2023-10-12,8,0.0,45.7
2023-10-12,9,17.0,46.4
2023-10-12,10,168.0,50.2
2023-10-12,11,368.0,54.1
2023-10-12,12,546.0,56.8
2023-10-12,13,678.0,58.5
2023-10-12,14,751.0,60.1
2023-10-12,15,754.0,61.4
2023-10-12,16,652.0,62.9
2023-10-12,17,558.0,64.8
2023-10-12,18,361.0,65.8
2023-10-12,19,157.0,61.2
2023-10-12,20,29.0,59.0
2023-10-12,21,0.0,57.2
2023-10-12,22,0.0,55.1
2023-10-12,23,0.0,53.5
2023-10-12,24,0.0,52.5
2023-10-13,1,0.0,51.3
2023-10-13,2,0.0,49.6
2023-10-13,3,0.0,47.5
2023-10-13,4,0.0,44.9
2023-10-13,5,0.0,44.2
2023-10-13,6,0.0,43.9
2023-10-13,7,0.0,39.7
2023-10-13,8,0.0,37.9
2023-10-13,9,16.0,39.1
2023-10-13,10,163.0,44.0
2023-10-13,11,360.0,48.4
2023-10-13,12,535.0,53.0
2023-10-13,13,666.0,56.5
2023-10-13,14,738.0,58.8
2023-10-13,15,744.0,60.5
2023-10-13,16,685.0,62.0
2023-10-13,17,564.0,63.1
2023-10-13,18,394.0,63.4
2023-10-13,19,195.0,63.1
2023-10-13,20,27.0,60.5
2023-10-13,21,0.0,59.5
2023-10-13,22,0.0,57.0
2023-10-13,23,0.0,54.0
2023-10-13,24,0.0,55.5
2023-10-14,1,0.0,51.1
2023-10-14,2,0.0,49.4
2023-10-14,3,0.0,47.7
2023-10-14,4,0.0,46.9
2023-10-14,5,0.0,45.1
2023-10-14,6,0.0,43.7
2023-10-14,7,0.0,40.9
2023-10-14,8,0.0,39.7
2023-10-14,9,15.0,40.1
2023-10-14,10,160.0,45.3
2023-10-14,11,358.0,51.8
2023-10-14,12,533.0,55.9
2023-10-14,13,661.0,59.9
2023-10-14,14,731.0,63.3
2023-10-14,15,736.0,65.5
2023-10-14,16,674.0,67.2
2023-10-14,17,554.0,68.7
2023-10-14,18,385.0,69.3
2023-10-14,19,188.0,68.0
2023-10-14,20,25.0,66.9
2023-10-14,21,0.0,66.1
2023-10-14,22,0.0,64.4
2023-10-14,23,0.0,62.5
2023-10-14,24,0.0,54.5
2023-10-15,1,0.0,51.8
2023-10-15,2,0.0,48.8
2023-10-15,3,0.0,46.9
2023-10-15,4,0.0,45.2
2023-10-15,5,0.0,44.1
2023-10-15,6,0.0,43.8
2023-10-15,7,0.0,41.8
2023-10-15,8,0.0,39.5
2023-10-15,9,14.0,38.9
2023-10-15,10,157.0,43.7
2023-10-15,11,353.0,49.1
2023-10-15,12,527.0,54.4
2023-10-15,13,655.0,59.5
2023-10-15,14,724.0,64.3
2023-10-15,15,729.0,68.7
2023-10-15,16,667.0,71.4
2023-10-15,17,546.0,73.0
2023-10-15,18,376.0,73.7
2023-10-15,19,181.0,73.7
2023-10-15,20,23.0,68.5
2023-10-15,21,0.0,65.6
2023-10-15,22,0.0,63.5
2023-10-15,23,0.0,60.6
2023-10-15,24,0.0,57.5
2023-10-16,1,0.0,54.8
2023-10-16,2,0.0,52.3
2023-10-16,3,0.0,50.1
2023-10-16,4,0.0,49.0
2023-10-16,5,0.0,51.2
2023-10-16,6,0.0,50.5
2023-10-16,7,0.0,47.5
2023-10-16,8,0.0,46.4
2023-10-16,9,12.0,46.5
2023-10-16,10,151.0,48.6
2023-10-16,11,345.0,52.7
2023-10-16,12,518.0,57.2
2023-10-16,13,645.0,61.7
2023-10-16,14,714.0,65.5
2023-10-16,15,719.0,68.5
2023-10-16,16,659.0,71.1
2023-10-16,17,539.0,73.0
2023-10-16,18,371.0,73.9
2023-10-16,19,177.0,73.8
2023-10-16,20,21.0,68.9
2023-10-16,21,0.0,65.8
2023-10-16,22,0.0,65.0
2023-10-16,23,0.0,66.3
2023-10-16,24,0.0,59.5
2023-10-17,1,0.0,55.7
2023-10-17,2,0.0,53.0
2023-10-17,3,0.0,50.5
2023-10-17,4,0.0,48.6
2023-10-17,5,0.0,47.2
2023-10-17,6,0.0,46.5
2023-10-17,7,0.0,46.0
2023-10-17,8,0.0,41.7
2023-10-17,9,12.0,41.8
2023-10-17,10,150.0,47.4
2023-10-17,11,345.0,53.6
2023-10-17,12,519.0,58.9
2023-10-17,13,646.0,63.9
2023-10-17,14,714.0,67.8
2023-10-17,15,719.0,70.9
2023-10-17,16,657.0,73.7
2023-10-17,17,536.0,76.2
2023-10-17,18,367.0,77.7
2023-10-17,19,173.0,77.6
2023-10-17,20,20.0,72.2
2023-10-17,21,0.0,69.2
2023-10-17,22,0.0,71.6
2023-10-17,23,0.0,63.5
2023-10-17,24,0.0,59.9
2023-10-18,1,0.0,57.0
2023-10-18,2,0.0,54.5
2023-10-18,3,0.0,52.9
2023-10-18,4,0.0,51.0
2023-10-18,5,0.0,49.6
2023-10-18,6,0.0,49.4
2023-10-18,7,0.0,47.4
2023-10-18,8,0.0,50.5
2023-10-18,9,11.0,49.8
2023-10-18,10,147.0,50.5
2023-10-18,11,342.0,54.6
2023-10-18,12,515.0,60.1
2023-10-18,13,642.0,65.3
2023-10-18,14,709.0,71.2
2023-10-18,15,712.0,76.5
2023-10-18,16,650.0,80.7
2023-10-18,17,529.0,82.9
2023-10-18,18,360.0,83.1
2023-10-18,19,166.0,80.9
2023-10-18,20,18.0,76.6
2023-10-18,21,0.0,72.8
2023-10-18,22,0.0,69.8
2023-10-18,23,0.0,66.2
2023-10-18,24,0.0,66.9
2023-10-19,1,0.0,63.5
2023-10-19,2,0.0,63.8
2023-10-19,3,0.0,59.3
2023-10-19,4,0.0,54.8
2023-10-19,5,0.0,52.9
2023-10-19,6,0.0,53.3
2023-10-19,7,0.0,54.3
2023-10-19,8,0.0,52.2
2023-10-19,9,10.0,49.6
2023-10-19,10,143.0,51.6
2023-10-19,11,336.0,57.2
2023-10-19,12,509.0,61.9
2023-10-19,13,637.0,67.4
2023-10-19,14,707.0,72.5
2023-10-19,15,711.0,76.5
2023-10-19,16,649.0,79.5
2023-10-19,17,526.0,81.1
2023-10-19,18,357.0,81.1
2023-10-19,19,163.0,79.4
2023-10-19,20,16.0,75.0
2023-10-19,21,0.0,72.7
2023-10-19,22,0.0,67.6
2023-10-19,23,0.0,64.8
2023-10-19,24,0.0,61.3
2023-10-20,1,0.0,58.1
2023-10-20,2,0.0,55.6
2023-10-20,3,0.0,55.8
2023-10-20,4,0.0,55.0
2023-10-20,5,0.0,52.4
2023-10-20,6,0.0,52.7
2023-10-20,7,0.0,52.0
2023-10-20,8,0.0,51.5
2023-10-20,9,9.0,49.7
2023-10-20,10,142.0,51.1
2023-10-20,11,337.0,55.0
2023-10-20,12,511.0,59.2
2023-10-20,13,638.0,63.1
2023-10-20,14,707.0,67.1
2023-10-20,15,712.0,70.6
2023-10-20,16,652.0,73.9
2023-10-20,17,531.0,75.6
2023-10-20,18,360.0,76.0
2023-10-20,19,164.0,76.7
2023-10-20,20,15.0,74.8
2023-10-20,21,0.0,72.1
2023-10-20,22,0.0,67.8
2023-10-20,23,0.0,64.0
2023-10-20,24,0.0,58.2
2023-10-21,1,0.0,55.2
2023-10-21,2,0.0,53.0
2023-10-21,3,0.0,51.4
2023-10-21,4,0.0,49.7
2023-10-21,5,0.0,48.5
2023-10-21,6,0.0,47.4
2023-10-21,7,0.0,47.2
2023-10-21,8,0.0,43.7
2023-10-21,9,8.0,44.3
2023-10-21,10,137.0,48.7
2023-10-21,11,329.0,54.5
2023-10-21,12,500.0,60.4
2023-10-21,13,626.0,65.0
2023-10-21,14,693.0,69.4
2023-10-21,15,697.0,73.4
2023-10-21,16,636.0,76.0
2023-10-21,17,516.0,77.5
2023-10-21,18,347.0,77.7
2023-10-21,19,154.0,75.9
2023-10-21,20,13.0,71.4
2023-10-21,21,0.0,71.1
2023-10-21,22,0.0,71.8
2023-10-21,23,0.0,69.4
2023-10-21,24,0.0,66.6
2023-10-22,1,0.0,60.5
2023-10-22,2,0.0,58.9
2023-10-22,3,0.0,55.5
2023-10-22,4,0.0,51.7
2023-10-22,5,0.0,54.0
2023-10-22,6,0.0,49.6
2023-10-22,7,0.0,47.0
2023-10-22,8,0.0,47.6
2023-10-22,9,8.0,45.9
2023-10-22,10,134.0,49.3
2023-10-22,11,325.0,53.8
2023-10-22,12,497.0,58.3
2023-10-22,13,623.0,63.6
2023-10-22,14,691.0,68.2
2023-10-22,15,694.0,71.9
2023-10-22,16,632.0,75.0
2023-10-22,17,511.0,76.8
2023-10-22,18,342.0,77.4
2023-10-22,19,149.0,76.3
2023-10-22,20,12.0,71.0
2023-10-22,21,0.0,68.7
2023-10-22,22,0.0,65.3
2023-10-22,23,0.0,62.3
2023-10-22,24,0.0,61.9
2023-10-23,1,0.0,65.0
2023-10-23,2,0.0,59.6
2023-10-23,3,0.0,63.0
2023-10-23,4,0.0,57.4
2023-10-23,5,0.0,60.8
2023-10-23,6,0.0,57.7
2023-10-23,7,0.0,53.0
2023-10-23,8,0.0,49.9
2023-10-23,9,7.0,49.6
2023-10-23,10,129.0,52.6
2023-10-23,11,319.0,59.5
2023-10-23,12,490.0,63.7
2023-10-23,13,618.0,68.1
2023-10-23,14,686.0,72.1
2023-10-23,15,689.0,75.8
2023-10-23,16,626.0,78.4
2023-10-23,17,505.0,79.0
2023-10-23,18,340.0,78.0
2023-10-23,19,148.0,75.7
2023-10-23,20,11.0,71.3
2023-10-23,21,0.0,67.4
2023-10-23,22,0.0,67.8
2023-10-23,23,0.0,66.5
2023-10-23,24,0.0,63.9
2023-10-24,1,0.0,57.0
2023-10-24,2,0.0,54.7
2023-10-24,3,0.0,56.6
2023-10-24,4,0.0,53.2
2023-10-24,5,0.0,51.4
2023-10-24,6,0.0,49.8
2023-10-24,7,0.0,49.2
2023-10-24,8,0.0,48.2
2023-10-24,9,4.0,49.7
2023-10-24,10,68.0,52.2
2023-10-24,11,143.0,55.0
2023-10-24,12,358.0,59.1
2023-10-24,13,500.0,62.2
2023-10-24,14,637.0,64.7
2023-10-24,15,663.0,66.7
2023-10-24,16,590.0,68.4
2023-10-24,17,453.0,69.4
2023-10-24,18,283.0,69.4
2023-10-24,19,138.0,69.1
2023-10-24,20,9.0,66.7
2023-10-24,21,0.0,65.7
2023-10-24,22,0.0,64.0
2023-10-24,23,0.0,62.6
2023-10-24,24,0.0,60.4
2023-10-25,1,0.0,54.1
2023-10-25,2,0.0,52.1
2023-10-25,3,0.0,49.4
2023-10-25,4,0.0,47.9
2023-10-25,5,0.0,46.7
2023-10-25,6,0.0,45.9
2023-10-25,7,0.0,46.6
2023-10-25,8,0.0,47.3
2023-10-25,9,5.0,47.2
2023-10-25,10,120.0,48.4
2023-10-25,11,305.0,51.6
2023-10-25,12,473.0,55.2
2023-10-25,13,597.0,59.1
2023-10-25,14,664.0,63.3
2023-10-25,15,669.0,67.5
2023-10-25,16,609.0,70.5
2023-10-25,17,490.0,71.0
2023-10-25,18,323.0,71.5
2023-10-25,19,135.0,71.1
2023-10-25,20,9.0,67.7
2023-10-25,21,0.0,65.4
2023-10-25,22,0.0,63.4
2023-10-25,23,0.0,62.0
2023-10-25,24,0.0,59.5
2023-10-26,1,0.0,57.6
2023-10-26,2,0.0,56.1
2023-10-26,3,0.0,55.1
2023-10-26,4,0.0,53.8
2023-10-26,5,0.0,52.3
2023-10-26,6,0.0,51.0
2023-10-26,7,0.0,50.0
2023-10-26,8,0.0,49.2
2023-10-26,9,5.0,48.4
2023-10-26,10,115.0,51.2
2023-10-26,11,296.0,55.1
2023-10-26,12,461.0,60.0
2023-10-26,13,580.0,63.1
2023-10-26,14,651.0,64.9
2023-10-26,15,471.0,67.9
2023-10-26,16,414.0,68.8
2023-10-26,17,462.0,67.4
2023-10-26,18,307.0,67.8
2023-10-26,19,129.0,65.6
2023-10-26,20,7.0,62.5
2023-10-26,21,0.0,59.9
2023-10-26,22,0.0,62.0
2023-10-26,23,0.0,59.8
2023-10-26,24,0.0,57.7
2023-10-27,1,0.0,52.3
2023-10-27,2,0.0,50.0
2023-10-27,3,0.0,47.5
2023-10-27,4,0.0,46.1
2023-10-27,5,0.0,44.2
2023-10-27,6,0.0,45.9
2023-10-27,7,0.0,44.9
2023-10-27,8,0.0,44.0
2023-10-27,9,4.0,42.9
2023-10-27,10,113.0,44.6
2023-10-27,11,298.0,49.1
2023-10-27,12,467.0,52.5
2023-10-27,13,595.0,55.7
2023-10-27,14,662.0,59.7
2023-10-27,15,631.0,62.1
2023-10-27,16,549.0,64.1
2023-10-27,17,451.0,65.4
2023-10-27,18,288.0,64.5
2023-10-27,19,109.0,63.0
2023-10-27,20,6.0,61.3
2023-10-27,21,0.0,61.3
2023-10-27,22,0.0,60.2
2023-10-27,23,0.0,61.4
2023-10-27,24,0.0,58.7
2023-10-28,1,0.0,55.4
2023-10-28,2,0.0,54.7
2023-10-28,3,0.0,53.2
2023-10-28,4,0.0,50.5
2023-10-28,5,0.0,48.7
2023-10-28,6,0.0,46.7
2023-10-28,7,0.0,46.9
2023-10-28,8,0.0,46.7
2023-10-28,9,2.0,46.3
2023-10-28,10,100.0,48.8
2023-10-28,11,257.0,52.3
2023-10-28,12,410.0,55.6
2023-10-28,13,493.0,59.0
2023-10-28,14,594.0,61.9
2023-10-28,15,632.0,64.1
2023-10-28,16,378.0,63.6
2023-10-28,17,331.0,63.7
2023-10-28,18,185.0,60.4
2023-10-28,19,92.0,60.5
2023-10-28,20,5.0,58.2
2023-10-28,21,0.0,58.0
2023-10-28,22,0.0,52.8
2023-10-28,23,0.0,51.2
2023-10-28,24,0.0,50.7
2023-10-29,1,0.0,50.3
2023-10-29,2,0.0,49.2
2023-10-29,3,0.0,46.1
2023-10-29,4,0.0,45.1
2023-10-29,5,0.0,43.9
2023-10-29,6,0.0,42.6
2023-10-29,7,0.0,41.1
2023-10-29,8,0.0,38.0
2023-10-29,9,3.0,38.1
2023-10-29,10,111.0,40.6
2023-10-29,11,303.0,43.5
2023-10-29,12,475.0,47.2
2023-10-29,13,601.0,50.5
2023-10-29,14,669.0,52.4
2023-10-29,15,672.0,53.7
2023-10-29,16,611.0,53.5
2023-10-29,17,490.0,52.6
2023-10-29,18,321.0,51.1
2023-10-29,19,128.0,48.1
2023-10-29,20,6.0,44.1
2023-10-29,21,0.0,42.2
2023-10-29,22,0.0,40.5
2023-10-29,23,0.0,38.8
2023-10-29,24,0.0,36.7
2023-10-30,1,0.0,34.4
2023-10-30,2,0.0,32.1
2023-10-30,3,0.0,30.3
2023-10-30,4,0.0,30.5
2023-10-30,5,0.0,30.3
2023-10-30,6,0.0,29.1
2023-10-30,7,0.0,26.9
2023-10-30,8,0.0,27.3
2023-10-30,9,3.0,26.0
2023-10-30,10,113.0,28.8
2023-10-30,11,303.0,34.2
2023-10-30,12,475.0,38.6
2023-10-30,13,601.0,40.9
2023-10-30,14,667.0,43.1
2023-10-30,15,669.0,44.8
2023-10-30,16,606.0,46.4
2023-10-30,17,484.0,47.8
2023-10-30,18,313.0,48.7
2023-10-30,19,123.0,48.2
2023-10-30,20,5.0,46.9
2023-10-30,21,0.0,44.7
2023-10-30,22,0.0,41.6
2023-10-30,23,0.0,40.8
2023-10-30,24,0.0,37.1
2023-10-31,1,0.0,34.7
2023-10-31,2,0.0,32.4
2023-10-31,3,0.0,31.2
2023-10-31,4,0.0,28.9
2023-10-31,5,0.0,27.7
2023-10-31,6,0.0,27.0
2023-10-31,7,0.0,26.7
2023-10-31,8,0.0,27.6
2023-10-31,9,3.0,26.2
2023-10-31,10,108.0,29.5
2023-10-31,11,297.0,33.8
2023-10-31,12,468.0,37.4
2023-10-31,13,594.0,40.6
2023-10-31,14,660.0,43.7
2023-10-31,15,662.0,46.3
2023-10-31,16,599.0,48.2
2023-10-31,17,477.0,49.3
2023-10-31,18,308.0,49.6
2023-10-31,19,118.0,48.9
2023-10-31,20,4.0,46.6
2023-10-31,21,0.0,45.9
2023-10-31,22,0.0,46.0
2023-10-31,23,0.0,43.6
2023-10-31,24,0.0,38.0
2023-11-01,1,0.0,35.2
2023-11-01,2,0.0,33.4
2023-11-01,3,0.0,31.9
2023-11-01,4,0.0,30.5
2023-11-01,5,0.0,29.2
2023-11-01,6,0.0,28.2
2023-11-01,7,0.0,27.8
2023-11-01,8,0.0,25.6
2023-11-01,9,2.0,26.6
2023-11-01,10,80.0,29.8
2023-11-01,11,262.0,34.8
2023-11-01,12,458.0,39.7
2023-11-01,13,583.0,44.0
2023-11-01,14,650.0,47.3
2023-11-01,15,653.0,49.9
2023-11-01,16,590.0,52.1
2023-11-01,17,469.0,53.6
2023-11-01,18,298.0,53.7
2023-11-01,19,113.0,52.9
2023-11-01,20,3.0,54.1
2023-11-01,21,0.0,52.7
2023-11-01,22,0.0,50.9
2023-11-01,23,0.0,48.3
2023-11-01,24,0.0,43.8
2023-11-02,1,0.0,38.5
2023-11-02,2,0.0,36.2
2023-11-02,3,0.0,34.2
2023-11-02,4,0.0,33.1
2023-11-02,5,0.0,32.5
2023-11-02,6,0.0,36.0
2023-11-02,7,0.0,35.1
2023-11-02,8,0.0,31.3
2023-11-02,9,2.0,32.1
2023-11-02,10,98.0,33.8
2023-11-02,11,281.0,37.0
2023-11-02,12,447.0,40.9
2023-11-02,13,570.0,45.5
2023-11-02,14,636.0,49.6
2023-11-02,15,637.0,53.1
2023-11-02,16,576.0,55.8
2023-11-02,17,456.0,57.4
2023-11-02,18,290.0,57.7
2023-11-02,19,107.0,57.0
2023-11-02,20,3.0,57.9
2023-11-02,21,0.0,55.8
2023-11-02,22,0.0,53.7
2023-11-02,23,0.0,52.1
2023-11-02,24,0.0,48.4
2023-11-03,1,0.0,43.1
2023-11-03,2,0.0,41.0
2023-11-03,3,0.0,39.1
2023-11-03,4,0.0,37.5
2023-11-03,5,0.0,36.1
2023-11-03,6,0.0,35.8
2023-11-03,7,0.0,35.9
2023-11-03,8,0.0,35.2
2023-11-03,9,1.0,31.7
2023-11-03,10,93.0,35.2
2023-11-03,11,277.0,39.8
2023-11-03,12,443.0,44.7
2023-11-03,13,560.0,48.9
2023-11-03,14,628.0,53.3
2023-11-03,15,624.0,57.1
2023-11-03,16,563.0,59.9
2023-11-03,17,443.0,61.5
2023-11-03,18,279.0,61.8
2023-11-03,19,102.0,60.9
2023-11-03,20,2.0,59.9
2023-11-03,21,0.0,58.6
2023-11-03,22,0.0,56.3
2023-11-03,23,0.0,53.6
2023-11-03,24,0.0,48.0
2023-11-04,1,0.0,44.4
2023-11-04,2,0.0,41.9
2023-11-04,3,0.0,40.1
2023-11-04,4,0.0,40.6
2023-11-04,5,0.0,41.6
2023-11-04,6,0.0,41.8
2023-11-04,7,0.0,43.3
2023-11-04,8,0.0,40.8
2023-11-04,9,1.0,41.0
2023-11-04,10,88.0,41.5
2023-11-04,11,269.0,44.0
2023-11-04,12,436.0,47.9
2023-11-04,13,558.0,52.3
2023-11-04,14,624.0,56.9
2023-11-04,15,620.0,60.5
2023-11-04,16,555.0,63.3
2023-11-04,17,422.0,64.9
2023-11-04,18,276.0,65.0
2023-11-04,19,101.0,63.9
2023-11-04,20,2.0,64.0
2023-11-04,21,0.0,61.8
2023-11-04,22,0.0,59.1
2023-11-04,23,0.0,52.5
2023-11-04,24,0.0,49.0
2023-11-05,1,0.0,46.0
2023-11-05,2,0.0,45.3
2023-11-05,3,0.0,44.3
2023-11-05,4,0.0,42.0
2023-11-05,5,0.0,42.4
2023-11-05,6,0.0,42.7
2023-11-05,7,0.0,40.6
2023-11-05,8,0.0,38.9
2023-11-05,9,1.0,39.0
2023-11-05,10,88.0,41.6
2023-11-05,11,263.0,45.9
2023-11-05,12,427.0,50.4
2023-11-05,13,545.0,54.6
2023-11-05,14,618.0,58.7
2023-11-05,15,623.0,61.9
2023-11-05,16,562.0,64.8
2023-11-05,17,437.0,67.1
2023-11-05,18,272.0,68.0
2023-11-05,19,92.0,67.7
2023-11-05,20,2.0,65.8
2023-11-05,21,0.0,62.9
2023-11-05,22,0.0,60.3
2023-11-05,23,0.0,55.9
2023-11-05,24,0.0,52.3
2023-11-06,1,0.0,50.1
2023-11-06,2,0.0,52.5
2023-11-06,3,0.0,50.6
2023-11-06,4,0.0,50.6
2023-11-06,5,0.0,50.7
2023-11-06,6,0.0,50.4
2023-11-06,7,0.0,49.7
2023-11-06,8,0.0,48.7
2023-11-06,9,1.0,45.9
2023-11-06,10,77.0,43.7
2023-11-06,11,227.0,47.6
2023-11-06,12,377.0,52.1
2023-11-06,13,517.0,56.8
2023-11-06,14,612.0,61.3
2023-11-06,15,617.0,65.5
2023-11-06,16,558.0,68.9
2023-11-06,17,440.0,70.7
2023-11-06,18,275.0,71.1
2023-11-06,19,96.0,70.4
2023-11-06,20,1.0,67.7
2023-11-06,21,0.0,60.1
2023-11-06,22,0.0,60.4
2023-11-06,23,0.0,62.2
2023-11-06,24,0.0,59.3
2023-11-07,1,0.0,55.9
2023-11-07,2,0.0,54.5
2023-11-07,3,0.0,53.6
2023-11-07,4,0.0,51.4
2023-11-07,5,0.0,49.5
2023-11-07,6,0.0,47.8
2023-11-07,7,0.0,45.3
2023-11-07,8,0.0,52.6
2023-11-07,9,0.0,48.4
2023-11-07,10,84.0,49.6
2023-11-07,11,261.0,56.1
2023-11-07,12,425.0,61.6
2023-11-07,13,547.0,66.1
2023-11-07,14,612.0,68.4
2023-11-07,15,613.0,72.4
2023-11-07,16,553.0,74.3
2023-11-07,17,433.0,73.9
2023-11-07,18,269.0,73.4
2023-11-07,19,92.0,70.9
2023-11-07,20,1.0,69.9
2023-11-07,21,0.0,68.1
2023-11-07,22,0.0,65.0
2023-11-07,23,0.0,60.2
2023-11-07,24,0.0,58.0
2023-11-08,1,0.0,54.5
2023-11-08,2,0.0,50.9
2023-11-08,3,0.0,49.8
2023-11-08,4,0.0,47.2
2023-11-08,5,0.0,44.6
2023-11-08,6,0.0,42.0
2023-11-08,7,0.0,43.2
2023-11-08,8,0.0,42.8
2023-11-08,9,0.0,40.6
2023-11-08,10,79.0,43.5
2023-11-08,11,249.0,46.9
2023-11-08,12,407.0,50.3
2023-11-08,13,518.0,53.1
2023-11-08,14,607.0,55.4
2023-11-08,15,590.0,57.0
2023-11-08,16,500.0,58.2
2023-11-08,17,386.0,58.6
2023-11-08,18,205.0,56.2
2023-11-08,19,52.0,54.6
2023-11-08,20,1.0,51.4
2023-11-08,21,0.0,49.5
2023-11-08,22,0.0,48.0
2023-11-08,23,0.0,46.8
2023-11-08,24,0.0,45.3
2023-11-09,1,0.0,43.1
2023-11-09,2,0.0,39.5
2023-11-09,3,0.0,38.0
2023-11-09,4,0.0,40.0
2023-11-09,5,0.0,39.6
2023-11-09,6,0.0,38.8
2023-11-09,7,0.0,37.9
2023-11-09,8,0.0,34.3
2023-11-09,9,0.0,35.4
2023-11-09,10,80.0,34.8
2023-11-09,11,260.0,38.2
2023-11-09,12,428.0,42.2
2023-11-09,13,552.0,46.9
2023-11-09,14,618.0,50.9
2023-11-09,15,620.0,53.5
2023-11-09,16,558.0,55.0
2023-11-09,17,438.0,56.0
2023-11-09,18,271.0,56.6
2023-11-09,19,90.0,52.9
2023-11-09,20,1.0,50.5
2023-11-09,21,0.0,47.7
2023-11-09,22,0.0,45.2
2023-11-09,23,0.0,43.3
2023-11-09,24,0.0,41.4
2023-11-10,1,0.0,41.1
2023-11-10,2,0.0,40.9
2023-11-10,3,0.0,35.3
2023-11-10,4,0.0,34.0
2023-11-10,5,0.0,31.5
2023-11-10,6,0.0,30.7
2023-11-10,7,0.0,29.8
2023-11-10,8,0.0,28.9
2023-11-10,9,0.0,27.7
2023-11-10,10,73.0,32.0
2023-11-10,11,243.0,38.0
2023-11-10,12,407.0,43.7
2023-11-10,13,529.0,48.2
2023-11-10,14,592.0,51.6
2023-11-10,15,595.0,53.6
2023-11-10,16,536.0,54.3
2023-11-10,17,417.0,54.5
2023-11-10,18,240.0,54.2
2023-11-10,19,81.0,52.2
2023-11-10,20,1.0,53.4
2023-11-10,21,0.0,52.0
2023-11-10,22,0.0,50.3
2023-11-10,23,0.0,48.5
2023-11-10,24,0.0,41.5
2023-11-11,1,0.0,39.4
2023-11-11,2,0.0,37.5
2023-11-11,3,0.0,35.6
2023-11-11,4,0.0,35.7
2023-11-11,5,0.0,32.9
2023-11-11,6,0.0,32.1
2023-11-11,7,0.0,30.8
2023-11-11,8,0.0,28.5
2023-11-11,9,0.0,27.3
2023-11-11,10,70.0,30.9
2023-11-11,11,242.0,36.5
2023-11-11,12,406.0,40.6
2023-11-11,13,528.0,44.1
2023-11-11,14,594.0,47.3
2023-11-11,15,597.0,50.2
2023-11-11,16,539.0,52.8
2023-11-11,17,422.0,54.2
2023-11-11,18,259.0,54.1
2023-11-11,19,82.0,51.6
2023-11-11,20,0.0,49.1
2023-11-11,21,0.0,47.7
2023-11-11,22,0.0,45.6
2023-11-11,23,0.0,46.9
2023-11-11,24,0.0,42.4
2023-11-12,1,0.0,38.3
2023-11-12,2,0.0,35.8
2023-11-12,3,0.0,34.2
2023-11-12,4,0.0,31.7
2023-11-12,5,0.0,30.4
2023-11-12,6,0.0,33.0
2023-11-12,7,0.0,34.2
2023-11-12,8,0.0,27.5
2023-11-12,9,0.0,26.1
2023-11-12,10,69.0,29.6
2023-11-12,11,243.0,34.3
2023-11-12,12,409.0,38.0
2023-11-12,13,533.0,41.6
2023-11-12,14,599.0,45.4
2023-11-12,15,602.0,48.8
2023-11-12,16,541.0,51.4
2023-11-12,17,422.0,52.7
2023-11-12,18,259.0,52.9
2023-11-12,19,82.0,51.3
2023-11-12,20,0.0,49.5
2023-11-12,21,0.0,50.4
2023-11-12,22,0.0,48.7
2023-11-12,23,0.0,41.6
2023-11-12,24,0.0,38.5
2023-11-13,1,0.0,36.2
2023-11-13,2,0.0,34.3
2023-11-13,3,0.0,33.5
2023-11-13,4,0.0,33.4
2023-11-13,5,0.0,32.5
2023-11-13,6,0.0,33.4
2023-11-13,7,0.0,32.5
2023-11-13,8,0.0,31.5
2023-11-13,9,0.0,30.8
2023-11-13,10,63.0,35.3
2023-11-13,11,235.0,41.8
2023-11-13,12,402.0,46.9
2023-11-13,13,527.0,51.4
2023-11-13,14,593.0,55.1
2023-11-13,15,596.0,57.9
2023-11-13,16,536.0,60.4
2023-11-13,17,418.0,62.2
2023-11-13,18,255.0,62.3
2023-11-13,19,77.0,56.8
2023-11-13,20,0.0,55.0
2023-11-13,21,0.0,52.0
2023-11-13,22,0.0,49.7
2023-11-13,23,0.0,50.0
2023-11-13,24,0.0,45.8
2023-11-14,1,0.0,44.1
2023-11-14,2,0.0,44.0
2023-11-14,3,0.0,43.1
2023-11-14,4,0.0,42.8
2023-11-14,5,0.0,43.8
2023-11-14,6,0.0,39.6
2023-11-14,7,0.0,38.4
2023-11-14,8,0.0,38.5
2023-11-14,9,0.0,36.9
2023-11-14,10,61.0,40.0
2023-11-14,11,226.0,45.2
2023-11-14,12,389.0,49.2
2023-11-14,13,509.0,53.1
2023-11-14,14,576.0,56.5
2023-11-14,15,580.0,58.9
2023-11-14,16,521.0,60.5
2023-11-14,17,405.0,61.6
2023-11-14,18,247.0,61.8
2023-11-14,19,75.0,61.3
2023-11-14,20,0.0,59.8
2023-11-14,21,0.0,57.3
2023-11-14,22,0.0,53.1
2023-11-14,23,0.0,49.2
2023-11-14,24,0.0,45.9
2023-11-15,1,0.0,44.1
2023-11-15,2,0.0,42.4
2023-11-15,3,0.0,41.2
2023-11-15,4,0.0,39.6
2023-11-15,5,0.0,41.1
2023-11-15,6,0.0,40.8
2023-11-15,7,0.0,41.2
2023-11-15,8,0.0,39.7
2023-11-15,9,0.0,36.1
2023-11-15,10,52.0,38.8
2023-11-15,11,223.0,44.3
2023-11-15,12,384.0,49.5
2023-11-15,13,495.0,53.9
2023-11-15,14,558.0,57.1
2023-11-15,15,576.0,60.4
2023-11-15,16,518.0,62.8
2023-11-15,17,353.0,63.9
2023-11-15,18,190.0,64.0
2023-11-15,19,59.0,63.2
2023-11-15,20,0.0,59.3
2023-11-15,21,0.0,61.0
2023-11-15,22,0.0,55.6
2023-11-15,23,0.0,54.1
2023-11-15,24,0.0,51.9
2023-11-16,1,0.0,51.6
2023-11-16,2,0.0,53.4
2023-11-16,3,0.0,52.2
2023-11-16,4,0.0,48.7
2023-11-16,5,0.0,48.6
2023-11-16,6,0.0,48.8
2023-11-16,7,0.0,47.3
2023-11-16,8,0.0,47.2
2023-11-16,9,0.0,47.4
2023-11-16,10,38.0,47.8
2023-11-16,11,205.0,51.2
2023-11-16,12,358.0,54.3
2023-11-16,13,478.0,57.7
2023-11-16,14,545.0,60.5
2023-11-16,15,563.0,62.7
2023-11-16,16,506.0,64.7
2023-11-16,17,391.0,65.9
2023-11-16,18,227.0,66.1
2023-11-16,19,69.0,62.6
2023-11-16,20,0.0,63.1
2023-11-16,21,0.0,56.9
2023-11-16,22,0.0,54.7
2023-11-16,23,0.0,50.2
2023-11-16,24,0.0,48.9
2023-11-17,1,0.0,46.1
2023-11-17,2,0.0,43.0
2023-11-17,3,0.0,41.2
2023-11-17,4,0.0,40.5
2023-11-17,5,0.0,39.7
2023-11-17,6,0.0,38.9
2023-11-17,7,0.0,38.0
2023-11-17,8,0.0,40.0
2023-11-17,9,0.0,37.4
2023-11-17,10,53.0,38.8
2023-11-17,11,215.0,42.9
2023-11-17,12,375.0,46.4
2023-11-17,13,494.0,50.3
2023-11-17,14,559.0,54.1
2023-11-17,15,563.0,56.9
2023-11-17,16,505.0,59.0
2023-11-17,17,391.0,60.4
2023-11-17,18,236.0,60.9
2023-11-17,19,70.0,57.7
2023-11-17,20,0.0,55.1
2023-11-17,21,0.0,52.3
2023-11-17,22,0.0,49.9
2023-11-17,23,0.0,47.8
2023-11-17,24,0.0,45.7
2023-11-18,1,0.0,43.8
2023-11-18,2,0.0,41.9
2023-11-18,3,0.0,40.8
2023-11-18,4,0.0,40.2
2023-11-18,5,0.0,39.8
2023-11-18,6,0.0,40.2
2023-11-18,7,0.0,41.3
2023-11-18,8,0.0,38.1
2023-11-18,9,0.0,37.0
2023-11-18,10,45.0,40.5
2023-11-18,11,93.0,43.3
2023-11-18,12,167.0,46.1
2023-11-18,13,315.0,49.9
2023-11-18,14,330.0,52.0
2023-11-18,15,452.0,54.1
2023-11-18,16,433.0,56.1
2023-11-18,17,312.0,58.6
2023-11-18,18,202.0,58.4
2023-11-18,19,56.0,54.8
2023-11-18,20,0.0,51.5
2023-11-18,21,0.0,48.8
2023-11-18,22,0.0,46.9
2023-11-18,23,0.0,46.1
2023-11-18,24,0.0,44.7
2023-11-19,1,0.0,42.5
2023-11-19,2,0.0,42.5
2023-11-19,3,0.0,41.5
2023-11-19,4,0.0,41.1
2023-11-19,5,0.0,38.3
2023-11-19,6,0.0,38.3
2023-11-19,7,0.0,38.5
2023-11-19,8,0.0,39.9
2023-11-19,9,0.0,38.2
2023-11-19,10,28.0,39.5
2023-11-19,11,44.0,41.0
2023-11-19,12,92.0,42.6
2023-11-19,13,101.0,43.3
2023-11-19,14,109.0,44.0
2023-11-19,15,246.0,44.7
2023-11-19,16,204.0,45.1
2023-11-19,17,136.0,46.6
2023-11-19,18,118.0,47.4
2023-11-19,19,28.0,46.2
2023-11-19,20,0.0,45.8
2023-11-19,21,0.0,44.8
2023-11-19,22,0.0,43.6
2023-11-19,23,0.0,43.7
2023-11-19,24,0.0,42.4
2023-11-20,1,0.0,45.1
2023-11-20,2,0.0,43.9
2023-11-20,3,0.0,42.7
2023-11-20,4,0.0,41.8
2023-11-20,5,0.0,41.5
2023-11-20,6,0.0,42.4
2023-11-20,7,0.0,42.4
2023-11-20,8,0.0,42.8
2023-11-20,9,0.0,42.0
2023-11-20,10,46.0,42.5
2023-11-20,11,200.0,46.1
2023-11-20,12,367.0,49.5
2023-11-20,13,486.0,51.6
2023-11-20,14,552.0,53.2
2023-11-20,15,559.0,54.1
2023-11-20,16,500.0,54.5
2023-11-20,17,383.0,54.4
2023-11-20,18,225.0,52.6
2023-11-20,19,63.0,49.0
2023-11-20,20,0.0,46.1
2023-11-20,21,0.0,44.2
2023-11-20,22,0.0,42.2
2023-11-20,23,0.0,39.7
2023-11-20,24,0.0,37.7
2023-11-21,1,0.0,36.0
2023-11-21,2,0.0,35.4
2023-11-21,3,0.0,35.2
2023-11-21,4,0.0,34.0
2023-11-21,5,0.0,35.3
2023-11-21,6,0.0,34.4
2023-11-21,7,0.0,33.7
2023-11-21,8,0.0,32.5
2023-11-21,9,0.0,31.6
2023-11-21,10,46.0,32.1
2023-11-21,11,207.0,35.8
2023-11-21,12,368.0,39.3
2023-11-21,13,491.0,42.9
2023-11-21,14,558.0,46.6
2023-11-21,15,561.0,49.6
2023-11-21,16,501.0,51.5
2023-11-21,17,385.0,52.4
2023-11-21,18,228.0,51.5
2023-11-21,19,63.0,47.3
2023-11-21,20,0.0,43.8
2023-11-21,21,0.0,41.5
2023-11-21,22,0.0,43.8
2023-11-21,23,0.0,41.5
2023-11-21,24,0.0,38.8
2023-11-22,1,0.0,34.4
2023-11-22,2,0.0,35.6
2023-11-22,3,0.0,35.7
2023-11-22,4,0.0,35.3
2023-11-22,5,0.0,33.9
2023-11-22,6,0.0,33.6
2023-11-22,7,0.0,32.9
2023-11-22,8,0.0,31.3
2023-11-22,9,0.0,30.2
2023-11-22,10,42.0,29.5
2023-11-22,11,199.0,32.3
2023-11-22,12,360.0,35.4
2023-11-22,13,481.0,38.7
2023-11-22,14,548.0,41.5
2023-11-22,15,552.0,43.8
2023-11-22,16,493.0,45.2
2023-11-22,17,378.0,46.0
2023-11-22,18,224.0,46.0
2023-11-22,19,61.0,45.1
2023-11-22,20,0.0,45.6
2023-11-22,21,0.0,43.7
2023-11-22,22,0.0,41.7
2023-11-22,23,0.0,40.3
2023-11-22,24,0.0,37.1
2023-11-23,1,0.0,33.4
2023-11-23,2,0.0,31.4
2023-11-23,3,0.0,30.7
2023-11-23,4,0.0,31.4
2023-11-23,5,0.0,32.5
2023-11-23,6,0.0,30.9
2023-11-23,7,0.0,28.7
2023-11-23,8,0.0,26.9
2023-11-23,9,0.0,26.5
2023-11-23,10,27.0,28.9
2023-11-23,11,137.0,32.5
2023-11-23,12,251.0,36.9
2023-11-23,13,329.0,39.8
2023-11-23,14,341.0,42.0
2023-11-23,15,354.0,44.1
2023-11-23,16,265.0,45.3
2023-11-23,17,222.0,46.5
2023-11-23,18,124.0,46.4
2023-11-23,19,31.0,42.7
2023-11-23,20,0.0,42.3
2023-11-23,21,0.0,41.2
2023-11-23,22,0.0,39.7
2023-11-23,23,0.0,38.3
2023-11-23,24,0.0,39.9
2023-11-24,1,0.0,39.3
2023-11-24,2,0.0,38.8
2023-11-24,3,0.0,38.7
2023-11-24,4,0.0,35.7
2023-11-24,5,0.0,34.3
2023-11-24,6,0.0,32.6
2023-11-24,7,0.0,38.5
2023-11-24,8,0.0,38.4
2023-11-24,9,0.0,36.1
2023-11-24,10,13.0,36.7
2023-11-24,11,106.0,39.9
2023-11-24,12,176.0,41.0
2023-11-24,13,204.0,41.5
2023-11-24,14,303.0,45.1
2023-11-24,15,314.0,46.8
2023-11-24,16,310.0,49.8
2023-11-24,17,216.0,44.8
2023-11-24,18,147.0,44.1
2023-11-24,19,38.0,41.8
2023-11-24,20,0.0,41.1
2023-11-24,21,0.0,38.8
2023-11-24,22,0.0,36.1
2023-11-24,23,0.0,33.4
2023-11-24,24,0.0,32.7
2023-11-25,1,0.0,30.3
2023-11-25,2,0.0,31.3
2023-11-25,3,0.0,28.5
2023-11-25,4,0.0,27.9
2023-11-25,5,0.0,29.3
2023-11-25,6,0.0,28.9
2023-11-25,7,0.0,27.4
2023-11-25,8,0.0,24.6
2023-11-25,9,0.0,24.4
2023-11-25,10,32.0,26.8
2023-11-25,11,171.0,30.2
2023-11-25,12,346.0,33.8
2023-11-25,13,472.0,37.3
2023-11-25,14,533.0,40.5
2023-11-25,15,511.0,41.7
2023-11-25,16,474.0,42.4
2023-11-25,17,373.0,42.4
2023-11-25,18,218.0,40.7
2023-11-25,19,57.0,36.7
2023-11-25,20,0.0,33.4
2023-11-25,21,0.0,31.8
2023-11-25,22,0.0,29.7
2023-11-25,23,0.0,29.4
2023-11-25,24,0.0,30.4
2023-11-26,1,0.0,27.1
2023-11-26,2,0.0,25.8
2023-11-26,3,0.0,25.8
2023-11-26,4,0.0,25.8
2023-11-26,5,0.0,25.8
2023-11-26,6,0.0,25.2
2023-11-26,7,0.0,24.5
2023-11-26,8,0.0,25.8
2023-11-26,9,0.0,24.8
2023-11-26,10,36.0,24.4
2023-11-26,11,191.0,27.1
2023-11-26,12,354.0,29.8
2023-11-26,13,478.0,32.5
2023-11-26,14,547.0,34.6
2023-11-26,15,553.0,36.1
2023-11-26,16,496.0,37.0
2023-11-26,17,382.0,37.3
2023-11-26,18,224.0,36.9
2023-11-26,19,58.0,35.7
2023-11-26,20,0.0,33.1
2023-11-26,21,0.0,32.7
2023-11-26,22,0.0,31.2
2023-11-26,23,0.0,26.2
2023-11-26,24,0.0,24.7
2023-11-27,1,0.0,23.4
2023-11-27,2,0.0,22.5
2023-11-27,3,0.0,21.7
2023-11-27,4,0.0,21.2
2023-11-27,5,0.0,20.6
2023-11-27,6,0.0,20.8
2023-11-27,7,0.0,21.0
2023-11-27,8,0.0,21.3
2023-11-27,9,0.0,20.6
2023-11-27,10,35.0,20.7
2023-11-27,11,176.0,24.4
2023-11-27,12,352.0,28.1
2023-11-27,13,476.0,30.7
2023-11-27,14,546.0,32.7
2023-11-27,15,553.0,34.7
2023-11-27,16,496.0,36.5
2023-11-27,17,382.0,37.7
2023-11-27,18,224.0,37.9
2023-11-27,19,58.0,34.1
2023-11-27,20,0.0,32.5
2023-11-27,21,0.0,31.1
2023-11-27,22,0.0,31.0
2023-11-27,23,0.0,29.8
2023-11-27,24,0.0,28.2
2023-11-28,1,0.0,26.9
2023-11-28,2,0.0,26.2
2023-11-28,3,0.0,25.7
2023-11-28,4,0.0,25.3
2023-11-28,5,0.0,24.0
2023-11-28,6,0.0,23.5
2023-11-28,7,0.0,22.8
2023-11-28,8,0.0,20.1
2023-11-28,9,0.0,18.5
2023-11-28,10,33.0,19.9
2023-11-28,11,187.0,23.8
2023-11-28,12,353.0,26.6
2023-11-28,13,477.0,29.1
2023-11-28,14,542.0,31.1
2023-11-28,15,549.0,32.9
2023-11-28,16,492.0,34.3
2023-11-28,17,378.0,35.0
2023-11-28,18,221.0,34.6
2023-11-28,19,57.0,33.4
2023-11-28,20,0.0,35.0
2023-11-28,21,0.0,34.3
2023-11-28,22,0.0,32.6
2023-11-28,23,0.0,31.3
2023-11-28,24,0.0,29.8
2023-11-29,1,0.0,27.3
2023-11-29,2,0.0,26.5
2023-11-29,3,0.0,25.3
2023-11-29,4,0.0,24.8
2023-11-29,5,0.0,23.5
2023-11-29,6,0.0,22.2
2023-11-29,7,0.0,21.2
2023-11-29,8,0.0,21.9
2023-11-29,9,0.0,22.2
2023-11-29,10,18.0,23.5
2023-11-29,11,101.0,26.4
2023-11-29,12,186.0,29.3
2023-11-29,13,278.0,32.1
2023-11-29,14,390.0,34.7
2023-11-29,15,428.0,36.7
2023-11-29,16,388.0,38.1
2023-11-29,17,291.0,38.7
2023-11-29,18,185.0,38.5
2023-11-29,19,47.0,37.5
2023-11-29,20,0.0,37.3
2023-11-29,21,0.0,36.1
2023-11-29,22,0.0,35.0
2023-11-29,23,0.0,35.2
2023-11-29,24,0.0,34.7
2023-11-30,1,0.0,32.4
2023-11-30,2,0.0,30.9
2023-11-30,3,0.0,31.0
2023-11-30,4,0.0,28.3
2023-11-30,5,0.0,28.0
2023-11-30,6,0.0,27.7
2023-11-30,7,0.0,28.3
2023-11-30,8,0.0,28.9
2023-11-30,9,0.0,28.9
2023-11-30,10,16.0,29.1
2023-11-30,11,120.0,31.4
2023-11-30,12,308.0,34.3
2023-11-30,13,434.0,36.5
2023-11-30,14,496.0,39.1
2023-11-30,15,486.0,42.6
2023-11-30,16,419.0,44.9
2023-11-30,17,342.0,44.8
2023-11-30,18,193.0,43.6
2023-11-30,19,51.0,39.1
2023-11-30,20,0.0,37.1
2023-11-30,21,0.0,39.1
2023-11-30,22,0.0,36.3
2023-11-30,23,0.0,32.3
2023-11-30,24,0.0,33.6
2023-12-01,1,0.0,32.8
2023-12-01,2,0.0,30.8
2023-12-01,3,0.0,30.0
2023-12-01,4,0.0,29.2
2023-12-01,5,0.0,28.1
2023-12-01,6,0.0,28.0
2023-12-01,7,0.0,29.9
2023-12-01,8,0.0,31.3
2023-12-01,9,0.0,31.4
2023-12-01,10,18.0,31.4
2023-12-01,11,111.0,33.3
2023-12-01,12,243.0,36.5
2023-12-01,13,405.0,40.6
2023-12-01,14,498.0,43.7
2023-12-01,15,496.0,44.5
2023-12-01,16,443.0,45.3
2023-12-01,17,319.0,45.1
2023-12-01,18,199.0,43.6
2023-12-01,19,48.0,39.5
2023-12-01,20,0.0,38.5
2023-12-01,21,0.0,39.0
2023-12-01,22,0.0,36.6
2023-12-01,23,0.0,33.0
2023-12-01,24,0.0,28.6
2023-12-02,1,0.0,27.8
2023-12-02,2,0.0,26.9
2023-12-02,3,0.0,26.1
2023-12-02,4,0.0,24.8
2023-12-02,5,0.0,23.8
2023-12-02,6,0.0,25.2
2023-12-02,7,0.0,24.6
2023-12-02,8,0.0,22.6
2023-12-02,9,0.0,23.2
2023-12-02,10,26.0,24.7
2023-12-02,11,169.0,28.8
2023-12-02,12,270.0,32.5
2023-12-02,13,250.0,34.9
2023-12-02,14,273.0,38.2
2023-12-02,15,507.0,42.7
2023-12-02,16,476.0,44.5
2023-12-02,17,317.0,44.8
2023-12-02,18,139.0,43.3
2023-12-02,19,34.0,38.7
2023-12-02,20,0.0,42.5
2023-12-02,21,0.0,37.6
2023-12-02,22,0.0,35.4
2023-12-02,23,0.0,35.8
2023-12-02,24,0.0,33.9
2023-12-03,1,0.0,29.0
2023-12-03,2,0.0,28.0
2023-12-03,3,0.0,28.3
2023-12-03,4,0.0,28.0
2023-12-03,5,0.0,29.3
2023-12-03,6,0.0,29.3
2023-12-03,7,0.0,26.5
2023-12-03,8,0.0,28.0
2023-12-03,9,0.0,30.0
2023-12-03,10,22.0,29.1
2023-12-03,11,156.0,32.7
2023-12-03,12,306.0,35.4
2023-12-03,13,421.0,38.4
2023-12-03,14,504.0,41.6
2023-12-03,15,511.0,44.2
2023-12-03,16,452.0,46.1
2023-12-03,17,345.0,46.9
2023-12-03,18,197.0,46.5
2023-12-03,19,44.0,42.9
2023-12-03,20,0.0,42.9
2023-12-03,21,0.0,40.1
2023-12-03,22,0.0,37.5
2023-12-03,23,0.0,34.4
2023-12-03,24,0.0,32.7
2023-12-04,1,0.0,31.7
2023-12-04,2,0.0,33.7
2023-12-04,3,0.0,33.6
2023-12-04,4,0.0,31.7
2023-12-04,5,0.0,32.1
2023-12-04,6,0.0,32.8
2023-12-04,7,0.0,32.2
2023-12-04,8,0.0,32.3
2023-12-04,9,0.0,28.8
2023-12-04,10,21.0,29.3
2023-12-04,11,156.0,33.0
2023-12-04,12,312.0,36.3
2023-12-04,13,435.0,39.7
2023-12-04,14,506.0,42.6
2023-12-04,15,515.0,45.6
2023-12-04,16,462.0,47.4
2023-12-04,17,355.0,48.6
2023-12-04,18,206.0,48.0
2023-12-04,19,51.0,43.2
2023-12-04,20,0.0,45.6
2023-12-04,21,0.0,46.9
2023-12-04,22,0.0,38.8
2023-12-04,23,0.0,35.8
2023-12-04,24,0.0,33.7
2023-12-05,1,0.0,31.2
2023-12-05,2,0.0,31.1
2023-12-05,3,0.0,30.6
2023-12-05,4,0.0,33.9
2023-12-05,5,0.0,34.0
2023-12-05,6,0.0,33.7
2023-12-05,7,0.0,33.2
2023-12-05,8,0.0,34.0
2023-12-05,9,0.0,29.2
2023-12-05,10,22.0,29.7
2023-12-05,11,157.0,33.9
2023-12-05,12,314.0,37.0
2023-12-05,13,436.0,39.3
2023-12-05,14,505.0,41.4
2023-12-05,15,515.0,43.4
2023-12-05,16,464.0,45.0
2023-12-05,17,356.0,45.8
2023-12-05,18,206.0,45.7
2023-12-05,19,51.0,44.6
2023-12-05,20,0.0,47.2
2023-12-05,21,0.0,45.7
2023-12-05,22,0.0,40.6
2023-12-05,23,0.0,36.3
2023-12-05,24,0.0,33.6
2023-12-06,1,0.0,31.6
2023-12-06,2,0.0,30.4
2023-12-06,3,0.0,30.4
2023-12-06,4,0.0,29.3
2023-12-06,5,0.0,27.3
2023-12-06,6,0.0,27.4
2023-12-06,7,0.0,26.6
2023-12-06,8,0.0,26.8
2023-12-06,9,0.0,26.7
2023-12-06,10,20.0,26.6
2023-12-06,11,146.0,30.5
2023-12-06,12,289.0,34.1
2023-12-06,13,411.0,37.0
2023-12-06,14,483.0,40.1
2023-12-06,15,511.0,43.2
2023-12-06,16,464.0,45.2
2023-12-06,17,360.0,46.3
2023-12-06,18,209.0,46.3
2023-12-06,19,52.0,45.3
2023-12-06,20,0.0,42.5
2023-12-06,21,0.0,39.4
2023-12-06,22,0.0,39.1
2023-12-06,23,0.0,40.6
2023-12-06,24,0.0,39.9
2023-12-07,1,0.0,34.9
2023-12-07,2,0.0,32.3
2023-12-07,3,0.0,31.1
2023-12-07,4,0.0,32.2
2023-12-07,5,0.0,30.7
2023-12-07,6,0.0,29.6
2023-12-07,7,0.0,30.7
2023-12-07,8,0.0,27.7
2023-12-07,9,0.0,27.5
2023-12-07,10,20.0,27.3
2023-12-07,11,155.0,31.7
2023-12-07,12,313.0,35.5
2023-12-07,13,436.0,38.8
2023-12-07,14,507.0,42.1
2023-12-07,15,518.0,44.7
2023-12-07,16,433.0,46.7
2023-12-07,17,302.0,47.7
2023-12-07,18,147.0,47.3
2023-12-07,19,37.0,47.5
2023-12-07,20,0.0,48.1
2023-12-07,21,0.0,46.0
2023-12-07,22,0.0,41.7
2023-12-07,23,0.0,35.7
2023-12-07,24,0.0,33.0
2023-12-08,1,0.0,34.0
2023-12-08,2,0.0,35.2
2023-12-08,3,0.0,34.6
2023-12-08,4,0.0,35.6
2023-12-08,5,0.0,34.3
2023-12-08,6,0.0,35.2
2023-12-08,7,0.0,34.0
2023-12-08,8,0.0,30.7
2023-12-08,9,0.0,33.4
2023-12-08,10,18.0,33.1
2023-12-08,11,155.0,40.4
2023-12-08,12,316.0,43.5
2023-12-08,13,439.0,46.1
2023-12-08,14,514.0,46.7
2023-12-08,15,527.0,46.1
2023-12-08,16,474.0,45.2
2023-12-08,17,367.0,44.3
2023-12-08,18,216.0,42.8
2023-12-08,19,50.0,39.2
2023-12-08,20,0.0,36.9
2023-12-08,21,0.0,34.9
2023-12-08,22,0.0,33.3
2023-12-08,23,0.0,31.0
2023-12-08,24,0.0,28.0
2023-12-09,1,0.0,26.8
2023-12-09,2,0.0,26.6
2023-12-09,3,0.0,26.2
2023-12-09,4,0.0,26.4
2023-12-09,5,0.0,24.7
2023-12-09,6,0.0,28.2
2023-12-09,7,0.0,26.6
2023-12-09,8,0.0,24.1
2023-12-09,9,0.0,24.4
2023-12-09,10,18.0,22.4
2023-12-09,11,153.0,27.1
2023-12-09,12,314.0,31.9
2023-12-09,13,441.0,34.6
2023-12-09,14,514.0,36.9
2023-12-09,15,525.0,38.9
2023-12-09,16,473.0,39.9
2023-12-09,17,365.0,40.2
2023-12-09,18,213.0,39.7
2023-12-09,19,53.0,36.9
2023-12-09,20,0.0,36.3
2023-12-09,21,0.0,30.8
2023-12-09,22,0.0,28.7
2023-12-09,23,0.0,25.9
2023-12-09,24,0.0,26.2
2023-12-10,1,0.0,25.0
2023-12-10,2,0.0,25.5
2023-12-10,3,0.0,24.6
2023-12-10,4,0.0,21.5
2023-12-10,5,0.0,21.9
2023-12-10,6,0.0,22.8
2023-12-10,7,0.0,22.1
2023-12-10,8,0.0,21.9
2023-12-10,9,0.0,21.4
2023-12-10,10,16.0,20.8
2023-12-10,11,141.0,22.5
2023-12-10,12,285.0,25.3
2023-12-10,13,399.0,28.8
2023-12-10,14,487.0,31.3
2023-12-10,15,496.0,33.1
2023-12-10,16,457.0,34.7
2023-12-10,17,356.0,35.7
2023-12-10,18,210.0,35.6
2023-12-10,19,51.0,34.9
2023-12-10,20,0.0,34.2
2023-12-10,21,0.0,30.7
2023-12-10,22,0.0,28.7
2023-12-10,23,0.0,28.0
2023-12-10,24,0.0,28.0
2023-12-11,1,0.0,27.9
2023-12-11,2,0.0,27.0
2023-12-11,3,0.0,25.6
2023-12-11,4,0.0,25.6
2023-12-11,5,0.0,26.0
2023-12-11,6,0.0,25.1
2023-12-11,7,0.0,24.2
2023-12-11,8,0.0,23.0
2023-12-11,9,0.0,22.9
2023-12-11,10,15.0,22.6
2023-12-11,11,140.0,23.7
2023-12-11,12,301.0,27.9
2023-12-11,13,431.0,31.9
2023-12-11,14,499.0,35.2
2023-12-11,15,507.0,37.6
2023-12-11,16,464.0,38.9
2023-12-11,17,363.0,39.5
2023-12-11,18,213.0,38.9
2023-12-11,19,54.0,33.9
2023-12-11,20,0.0,32.7
2023-12-11,21,0.0,31.5
2023-12-11,22,0.0,29.6
2023-12-11,23,0.0,27.9
2023-12-11,24,0.0,26.1
2023-12-12,1,0.0,25.9
2023-12-12,2,0.0,27.6
2023-12-12,3,0.0,28.0
2023-12-12,4,0.0,27.2
2023-12-12,5,0.0,27.0
2023-12-12,6,0.0,26.8
2023-12-12,7,0.0,28.0
2023-12-12,8,0.0,25.5
2023-12-12,9,0.0,27.5
2023-12-12,10,12.0,28.3
2023-12-12,11,111.0,30.7
2023-12-12,12,230.0,34.5
2023-12-12,13,399.0,38.8
2023-12-12,14,468.0,41.6
2023-12-12,15,418.0,44.0
2023-12-12,16,339.0,45.5
2023-12-12,17,226.0,46.1
2023-12-12,18,133.0,45.1
2023-12-12,19,31.0,41.5
2023-12-12,20,0.0,42.4
2023-12-12,21,0.0,39.5
2023-12-12,22,0.0,38.3
2023-12-12,23,0.0,37.6
2023-12-12,24,0.0,36.5
2023-12-13,1,0.0,34.8
2023-12-13,2,0.0,32.6
2023-12-13,3,0.0,32.4
2023-12-13,4,0.0,33.4
2023-12-13,5,0.0,34.5
2023-12-13,6,0.0,33.4
2023-12-13,7,0.0,31.2
2023-12-13,8,0.0,32.6
2023-12-13,9,0.0,30.7
2023-12-13,10,13.0,30.6
2023-12-13,11,133.0,35.5
2023-12-13,12,264.0,40.3
2023-12-13,13,391.0,46.9
2023-12-13,14,442.0,49.5
2023-12-13,15,401.0,50.2
2023-12-13,16,293.0,49.8
2023-12-13,17,203.0,49.4
2023-12-13,18,130.0,48.7
2023-12-13,19,35.0,44.9
2023-12-13,20,0.0,43.4
2023-12-13,21,0.0,41.9
2023-12-13,22,0.0,40.6
2023-12-13,23,0.0,40.0
2023-12-13,24,0.0,39.3
2023-12-14,1,0.0,38.0
2023-12-14,2,0.0,36.1
2023-12-14,3,0.0,35.4
2023-12-14,4,0.0,33.6
2023-12-14,5,0.0,32.7
2023-12-14,6,0.0,35.5
2023-12-14,7,0.0,30.8
2023-12-14,8,0.0,31.3
2023-12-14,9,0.0,29.0
2023-12-14,10,9.0,29.4
2023-12-14,11,101.0,32.5
2023-12-14,12,268.0,35.4
2023-12-14,13,399.0,38.9
2023-12-14,14,487.0,42.3
2023-12-14,15,500.0,44.9
2023-12-14,16,446.0,46.4
2023-12-14,17,345.0,47.8
2023-12-14,18,198.0,48.3
2023-12-14,19,50.0,44.9
2023-12-14,20,0.0,42.9
2023-12-14,21,0.0,40.0
2023-12-14,22,0.0,40.8
2023-12-14,23,0.0,34.4
2023-12-14,24,0.0,33.2
2023-12-15,1,0.0,31.2
2023-12-15,2,0.0,29.8
2023-12-15,3,0.0,31.4
2023-12-15,4,0.0,31.1
2023-12-15,5,0.0,30.4
2023-12-15,6,0.0,30.6
2023-12-15,7,0.0,30.6
2023-12-15,8,0.0,31.2
2023-12-15,9,0.0,30.6
2023-12-15,10,11.0,29.9
2023-12-15,11,103.0,30.2
2023-12-15,12,221.0,31.2
2023-12-15,13,334.0,33.9
2023-12-15,14,441.0,37.7
2023-12-15,15,494.0,41.0
2023-12-15,16,456.0,43.3
2023-12-15,17,354.0,44.7
2023-12-15,18,208.0,44.7
2023-12-15,19,54.0,41.2
2023-12-15,20,0.0,41.8
2023-12-15,21,0.0,42.7
2023-12-15,22,0.0,37.9
2023-12-15,23,0.0,33.2
2023-12-15,24,0.0,31.1
2023-12-16,1,0.0,29.8
2023-12-16,2,0.0,28.9
2023-12-16,3,0.0,28.0
2023-12-16,4,0.0,27.1
2023-12-16,5,0.0,26.5
2023-12-16,6,0.0,26.1
2023-12-16,7,0.0,25.5
2023-12-16,8,0.0,26.2
2023-12-16,9,0.0,27.2
2023-12-16,10,9.0,27.5
2023-12-16,11,84.0,27.9
2023-12-16,12,173.0,28.6
2023-12-16,13,292.0,30.5
2023-12-16,14,414.0,33.0
2023-12-16,15,479.0,35.4
2023-12-16,16,456.0,37.7
2023-12-16,17,341.0,39.0
2023-12-16,18,201.0,39.2
2023-12-16,19,51.0,38.8
2023-12-16,20,0.0,38.1
2023-12-16,21,0.0,37.2
2023-12-16,22,0.0,35.7
2023-12-16,23,0.0,34.1
2023-12-16,24,0.0,32.7
2023-12-17,1,0.0,31.7
2023-12-17,2,0.0,30.7
2023-12-17,3,0.0,28.9
2023-12-17,4,0.0,28.4
2023-12-17,5,0.0,28.7
2023-12-17,6,0.0,28.0
2023-12-17,7,0.0,26.6
2023-12-17,8,0.0,24.0
2023-12-17,9,0.0,23.5
2023-12-17,10,9.0,23.3
2023-12-17,11,93.0,24.2
2023-12-17,12,190.0,25.3
2023-12-17,13,280.0,26.8
2023-12-17,14,372.0,29.3
2023-12-17,15,458.0,32.4
2023-12-17,16,453.0,34.1
2023-12-17,17,357.0,35.7
2023-12-17,18,211.0,35.7
2023-12-17,19,55.0,34.5
2023-12-17,20,0.0,36.0
2023-12-17,21,0.0,34.0
2023-12-17,22,0.0,34.1
2023-12-17,23,0.0,33.4
2023-12-17,24,0.0,30.4
2023-12-18,1,0.0,32.0
2023-12-18,2,0.0,31.7
2023-12-18,3,0.0,28.2
2023-12-18,4,0.0,29.8
2023-12-18,5,0.0,27.4
2023-12-18,6,0.0,25.2
2023-12-18,7,0.0,24.6
2023-12-18,8,0.0,25.1
2023-12-18,9,0.0,26.1
2023-12-18,10,7.0,27.0
2023-12-18,11,96.0,30.3
2023-12-18,12,271.0,34.4
2023-12-18,13,409.0,37.8
2023-12-18,14,422.0,40.4
2023-12-18,15,358.0,42.3
2023-12-18,16,388.0,44.3
2023-12-18,17,316.0,45.3
2023-12-18,18,183.0,45.0
2023-12-18,19,43.0,39.9
2023-12-18,20,0.0,37.3
2023-12-18,21,0.0,37.8
2023-12-18,22,0.0,36.5
2023-12-18,23,0.0,39.8
2023-12-18,24,0.0,38.8
2023-12-19,1,0.0,35.2
2023-12-19,2,0.0,34.9
2023-12-19,3,0.0,34.6
2023-12-19,4,0.0,34.9
2023-12-19,5,0.0,34.3
2023-12-19,6,0.0,34.1
2023-12-19,7,0.0,31.5
2023-12-19,8,0.0,30.3
2023-12-19,9,0.0,31.6
2023-12-19,10,10.0,30.7
2023-12-19,11,123.0,34.9
2023-12-19,12,270.0,38.1
2023-12-19,13,398.0,41.5
2023-12-19,14,468.0,44.2
2023-12-19,15,493.0,46.3
2023-12-19,16,450.0,48.4
2023-12-19,17,265.0,49.4
2023-12-19,18,133.0,49.5
2023-12-19,19,19.0,46.9
2023-12-19,20,0.0,47.1
2023-12-19,21,0.0,45.1
2023-12-19,22,0.0,43.6
2023-12-19,23,0.0,42.3
2023-12-19,24,0.0,41.9
2023-12-20,1,0.0,41.3
2023-12-20,2,0.0,36.7
2023-12-20,3,0.0,35.1
2023-12-20,4,0.0,34.9
2023-12-20,5,0.0,32.4
2023-12-20,6,0.0,32.6
2023-12-20,7,0.0,30.9
2023-12-20,8,0.0,30.8
2023-12-20,9,0.0,29.8
2023-12-20,10,8.0,32.5
2023-12-20,11,71.0,34.7
2023-12-20,12,155.0,37.8
2023-12-20,13,179.0,39.8
2023-12-20,14,101.0,40.8
2023-12-20,15,133.0,41.9
2023-12-20,16,169.0,43.3
2023-12-20,17,103.0,44.0
2023-12-20,18,57.0,43.5
2023-12-20,19,10.0,42.2
2023-12-20,20,0.0,42.4
2023-12-20,21,0.0,43.0
2023-12-20,22,0.0,41.3
2023-12-20,23,0.0,40.3
2023-12-20,24,0.0,40.3
2023-12-21,1,0.0,40.5
2023-12-21,2,0.0,38.0
2023-12-21,3,0.0,38.7
2023-12-21,4,0.0,37.9
2023-12-21,5,0.0,32.8
2023-12-21,6,0.0,30.6
2023-12-21,7,0.0,29.0
2023-12-21,8,0.0,29.7
2023-12-21,9,0.0,28.5
2023-12-21,10,7.0,28.5
2023-12-21,11,82.0,30.0
2023-12-21,12,185.0,31.7
2023-12-21,13,280.0,33.7
2023-12-21,14,334.0,36.7
2023-12-21,15,381.0,39.4
2023-12-21,16,360.0,41.6
2023-12-21,17,309.0,42.7
2023-12-21,18,194.0,42.6
2023-12-21,19,56.0,41.1
2023-12-21,20,0.0,39.4
2023-12-21,21,0.0,40.2
2023-12-21,22,0.0,39.7
2023-12-21,23,0.0,36.8
2023-12-21,24,0.0,32.1
2023-12-22,1,0.0,30.2
2023-12-22,2,0.0,29.5
2023-12-22,3,0.0,28.8
2023-12-22,4,0.0,29.1
2023-12-22,5,0.0,30.8
2023-12-22,6,0.0,31.8
2023-12-22,7,0.0,32.6
2023-12-22,8,0.0,34.3
2023-12-22,9,0.0,35.3
2023-12-22,10,5.0,35.1
2023-12-22,11,65.0,35.5
2023-12-22,12,195.0,37.3
2023-12-22,13,314.0,39.7
2023-12-22,14,371.0,42.0
2023-12-22,15,384.0,43.4
2023-12-22,16,406.0,44.9
2023-12-22,17,197.0,45.0
2023-12-22,18,69.0,44.2
2023-12-22,19,16.0,42.7
2023-12-22,20,0.0,43.6
2023-12-22,21,0.0,43.3
2023-12-22,22,0.0,42.8
2023-12-22,23,0.0,41.9
2023-12-22,24,0.0,41.6
2023-12-23,1,0.0,41.7
2023-12-23,2,0.0,41.1
2023-12-23,3,0.0,40.1
2023-12-23,4,0.0,40.5
2023-12-23,5,0.0,39.7
2023-12-23,6,0.0,39.4
2023-12-23,7,0.0,40.2
2023-12-23,8,0.0,40.3
2023-12-23,9,0.0,40.6
2023-12-23,10,3.0,40.7
2023-12-23,11,54.0,41.0
2023-12-23,12,137.0,42.2
2023-12-23,13,70.0,42.0
2023-12-23,14,111.0,41.7
2023-12-23,15,150.0,42.8
2023-12-23,16,195.0,44.9
2023-12-23,17,232.0,46.1
2023-12-23,18,112.0,46.3
2023-12-23,19,55.0,43.6
2023-12-23,20,0.0,42.2
2023-12-23,21,0.0,41.7
2023-12-23,22,0.0,37.6
2023-12-23,23,0.0,34.8
2023-12-23,24,0.0,37.0
2023-12-24,1,0.0,33.3
2023-12-24,2,0.0,32.4
2023-12-24,3,0.0,30.0
2023-12-24,4,0.0,27.9
2023-12-24,5,0.0,26.4
2023-12-24,6,0.0,25.4
2023-12-24,7,0.0,24.9
2023-12-24,8,0.0,24.4
2023-12-24,9,0.0,23.5
2023-12-24,10,9.0,23.9
2023-12-24,11,129.0,26.9
2023-12-24,12,292.0,30.1
2023-12-24,13,424.0,33.1
2023-12-24,14,504.0,35.4
2023-12-24,15,522.0,37.9
2023-12-24,16,477.0,39.8
2023-12-24,17,374.0,40.8
2023-12-24,18,227.0,40.8
2023-12-24,19,66.0,36.8
2023-12-24,20,0.0,33.7
2023-12-24,21,0.0,31.1
2023-12-24,22,0.0,28.3
2023-12-24,23,0.0,25.5
2023-12-24,24,0.0,24.4
2023-12-25,1,0.0,23.4
2023-12-25,2,0.0,22.9
2023-12-25,3,0.0,22.0
2023-12-25,4,0.0,21.2
2023-12-25,5,0.0,20.1
2023-12-25,6,0.0,19.5
2023-12-25,7,0.0,19.1
2023-12-25,8,0.0,19.7
2023-12-25,9,0.0,19.6
2023-12-25,10,9.0,18.7
2023-12-25,11,128.0,21.7
2023-12-25,12,291.0,25.3
2023-12-25,13,424.0,27.6
2023-12-25,14,504.0,29.8
2023-12-25,15,524.0,32.1
2023-12-25,16,479.0,34.4
2023-12-25,17,376.0,36.7
2023-12-25,18,228.0,37.1
2023-12-25,19,66.0,31.6
2023-12-25,20,0.0,30.8
2023-12-25,21,0.0,28.7
2023-12-25,22,0.0,26.8
2023-12-25,23,0.0,24.5
2023-12-25,24,0.0,27.1
2023-12-26,1,0.0,23.5
2023-12-26,2,0.0,21.4
2023-12-26,3,0.0,20.3
2023-12-26,4,0.0,19.4
2023-12-26,5,0.0,18.9
2023-12-26,6,0.0,19.7
2023-12-26,7,0.0,19.2
2023-12-26,8,0.0,15.3
2023-12-26,9,0.0,14.6
2023-12-26,10,9.0,16.3
2023-12-26,11,128.0,19.1
2023-12-26,12,294.0,22.7
2023-12-26,13,427.0,27.1
2023-12-26,14,508.0,31.2
2023-12-26,15,526.0,35.2
2023-12-26,16,481.0,39.3
2023-12-26,17,379.0,41.5
2023-12-26,18,232.0,40.2
2023-12-26,19,69.0,38.8
2023-12-26,20,0.0,30.6
2023-12-26,21,0.0,28.2
2023-12-26,22,0.0,25.5
2023-12-26,23,0.0,23.8
2023-12-26,24,0.0,23.4
2023-12-27,1,0.0,22.6
2023-12-27,2,0.0,24.6
2023-12-27,3,0.0,24.6
2023-12-27,4,0.0,24.4
2023-12-27,5,0.0,24.1
2023-12-27,6,0.0,23.4
2023-12-27,7,0.0,22.2
2023-12-27,8,0.0,22.0
2023-12-27,9,0.0,21.2
2023-12-27,10,8.0,17.3
2023-12-27,11,128.0,22.2
2023-12-27,12,291.0,26.9
2023-12-27,13,423.0,30.5
2023-12-27,14,504.0,33.4
2023-12-27,15,524.0,35.9
2023-12-27,16,481.0,38.5
2023-12-27,17,379.0,40.7
2023-12-27,18,231.0,40.2
2023-12-27,19,69.0,34.5
2023-12-27,20,0.0,31.2
2023-12-27,21,0.0,33.1
2023-12-27,22,0.0,31.4
2023-12-27,23,0.0,30.3
2023-12-27,24,0.0,29.2
2023-12-28,1,0.0,27.7
2023-12-28,2,0.0,26.2
2023-12-28,3,0.0,25.4
2023-12-28,4,0.0,25.1
2023-12-28,5,0.0,21.5
2023-12-28,6,0.0,22.5
2023-12-28,7,0.0,22.4
2023-12-28,8,0.0,18.9
2023-12-28,9,0.0,21.8
2023-12-28,10,7.0,22.6
2023-12-28,11,104.0,24.4
2023-12-28,12,245.0,27.7
2023-12-28,13,340.0,30.8
2023-12-28,14,467.0,34.0
2023-12-28,15,514.0,36.7
2023-12-28,16,465.0,38.8
2023-12-28,17,350.0,40.4
2023-12-28,18,208.0,40.0
2023-12-28,19,70.0,34.1
2023-12-28,20,0.0,34.2
2023-12-28,21,0.0,34.8
2023-12-28,22,0.0,33.3
2023-12-28,23,0.0,31.6
2023-12-28,24,0.0,29.8
2023-12-29,1,0.0,28.5
2023-12-29,2,0.0,25.7
2023-12-29,3,0.0,24.4
2023-12-29,4,0.0,22.6
2023-12-29,5,0.0,21.6
2023-12-29,6,0.0,22.1
2023-12-29,7,0.0,22.8
2023-12-29,8,0.0,22.0
2023-12-29,9,0.0,20.1
2023-12-29,10,7.0,19.3
2023-12-29,11,120.0,22.3
2023-12-29,12,280.0,26.4
2023-12-29,13,412.0,30.0
2023-12-29,14,494.0,32.5
2023-12-29,15,516.0,34.4
2023-12-29,16,475.0,35.8
2023-12-29,17,376.0,36.5
2023-12-29,18,232.0,36.1
2023-12-29,19,72.0,34.7
2023-12-29,20,0.0,35.6
2023-12-29,21,0.0,34.3
2023-12-29,22,0.0,33.3
2023-12-29,23,0.0,31.6
2023-12-29,24,0.0,30.3
2023-12-30,1,0.0,29.3
2023-12-30,2,0.0,28.4
2023-12-30,3,0.0,25.9
2023-12-30,4,0.0,26.2
2023-12-30,5,0.0,23.8
2023-12-30,6,0.0,22.8
2023-12-30,7,0.0,22.8
2023-12-30,8,0.0,21.1
2023-12-30,9,0.0,21.1
2023-12-30,10,6.0,21.7
2023-12-30,11,94.0,24.6
2023-12-30,12,249.0,29.6
2023-12-30,13,360.0,33.7
2023-12-30,14,448.0,36.2
2023-12-30,15,502.0,38.2
2023-12-30,16,461.0,39.7
2023-12-30,17,241.0,39.9
2023-12-30,18,93.0,39.3
2023-12-30,19,51.0,35.2
2023-12-30,20,0.0,40.0
2023-12-30,21,0.0,38.4
2023-12-30,22,0.0,31.8
2023-12-30,23,0.0,31.9
2023-12-30,24,0.0,30.6
2023-12-31,1,0.0,30.3
2023-12-31,2,0.0,30.4
2023-12-31,3,0.0,30.5
2023-12-31,4,0.0,30.2
2023-12-31,5,0.0,29.4
2023-12-31,6,0.0,28.0
2023-12-31,7,0.0,27.0
2023-12-31,8,0.0,24.4
2023-12-31,9,0.0,20.3
2023-12-31,10,7.0,20.5
2023-12-31,11,119.0,24.2
2023-12-31,12,279.0,29.8
2023-12-31,13,410.0,32.8
2023-12-31,14,490.0,35.2
2023-12-31,15,513.0,37.7
2023-12-31,16,474.0,39.6
2023-12-31,17,376.0,40.8
2023-12-31,18,233.0,41.1
2023-12-31,19,74.0,39.9
2023-12-31,20,0.0,36.9
2023-12-31,21,0.0,35.4
2023-12-31,22,0.0,33.8
2023-12-31,23,0.0,31.3
2023-12-31,24,0.0,30.8
2024-01-01,1,0.0,29.8
2024-01-01,2,0.0,26.2
2024-01-01,3,0.0,26.0
2024-01-01,4,0.0,26.7
2024-01-01,5,0.0,25.6
2024-01-01,6,0.0,24.5
2024-01-01,7,0.0,24.5
2024-01-01,8,0.0,24.6
2024-01-01,9,0.0,21.7
2024-01-01,10,7.0,22.0
2024-01-01,11,116.0,26.6
2024-01-01,12,275.0,31.6
2024-01-01,13,406.0,35.3
2024-01-01,14,487.0,38.5
2024-01-01,15,510.0,41.0
2024-01-01,16,467.0,42.7
2024-01-01,17,371.0,43.4
2024-01-01,18,221.0,42.8
2024-01-01,19,63.0,39.6
2024-01-01,20,0.0,38.9
2024-01-01,21,0.0,39.3
2024-01-01,22,0.0,31.0
2024-01-01,23,0.0,29.3
2024-01-01,24,0.0,28.9
2024-01-02,1,0.0,30.2
2024-01-02,2,0.0,29.4
2024-01-02,3,0.0,28.3
2024-01-02,4,0.0,27.0
2024-01-02,5,0.0,25.6
2024-01-02,6,0.0,25.1
2024-01-02,7,0.0,24.8
2024-01-02,8,0.0,23.3
2024-01-02,9,0.0,22.1
2024-01-02,10,6.0,21.5
2024-01-02,11,102.0,22.6
2024-01-02,12,228.0,25.3
2024-01-02,13,360.0,28.6
2024-01-02,14,495.0,32.3
2024-01-02,15,520.0,35.2
2024-01-02,16,482.0,37.7
2024-01-02,17,386.0,39.4
2024-01-02,18,242.0,39.8
2024-01-02,19,80.0,38.8
2024-01-02,20,1.0,39.7
2024-01-02,21,0.0,37.0
2024-01-02,22,0.0,34.0
2024-01-02,23,0.0,31.3
2024-01-02,24,0.0,27.9
2024-01-03,1,0.0,25.7
2024-01-03,2,0.0,25.0
2024-01-03,3,0.0,24.3
2024-01-03,4,0.0,23.7
2024-01-03,5,0.0,24.3
2024-01-03,6,0.0,24.1
2024-01-03,7,0.0,24.6
2024-01-03,8,0.0,23.5
2024-01-03,9,0.0,23.6
2024-01-03,10,6.0,24.2
2024-01-03,11,117.0,29.2
2024-01-03,12,277.0,32.7
2024-01-03,13,410.0,36.2
2024-01-03,14,493.0,39.8
2024-01-03,15,512.0,43.3
2024-01-03,16,440.0,45.2
2024-01-03,17,309.0,45.6
2024-01-03,18,160.0,44.2
2024-01-03,19,58.0,40.0
2024-01-03,20,0.0,39.6
2024-01-03,21,0.0,37.6
2024-01-03,22,0.0,36.1
2024-01-03,23,0.0,36.1
2024-01-03,24,0.0,34.3
2024-01-04,1,0.0,35.3
2024-01-04,2,0.0,33.7
2024-01-04,3,0.0,33.4
2024-01-04,4,0.0,33.3
2024-01-04,5,0.0,32.8
2024-01-04,6,0.0,33.0
2024-01-04,7,0.0,32.7
2024-01-04,8,0.0,31.7
2024-01-04,9,0.0,30.7
2024-01-04,10,4.0,31.1
2024-01-04,11,52.0,33.4
2024-01-04,12,96.0,34.8
2024-01-04,13,220.0,36.9
2024-01-04,14,243.0,38.9
2024-01-04,15,198.0,41.9
2024-01-04,16,272.0,44.8
2024-01-04,17,246.0,43.9
2024-01-04,18,172.0,42.5
2024-01-04,19,50.0,40.6
2024-01-04,20,0.0,39.7
2024-01-04,21,0.0,38.0
2024-01-04,22,0.0,36.6
2024-01-04,23,0.0,36.1
2024-01-04,24,0.0,35.6
2024-01-05,1,0.0,34.4
2024-01-05,2,0.0,33.2
2024-01-05,3,0.0,32.4
2024-01-05,4,0.0,30.6
2024-01-05,5,0.0,27.7
2024-01-05,6,0.0,27.4
2024-01-05,7,0.0,27.1
2024-01-05,8,0.0,27.0
2024-01-05,9,0.0,26.4
2024-01-05,10,6.0,25.9
2024-01-05,11,105.0,31.5
2024-01-05,12,243.0,35.3
2024-01-05,13,407.0,38.5
2024-01-05,14,502.0,41.3
2024-01-05,15,507.0,42.5
2024-01-05,16,427.0,42.3
2024-01-05,17,361.0,41.8
2024-01-05,18,207.0,40.5
2024-01-05,19,67.0,36.4
2024-01-05,20,1.0,33.8
2024-01-05,21,0.0,34.2
2024-01-05,22,0.0,33.9
2024-01-05,23,0.0,33.1
2024-01-05,24,0.0,31.8
2024-01-06,1,0.0,32.9
2024-01-06,2,0.0,32.5
2024-01-06,3,0.0,31.5
2024-01-06,4,0.0,30.1
2024-01-06,5,0.0,28.9
2024-01-06,6,0.0,27.3
2024-01-06,7,0.0,26.2
2024-01-06,8,0.0,26.4
2024-01-06,9,0.0,24.9
2024-01-06,10,7.0,22.9
2024-01-06,11,120.0,26.4
2024-01-06,12,287.0,30.4
2024-01-06,13,424.0,32.6
2024-01-06,14,495.0,34.4
2024-01-06,15,526.0,36.1
2024-01-06,16,468.0,37.8
2024-01-06,17,396.0,38.6
2024-01-06,18,249.0,37.7
2024-01-06,19,78.0,34.1
2024-01-06,20,1.0,31.3
2024-01-06,21,0.0,31.6
2024-01-06,22,0.0,31.6
2024-01-06,23,0.0,30.7
2024-01-06,24,0.0,29.8
2024-01-07,1,0.0,29.3
2024-01-07,2,0.0,29.4
2024-01-07,3,0.0,29.2
2024-01-07,4,0.0,29.4
2024-01-07,5,0.0,29.3
2024-01-07,6,0.0,28.9
2024-01-07,7,0.0,29.0
2024-01-07,8,0.0,30.2
2024-01-07,9,0.0,30.1
2024-01-07,10,1.0,30.1
2024-01-07,11,44.0,31.7
2024-01-07,12,74.0,33.6
2024-01-07,13,148.0,35.8
2024-01-07,14,220.0,36.0
2024-01-07,15,330.0,36.1
2024-01-07,16,149.0,35.3
2024-01-07,17,221.0,36.0
2024-01-07,18,121.0,34.0
2024-01-07,19,29.0,31.9
2024-01-07,20,1.0,30.8
2024-01-07,21,0.0,26.8
2024-01-07,22,0.0,27.0
2024-01-07,23,0.0,27.0
2024-01-07,24,0.0,27.1
2024-01-08,1,0.0,28.0
2024-01-08,2,0.0,28.4
2024-01-08,3,0.0,28.1
2024-01-08,4,0.0,27.8
2024-01-08,5,0.0,27.5
2024-01-08,6,0.0,26.2
2024-01-08,7,0.0,24.5
2024-01-08,8,0.0,21.6
2024-01-08,9,0.0,20.6
2024-01-08,10,7.0,22.6
2024-01-08,11,106.0,25.3
2024-01-08,12,250.0,27.7
2024-01-08,13,415.0,29.1
2024-01-08,14,518.0,30.0
2024-01-08,15,550.0,30.6
2024-01-08,16,508.0,31.3
2024-01-08,17,415.0,31.5
2024-01-08,18,267.0,28.2
2024-01-08,19,96.0,21.7
2024-01-08,20,2.0,26.5
2024-01-08,21,0.0,24.8
2024-01-08,22,0.0,23.8
2024-01-08,23,0.0,23.4
2024-01-08,24,0.0,22.6
2024-01-09,1,0.0,22.3
2024-01-09,2,0.0,20.2
2024-01-09,3,0.0,17.4
2024-01-09,4,0.0,17.7
2024-01-09,5,0.0,14.3
2024-01-09,6,0.0,13.4
2024-01-09,7,0.0,12.7
2024-01-09,8,0.0,11.8
2024-01-09,9,0.0,10.9
2024-01-09,10,7.0,11.1
2024-01-09,11,118.0,14.4
2024-01-09,12,284.0,17.8
2024-01-09,13,424.0,20.8
2024-01-09,14,513.0,23.5
2024-01-09,15,542.0,25.5
2024-01-09,16,504.0,27.0
2024-01-09,17,399.0,27.6
2024-01-09,18,197.0,27.3
2024-01-09,19,58.0,26.7
2024-01-09,20,2.0,23.4
2024-01-09,21,0.0,21.9
2024-01-09,22,0.0,20.8
2024-01-09,23,0.0,19.3
2024-01-09,24,0.0,18.2
2024-01-10,1,0.0,17.4
2024-01-10,2,0.0,16.2
2024-01-10,3,0.0,15.3
2024-01-10,4,0.0,14.4
2024-01-10,5,0.0,13.6
2024-01-10,6,0.0,12.8
2024-01-10,7,0.0,12.7
2024-01-10,8,0.0,13.2
2024-01-10,9,0.0,12.1
2024-01-10,10,6.0,12.9
2024-01-10,11,119.0,14.6
2024-01-10,12,287.0,19.1
2024-01-10,13,429.0,24.2
2024-01-10,14,517.0,28.0
2024-01-10,15,542.0,30.8
2024-01-10,16,503.0,32.4
2024-01-10,17,404.0,33.4
2024-01-10,18,259.0,33.2
2024-01-10,19,94.0,29.3
2024-01-10,20,2.0,27.9
2024-01-10,21,0.0,25.8
2024-01-10,22,0.0,24.0
2024-01-10,23,0.0,23.5
2024-01-10,24,0.0,22.8
2024-01-11,1,0.0,22.5
2024-01-11,2,0.0,24.3
2024-01-11,3,0.0,23.0
2024-01-11,4,0.0,23.0
2024-01-11,5,0.0,22.3
2024-01-11,6,0.0,23.2
2024-01-11,7,0.0,24.2
2024-01-11,8,0.0,26.2
2024-01-11,9,0.0,26.3
2024-01-11,10,2.0,25.6
2024-01-11,11,34.0,27.4
2024-01-11,12,90.0,30.6
2024-01-11,13,193.0,30.3
2024-01-11,14,246.0,30.7
2024-01-11,15,446.0,31.9
2024-01-11,16,469.0,31.8
2024-01-11,17,421.0,31.9
2024-01-11,18,272.0,30.8
2024-01-11,19,102.0,27.2
2024-01-11,20,3.0,24.5
2024-01-11,21,0.0,23.0
2024-01-11,22,0.0,20.9
2024-01-11,23,0.0,19.8
2024-01-11,24,0.0,20.6
2024-01-12,1,0.0,17.8
2024-01-12,2,0.0,19.2
2024-01-12,3,0.0,14.5
2024-01-12,4,0.0,12.7
2024-01-12,5,0.0,11.1
2024-01-12,6,0.0,11.0
2024-01-12,7,0.0,10.4
2024-01-12,8,0.0,9.0
2024-01-12,9,0.0,9.0
2024-01-12,10,7.0,9.5
2024-01-12,11,114.0,13.1
2024-01-12,12,281.0,16.7
2024-01-12,13,427.0,20.2
2024-01-12,14,518.0,22.6
2024-01-12,15,545.0,24.6
2024-01-12,16,510.0,26.1
2024-01-12,17,410.0,26.5
2024-01-12,18,262.0,25.9
2024-01-12,19,97.0,22.6
2024-01-12,20,3.0,20.2
2024-01-12,21,0.0,17.9
2024-01-12,22,0.0,17.7
2024-01-12,23,0.0,18.2
2024-01-12,24,0.0,18.0
2024-01-13,1,0.0,16.8
2024-01-13,2,0.0,15.1
2024-01-13,3,0.0,14.3
2024-01-13,4,0.0,14.5
2024-01-13,5,0.0,14.4
2024-01-13,6,0.0,14.2
2024-01-13,7,0.0,14.4
2024-01-13,8,0.0,16.9
2024-01-13,9,0.0,15.2
2024-01-13,10,7.0,14.8
2024-01-13,11,115.0,19.7
2024-01-13,12,281.0,25.5
2024-01-13,13,421.0,29.6
2024-01-13,14,495.0,32.5
2024-01-13,15,485.0,34.4
2024-01-13,16,321.0,35.2
2024-01-13,17,248.0,35.4
2024-01-13,18,172.0,34.8
2024-01-13,19,52.0,31.7
2024-01-13,20,2.0,30.4
2024-01-13,21,0.0,29.4
2024-01-13,22,0.0,29.9
2024-01-13,23,0.0,30.3
2024-01-13,24,0.0,30.1
2024-01-14,1,0.0,30.0
2024-01-14,2,0.0,29.8
2024-01-14,3,0.0,29.9
2024-01-14,4,0.0,30.3
2024-01-14,5,0.0,29.2
2024-01-14,6,0.0,29.5
2024-01-14,7,0.0,26.1
2024-01-14,8,0.0,24.5
2024-01-14,9,0.0,24.7
2024-01-14,10,7.0,24.2
2024-01-14,11,113.0,27.3
2024-01-14,12,277.0,30.9
2024-01-14,13,415.0,34.9
2024-01-14,14,504.0,39.4
2024-01-14,15,533.0,42.8
2024-01-14,16,492.0,45.0
2024-01-14,17,293.0,45.7
2024-01-14,18,172.0,44.5
2024-01-14,19,78.0,39.5
2024-01-14,20,4.0,33.4
2024-01-14,21,0.0,30.7
2024-01-14,22,0.0,28.2
2024-01-14,23,0.0,26.5
2024-01-14,24,0.0,24.0
2024-01-15,1,0.0,23.3
2024-01-15,2,0.0,23.1
2024-01-15,3,0.0,24.0
2024-01-15,4,0.0,24.0
2024-01-15,5,0.0,24.0
2024-01-15,6,0.0,24.4
2024-01-15,7,0.0,23.6
2024-01-15,8,0.0,23.8
2024-01-15,9,0.0,23.8
2024-01-15,10,5.0,24.3
2024-01-15,11,69.0,26.5
2024-01-15,12,187.0,29.2
2024-01-15,13,278.0,31.6
2024-01-15,14,321.0,33.6
2024-01-15,15,343.0,35.9
2024-01-15,16,408.0,38.5
2024-01-15,17,418.0,39.6
2024-01-15,18,274.0,38.5
2024-01-15,19,108.0,34.6
2024-01-15,20,5.0,32.7
2024-01-15,21,0.0,29.3
2024-01-15,22,0.0,27.1
2024-01-15,23,0.0,25.3
2024-01-15,24,0.0,24.5
2024-01-16,1,0.0,23.2
2024-01-16,2,0.0,22.5
2024-01-16,3,0.0,21.7
2024-01-16,4,0.0,20.8
2024-01-16,5,0.0,19.7
2024-01-16,6,0.0,18.6
2024-01-16,7,0.0,17.4
2024-01-16,8,0.0,17.4
2024-01-16,9,0.0,16.3
2024-01-16,10,8.0,15.8
2024-01-16,11,120.0,19.0
2024-01-16,12,273.0,24.6
2024-01-16,13,430.0,29.1
2024-01-16,14,522.0,31.8
2024-01-16,15,552.0,34.3
2024-01-16,16,519.0,36.5
2024-01-16,17,423.0,37.2
2024-01-16,18,278.0,36.9
2024-01-16,19,111.0,32.9
2024-01-16,20,5.0,28.9
2024-01-16,21,0.0,24.8
2024-01-16,22,0.0,23.6
2024-01-16,23,0.0,23.2
2024-01-16,24,0.0,22.7
2024-01-17,1,0.0,22.5
2024-01-17,2,0.0,21.7
2024-01-17,3,0.0,21.1
2024-01-17,4,0.0,20.9
2024-01-17,5,0.0,20.6
2024-01-17,6,0.0,20.3
2024-01-17,7,0.0,20.9
2024-01-17,8,0.0,20.8
2024-01-17,9,0.0,20.8
2024-01-17,10,5.0,22.0
2024-01-17,11,62.0,24.3
2024-01-17,12,125.0,26.0
2024-01-17,13,105.0,27.1
2024-01-17,14,234.0,29.6
2024-01-17,15,434.0,32.5
2024-01-17,16,519.0,34.7
2024-01-17,17,412.0,36.1
2024-01-17,18,271.0,36.4
2024-01-17,19,111.0,33.7
2024-01-17,20,6.0,27.1
2024-01-17,21,0.0,25.8
2024-01-17,22,0.0,24.6
2024-01-17,23,0.0,24.4
2024-01-17,24,0.0,23.3
2024-01-18,1,0.0,22.7
2024-01-18,2,0.0,22.5
2024-01-18,3,0.0,22.4
2024-01-18,4,0.0,21.3
2024-01-18,5,0.0,21.7
2024-01-18,6,0.0,21.9
2024-01-18,7,0.0,22.0
2024-01-18,8,0.0,22.5
2024-01-18,9,0.0,23.5
2024-01-18,10,7.0,23.0
2024-01-18,11,109.0,25.2
2024-01-18,12,260.0,28.8
2024-01-18,13,411.0,32.8
2024-01-18,14,503.0,36.4
2024-01-18,15,536.0,39.0
2024-01-18,16,510.0,40.7
2024-01-18,17,393.0,41.2
2024-01-18,18,249.0,40.5
2024-01-18,19,87.0,38.2
2024-01-18,20,6.0,35.8
2024-01-18,21,0.0,33.3
2024-01-18,22,0.0,31.6
2024-01-18,23,0.0,31.4
2024-01-18,24,0.0,31.4
2024-01-19,1,0.0,28.6
2024-01-19,2,0.0,27.4
2024-01-19,3,0.0,26.4
2024-01-19,4,0.0,25.2
2024-01-19,5,0.0,24.3
2024-01-19,6,0.0,24.4
2024-01-19,7,0.0,23.7
2024-01-19,8,0.0,24.0
2024-01-19,9,0.0,23.3
2024-01-19,10,8.0,23.5
2024-01-19,11,116.0,27.1
2024-01-19,12,283.0,31.7
2024-01-19,13,423.0,35.2
2024-01-19,14,512.0,37.9
2024-01-19,15,547.0,40.3
2024-01-19,16,514.0,42.0
2024-01-19,17,419.0,42.7
2024-01-19,18,278.0,42.4
2024-01-19,19,95.0,39.7
2024-01-19,20,5.0,37.5
2024-01-19,21,0.0,35.5
2024-01-19,22,0.0,34.1
2024-01-19,23,0.0,32.5
2024-01-19,24,0.0,30.5
2024-01-20,1,0.0,29.6
2024-01-20,2,0.0,29.7
2024-01-20,3,0.0,28.6
2024-01-20,4,0.0,28.6
2024-01-20,5,0.0,29.0
2024-01-20,6,0.0,28.2
2024-01-20,7,0.0,28.2
2024-01-20,8,0.0,28.9
2024-01-20,9,0.0,29.3
2024-01-20,10,7.0,30.6
2024-01-20,11,89.0,32.7
2024-01-20,12,232.0,35.3
2024-01-20,13,379.0,38.7
2024-01-20,14,420.0,41.1
2024-01-20,15,393.0,43.2
2024-01-20,16,386.0,45.4
2024-01-20,17,322.0,46.8
2024-01-20,18,158.0,46.3
2024-01-20,19,68.0,44.5
2024-01-20,20,4.0,42.0
2024-01-20,21,0.0,40.9
2024-01-20,22,0.0,39.8
2024-01-20,23,0.0,39.4
2024-01-20,24,0.0,38.2
2024-01-21,1,0.0,37.5
2024-01-21,2,0.0,37.3
2024-01-21,3,0.0,37.1
2024-01-21,4,0.0,36.6
2024-01-21,5,0.0,36.0
2024-01-21,6,0.0,35.6
2024-01-21,7,0.0,35.7
2024-01-21,8,0.0,35.3
2024-01-21,9,0.0,36.3
2024-01-21,10,4.0,35.5
2024-01-21,11,91.0,37.1
2024-01-21,12,192.0,40.1
2024-01-21,13,189.0,41.8
2024-01-21,14,154.0,42.5
2024-01-21,15,238.0,43.9
2024-01-21,16,129.0,43.9
2024-01-21,17,198.0,44.9
2024-01-21,18,144.0,45.0
2024-01-21,19,67.0,44.0
2024-01-21,20,3.0,43.5
2024-01-21,21,0.0,42.4
2024-01-21,22,0.0,41.6
2024-01-21,23,0.0,41.2
2024-01-21,24,0.0,40.5
2024-01-22,1,0.0,40.5
2024-01-22,2,0.0,39.5
2024-01-22,3,0.0,37.8
2024-01-22,4,0.0,38.5
2024-01-22,5,0.0,38.6
2024-01-22,6,0.0,37.8
2024-01-22,7,0.0,37.7
2024-01-22,8,0.0,39.7
2024-01-22,9,0.0,38.6
2024-01-22,10,4.0,38.3
2024-01-22,11,82.0,39.9
2024-01-22,12,225.0,41.6
2024-01-22,13,250.0,43.0
2024-01-22,14,229.0,44.2
2024-01-22,15,383.0,45.9
2024-01-22,16,345.0,45.9
2024-01-22,17,275.0,46.2
2024-01-22,18,208.0,46.2
2024-01-22,19,73.0,44.9
2024-01-22,20,7.0,43.0
2024-01-22,21,0.0,40.3
2024-01-22,22,0.0,39.4
2024-01-22,23,0.0,37.9
2024-01-22,24,0.0,35.2
2024-01-23,1,0.0,35.1
2024-01-23,2,0.0,32.6
2024-01-23,3,0.0,30.4
2024-01-23,4,0.0,30.0
2024-01-23,5,0.0,31.1
2024-01-23,6,0.0,30.2
2024-01-23,7,0.0,31.0
2024-01-23,8,0.0,34.1
2024-01-23,9,0.0,34.3
2024-01-23,10,6.0,33.0
2024-01-23,11,68.0,34.1
2024-01-23,12,136.0,36.1
2024-01-23,13,288.0,39.8
2024-01-23,14,475.0,42.8
2024-01-23,15,521.0,44.5
2024-01-23,16,486.0,46.0
2024-01-23,17,237.0,45.9
2024-01-23,18,154.0,46.0
2024-01-23,19,57.0,45.1
2024-01-23,20,5.0,43.9
2024-01-23,21,0.0,42.5
2024-01-23,22,0.0,41.1
2024-01-23,23,0.0,40.8
2024-01-23,24,0.0,40.0
2024-01-24,1,0.0,39.4
2024-01-24,2,0.0,39.0
2024-01-24,3,0.0,39.5
2024-01-24,4,0.0,38.8
2024-01-24,5,0.0,38.5
2024-01-24,6,0.0,37.8
2024-01-24,7,0.0,37.0
2024-01-24,8,0.0,37.4
2024-01-24,9,0.0,35.9
2024-01-24,10,10.0,36.9
2024-01-24,11,123.0,38.3
2024-01-24,12,272.0,41.1
2024-01-24,13,303.0,43.1
2024-01-24,14,332.0,44.6
2024-01-24,15,534.0,46.9
2024-01-24,16,491.0,48.5
2024-01-24,17,418.0,49.4
2024-01-24,18,276.0,49.6
2024-01-24,19,124.0,48.0
2024-01-24,20,11.0,44.2
2024-01-24,21,0.0,41.5
2024-01-24,22,0.0,37.9
2024-01-24,23,0.0,35.5
2024-01-24,24,0.0,33.2
2024-01-25,1,0.0,32.6
2024-01-25,2,0.0,31.8
2024-01-25,3,0.0,31.9
2024-01-25,4,0.0,31.6
2024-01-25,5,0.0,31.3
2024-01-25,6,0.0,31.1
2024-01-25,7,0.0,30.2
2024-01-25,8,0.0,34.7
2024-01-25,9,0.0,34.6
2024-01-25,10,4.0,34.9
2024-01-25,11,25.0,36.1
2024-01-25,12,68.0,37.0
2024-01-25,13,98.0,38.2
2024-01-25,14,88.0,38.5
2024-01-25,15,92.0,38.6
2024-01-25,16,129.0,39.7
2024-01-25,17,130.0,40.5
2024-01-25,18,130.0,40.9
2024-01-25,19,44.0,40.3
2024-01-25,20,7.0,40.5
2024-01-25,21,0.0,38.3
2024-01-25,22,0.0,36.6
2024-01-25,23,0.0,36.2
2024-01-25,24,0.0,35.8
2024-01-26,1,0.0,34.6
2024-01-26,2,0.0,34.9
2024-01-26,3,0.0,34.3
2024-01-26,4,0.0,35.0
2024-01-26,5,0.0,34.4
2024-01-26,6,0.0,34.6
2024-01-26,7,0.0,33.2
2024-01-26,8,0.0,35.5
2024-01-26,9,0.0,34.6
2024-01-26,10,11.0,33.7
2024-01-26,11,130.0,40.4
2024-01-26,12,295.0,43.6
2024-01-26,13,452.0,45.6
2024-01-26,14,550.0,47.6
2024-01-26,15,586.0,49.3
2024-01-26,16,554.0,50.1
2024-01-26,17,461.0,49.9
2024-01-26,18,319.0,48.8
2024-01-26,19,149.0,46.0
2024-01-26,20,15.0,43.3
2024-01-26,21,0.0,40.6
2024-01-26,22,0.0,37.1
2024-01-26,23,0.0,38.2
2024-01-26,24,0.0,36.8
2024-01-27,1,0.0,30.9
2024-01-27,2,0.0,29.6
2024-01-27,3,0.0,28.1
2024-01-27,4,0.0,26.9
2024-01-27,5,0.0,26.1
2024-01-27,6,0.0,25.7
2024-01-27,7,0.0,25.1
2024-01-27,8,0.0,28.4
2024-01-27,9,0.0,27.2
2024-01-27,10,13.0,26.2
2024-01-27,11,138.0,29.4
2024-01-27,12,319.0,32.8
2024-01-27,13,464.0,36.1
2024-01-27,14,558.0,39.6
2024-01-27,15,592.0,42.5
2024-01-27,16,560.0,44.8
2024-01-27,17,468.0,46.1
2024-01-27,18,325.0,46.3
2024-01-27,19,151.0,44.2
2024-01-27,20,16.0,42.8
2024-01-27,21,0.0,45.4
2024-01-27,22,0.0,37.9
2024-01-27,23,0.0,33.5
2024-01-27,24,0.0,30.9
2024-01-28,1,0.0,29.9
2024-01-28,2,0.0,30.3
2024-01-28,3,0.0,31.5
2024-01-28,4,0.0,28.7
2024-01-28,5,0.0,27.4
2024-01-28,6,0.0,26.9
2024-01-28,7,0.0,26.8
2024-01-28,8,0.0,27.9
2024-01-28,9,0.0,27.9
2024-01-28,10,14.0,27.5
2024-01-28,11,145.0,30.6
2024-01-28,12,318.0,32.9
2024-01-28,13,462.0,35.6
2024-01-28,14,557.0,38.2
2024-01-28,15,590.0,40.6
2024-01-28,16,559.0,42.3
2024-01-28,17,468.0,43.4
2024-01-28,18,325.0,43.5
2024-01-28,19,152.0,42.1
2024-01-28,20,17.0,39.8
2024-01-28,21,0.0,39.8
2024-01-28,22,0.0,37.0
2024-01-28,23,0.0,35.7
2024-01-28,24,0.0,34.3
2024-01-29,1,0.0,33.2
2024-01-29,2,0.0,30.8
2024-01-29,3,0.0,30.3
2024-01-29,4,0.0,28.9
2024-01-29,5,0.0,28.5
2024-01-29,6,0.0,28.8
2024-01-29,7,0.0,28.0
2024-01-29,8,0.0,28.5
2024-01-29,9,0.0,27.4
2024-01-29,10,13.0,27.9
2024-01-29,11,130.0,30.7
2024-01-29,12,305.0,33.4
2024-01-29,13,464.0,36.5
2024-01-29,14,558.0,39.6
2024-01-29,15,592.0,42.3
2024-01-29,16,562.0,44.5
2024-01-29,17,472.0,46.1
2024-01-29,18,330.0,46.8
2024-01-29,19,157.0,45.6
2024-01-29,20,18.0,44.4
2024-01-29,21,0.0,42.5
2024-01-29,22,0.0,39.5
2024-01-29,23,0.0,36.1
2024-01-29,24,0.0,34.4
2024-01-30,1,0.0,32.5
2024-01-30,2,0.0,32.7
2024-01-30,3,0.0,32.3
2024-01-30,4,0.0,30.9
2024-01-30,5,0.0,29.4
2024-01-30,6,0.0,28.2
2024-01-30,7,0.0,28.1
2024-01-30,8,0.0,27.7
2024-01-30,9,0.0,26.5
2024-01-30,10,15.0,27.9
2024-01-30,11,143.0,31.4
2024-01-30,12,322.0,35.9
2024-01-30,13,471.0,40.5
2024-01-30,14,567.0,44.3
2024-01-30,15,602.0,47.0
2024-01-30,16,573.0,48.9
2024-01-30,17,481.0,50.0
2024-01-30,18,337.0,50.4
2024-01-30,19,162.0,49.8
2024-01-30,20,20.0,51.2
2024-01-30,21,0.0,49.6
2024-01-30,22,0.0,40.0
2024-01-30,23,0.0,36.3
2024-01-30,24,0.0,33.8
2024-01-31,1,0.0,32.1
2024-01-31,2,0.0,30.6
2024-01-31,3,0.0,29.3
2024-01-31,4,0.0,29.0
2024-01-31,5,0.0,28.5
2024-01-31,6,0.0,28.0
2024-01-31,7,0.0,28.0
2024-01-31,8,0.0,27.8
2024-01-31,9,0.0,27.6
2024-01-31,10,16.0,28.5
2024-01-31,11,153.0,32.2
2024-01-31,12,328.0,36.0
2024-01-31,13,474.0,40.1
2024-01-31,14,569.0,43.6
2024-01-31,15,603.0,46.4
2024-01-31,16,572.0,48.8
2024-01-31,17,481.0,50.7
2024-01-31,18,338.0,51.4
2024-01-31,19,165.0,50.3
2024-01-31,20,21.0,52.3
2024-01-31,21,0.0,49.6
2024-01-31,22,0.0,46.7
2024-01-31,23,0.0,39.0
2024-01-31,24,0.0,36.2
2024-02-01,1,0.0,34.5
2024-02-01,2,0.0,33.0
2024-02-01,3,0.0,31.8
2024-02-01,4,0.0,31.3
2024-02-01,5,0.0,32.4
2024-02-01,6,0.0,32.5
2024-02-01,7,0.0,32.6
2024-02-01,8,0.0,35.0
2024-02-01,9,0.0,35.8
2024-02-01,10,11.0,35.8
2024-02-01,11,104.0,39.1
2024-02-01,12,184.0,41.3
2024-02-01,13,310.0,44.0
2024-02-01,14,406.0,46.9
2024-02-01,15,542.0,50.9
2024-02-01,16,543.0,54.9
2024-02-01,17,344.0,55.9
2024-02-01,18,222.0,55.4
2024-02-01,19,117.0,51.5
2024-02-01,20,10.0,49.0
2024-02-01,21,0.0,47.8
2024-02-01,22,0.0,46.3
2024-02-01,23,0.0,43.5
2024-02-01,24,0.0,43.4
2024-02-02,1,0.0,42.8
2024-02-02,2,0.0,42.1
2024-02-02,3,0.0,41.5
2024-02-02,4,0.0,41.5
2024-02-02,5,0.0,41.7
2024-02-02,6,0.0,41.2
2024-02-02,7,0.0,40.6
2024-02-02,8,0.0,42.4
2024-02-02,9,0.0,41.5
2024-02-02,10,10.0,40.8
2024-02-02,11,72.0,42.2
2024-02-02,12,168.0,44.3
2024-02-02,13,323.0,45.2
2024-02-02,14,359.0,46.2
2024-02-02,15,243.0,46.0
2024-02-02,16,192.0,45.8
2024-02-02,17,290.0,45.9
2024-02-02,18,238.0,45.3
2024-02-02,19,159.0,44.6
2024-02-02,20,20.0,42.0
2024-02-02,21,0.0,40.7
2024-02-02,22,0.0,38.9
2024-02-02,23,0.0,36.6
2024-02-02,24,0.0,33.8
2024-02-03,1,0.0,31.8
2024-02-03,2,0.0,31.6
2024-02-03,3,0.0,30.8
2024-02-03,4,0.0,30.7
2024-02-03,5,0.0,31.6
2024-02-03,6,0.0,31.6
2024-02-03,7,0.0,32.2
2024-02-03,8,0.0,32.0
2024-02-03,9,0.0,33.3
2024-02-03,10,19.0,30.7
2024-02-03,11,159.0,35.1
2024-02-03,12,339.0,39.4
2024-02-03,13,494.0,42.9
2024-02-03,14,586.0,45.1
2024-02-03,15,621.0,46.4
2024-02-03,16,568.0,47.0
2024-02-03,17,479.0,46.6
2024-02-03,18,349.0,46.0
2024-02-03,19,181.0,44.1
2024-02-03,20,27.0,41.3
2024-02-03,21,0.0,39.5
2024-02-03,22,0.0,37.9
2024-02-03,23,0.0,35.6
2024-02-03,24,0.0,32.5
2024-02-04,1,0.0,29.4
2024-02-04,2,0.0,31.8
2024-02-04,3,0.0,26.9
2024-02-04,4,0.0,25.8
2024-02-04,5,0.0,24.5
2024-02-04,6,0.0,23.9
2024-02-04,7,0.0,23.4
2024-02-04,8,0.0,24.2
2024-02-04,9,0.0,23.7
2024-02-04,10,21.0,24.2
2024-02-04,11,172.0,27.7
2024-02-04,12,354.0,32.2
2024-02-04,13,496.0,35.6
2024-02-04,14,593.0,38.3
2024-02-04,15,625.0,40.4
2024-02-04,16,594.0,42.2
2024-02-04,17,504.0,43.5
2024-02-04,18,358.0,43.9
2024-02-04,19,152.0,42.9
2024-02-04,20,27.0,38.9
2024-02-04,21,0.0,36.8
2024-02-04,22,0.0,34.3
2024-02-04,23,0.0,32.4
2024-02-04,24,0.0,30.7
2024-02-05,1,0.0,29.7
2024-02-05,2,0.0,28.7
2024-02-05,3,0.0,28.0
2024-02-05,4,0.0,28.3
2024-02-05,5,0.0,28.7
2024-02-05,6,0.0,29.3
2024-02-05,7,0.0,30.2
2024-02-05,8,0.0,30.5
2024-02-05,9,0.0,30.4
2024-02-05,10,18.0,31.3
2024-02-05,11,157.0,34.3
2024-02-05,12,340.0,37.3
2024-02-05,13,486.0,41.5
2024-02-05,14,590.0,46.4
2024-02-05,15,612.0,49.5
2024-02-05,16,507.0,50.7
2024-02-05,17,381.0,51.0
2024-02-05,18,246.0,50.5
2024-02-05,19,104.0,48.8
2024-02-05,20,18.0,46.1
2024-02-05,21,0.0,43.8
2024-02-05,22,0.0,41.8
2024-02-05,23,0.0,41.9
2024-02-05,24,0.0,41.3
2024-02-06,1,0.0,40.3
2024-02-06,2,0.0,40.1
2024-02-06,3,0.0,39.7
2024-02-06,4,0.0,39.8
2024-02-06,5,0.0,39.9
2024-02-06,6,0.0,38.9
2024-02-06,7,0.0,39.4
2024-02-06,8,0.0,40.9
2024-02-06,9,0.0,39.7
2024-02-06,10,5.0,40.6
2024-02-06,11,48.0,42.5
2024-02-06,12,116.0,45.3
2024-02-06,13,348.0,49.3
2024-02-06,14,455.0,52.9
2024-02-06,15,225.0,51.3
2024-02-06,16,201.0,52.0
2024-02-06,17,264.0,54.2
2024-02-06,18,136.0,53.2
2024-02-06,19,34.0,52.3
2024-02-06,20,4.0,45.9
2024-02-06,21,0.0,46.6
2024-02-06,22,0.0,45.1
2024-02-06,23,0.0,42.9
2024-02-06,24,0.0,39.9
2024-02-07,1,0.0,41.7
2024-02-07,2,0.0,40.8
2024-02-07,3,0.0,41.5
2024-02-07,4,0.0,41.4
2024-02-07,5,0.0,40.4
2024-02-07,6,0.0,39.3
2024-02-07,7,0.0,38.6
2024-02-07,8,0.0,39.6
2024-02-07,9,0.0,38.1
2024-02-07,10,22.0,38.5
2024-02-07,11,133.0,40.6
2024-02-07,12,254.0,42.4
2024-02-07,13,460.0,43.1
2024-02-07,14,292.0,44.0
2024-02-07,15,492.0,46.1
2024-02-07,16,419.0,45.1
2024-02-07,17,395.0,44.6
2024-02-07,18,212.0,43.3
2024-02-07,19,161.0,42.5
2024-02-07,20,24.0,39.7
2024-02-07,21,0.0,37.7
2024-02-07,22,0.0,36.4
2024-02-07,23,0.0,35.0
2024-02-07,24,0.0,35.0
2024-02-08,1,0.0,34.1
2024-02-08,2,0.0,33.5
2024-02-08,3,0.0,33.1
2024-02-08,4,0.0,32.6
2024-02-08,5,0.0,31.6
2024-02-08,6,0.0,31.4
2024-02-08,7,0.0,30.3
2024-02-08,8,0.0,29.9
2024-02-08,9,0.0,29.9
2024-02-08,10,20.0,32.0
2024-02-08,11,159.0,35.1
2024-02-08,12,233.0,37.9
2024-02-08,13,224.0,38.7
2024-02-08,14,227.0,38.1
2024-02-08,15,195.0,37.5
2024-02-08,16,214.0,39.4
2024-02-08,17,410.0,41.6
2024-02-08,18,136.0,39.9
2024-02-08,19,77.0,39.0
2024-02-08,20,13.0,36.9
2024-02-08,21,0.0,35.8
2024-02-08,22,0.0,35.3
2024-02-08,23,0.0,35.7
2024-02-08,24,0.0,34.9
2024-02-09,1,0.0,33.0
2024-02-09,2,0.0,31.6
2024-02-09,3,0.0,30.8
2024-02-09,4,0.0,30.0
2024-02-09,5,0.0,30.3
2024-02-09,6,0.0,30.4
2024-02-09,7,0.0,28.9
2024-02-09,8,0.0,29.2
2024-02-09,9,0.0,30.2
2024-02-09,10,11.0,31.0
2024-02-09,11,124.0,32.1
2024-02-09,12,339.0,34.1
2024-02-09,13,531.0,36.0
2024-02-09,14,625.0,37.9
2024-02-09,15,629.0,38.9
2024-02-09,16,564.0,39.8
2024-02-09,17,436.0,40.5
2024-02-09,18,220.0,40.4
2024-02-09,19,112.0,40.1
2024-02-09,20,31.0,37.0
2024-02-09,21,0.0,33.3
2024-02-09,22,0.0,32.6
2024-02-09,23,0.0,31.5
2024-02-09,24,0.0,28.6
2024-02-10,1,0.0,26.9
2024-02-10,2,0.0,25.8
2024-02-10,3,0.0,24.9
2024-02-10,4,0.0,24.6
2024-02-10,5,0.0,24.5
2024-02-10,6,0.0,24.2
2024-02-10,7,0.0,23.1
2024-02-10,8,0.0,24.4
2024-02-10,9,0.0,24.4
2024-02-10,10,20.0,24.9
2024-02-10,11,122.0,26.5
2024-02-10,12,239.0,28.3
2024-02-10,13,319.0,30.3
2024-02-10,14,541.0,34.5
2024-02-10,15,548.0,37.3
2024-02-10,16,518.0,39.4
2024-02-10,17,484.0,40.9
2024-02-10,18,319.0,39.7
2024-02-10,19,178.0,37.2
2024-02-10,20,38.0,35.0
2024-02-10,21,0.0,33.4
2024-02-10,22,0.0,32.0
2024-02-10,23,0.0,29.6
2024-02-10,24,0.0,28.2
2024-02-11,1,0.0,28.9
2024-02-11,2,0.0,26.6
2024-02-11,3,0.0,24.8
2024-02-11,4,0.0,26.6
2024-02-11,5,0.0,26.8
2024-02-11,6,0.0,26.0
2024-02-11,7,0.0,22.3
2024-02-11,8,0.0,22.2
2024-02-11,9,0.0,21.4
2024-02-11,10,33.0,23.2
2024-02-11,11,200.0,26.8
2024-02-11,12,390.0,31.0
2024-02-11,13,547.0,34.4
2024-02-11,14,648.0,37.2
2024-02-11,15,683.0,39.2
2024-02-11,16,651.0,40.8
2024-02-11,17,554.0,41.3
2024-02-11,18,403.0,41.2
2024-02-11,19,216.0,39.8
2024-02-11,20,42.0,35.0
2024-02-11,21,0.0,31.3
2024-02-11,22,0.0,28.8
2024-02-11,23,0.0,26.0
2024-02-11,24,0.0,24.7
2024-02-12,1,0.0,23.9
2024-02-12,2,0.0,23.2
2024-02-12,3,0.0,22.7
2024-02-12,4,0.0,22.6
2024-02-12,5,0.0,22.0
2024-02-12,6,0.0,21.5
2024-02-12,7,0.0,20.7
2024-02-12,8,0.0,22.9
2024-02-12,9,0.0,21.9
2024-02-12,10,33.0,22.4
2024-02-12,11,198.0,25.3
2024-02-12,12,385.0,28.2
2024-02-12,13,539.0,31.1
2024-02-12,14,640.0,33.9
2024-02-12,15,677.0,36.1
2024-02-12,16,648.0,37.9
2024-02-12,17,553.0,38.9
2024-02-12,18,404.0,39.5
2024-02-12,19,219.0,39.4
2024-02-12,20,45.0,36.8
2024-02-12,21,0.0,33.5
2024-02-12,22,0.0,29.7
2024-02-12,23,0.0,26.9
2024-02-12,24,0.0,25.4
2024-02-13,1,0.0,24.5
2024-02-13,2,0.0,23.8
2024-02-13,3,0.0,22.9
2024-02-13,4,0.0,22.1
2024-02-13,5,0.0,21.5
2024-02-13,6,0.0,21.0
2024-02-13,7,0.0,20.7
2024-02-13,8,0.0,21.7
2024-02-13,9,0.0,20.8
2024-02-13,10,36.0,22.6
2024-02-13,11,205.0,28.6
2024-02-13,12,394.0,32.8
2024-02-13,13,549.0,36.3
2024-02-13,14,649.0,39.5
2024-02-13,15,685.0,41.8
2024-02-13,16,653.0,43.6
2024-02-13,17,558.0,44.5
2024-02-13,18,408.0,44.3
2024-02-13,19,221.0,42.6
2024-02-13,20,45.0,40.3
2024-02-13,21,0.0,36.6
2024-02-13,22,0.0,33.9
2024-02-13,23,0.0,31.3
2024-02-13,24,0.0,29.0
2024-02-14,1,0.0,27.6
2024-02-14,2,0.0,27.0
2024-02-14,3,0.0,26.2
2024-02-14,4,0.0,26.2
2024-02-14,5,0.0,26.3
2024-02-14,6,0.0,27.1
2024-02-14,7,0.0,27.8
2024-02-14,8,0.0,29.3
2024-02-14,9,0.0,27.9
2024-02-14,10,34.0,28.3
2024-02-14,11,205.0,32.0
2024-02-14,12,392.0,35.0
2024-02-14,13,545.0,38.1
2024-02-14,14,645.0,41.5
2024-02-14,15,682.0,44.5
2024-02-14,16,653.0,46.5
2024-02-14,17,557.0,47.9
2024-02-14,18,406.0,48.8
2024-02-14,19,198.0,48.7
2024-02-14,20,39.0,46.8
2024-02-14,21,0.0,42.0
2024-02-14,22,0.0,37.4
2024-02-14,23,0.0,34.3
2024-02-14,24,0.0,33.2
2024-02-15,1,0.0,31.7
2024-02-15,2,0.0,30.0
2024-02-15,3,0.0,29.2
2024-02-15,4,0.0,28.0
2024-02-15,5,0.0,27.1
2024-02-15,6,0.0,27.5
2024-02-15,7,0.0,28.4
2024-02-15,8,0.0,30.8
2024-02-15,9,0.0,31.1
2024-02-15,10,28.0,32.2
2024-02-15,11,180.0,34.9
2024-02-15,12,356.0,38.0
2024-02-15,13,477.0,41.1
2024-02-15,14,378.0,43.0
2024-02-15,15,249.0,44.2
2024-02-15,16,241.0,45.6
2024-02-15,17,118.0,45.7
2024-02-15,18,318.0,46.8
2024-02-15,19,195.0,46.1
2024-02-15,20,51.0,47.3
2024-02-15,21,0.0,41.2
2024-02-15,22,0.0,37.8
2024-02-15,23,0.0,34.5
2024-02-15,24,0.0,31.9
2024-02-16,1,0.0,30.2
2024-02-16,2,0.0,28.5
2024-02-16,3,0.0,27.1
2024-02-16,4,0.0,26.2
2024-02-16,5,0.0,25.3
2024-02-16,6,0.0,25.0
2024-02-16,7,0.0,24.9
2024-02-16,8,0.0,27.6
2024-02-16,9,0.0,26.9
2024-02-16,10,36.0,27.7
2024-02-16,11,211.0,31.2
2024-02-16,12,395.0,35.0
2024-02-16,13,532.0,38.7
2024-02-16,14,622.0,42.2
2024-02-16,15,687.0,44.9
2024-02-16,16,656.0,47.0
2024-02-16,17,563.0,49.1
2024-02-16,18,414.0,49.5
2024-02-16,19,223.0,48.8
2024-02-16,20,54.0,46.1
2024-02-16,21,0.0,42.4
2024-02-16,22,0.0,38.8
2024-02-16,23,0.0,35.1
2024-02-16,24,0.0,32.1
2024-02-17,1,0.0,30.4
2024-02-17,2,0.0,30.3
2024-02-17,3,0.0,28.0
2024-02-17,4,0.0,27.6
2024-02-17,5,0.0,27.1
2024-02-17,6,0.0,26.2
2024-02-17,7,0.0,26.6
2024-02-17,8,0.0,30.4
2024-02-17,9,0.0,32.4
2024-02-17,10,42.0,32.8
2024-02-17,11,207.0,36.8
2024-02-17,12,404.0,39.7
2024-02-17,13,571.0,43.0
2024-02-17,14,678.0,44.8
2024-02-17,15,716.0,45.8
2024-02-17,16,688.0,46.9
2024-02-17,17,583.0,47.6
2024-02-17,18,441.0,47.8
2024-02-17,19,249.0,47.0
2024-02-17,20,58.0,46.6
2024-02-17,21,0.0,43.0
2024-02-17,22,0.0,36.8
2024-02-17,23,0.0,32.4
2024-02-17,24,0.0,28.7
2024-02-18,1,0.0,27.7
2024-02-18,2,0.0,27.5
2024-02-18,3,0.0,26.3
2024-02-18,4,0.0,26.3
2024-02-18,5,0.0,27.1
2024-02-18,6,0.0,27.0
2024-02-18,7,0.0,26.0
2024-02-18,8,0.0,28.0
2024-02-18,9,0.0,30.3
2024-02-18,10,30.0,33.2
2024-02-18,11,133.0,36.3
2024-02-18,12,293.0,39.1
2024-02-18,13,403.0,41.7
2024-02-18,14,608.0,44.6
2024-02-18,15,696.0,47.2
2024-02-18,16,668.0,48.7
2024-02-18,17,576.0,49.6
2024-02-18,18,429.0,49.7
2024-02-18,19,243.0,49.3
2024-02-18,20,61.0,48.7
2024-02-18,21,0.0,47.9
2024-02-18,22,0.0,45.7
2024-02-18,23,0.0,37.5
2024-02-18,24,0.0,34.3
2024-02-19,1,0.0,31.2
2024-02-19,2,0.0,29.9
2024-02-19,3,0.0,29.0
2024-02-19,4,0.0,27.4
2024-02-19,5,0.0,26.4
2024-02-19,6,0.0,26.5
2024-02-19,7,0.0,25.7
2024-02-19,8,0.0,26.4
2024-02-19,9,0.0,26.2
2024-02-19,10,48.0,28.0
2024-02-19,11,227.0,32.7
2024-02-19,12,418.0,37.6
2024-02-19,13,573.0,43.1
2024-02-19,14,646.0,47.7
2024-02-19,15,707.0,51.3
2024-02-19,16,672.0,54.0
2024-02-19,17,575.0,55.5
2024-02-19,18,421.0,56.5
2024-02-19,19,236.0,56.4
2024-02-19,20,60.0,53.9
2024-02-19,21,0.0,54.4
2024-02-19,22,0.0,51.7
2024-02-19,23,0.0,44.2
2024-02-19,24,0.0,40.4
2024-02-20,1,0.0,39.5
2024-02-20,2,0.0,39.3
2024-02-20,3,0.0,38.7
2024-02-20,4,0.0,40.6
2024-02-20,5,0.0,40.6
2024-02-20,6,0.0,41.3
2024-02-20,7,0.0,41.4
2024-02-20,8,0.0,40.9
2024-02-20,9,0.0,40.7
2024-02-20,10,39.0,38.6
2024-02-20,11,145.0,41.7
2024-02-20,12,240.0,44.1
2024-02-20,13,438.0,47.5
2024-02-20,14,553.0,51.1
2024-02-20,15,570.0,54.1
2024-02-20,16,482.0,55.9
2024-02-20,17,351.0,57.0
2024-02-20,18,286.0,57.7
2024-02-20,19,170.0,57.7
2024-02-20,20,30.0,53.6
2024-02-20,21,0.0,51.4
2024-02-20,22,0.0,48.7
2024-02-20,23,0.0,48.3
2024-02-20,24,0.0,47.8
2024-02-21,1,0.0,43.4
2024-02-21,2,0.0,45.1
2024-02-21,3,0.0,43.8
2024-02-21,4,0.0,42.2
2024-02-21,5,0.0,43.6
2024-02-21,6,0.0,46.8
2024-02-21,7,0.0,41.1
2024-02-21,8,0.0,44.4
2024-02-21,9,0.0,43.5
2024-02-21,10,58.0,40.9
2024-02-21,11,241.0,44.7
2024-02-21,12,390.0,47.9
2024-02-21,13,507.0,50.8
2024-02-21,14,550.0,53.6
2024-02-21,15,591.0,57.0
2024-02-21,16,681.0,58.4
2024-02-21,17,596.0,58.6
2024-02-21,18,442.0,58.0
2024-02-21,19,253.0,56.5
2024-02-21,20,67.0,53.3
2024-02-21,21,0.0,50.3
2024-02-21,22,0.0,48.0
2024-02-21,23,0.0,46.1
2024-02-21,24,0.0,43.3
2024-02-22,1,0.0,44.2
2024-02-22,2,0.0,38.3
2024-02-22,3,0.0,37.5
2024-02-22,4,0.0,35.2
2024-02-22,5,0.0,33.5
2024-02-22,6,0.0,31.6
2024-02-22,7,0.0,30.0
2024-02-22,8,0.0,33.4
2024-02-22,9,0.0,28.5
2024-02-22,10,58.0,31.5
2024-02-22,11,246.0,36.4
2024-02-22,12,437.0,41.4
2024-02-22,13,592.0,46.9
2024-02-22,14,695.0,50.5
2024-02-22,15,734.0,53.0
2024-02-22,16,699.0,55.0
2024-02-22,17,603.0,56.3
2024-02-22,18,454.0,55.9
2024-02-22,19,263.0,53.9
2024-02-22,20,72.0,51.5
2024-02-22,21,0.0,48.7
2024-02-22,22,0.0,44.6
2024-02-22,23,0.0,40.5
2024-02-22,24,0.0,37.3
2024-02-23,1,0.0,34.4
2024-02-23,2,0.0,32.5
2024-02-23,3,0.0,30.9
2024-02-23,4,0.0,29.1
2024-02-23,5,0.0,28.1
2024-02-23,6,0.0,28.9
2024-02-23,7,0.0,28.8
2024-02-23,8,0.0,27.1
2024-02-23,9,0.0,26.1
2024-02-23,10,64.0,28.1
2024-02-23,11,253.0,32.5
2024-02-23,12,440.0,37.1
2024-02-23,13,594.0,42.6
2024-02-23,14,705.0,47.3
2024-02-23,15,745.0,50.3
2024-02-23,16,714.0,52.4
2024-02-23,17,616.0,53.6
2024-02-23,18,459.0,54.1
2024-02-23,19,253.0,54.0
2024-02-23,20,66.0,52.9
2024-02-23,21,0.0,51.8
2024-02-23,22,0.0,49.1
2024-02-23,23,0.0,45.2
2024-02-23,24,0.0,41.9
2024-02-24,1,0.0,39.4
2024-02-24,2,0.0,37.6
2024-02-24,3,0.0,34.7
2024-02-24,4,0.0,32.8
2024-02-24,5,0.0,31.2
2024-02-24,6,0.0,29.5
2024-02-24,7,0.0,28.0
2024-02-24,8,0.0,28.2
2024-02-24,9,0.0,26.3
2024-02-24,10,63.0,28.9
2024-02-24,11,240.0,32.9
2024-02-24,12,438.0,37.9
2024-02-24,13,608.0,43.0
2024-02-24,14,704.0,47.3
2024-02-24,15,702.0,50.8
2024-02-24,16,634.0,53.1
2024-02-24,17,556.0,54.6
2024-02-24,18,429.0,55.0
2024-02-24,19,208.0,54.8
2024-02-24,20,62.0,54.1
2024-02-24,21,0.0,54.0
2024-02-24,22,0.0,51.4
2024-02-24,23,0.0,49.6
2024-02-24,24,0.0,48.6
2024-02-25,1,0.0,44.5
2024-02-25,2,0.0,41.9
2024-02-25,3,0.0,38.7
2024-02-25,4,0.0,36.8
2024-02-25,5,0.0,35.4
2024-02-25,6,0.0,34.3
2024-02-25,7,0.0,33.8
2024-02-25,8,0.0,34.6
2024-02-25,9,0.0,30.4
2024-02-25,10,65.0,32.5
2024-02-25,11,241.0,37.9
2024-02-25,12,427.0,42.7
2024-02-25,13,584.0,47.7
2024-02-25,14,688.0,52.1
2024-02-25,15,700.0,55.6
2024-02-25,16,662.0,58.4
2024-02-25,17,560.0,60.0
2024-02-25,18,409.0,61.1
2024-02-25,19,227.0,61.3
2024-02-25,20,66.0,60.3
2024-02-25,21,0.0,60.7
2024-02-25,22,0.0,58.3
2024-02-25,23,0.0,53.7
2024-02-25,24,0.0,49.0
2024-02-26,1,0.0,46.9
2024-02-26,2,0.0,43.9
2024-02-26,3,0.0,43.8
2024-02-26,4,0.0,45.8
2024-02-26,5,0.0,46.3
2024-02-26,6,0.0,46.3
2024-02-26,7,0.0,45.8
2024-02-26,8,0.0,46.8
2024-02-26,9,0.0,45.5
2024-02-26,10,66.0,45.1
2024-02-26,11,245.0,48.8
2024-02-26,12,367.0,53.3
2024-02-26,13,446.0,57.7
2024-02-26,14,617.0,62.7
2024-02-26,15,686.0,64.6
2024-02-26,16,660.0,65.8
2024-02-26,17,545.0,66.6
2024-02-26,18,375.0,65.2
2024-02-26,19,176.0,63.8
2024-02-26,20,33.0,61.0
2024-02-26,21,0.0,58.9
2024-02-26,22,0.0,55.6
2024-02-26,23,0.0,53.8
2024-02-26,24,0.0,52.2
2024-02-27,1,0.0,50.8
2024-02-27,2,0.0,50.5
2024-02-27,3,0.0,49.5
2024-02-27,4,0.0,48.4
2024-02-27,5,0.0,48.5
2024-02-27,6,0.0,47.8
2024-02-27,7,0.0,45.4
2024-02-27,8,0.0,47.8
2024-02-27,9,0.0,46.3
2024-02-27,10,65.0,48.1
2024-02-27,11,248.0,50.3
2024-02-27,12,455.0,51.1
2024-02-27,13,565.0,50.6
2024-02-27,14,671.0,51.8
2024-02-27,15,756.0,52.8
2024-02-27,16,724.0,52.5
2024-02-27,17,633.0,50.7
2024-02-27,18,472.0,49.7
2024-02-27,19,284.0,48.9
2024-02-27,20,87.0,43.6
2024-02-27,21,0.0,40.8
2024-02-27,22,0.0,38.1
2024-02-27,23,0.0,36.1
2024-02-27,24,0.0,33.8
2024-02-28,1,0.0,31.0
2024-02-28,2,0.0,30.7
2024-02-28,3,0.0,28.9
2024-02-28,4,0.0,28.8
2024-02-28,5,0.0,25.2
2024-02-28,6,0.0,24.2
2024-02-28,7,0.0,24.6
2024-02-28,8,0.0,26.2
2024-02-28,9,0.0,23.3
2024-02-28,10,86.0,26.4
2024-02-28,11,288.0,30.5
2024-02-28,12,487.0,34.4
2024-02-28,13,646.0,39.0
2024-02-28,14,748.0,42.4
2024-02-28,15,785.0,44.5
2024-02-28,16,752.0,46.1
2024-02-28,17,653.0,47.1
2024-02-28,18,497.0,48.0
2024-02-28,19,299.0,47.8
2024-02-28,20,93.0,48.3
2024-02-28,21,1.0,47.2
2024-02-28,22,0.0,41.5
2024-02-28,23,0.0,39.7
2024-02-28,24,0.0,36.2
2024-02-29,1,0.0,33.0
2024-02-29,2,0.0,30.7
2024-02-29,3,0.0,28.7
2024-02-29,4,0.0,27.7
2024-02-29,5,0.0,26.8
2024-02-29,6,0.0,25.9
2024-02-29,7,0.0,25.2
2024-02-29,8,0.0,24.1
2024-02-29,9,0.0,24.4
2024-02-29,10,88.0,27.9
2024-02-29,11,286.0,33.1
2024-02-29,12,482.0,37.4
2024-02-29,13,639.0,41.6
2024-02-29,14,743.0,45.5
2024-02-29,15,781.0,49.2
2024-02-29,16,746.0,51.8
2024-02-29,17,644.0,54.1
2024-02-29,18,487.0,55.5
2024-02-29,19,292.0,55.3
2024-02-29,20,93.0,58.0
2024-02-29,21,1.0,53.7
2024-02-29,22,0.0,54.4
2024-02-29,23,0.0,51.7
2024-02-29,24,0.0,46.6
2024-03-01,1,0.0,41.9
2024-03-01,2,0.0,43.6
2024-03-01,3,0.0,42.4
2024-03-01,4,0.0,37.9
2024-03-01,5,0.0,37.0
2024-03-01,6,0.0,37.5
2024-03-01,7,0.0,36.1
2024-03-01,8,0.0,36.3
2024-03-01,9,1.0,34.3
2024-03-01,10,88.0,38.8
2024-03-01,11,283.0,43.1
2024-03-01,12,474.0,48.5
2024-03-01,13,627.0,53.6
2024-03-01,14,729.0,57.0
2024-03-01,15,765.0,60.9
2024-03-01,16,730.0,63.0
2024-03-01,17,640.0,64.0
2024-03-01,18,488.0,64.4
2024-03-01,19,296.0,62.8
2024-03-01,20,95.0,61.4
2024-03-01,21,1.0,59.4
2024-03-01,22,0.0,57.9
2024-03-01,23,0.0,54.5
2024-03-01,24,0.0,53.3
2024-03-02,1,0.0,50.9
2024-03-02,2,0.0,48.9
2024-03-02,3,0.0,47.1
2024-03-02,4,0.0,45.6
2024-03-02,5,0.0,43.9
2024-03-02,6,0.0,42.3
2024-03-02,7,0.0,41.1
2024-03-02,8,0.0,41.2
2024-03-02,9,1.0,40.7
2024-03-02,10,92.0,44.5
2024-03-02,11,286.0,49.6
2024-03-02,12,488.0,55.4
2024-03-02,13,644.0,57.2
2024-03-02,14,741.0,61.8
2024-03-02,15,780.0,63.7
2024-03-02,16,748.0,64.1
2024-03-02,17,646.0,66.3
2024-03-02,18,498.0,65.3
2024-03-02,19,299.0,64.2
2024-03-02,20,97.0,60.2
2024-03-02,21,1.0,56.6
2024-03-02,22,0.0,54.0
2024-03-02,23,0.0,52.9
2024-03-02,24,0.0,51.6
2024-03-03,1,0.0,49.9
2024-03-03,2,0.0,49.3
2024-03-03,3,0.0,48.7
2024-03-03,4,0.0,47.7
2024-03-03,5,0.0,46.6
2024-03-03,6,0.0,45.8
2024-03-03,7,0.0,45.0
2024-03-03,8,0.0,42.7
2024-03-03,9,1.0,41.7
2024-03-03,10,91.0,44.6
2024-03-03,11,276.0,48.3
2024-03-03,12,462.0,51.1
2024-03-03,13,398.0,52.6
2024-03-03,14,482.0,54.8
2024-03-03,15,550.0,56.8
2024-03-03,16,555.0,58.6
2024-03-03,17,529.0,60.2
2024-03-03,18,455.0,58.0
2024-03-03,19,276.0,56.0
2024-03-03,20,100.0,54.3
2024-03-03,21,1.0,51.7
2024-03-03,22,0.0,48.6
2024-03-03,23,0.0,45.1
2024-03-03,24,0.0,46.0
2024-03-04,1,0.0,46.0
2024-03-04,2,0.0,45.4
2024-03-04,3,0.0,43.7
2024-03-04,4,0.0,42.9
2024-03-04,5,0.0,39.1
2024-03-04,6,0.0,35.3
2024-03-04,7,0.0,35.4
2024-03-04,8,0.0,34.3
2024-03-04,9,2.0,33.9
2024-03-04,10,95.0,38.2
2024-03-04,11,293.0,42.6
2024-03-04,12,449.0,46.5
2024-03-04,13,610.0,49.3
2024-03-04,14,644.0,52.3
2024-03-04,15,654.0,55.7
2024-03-04,16,654.0,57.0
2024-03-04,17,648.0,57.3
2024-03-04,18,500.0,56.8
2024-03-04,19,308.0,56.1
2024-03-04,20,105.0,53.9
2024-03-04,21,2.0,50.2
2024-03-04,22,0.0,48.7
2024-03-04,23,0.0,47.8
2024-03-04,24,0.0,45.2
2024-03-05,1,0.0,45.6
2024-03-05,2,0.0,37.6
2024-03-05,3,0.0,35.9
2024-03-05,4,0.0,33.7
2024-03-05,5,0.0,32.3
2024-03-05,6,0.0,30.7
2024-03-05,7,0.0,30.3
2024-03-05,8,0.0,31.2
2024-03-05,9,2.0,31.9
2024-03-05,10,85.0,35.4
2024-03-05,11,252.0,39.7
2024-03-05,12,453.0,43.0
2024-03-05,13,617.0,47.0
2024-03-05,14,736.0,50.9
2024-03-05,15,784.0,54.1
2024-03-05,16,713.0,56.5
2024-03-05,17,609.0,57.8
2024-03-05,18,500.0,59.2
2024-03-05,19,279.0,59.3
2024-03-05,20,87.0,55.7
2024-03-05,21,2.0,53.1
2024-03-05,22,0.0,50.8
2024-03-05,23,0.0,50.0
2024-03-05,24,0.0,44.2
2024-03-06,1,0.0,42.4
2024-03-06,2,0.0,40.0
2024-03-06,3,0.0,37.9
2024-03-06,4,0.0,35.7
2024-03-06,5,0.0,33.8
2024-03-06,6,0.0,32.9
2024-03-06,7,0.0,32.0
2024-03-06,8,0.0,37.9
2024-03-06,9,3.0,37.3
2024-03-06,10,110.0,38.0
2024-03-06,11,312.0,41.5
2024-03-06,12,507.0,45.7
2024-03-06,13,662.0,49.9
2024-03-06,14,763.0,53.6
2024-03-06,15,800.0,55.9
2024-03-06,16,771.0,58.0
2024-03-06,17,595.0,60.3
2024-03-06,18,409.0,60.0
2024-03-06,19,260.0,59.2
2024-03-06,20,108.0,57.4
2024-03-06,21,2.0,53.9
2024-03-06,22,0.0,51.1
2024-03-06,23,0.0,48.1
2024-03-06,24,0.0,44.0
2024-03-07,1,0.0,43.0
2024-03-07,2,0.0,42.5
2024-03-07,3,0.0,40.5
2024-03-07,4,0.0,38.9
2024-03-07,5,0.0,36.4
2024-03-07,6,0.0,35.0
2024-03-07,7,0.0,33.3
2024-03-07,8,0.0,36.5
2024-03-07,9,3.0,34.1
2024-03-07,10,74.0,38.2
2024-03-07,11,231.0,42.1
2024-03-07,12,396.0,45.5
2024-03-07,13,520.0,48.7
2024-03-07,14,612.0,51.2
2024-03-07,15,628.0,52.2
2024-03-07,16,655.0,53.3
2024-03-07,17,596.0,53.9
2024-03-07,18,451.0,55.2
2024-03-07,19,259.0,53.0
2024-03-07,20,45.0,47.2
2024-03-07,21,2.0,47.4
2024-03-07,22,0.0,46.4
2024-03-07,23,0.0,45.7
2024-03-07,24,0.0,43.6
2024-03-08,1,0.0,41.5
2024-03-08,2,0.0,38.8
2024-03-08,3,0.0,37.4
2024-03-08,4,0.0,35.7
2024-03-08,5,0.0,34.0
2024-03-08,6,0.0,32.5
2024-03-08,7,0.0,34.0
2024-03-08,8,0.0,33.7
2024-03-08,9,4.0,36.4
2024-03-08,10,117.0,37.5
2024-03-08,11,320.0,41.5
2024-03-08,12,514.0,46.0
2024-03-08,13,667.0,50.5
2024-03-08,14,761.0,53.0
2024-03-08,15,776.0,54.4
2024-03-08,16,740.0,55.6
2024-03-08,17,651.0,54.7
2024-03-08,18,503.0,53.5
2024-03-08,19,319.0,51.6
2024-03-08,20,117.0,49.9
2024-03-08,21,3.0,48.0
2024-03-08,22,0.0,45.8
2024-03-08,23,0.0,43.4
2024-03-08,24,0.0,41.4
2024-03-09,1,0.0,39.0
2024-03-09,2,0.0,37.0
2024-03-09,3,0.0,35.2
2024-03-09,4,0.0,32.7
2024-03-09,5,0.0,30.8
2024-03-09,6,0.0,29.3
2024-03-09,7,0.0,27.7
2024-03-09,8,0.0,27.7
2024-03-09,9,5.0,27.8
2024-03-09,10,123.0,31.8
2024-03-09,11,329.0,36.9
2024-03-09,12,525.0,41.4
2024-03-09,13,682.0,44.2
2024-03-09,14,784.0,46.6
2024-03-09,15,821.0,48.9
2024-03-09,16,785.0,50.6
2024-03-09,17,684.0,52.0
2024-03-09,18,528.0,52.5
2024-03-09,19,331.0,52.7
2024-03-09,20,122.0,53.1
2024-03-09,21,4.0,50.3
2024-03-09,22,0.0,47.1
2024-03-09,23,0.0,45.3
2024-03-09,24,0.0,40.9
2024-03-10,1,0.0,38.3
2024-03-10,2,0.0,35.9
2024-03-10,3,0.0,33.7
2024-03-10,4,0.0,32.7
2024-03-10,5,0.0,31.5
2024-03-10,6,0.0,29.7
2024-03-10,7,0.0,27.8
2024-03-10,8,0.0,27.4
2024-03-10,9,6.0,29.3
2024-03-10,10,131.0,31.9
2024-03-10,11,340.0,35.9
2024-03-10,12,538.0,41.0
2024-03-10,13,695.0,46.2
2024-03-10,14,795.0,50.5
2024-03-10,15,829.0,54.1
2024-03-10,16,795.0,56.4
2024-03-10,17,696.0,57.5
2024-03-10,18,537.0,58.0
2024-03-10,19,334.0,57.6
2024-03-10,20,122.0,57.5
2024-03-10,21,4.0,54.3
2024-03-10,22,0.0,51.0
2024-03-10,23,0.0,48.7
2024-03-10,24,0.0,46.3
2024-03-11,1,0.0,45.1
2024-03-11,2,0.0,43.2
2024-03-11,3,0.0,41.8
2024-03-11,4,0.0,38.7
2024-03-11,5,0.0,37.2
2024-03-11,6,0.0,37.2
2024-03-11,7,0.0,37.3
2024-03-11,8,0.0,37.7
2024-03-11,9,5.0,37.9
2024-03-11,10,97.0,40.9
2024-03-11,11,247.0,45.3
2024-03-11,12,454.0,49.8
2024-03-11,13,555.0,54.1
2024-03-11,14,706.0,57.4
2024-03-11,15,822.0,61.4
2024-03-11,16,769.0,63.2
2024-03-11,17,571.0,64.3
2024-03-11,18,379.0,65.1
2024-03-11,19,209.0,64.4
2024-03-11,20,102.0,61.3
2024-03-11,21,4.0,56.9
2024-03-11,22,0.0,54.1
2024-03-11,23,0.0,49.9
2024-03-11,24,0.0,50.4
2024-03-12,1,0.0,50.4
2024-03-12,2,0.0,49.7
2024-03-12,3,0.0,47.5
2024-03-12,4,0.0,44.2
2024-03-12,5,0.0,37.1
2024-03-12,6,0.0,34.6
2024-03-12,7,0.0,33.3
2024-03-12,8,0.0,34.5
2024-03-12,9,7.0,34.7
2024-03-12,10,119.0,38.4
2024-03-12,11,310.0,44.3
2024-03-12,12,539.0,48.7
2024-03-12,13,693.0,53.3
2024-03-12,14,791.0,57.2
2024-03-12,15,793.0,59.6
2024-03-12,16,660.0,61.0
2024-03-12,17,354.0,61.9
2024-03-12,18,244.0,60.2
2024-03-12,19,139.0,57.7
2024-03-12,20,38.0,53.2
2024-03-12,21,4.0,53.0
2024-03-12,22,0.0,50.2
2024-03-12,23,0.0,49.4
2024-03-12,24,0.0,48.3
2024-03-13,1,0.0,45.6
2024-03-13,2,0.0,43.6
2024-03-13,3,0.0,43.4
2024-03-13,4,0.0,42.3
2024-03-13,5,0.0,42.5
2024-03-13,6,0.0,40.6
2024-03-13,7,0.0,39.1
2024-03-13,8,0.0,38.6
2024-03-13,9,7.0,39.5
2024-03-13,10,93.0,41.6
2024-03-13,11,232.0,45.0
2024-03-13,12,479.0,48.4
2024-03-13,13,622.0,51.3
2024-03-13,14,686.0,51.9
2024-03-13,15,609.0,52.1
2024-03-13,16,646.0,53.7
2024-03-13,17,615.0,54.9
2024-03-13,18,492.0,54.5
2024-03-13,19,291.0,54.4
2024-03-13,20,112.0,51.3
2024-03-13,21,5.0,47.0
2024-03-13,22,0.0,44.4
2024-03-13,23,0.0,42.4
2024-03-13,24,0.0,40.3
2024-03-14,1,0.0,38.6
2024-03-14,2,0.0,37.9
2024-03-14,3,0.0,36.8
2024-03-14,4,0.0,35.5
2024-03-14,5,0.0,32.9
2024-03-14,6,0.0,32.5
2024-03-14,7,0.0,31.6
2024-03-14,8,0.0,30.3
2024-03-14,9,9.0,30.6
2024-03-14,10,134.0,34.5
2024-03-14,11,354.0,39.0
2024-03-14,12,550.0,42.7
2024-03-14,13,706.0,46.0
2024-03-14,14,807.0,48.7
2024-03-14,15,832.0,50.9
2024-03-14,16,801.0,52.5
2024-03-14,17,696.0,53.6
2024-03-14,18,545.0,54.2
2024-03-14,19,344.0,53.2
2024-03-14,20,124.0,51.9
2024-03-14,21,5.0,50.8
2024-03-14,22,0.0,47.8
2024-03-14,23,0.0,46.6
2024-03-14,24,0.0,46.0
2024-03-15,1,0.0,45.1
2024-03-15,2,0.0,44.6
2024-03-15,3,0.0,41.5
2024-03-15,4,0.0,41.0
2024-03-15,5,0.0,41.5
2024-03-15,6,0.0,41.1
2024-03-15,7,0.0,41.9
2024-03-15,8,0.0,42.2
2024-03-15,9,3.0,42.3
2024-03-15,10,59.0,44.4
2024-03-15,11,210.0,47.9
2024-03-15,12,440.0,48.7
2024-03-15,13,452.0,50.2
2024-03-15,14,615.0,52.9
2024-03-15,15,674.0,54.5
2024-03-15,16,607.0,56.9
2024-03-15,17,578.0,57.3
2024-03-15,18,315.0,55.1
2024-03-15,19,152.0,53.8
2024-03-15,20,56.0,49.9
2024-03-15,21,3.0,48.8
2024-03-15,22,0.0,47.9
2024-03-15,23,0.0,46.3
2024-03-15,24,0.0,46.0
2024-03-16,1,0.0,43.7
2024-03-16,2,0.0,41.2
2024-03-16,3,0.0,40.1
2024-03-16,4,0.0,39.7
2024-03-16,5,0.0,40.3
2024-03-16,6,0.0,40.6
2024-03-16,7,0.0,40.8
2024-03-16,8,0.0,37.9
2024-03-16,9,10.0,38.2
2024-03-16,10,118.0,40.9
2024-03-16,11,321.0,43.1
2024-03-16,12,525.0,45.8
2024-03-16,13,609.0,47.9
2024-03-16,14,765.0,49.6
2024-03-16,15,801.0,50.5
2024-03-16,16,738.0,51.2
2024-03-16,17,656.0,51.9
2024-03-16,18,488.0,52.5
2024-03-16,19,233.0,50.0
2024-03-16,20,98.0,49.3
2024-03-16,21,6.0,45.9
2024-03-16,22,0.0,42.5
2024-03-16,23,0.0,40.6
2024-03-16,24,0.0,39.3
2024-03-17,1,0.0,37.2
2024-03-17,2,0.0,35.3
2024-03-17,3,0.0,34.3
2024-03-17,4,0.0,34.9
2024-03-17,5,0.0,35.5
2024-03-17,6,0.0,36.1
2024-03-17,7,0.0,36.4
2024-03-17,8,0.0,36.4
2024-03-17,9,6.0,37.0
2024-03-17,10,60.0,38.1
2024-03-17,11,90.0,37.9
2024-03-17,12,153.0,39.3
2024-03-17,13,187.0,41.4
2024-03-17,14,669.0,46.2
2024-03-17,15,721.0,48.8
2024-03-17,16,515.0,49.9
2024-03-17,17,676.0,51.4
2024-03-17,18,508.0,51.6
2024-03-17,19,336.0,51.2
2024-03-17,20,115.0,49.3
2024-03-17,21,7.0,45.8
2024-03-17,22,0.0,42.8
2024-03-17,23,0.0,41.5
2024-03-17,24,0.0,39.9
2024-03-18,1,0.0,37.9
2024-03-18,2,0.0,36.9
2024-03-18,3,0.0,35.9
2024-03-18,4,0.0,34.9
2024-03-18,5,0.0,34.3
2024-03-18,6,0.0,33.3
2024-03-18,7,0.0,32.2
2024-03-18,8,0.0,33.6
2024-03-18,9,15.0,34.3
2024-03-18,10,163.0,38.3
2024-03-18,11,370.0,42.9
2024-03-18,12,563.0,47.2
2024-03-18,13,715.0,50.5
2024-03-18,14,813.0,52.8
2024-03-18,15,850.0,54.2
2024-03-18,16,802.0,55.3
2024-03-18,17,702.0,55.8
2024-03-18,18,547.0,56.1
2024-03-18,19,351.0,55.8
2024-03-18,20,142.0,52.9
2024-03-18,21,9.0,48.4
2024-03-18,22,0.0,48.6
2024-03-18,23,0.0,48.0
2024-03-18,24,0.0,42.8
2024-03-19,1,0.0,39.9
2024-03-19,2,0.0,37.5
2024-03-19,3,0.0,36.1
2024-03-19,4,0.0,34.9
2024-03-19,5,0.0,33.6
2024-03-19,6,0.0,32.8
2024-03-19,7,0.0,31.9
2024-03-19,8,0.0,32.4
2024-03-19,9,17.0,33.8
2024-03-19,10,168.0,37.6
2024-03-19,11,377.0,41.2
2024-03-19,12,569.0,45.4
2024-03-19,13,720.0,49.2
2024-03-19,14,816.0,52.3
2024-03-19,15,848.0,54.9
2024-03-19,16,801.0,56.4
2024-03-19,17,685.0,57.0
2024-03-19,18,533.0,57.8
2024-03-19,19,338.0,57.8
2024-03-19,20,137.0,57.2
2024-03-19,21,9.0,53.0
2024-03-19,22,0.0,52.5
2024-03-19,23,0.0,48.2
2024-03-19,24,0.0,44.2
2024-03-20,1,0.0,41.9
2024-03-20,2,0.0,39.3
2024-03-20,3,0.0,38.2
2024-03-20,4,0.0,37.8
2024-03-20,5,0.0,36.1
2024-03-20,6,0.0,35.0
2024-03-20,7,0.0,34.1
2024-03-20,8,0.0,36.9
2024-03-20,9,19.0,35.2
2024-03-20,10,171.0,38.6
2024-03-20,11,378.0,41.5
2024-03-20,12,573.0,45.1
2024-03-20,13,725.0,48.7
2024-03-20,14,821.0,52.2
2024-03-20,15,852.0,55.1
2024-03-20,16,808.0,58.1
2024-03-20,17,701.0,60.6
2024-03-20,18,540.0,61.3
2024-03-20,19,341.0,61.8
2024-03-20,20,134.0,56.6
2024-03-20,21,10.0,55.9
2024-03-20,22,0.0,54.3
2024-03-20,23,0.0,49.1
2024-03-20,24,0.0,44.5
2024-03-21,1,0.0,41.6
2024-03-21,2,0.0,39.4
2024-03-21,3,0.0,37.3
2024-03-21,4,0.0,36.0
2024-03-21,5,0.0,34.9
2024-03-21,6,0.0,33.9
2024-03-21,7,0.0,33.3
2024-03-21,8,0.0,33.7
2024-03-21,9,21.0,35.1
2024-03-21,10,182.0,38.8
2024-03-21,11,397.0,42.6
2024-03-21,12,592.0,46.9
2024-03-21,13,744.0,51.6
2024-03-21,14,831.0,57.3
2024-03-21,15,852.0,63.0
2024-03-21,16,800.0,66.1
2024-03-21,17,718.0,67.2
2024-03-21,18,549.0,66.5
2024-03-21,19,352.0,64.9
2024-03-21,20,147.0,61.6
2024-03-21,21,11.0,56.0
2024-03-21,22,0.0,54.0
2024-03-21,23,0.0,51.2
2024-03-21,24,0.0,47.8
2024-03-22,1,0.0,44.4
2024-03-22,2,0.0,46.8
2024-03-22,3,0.0,45.9
2024-03-22,4,0.0,41.0
2024-03-22,5,0.0,38.3
2024-03-22,6,0.0,37.0
2024-03-22,7,0.0,36.0
2024-03-22,8,0.0,35.2
2024-03-22,9,24.0,36.9
2024-03-22,10,186.0,41.2
2024-03-22,11,397.0,46.0
2024-03-22,12,590.0,50.4
2024-03-22,13,741.0,54.9
2024-03-22,14,837.0,59.1
2024-03-22,15,868.0,62.4
2024-03-22,16,827.0,64.4
2024-03-22,17,706.0,65.8
2024-03-22,18,528.0,66.7
2024-03-22,19,340.0,66.7
2024-03-22,20,89.0,64.2
2024-03-22,21,9.0,59.8
2024-03-22,22,0.0,57.7
2024-03-22,23,0.0,56.5
2024-03-22,24,0.0,54.6
2024-03-23,1,0.0,53.6
2024-03-23,2,0.0,53.3
2024-03-23,3,0.0,52.5
2024-03-23,4,0.0,51.2
2024-03-23,5,0.0,48.1
2024-03-23,6,0.0,46.6
2024-03-23,7,0.0,45.4
2024-03-23,8,0.0,46.6
2024-03-23,9,20.0,46.8
2024-03-23,10,168.0,50.3
2024-03-23,11,387.0,54.8
2024-03-23,12,509.0,59.5
2024-03-23,13,718.0,63.1
2024-03-23,14,810.0,65.0
2024-03-23,15,770.0,65.3
2024-03-23,16,643.0,67.9
2024-03-23,17,599.0,67.6
2024-03-23,18,345.0,64.5
2024-03-23,19,170.0,62.0
2024-03-23,20,112.0,61.3
2024-03-23,21,13.0,59.0
2024-03-23,22,0.0,57.2
2024-03-23,23,0.0,54.5
2024-03-23,24,0.0,53.2
2024-03-24,1,0.0,49.6
2024-03-24,2,0.0,49.5
2024-03-24,3,0.0,48.3
2024-03-24,4,0.0,47.8
2024-03-24,5,0.0,45.1
2024-03-24,6,0.0,42.4
2024-03-24,7,0.0,41.2
2024-03-24,8,0.0,41.6
2024-03-24,9,10.0,41.0
2024-03-24,10,56.0,41.5
2024-03-24,11,245.0,43.5
2024-03-24,12,384.0,46.3
2024-03-24,13,421.0,47.8
2024-03-24,14,460.0,48.3
2024-03-24,15,508.0,49.7
2024-03-24,16,518.0,48.4
2024-03-24,17,327.0,49.3
2024-03-24,18,308.0,49.1
2024-03-24,19,164.0,49.0
2024-03-24,20,99.0,48.3
2024-03-24,21,10.0,46.3
2024-03-24,22,0.0,44.8
2024-03-24,23,0.0,43.0
2024-03-24,24,0.0,41.5
2024-03-25,1,0.0,40.2
2024-03-25,2,0.0,39.1
2024-03-25,3,0.0,37.6
2024-03-25,4,0.0,36.1
2024-03-25,5,0.0,36.1
2024-03-25,6,0.0,35.9
2024-03-25,7,0.0,35.8
2024-03-25,8,0.0,36.6
2024-03-25,9,15.0,38.0
2024-03-25,10,119.0,40.7
2024-03-25,11,317.0,43.7
2024-03-25,12,481.0,46.6
2024-03-25,13,651.0,48.7
2024-03-25,14,793.0,50.3
2024-03-25,15,863.0,52.0
2024-03-25,16,700.0,53.1
2024-03-25,17,698.0,52.8
2024-03-25,18,492.0,52.3
2024-03-25,19,331.0,51.2
2024-03-25,20,158.0,48.9
2024-03-25,21,14.0,46.6
2024-03-25,22,0.0,44.9
2024-03-25,23,0.0,42.8
2024-03-25,24,0.0,41.1
2024-03-26,1,0.0,39.0
2024-03-26,2,0.0,36.8
2024-03-26,3,0.0,35.4
2024-03-26,4,0.0,33.0
2024-03-26,5,0.0,32.1
2024-03-26,6,0.0,30.7
2024-03-26,7,0.0,29.8
2024-03-26,8,0.0,32.1
2024-03-26,9,28.0,32.5
2024-03-26,10,189.0,35.6
2024-03-26,11,400.0,39.4
2024-03-26,12,566.0,43.6
2024-03-26,13,734.0,48.0
2024-03-26,14,840.0,50.6
2024-03-26,15,748.0,52.7
2024-03-26,16,715.0,48.7
2024-03-26,17,558.0,52.5
2024-03-26,18,430.0,49.7
2024-03-26,19,270.0,49.6
2024-03-26,20,161.0,48.6
2024-03-26,21,16.0,45.9
2024-03-26,22,0.0,44.1
2024-03-26,23,0.0,42.9
2024-03-26,24,0.0,40.0
2024-03-27,1,0.0,37.3
2024-03-27,2,0.0,37.0
2024-03-27,3,0.0,35.3
2024-03-27,4,0.0,32.8
2024-03-27,5,0.0,30.9
2024-03-27,6,0.0,32.5
2024-03-27,7,0.0,28.5
2024-03-27,8,0.0,31.0
2024-03-27,9,37.0,30.1
2024-03-27,10,220.0,34.9
2024-03-27,11,439.0,40.3
2024-03-27,12,636.0,44.7
2024-03-27,13,789.0,48.1
2024-03-27,14,880.0,51.1
2024-03-27,15,909.0,53.2
2024-03-27,16,866.0,54.0
2024-03-27,17,757.0,54.7
2024-03-27,18,593.0,55.0
2024-03-27,19,387.0,55.0
2024-03-27,20,155.0,54.6
2024-03-27,21,15.0,53.9
2024-03-27,22,0.0,52.8
2024-03-27,23,0.0,51.3
2024-03-27,24,0.0,47.4
2024-03-28,1,0.0,42.4
2024-03-28,2,0.0,42.1
2024-03-28,3,0.0,37.0
2024-03-28,4,0.0,36.0
2024-03-28,5,0.0,34.6
2024-03-28,6,0.0,33.4
2024-03-28,7,0.0,32.5
2024-03-28,8,0.0,31.9
2024-03-28,9,32.0,33.5
2024-03-28,10,194.0,37.6
2024-03-28,11,408.0,41.8
2024-03-28,12,612.0,47.1
2024-03-28,13,774.0,53.9
2024-03-28,14,862.0,59.5
2024-03-28,15,874.0,63.0
2024-03-28,16,816.0,66.3
2024-03-28,17,718.0,66.5
2024-03-28,18,579.0,67.7
2024-03-28,19,314.0,65.5
2024-03-28,20,110.0,64.6
2024-03-28,21,15.0,61.6
2024-03-28,22,0.0,60.8
2024-03-28,23,0.0,59.9
2024-03-28,24,0.0,58.4
2024-03-29,1,0.0,56.3
2024-03-29,2,0.0,54.4
2024-03-29,3,0.0,52.2
2024-03-29,4,0.0,50.7
2024-03-29,5,0.0,50.0
2024-03-29,6,0.0,48.7
2024-03-29,7,0.0,47.8
2024-03-29,8,0.0,48.8
2024-03-29,9,30.0,49.1
2024-03-29,10,192.0,51.5
2024-03-29,11,396.0,55.7
2024-03-29,12,580.0,58.6
2024-03-29,13,770.0,61.0
2024-03-29,14,671.0,63.2
2024-03-29,15,715.0,65.6
2024-03-29,16,715.0,66.4
2024-03-29,17,366.0,65.5
2024-03-29,18,169.0,65.4
2024-03-29,19,203.0,66.0
2024-03-29,20,125.0,64.2
2024-03-29,21,12.0,63.5
2024-03-29,22,0.0,60.0
2024-03-29,23,0.0,57.7
2024-03-29,24,0.0,55.9
2024-03-30,1,0.0,54.3
2024-03-30,2,0.0,53.1
2024-03-30,3,0.0,52.1
2024-03-30,4,0.0,48.8
2024-03-30,5,0.0,47.6
2024-03-30,6,0.0,47.7
2024-03-30,7,0.0,47.1
2024-03-30,8,0.0,47.6
2024-03-30,9,42.0,48.7
2024-03-30,10,202.0,53.2
2024-03-30,11,413.0,57.8
2024-03-30,12,620.0,59.9
2024-03-30,13,769.0,62.4
2024-03-30,14,840.0,67.1
2024-03-30,15,881.0,68.7
2024-03-30,16,835.0,70.4
2024-03-30,17,680.0,72.5
2024-03-30,18,594.0,72.0
2024-03-30,19,396.0,69.4
2024-03-30,20,181.0,67.3
2024-03-30,21,19.0,63.8
2024-03-30,22,0.0,61.1
2024-03-30,23,0.0,58.4
2024-03-30,24,0.0,56.8
2024-03-31,1,0.0,55.4
2024-03-31,2,0.0,52.3
2024-03-31,3,0.0,50.1
2024-03-31,4,0.0,48.7
2024-03-31,5,0.0,49.8
2024-03-31,6,0.0,45.9
2024-03-31,7,0.0,44.3
2024-03-31,8,0.0,46.3
2024-03-31,9,27.0,48.3
2024-03-31,10,85.0,49.2
2024-03-31,11,86.0,46.2
2024-03-31,12,79.0,44.9
2024-03-31,13,144.0,44.8
2024-03-31,14,281.0,46.9
2024-03-31,15,233.0,47.6
2024-03-31,16,303.0,49.7
2024-03-31,17,233.0,49.7
2024-03-31,18,486.0,51.7
2024-03-31,19,274.0,51.0
2024-03-31,20,124.0,49.9
2024-03-31,21,14.0,48.7
2024-03-31,22,0.0,44.0
2024-03-31,23,0.0,43.1
2024-03-31,24,0.0,41.7
2024-04-01,1,0.0,40.2
2024-04-01,2,0.0,40.4
2024-04-01,3,0.0,39.7
2024-04-01,4,0.0,38.0
2024-04-01,5,0.0,37.5
2024-04-01,6,0.0,35.2
2024-04-01,7,0.0,34.9
2024-04-01,8,0.0,35.2
2024-04-01,9,48.0,34.7
2024-04-01,10,231.0,37.3
2024-04-01,11,442.0,40.4
2024-04-01,12,639.0,44.2
2024-04-01,13,784.0,47.8
2024-04-01,14,875.0,51.2
2024-04-01,15,813.0,53.8
2024-04-01,16,675.0,55.5
2024-04-01,17,599.0,52.6
2024-04-01,18,358.0,54.4
2024-04-01,19,278.0,54.5
2024-04-01,20,143.0,54.5
2024-04-01,21,21.0,52.6
2024-04-01,22,0.0,50.6
2024-04-01,23,0.0,47.9
2024-04-01,24,0.0,44.8
2024-04-02,1,0.0,41.8
2024-04-02,2,0.0,40.6
2024-04-02,3,0.0,39.1
2024-04-02,4,0.0,38.2
2024-04-02,5,0.0,38.5
2024-04-02,6,0.0,39.4
2024-04-02,7,0.0,39.5
2024-04-02,8,0.0,40.0
2024-04-02,9,53.0,41.4
2024-04-02,10,247.0,45.1
2024-04-02,11,465.0,49.7
2024-04-02,12,658.0,52.7
2024-04-02,13,807.0,54.8
2024-04-02,14,898.0,57.2
2024-04-02,15,921.0,60.2
2024-04-02,16,878.0,63.1
2024-04-02,17,771.0,65.2
2024-04-02,18,610.0,65.1
2024-04-02,19,408.0,63.5
2024-04-02,20,191.0,63.2
2024-04-02,21,24.0,60.1
2024-04-02,22,0.0,56.9
2024-04-02,23,0.0,53.2
2024-04-02,24,0.0,49.6
2024-04-03,1,0.0,46.3
2024-04-03,2,0.0,43.3
2024-04-03,3,0.0,41.3
2024-04-03,4,0.0,39.6
2024-04-03,5,0.0,37.9
2024-04-03,6,0.0,36.3
2024-04-03,7,0.0,35.2
2024-04-03,8,0.0,37.6
2024-04-03,9,58.0,38.6
2024-04-03,10,252.0,42.8
2024-04-03,11,468.0,47.4
2024-04-03,12,662.0,52.6
2024-04-03,13,811.0,57.8
2024-04-03,14,902.0,62.3
2024-04-03,15,927.0,65.8
2024-04-03,16,883.0,68.5
2024-04-03,17,775.0,70.0
2024-04-03,18,613.0,70.7
2024-04-03,19,411.0,70.4
2024-04-03,20,194.0,70.3
2024-04-03,21,26.0,66.0
2024-04-03,22,0.0,62.1
2024-04-03,23,0.0,64.3
2024-04-03,24,0.0,59.5
2024-04-04,1,0.0,50.8
2024-04-04,2,0.0,49.1
2024-04-04,3,0.0,47.5
2024-04-04,4,0.0,45.5
2024-04-04,5,0.0,44.0
2024-04-04,6,0.0,43.4
2024-04-04,7,0.0,41.8
2024-04-04,8,0.0,43.8
2024-04-04,9,61.0,44.9
2024-04-04,10,256.0,48.8
2024-04-04,11,474.0,53.1
2024-04-04,12,669.0,58.5
2024-04-04,13,814.0,64.5
2024-04-04,14,901.0,72.2
2024-04-04,15,935.0,74.2
2024-04-04,16,894.0,76.0
2024-04-04,17,784.0,76.8
2024-04-04,18,619.0,76.4
2024-04-04,19,413.0,75.0
2024-04-04,20,185.0,74.2
2024-04-04,21,23.0,70.5
2024-04-04,22,0.0,68.5
2024-04-04,23,0.0,66.1
2024-04-04,24,0.0,63.8
2024-04-05,1,0.0,61.3
2024-04-05,2,0.0,58.2
2024-04-05,3,0.0,55.1
2024-04-05,4,0.0,54.1
2024-04-05,5,0.0,54.7
2024-04-05,6,0.0,53.4
2024-04-05,7,0.0,51.5
2024-04-05,8,0.0,53.2
2024-04-05,9,64.0,54.8
2024-04-05,10,260.0,58.6
2024-04-05,11,479.0,61.1
2024-04-05,12,669.0,64.0
2024-04-05,13,823.0,66.3
2024-04-05,14,912.0,68.5
2024-04-05,15,939.0,68.8
2024-04-05,16,896.0,68.4
2024-04-05,17,793.0,68.1
2024-04-05,18,602.0,64.2
2024-04-05,19,314.0,59.5
2024-04-05,20,175.0,54.3
2024-04-05,21,16.0,52.3
2024-04-05,22,0.0,49.5
2024-04-05,23,0.0,48.4
2024-04-05,24,0.0,47.8
2024-04-06,1,0.0,46.5
2024-04-06,2,0.0,43.9
2024-04-06,3,0.0,41.4
2024-04-06,4,0.0,39.7
2024-04-06,5,0.0,38.0
2024-04-06,6,0.0,36.8
2024-04-06,7,0.0,36.4
2024-04-06,8,0.0,36.6
2024-04-06,9,44.0,37.2
2024-04-06,10,166.0,38.0
2024-04-06,11,381.0,40.6
2024-04-06,12,680.0,43.6
2024-04-06,13,822.0,46.9
2024-04-06,14,895.0,49.0
2024-04-06,15,916.0,50.1
2024-04-06,16,832.0,50.6
2024-04-06,17,647.0,52.7
2024-04-06,18,627.0,53.7
2024-04-06,19,425.0,52.1
2024-04-06,20,180.0,50.5
2024-04-06,21,30.0,48.4
2024-04-06,22,0.0,46.9
2024-04-06,23,0.0,44.6
2024-04-06,24,0.0,41.4
2024-04-07,1,0.0,39.1
2024-04-07,2,0.0,38.2
2024-04-07,3,0.0,38.5
2024-04-07,4,0.0,37.2
2024-04-07,5,0.0,35.8
2024-04-07,6,0.0,30.7
2024-04-07,7,0.0,29.6
2024-04-07,8,0.0,28.1
2024-04-07,9,70.0,31.2
2024-04-07,10,269.0,35.2
2024-04-07,11,486.0,39.3
2024-04-07,12,678.0,43.8
2024-04-07,13,826.0,47.4
2024-04-07,14,916.0,50.4
2024-04-07,15,940.0,53.5
2024-04-07,16,895.0,56.3
2024-04-07,17,772.0,57.9
2024-04-07,18,593.0,57.8
2024-04-07,19,372.0,57.1
2024-04-07,20,180.0,55.9
2024-04-07,21,30.0,53.1
2024-04-07,22,0.0,51.2
2024-04-07,23,0.0,48.6
2024-04-07,24,0.0,46.0
2024-04-08,1,0.0,42.9
2024-04-08,2,0.0,44.0
2024-04-08,3,0.0,43.6
2024-04-08,4,0.0,43.5
2024-04-08,5,0.0,42.7
2024-04-08,6,0.0,40.4
2024-04-08,7,0.0,39.1
2024-04-08,8,0.0,38.7
2024-04-08,9,48.0,41.1
2024-04-08,10,177.0,44.5
2024-04-08,11,321.0,49.3
2024-04-08,12,446.0,54.0
2024-04-08,13,582.0,56.3
2024-04-08,14,610.0,57.1
2024-04-08,15,593.0,57.4
2024-04-08,16,519.0,57.3
2024-04-08,17,528.0,57.7
2024-04-08,18,296.0,58.3
2024-04-08,19,233.0,58.5
2024-04-08,20,107.0,55.7
2024-04-08,21,23.0,55.0
2024-04-08,22,0.0,54.3
2024-04-08,23,0.0,51.1
2024-04-08,24,0.0,47.6
2024-04-09,1,0.0,45.6
2024-04-09,2,0.0,43.9
2024-04-09,3,0.0,42.1
2024-04-09,4,0.0,39.6
2024-04-09,5,0.0,38.2
2024-04-09,6,0.0,37.2
2024-04-09,7,0.0,38.8
2024-04-09,8,0.0,41.6
2024-04-09,9,79.0,40.5
2024-04-09,10,282.0,45.0
2024-04-09,11,501.0,49.5
2024-04-09,12,696.0,54.3
2024-04-09,13,845.0,58.5
2024-04-09,14,936.0,60.9
2024-04-09,15,960.0,62.8
2024-04-09,16,914.0,64.5
2024-04-09,17,804.0,66.1
2024-04-09,18,638.0,66.7
2024-04-09,19,433.0,65.4
2024-04-09,20,213.0,62.6
2024-04-09,21,34.0,59.7
2024-04-09,22,0.0,57.4
2024-04-09,23,0.0,54.9
2024-04-09,24,0.0,52.0
2024-04-10,1,0.0,51.2
2024-04-10,2,0.0,49.6
2024-04-10,3,0.0,48.7
2024-04-10,4,0.0,48.3
2024-04-10,5,0.0,47.8
2024-04-10,6,0.0,46.9
2024-04-10,7,0.0,45.0
2024-04-10,8,0.0,42.8
2024-04-10,9,82.0,46.3
2024-04-10,10,285.0,50.1
2024-04-10,11,502.0,54.3
2024-04-10,12,694.0,59.2
2024-04-10,13,839.0,62.4
2024-04-10,14,926.0,64.6
2024-04-10,15,949.0,66.6
2024-04-10,16,906.0,67.9
2024-04-10,17,798.0,68.5
2024-04-10,18,636.0,68.2
2024-04-10,19,433.0,67.2
2024-04-10,20,211.0,66.7
2024-04-10,21,35.0,63.2
2024-04-10,22,0.0,60.9
2024-04-10,23,0.0,57.9
2024-04-10,24,0.0,53.9
2024-04-11,1,0.0,50.5
2024-04-11,2,0.0,47.8
2024-04-11,3,0.0,45.7
2024-04-11,4,0.0,45.1
2024-04-11,5,0.0,42.6
2024-04-11,6,0.0,40.8
2024-04-11,7,0.0,40.9
2024-04-11,8,1.0,36.8
2024-04-11,9,86.0,39.8
2024-04-11,10,290.0,45.1
2024-04-11,11,507.0,50.0
2024-04-11,12,698.0,55.7
2024-04-11,13,845.0,61.3
2024-04-11,14,933.0,65.8
2024-04-11,15,956.0,68.7
2024-04-11,16,911.0,70.4
2024-04-11,17,802.0,71.4
2024-04-11,18,637.0,72.0
2024-04-11,19,434.0,71.7
2024-04-11,20,215.0,71.6
2024-04-11,21,37.0,67.9
2024-04-11,22,0.0,64.0
2024-04-11,23,0.0,62.9
2024-04-11,24,0.0,63.3
2024-04-12,1,0.0,55.7
2024-04-12,2,0.0,53.2
2024-04-12,3,0.0,50.2
2024-04-12,4,0.0,47.9
2024-04-12,5,0.0,46.0
2024-04-12,6,0.0,45.1
2024-04-12,7,0.0,44.8
2024-04-12,8,1.0,44.6
2024-04-12,9,90.0,48.9
2024-04-12,10,294.0,54.0
2024-04-12,11,510.0,58.7
2024-04-12,12,698.0,65.6
2024-04-12,13,840.0,72.4
2024-04-12,14,928.0,75.9
2024-04-12,15,953.0,78.8
2024-04-12,16,848.0,82.2
2024-04-12,17,584.0,82.2
2024-04-12,18,356.0,80.3
2024-04-12,19,285.0,79.3
2024-04-12,20,164.0,78.6
2024-04-12,21,37.0,74.3
2024-04-12,22,0.0,71.9
2024-04-12,23,0.0,69.5
2024-04-12,24,0.0,67.6
2024-04-13,1,0.0,64.8
2024-04-13,2,0.0,61.6
2024-04-13,3,0.0,58.3
2024-04-13,4,0.0,55.9
2024-04-13,5,0.0,54.0
2024-04-13,6,0.0,50.4
2024-04-13,7,0.0,54.1
2024-04-13,8,1.0,53.5
2024-04-13,9,92.0,52.8
2024-04-13,10,295.0,56.6
2024-04-13,11,509.0,60.7
2024-04-13,12,700.0,65.5
2024-04-13,13,845.0,69.4
2024-04-13,14,932.0,71.7
2024-04-13,15,955.0,73.2
2024-04-13,16,910.0,74.3
2024-04-13,17,803.0,74.7
2024-04-13,18,640.0,74.9
2024-04-13,19,437.0,74.9
2024-04-13,20,218.0,74.5
2024-04-13,21,39.0,71.2
2024-04-13,22,0.0,67.9
2024-04-13,23,0.0,64.4
2024-04-13,24,0.0,60.3
2024-04-14,1,0.0,63.1
2024-04-14,2,0.0,59.6
2024-04-14,3,0.0,58.3
2024-04-14,4,0.0,56.1
2024-04-14,5,0.0,54.1
2024-04-14,6,0.0,50.7
2024-04-14,7,0.0,54.1
2024-04-14,8,2.0,52.4
2024-04-14,9,98.0,52.0
2024-04-14,10,303.0,56.8
2024-04-14,11,520.0,62.6
2024-04-14,12,712.0,65.8
2024-04-14,13,859.0,68.3
2024-04-14,14,943.0,70.7
2024-04-14,15,963.0,73.2
2024-04-14,16,919.0,75.1
2024-04-14,17,810.0,76.2
2024-04-14,18,648.0,77.6
2024-04-14,19,447.0,76.3
2024-04-14,20,224.0,74.7
2024-04-14,21,41.0,70.3
2024-04-14,22,0.0,67.6
2024-04-14,23,0.0,64.5
2024-04-14,24,0.0,61.8
2024-04-15,1,0.0,59.2
2024-04-15,2,0.0,57.0
2024-04-15,3,0.0,54.9
2024-04-15,4,0.0,53.0
2024-04-15,5,0.0,51.3
2024-04-15,6,0.0,49.6
2024-04-15,7,0.0,48.5
2024-04-15,8,2.0,48.1
2024-04-15,9,80.0,49.5
2024-04-15,10,300.0,47.5
2024-04-15,11,430.0,49.4
2024-04-15,12,602.0,53.0
2024-04-15,13,825.0,55.5
2024-04-15,14,883.0,57.7
2024-04-15,15,930.0,59.4
2024-04-15,16,849.0,60.2
2024-04-15,17,509.0,55.7
2024-04-15,18,543.0,59.5
2024-04-15,19,424.0,60.6
2024-04-15,20,206.0,58.0
2024-04-15,21,39.0,57.0
2024-04-15,22,0.0,54.5
2024-04-15,23,0.0,51.3
2024-04-15,24,0.0,50.5
2024-04-16,1,0.0,49.5
2024-04-16,2,0.0,48.2
2024-04-16,3,0.0,45.8
2024-04-16,4,0.0,43.7
2024-04-16,5,0.0,42.4
2024-04-16,6,0.0,40.6
2024-04-16,7,0.0,39.3
2024-04-16,8,2.0,42.9
2024-04-16,9,99.0,44.2
2024-04-16,10,300.0,48.9
2024-04-16,11,515.0,54.1
2024-04-16,12,703.0,59.3
2024-04-16,13,846.0,62.7
2024-04-16,14,925.0,66.3
2024-04-16,15,920.0,70.4
2024-04-16,16,874.0,71.4
2024-04-16,17,769.0,73.5
2024-04-16,18,582.0,72.2
2024-04-16,19,439.0,71.2
2024-04-16,20,223.0,70.3
2024-04-16,21,43.0,67.2
2024-04-16,22,0.0,64.8
2024-04-16,23,0.0,61.1
2024-04-16,24,0.0,62.5
2024-04-17,1,0.0,59.2
2024-04-17,2,0.0,55.6
2024-04-17,3,0.0,49.2
2024-04-17,4,0.0,47.4
2024-04-17,5,0.0,46.0
2024-04-17,6,0.0,45.2
2024-04-17,7,0.0,47.9
2024-04-17,8,3.0,47.9
2024-04-17,9,107.0,49.3
2024-04-17,10,311.0,52.9
2024-04-17,11,524.0,57.3
2024-04-17,12,711.0,62.9
2024-04-17,13,852.0,68.7
2024-04-17,14,936.0,73.0
2024-04-17,15,956.0,75.9
2024-04-17,16,911.0,76.9
2024-04-17,17,803.0,77.3
2024-04-17,18,643.0,75.8
2024-04-17,19,443.0,75.8
2024-04-17,20,226.0,74.9
2024-04-17,21,43.0,72.0
2024-04-17,22,0.0,69.6
2024-04-17,23,0.0,67.5
2024-04-17,24,0.0,65.2
2024-04-18,1,0.0,62.8
2024-04-18,2,0.0,59.5
2024-04-18,3,0.0,59.1
2024-04-18,4,0.0,60.6
2024-04-18,5,0.0,56.8
2024-04-18,6,0.0,50.4
2024-04-18,7,0.0,49.6
2024-04-18,8,3.0,53.2
2024-04-18,9,87.0,53.9
2024-04-18,10,262.0,58.7
2024-04-18,11,496.0,65.0
2024-04-18,12,674.0,70.2
2024-04-18,13,844.0,74.0
2024-04-18,14,938.0,76.6
2024-04-18,15,951.0,78.1
2024-04-18,16,882.0,78.8
2024-04-18,17,762.0,79.3
2024-04-18,18,549.0,79.4
2024-04-18,19,326.0,78.8
2024-04-18,20,119.0,77.5
2024-04-18,21,29.0,75.2
2024-04-18,22,0.0,73.3
2024-04-18,23,0.0,69.2
2024-04-18,24,0.0,69.9
2024-04-19,1,0.0,69.7
2024-04-19,2,0.0,68.3
2024-04-19,3,0.0,66.1
2024-04-19,4,0.0,63.9
2024-04-19,5,0.0,58.8
2024-04-19,6,0.0,56.1
2024-04-19,7,0.0,57.7
2024-04-19,8,4.0,53.2
2024-04-19,9,114.0,57.3
2024-04-19,10,317.0,62.2
2024-04-19,11,519.0,66.8
2024-04-19,12,707.0,70.5
2024-04-19,13,825.0,73.1
2024-04-19,14,881.0,74.9
2024-04-19,15,732.0,75.2
2024-04-19,16,625.0,75.7
2024-04-19,17,797.0,78.7
2024-04-19,18,608.0,81.1
2024-04-19,19,380.0,79.4
2024-04-19,20,145.0,78.8
2024-04-19,21,29.0,75.1
2024-04-19,22,0.0,71.6
2024-04-19,23,0.0,68.7
2024-04-19,24,0.0,70.1
2024-04-20,1,0.0,65.1
2024-04-20,2,0.0,62.3
2024-04-20,3,0.0,60.4
2024-04-20,4,0.0,57.7
2024-04-20,5,0.0,58.3
2024-04-20,6,0.0,57.2
2024-04-20,7,0.0,51.9
2024-04-20,8,5.0,51.3
2024-04-20,9,111.0,54.6
2024-04-20,10,302.0,58.9
2024-04-20,11,503.0,63.1
2024-04-20,12,678.0,67.8
2024-04-20,13,850.0,72.0
2024-04-20,14,910.0,75.0
2024-04-20,15,876.0,77.3
2024-04-20,16,823.0,77.2
2024-04-20,17,759.0,77.5
2024-04-20,18,616.0,78.3
2024-04-20,19,413.0,76.6
2024-04-20,20,172.0,75.0
2024-04-20,21,35.0,73.0
2024-04-20,22,0.0,71.6
2024-04-20,23,0.0,68.4
2024-04-20,24,0.0,67.0
2024-04-21,1,0.0,64.8
2024-04-21,2,0.0,62.6
2024-04-21,3,0.0,60.8
2024-04-21,4,0.0,57.1
2024-04-21,5,0.0,55.4
2024-04-21,6,0.0,58.4
2024-04-21,7,0.0,54.9
2024-04-21,8,5.0,54.6
2024-04-21,9,122.0,55.7
2024-04-21,10,329.0,59.4
2024-04-21,11,540.0,62.9
2024-04-21,12,725.0,67.4
2024-04-21,13,866.0,71.1
2024-04-21,14,943.0,73.8
2024-04-21,15,958.0,75.9
2024-04-21,16,910.0,77.7
2024-04-21,17,787.0,79.0
2024-04-21,18,642.0,78.4
2024-04-21,19,431.0,78.1
2024-04-21,20,238.0,77.3
2024-04-21,21,53.0,74.7
2024-04-21,22,0.0,72.1
2024-04-21,23,0.0,68.2
2024-04-21,24,0.0,68.7
2024-04-22,1,0.0,61.2
2024-04-22,2,0.0,59.0
2024-04-22,3,0.0,55.6
2024-04-22,4,0.0,53.6
2024-04-22,5,0.0,51.1
2024-04-22,6,0.0,49.8
2024-04-22,7,0.0,49.3
2024-04-22,8,6.0,48.1
2024-04-22,9,125.0,53.1
2024-04-22,10,332.0,57.5
2024-04-22,11,543.0,62.5
2024-04-22,12,728.0,67.9
2024-04-22,13,868.0,72.0
2024-04-22,14,952.0,76.3
2024-04-22,15,972.0,79.7
2024-04-22,16,903.0,84.1
2024-04-22,17,725.0,84.8
2024-04-22,18,633.0,84.7
2024-04-22,19,377.0,83.9
2024-04-22,20,141.0,81.4
2024-04-22,21,29.0,79.3
2024-04-22,22,0.0,74.6
2024-04-22,23,0.0,70.7
2024-04-22,24,0.0,73.9
2024-04-23,1,0.0,71.6
2024-04-23,2,0.0,62.3
2024-04-23,3,0.0,60.3
2024-04-23,4,0.0,57.0
2024-04-23,5,0.0,54.9
2024-04-23,6,0.0,52.6
2024-04-23,7,0.0,50.5
2024-04-23,8,7.0,52.4
2024-04-23,9,128.0,56.8
2024-04-23,10,335.0,62.2
2024-04-23,11,546.0,67.4
2024-04-23,12,732.0,74.4
2024-04-23,13,872.0,78.4
2024-04-23,14,956.0,80.4
2024-04-23,15,975.0,82.4
2024-04-23,16,927.0,83.5
2024-04-23,17,811.0,83.4
2024-04-23,18,520.0,85.9
2024-04-23,19,407.0,83.0
2024-04-23,20,223.0,82.5
2024-04-23,21,48.0,78.9
2024-04-23,22,0.0,75.6
2024-04-23,23,0.0,73.5
2024-04-23,24,0.0,72.0
2024-04-24,1,0.0,70.5
2024-04-24,2,0.0,68.5
2024-04-24,3,0.0,66.1
2024-04-24,4,0.0,63.1
2024-04-24,5,0.0,61.3
2024-04-24,6,0.0,60.0
2024-04-24,7,0.0,56.8
2024-04-24,8,8.0,54.8
2024-04-24,9,133.0,59.0
2024-04-24,10,342.0,63.1
2024-04-24,11,553.0,67.5
2024-04-24,12,737.0,72.2
2024-04-24,13,877.0,75.4
2024-04-24,14,961.0,77.5
2024-04-24,15,981.0,79.2
2024-04-24,16,933.0,80.9
2024-04-24,17,825.0,83.3
2024-04-24,18,665.0,82.6
2024-04-24,19,466.0,81.6
2024-04-24,20,249.0,80.6
2024-04-24,21,52.0,76.5
2024-04-24,22,0.0,73.3
2024-04-24,23,0.0,71.9
2024-04-24,24,0.0,69.9
2024-04-25,1,0.0,67.1
2024-04-25,2,0.0,64.6
2024-04-25,3,0.0,62.4
2024-04-25,4,0.0,60.4
2024-04-25,5,0.0,58.6
2024-04-25,6,0.0,56.4
2024-04-25,7,0.0,54.4
2024-04-25,8,9.0,53.8
2024-04-25,9,127.0,56.3
2024-04-25,10,327.0,60.6
2024-04-25,11,517.0,65.7
2024-04-25,12,604.0,68.0
2024-04-25,13,813.0,69.9
2024-04-25,14,723.0,65.7
2024-04-25,15,571.0,66.3
2024-04-25,16,662.0,67.3
2024-04-25,17,574.0,66.7
2024-04-25,18,533.0,66.7
2024-04-25,19,399.0,66.2
2024-04-25,20,231.0,64.9
2024-04-25,21,58.0,63.5
2024-04-25,22,0.0,61.9
2024-04-25,23,0.0,60.6
2024-04-25,24,0.0,58.9
2024-04-26,1,0.0,57.7
2024-04-26,2,0.0,56.1
2024-04-26,3,0.0,54.0
2024-04-26,4,0.0,52.3
2024-04-26,5,0.0,50.5
2024-04-26,6,0.0,49.1
2024-04-26,7,0.0,48.4
2024-04-26,8,9.0,49.0
2024-04-26,9,124.0,52.1
2024-04-26,10,302.0,56.4
2024-04-26,11,500.0,59.6
2024-04-26,12,595.0,62.2
2024-04-26,13,479.0,62.9
2024-04-26,14,670.0,65.2
2024-04-26,15,579.0,66.2
2024-04-26,16,563.0,66.0
2024-04-26,17,250.0,61.6
2024-04-26,18,392.0,61.3
2024-04-26,19,304.0,62.4
2024-04-26,20,74.0,51.3
2024-04-26,21,12.0,51.4
2024-04-26,22,0.0,49.8
2024-04-26,23,0.0,48.8
2024-04-26,24,0.0,47.9
2024-04-27,1,0.0,47.5
2024-04-27,2,0.0,46.6
2024-04-27,3,0.0,46.3
2024-04-27,4,0.0,44.3
2024-04-27,5,0.0,45.2
2024-04-27,6,0.0,43.9
2024-04-27,7,0.0,43.3
2024-04-27,8,7.0,43.9
2024-04-27,9,40.0,45.0
2024-04-27,10,84.0,46.3
2024-04-27,11,220.0,48.1
2024-04-27,12,406.0,50.1
2024-04-27,13,583.0,51.8
2024-04-27,14,751.0,54.5
2024-04-27,15,950.0,57.2
2024-04-27,16,832.0,59.0
2024-04-27,17,806.0,60.5
2024-04-27,18,550.0,59.5
2024-04-27,19,369.0,56.0
2024-04-27,20,188.0,58.0
2024-04-27,21,48.0,57.7
2024-04-27,22,0.0,55.9
2024-04-27,23,0.0,55.4
2024-04-27,24,0.0,53.9
2024-04-28,1,0.0,53.2
2024-04-28,2,0.0,50.7
2024-04-28,3,0.0,51.9
2024-04-28,4,0.0,50.9
2024-04-28,5,0.0,48.2
2024-04-28,6,0.0,45.5
2024-04-28,7,0.0,43.8
2024-04-28,8,11.0,44.9
2024-04-28,9,136.0,47.1
2024-04-28,10,339.0,51.0
2024-04-28,11,530.0,54.6
2024-04-28,12,631.0,57.5
2024-04-28,13,773.0,59.5
2024-04-28,14,823.0,60.9
2024-04-28,15,806.0,62.6
2024-04-28,16,774.0,64.3
2024-04-28,17,716.0,65.5
2024-04-28,18,623.0,66.1
2024-04-28,19,422.0,67.1
2024-04-28,20,182.0,65.2
2024-04-28,21,57.0,63.1
2024-04-28,22,0.0,60.0
2024-04-28,23,0.0,57.3
2024-04-28,24,0.0,54.4
2024-04-29,1,0.0,52.0
2024-04-29,2,0.0,49.0
2024-04-29,3,0.0,47.1
2024-04-29,4,0.0,46.0
2024-04-29,5,0.0,43.9
2024-04-29,6,0.0,42.9
2024-04-29,7,0.0,41.2
2024-04-29,8,13.0,42.4
2024-04-29,9,146.0,46.2
2024-04-29,10,353.0,50.1
2024-04-29,11,561.0,54.6
2024-04-29,12,743.0,59.6
2024-04-29,13,881.0,64.3
2024-04-29,14,968.0,67.6
2024-04-29,15,966.0,69.9
2024-04-29,16,903.0,72.0
2024-04-29,17,733.0,71.5
2024-04-29,18,508.0,73.9
2024-04-29,19,311.0,75.5
2024-04-29,20,226.0,75.1
2024-04-29,21,64.0,72.5
2024-04-29,22,0.0,68.6
2024-04-29,23,0.0,65.8
2024-04-29,24,0.0,64.2
2024-04-30,1,0.0,60.0
2024-04-30,2,0.0,58.3
2024-04-30,3,0.0,55.7
2024-04-30,4,0.0,55.8
2024-04-30,5,0.0,59.2
2024-04-30,6,0.0,55.6
2024-04-30,7,0.0,52.6
2024-04-30,8,14.0,53.6
2024-04-30,9,156.0,54.0
2024-04-30,10,369.0,60.1
2024-04-30,11,580.0,65.3
2024-04-30,12,763.0,69.4
2024-04-30,13,900.0,72.8
2024-04-30,14,981.0,75.1
2024-04-30,15,1002.0,76.7
2024-04-30,16,956.0,77.4
2024-04-30,17,845.0,77.5
2024-04-30,18,680.0,77.5
2024-04-30,19,479.0,77.3
2024-04-30,20,263.0,77.7
2024-04-30,21,71.0,75.4
2024-04-30,22,0.0,72.6
2024-04-30,23,0.0,71.1
2024-04-30,24,0.0,68.2
2024-05-01,1,0.0,65.9
2024-05-01,2,0.0,64.0
2024-05-01,3,0.0,60.0
2024-05-01,4,0.0,60.9
2024-05-01,5,0.0,58.1
2024-05-01,6,0.0,52.8
2024-05-01,7,0.0,52.3
2024-05-01,8,15.0,53.5
2024-05-01,9,155.0,57.6
2024-05-01,10,364.0,62.1
2024-05-01,11,572.0,67.0
2024-05-01,12,751.0,72.1
2024-05-01,13,879.0,73.9
2024-05-01,14,786.0,74.6
2024-05-01,15,932.0,76.2
2024-05-01,16,837.0,76.6
2024-05-01,17,752.0,77.2
2024-05-01,18,566.0,76.5
2024-05-01,19,461.0,74.4
2024-05-01,20,252.0,71.7
2024-05-01,21,69.0,69.4
2024-05-01,22,0.0,66.4
2024-05-01,23,0.0,64.6
2024-05-01,24,0.0,60.9
2024-05-02,1,0.0,58.4
2024-05-02,2,0.0,56.4
2024-05-02,3,0.0,54.1
2024-05-02,4,0.0,51.5
2024-05-02,5,0.0,48.0
2024-05-02,6,0.0,50.0
2024-05-02,7,0.0,45.0
2024-05-02,8,17.0,45.4
2024-05-02,9,165.0,48.5
2024-05-02,10,380.0,53.1
2024-05-02,11,592.0,57.3
2024-05-02,12,776.0,60.9
2024-05-02,13,913.0,63.5
2024-05-02,14,995.0,66.1
2024-05-02,15,1011.0,68.9
2024-05-02,16,962.0,71.2
2024-05-02,17,854.0,72.0
2024-05-02,18,692.0,72.0
2024-05-02,19,491.0,71.4
2024-05-02,20,269.0,70.6
2024-05-02,21,74.0,68.4
2024-05-02,22,0.0,66.0
2024-05-02,23,0.0,64.2
2024-05-02,24,0.0,63.1
2024-05-03,1,0.0,63.2
2024-05-03,2,0.0,56.9
2024-05-03,3,0.0,54.3
2024-05-03,4,0.0,51.4
2024-05-03,5,0.0,51.6
2024-05-03,6,0.0,49.3
2024-05-03,7,0.0,46.2
2024-05-03,8,18.0,47.1
2024-05-03,9,166.0,51.1
2024-05-03,10,376.0,55.3
2024-05-03,11,586.0,59.9
2024-05-03,12,768.0,64.9
2024-05-03,13,904.0,71.0
2024-05-03,14,985.0,74.9
2024-05-03,15,999.0,75.5
2024-05-03,16,906.0,83.0
2024-05-03,17,691.0,79.3
2024-05-03,18,672.0,78.6
2024-05-03,19,485.0,76.6
2024-05-03,20,272.0,75.8
2024-05-03,21,78.0,71.3
2024-05-03,22,0.0,67.8
2024-05-03,23,0.0,63.2
2024-05-03,24,0.0,60.9
2024-05-04,1,0.0,59.4
2024-05-04,2,0.0,56.5
2024-05-04,3,0.0,55.9
2024-05-04,4,0.0,52.5
2024-05-04,5,0.0,50.9
2024-05-04,6,0.0,48.0
2024-05-04,7,0.0,49.2
2024-05-04,8,18.0,49.0
2024-05-04,9,163.0,52.1
2024-05-04,10,373.0,56.9
2024-05-04,11,581.0,61.1
2024-05-04,12,760.0,64.9
2024-05-04,13,896.0,68.8
2024-05-04,14,976.0,73.0
2024-05-04,15,1003.0,77.0
2024-05-04,16,951.0,77.8
2024-05-04,17,840.0,79.3
2024-05-04,18,640.0,79.4
2024-05-04,19,448.0,79.9
2024-05-04,20,256.0,77.5
2024-05-04,21,76.0,75.5
2024-05-04,22,0.0,72.7
2024-05-04,23,0.0,69.4
2024-05-04,24,0.0,67.6
2024-05-05,1,0.0,67.0
2024-05-05,2,0.0,65.8
2024-05-05,3,0.0,63.7
2024-05-05,4,0.0,63.2
2024-05-05,5,0.0,63.3
2024-05-05,6,0.0,63.1
2024-05-05,7,0.0,62.3
2024-05-05,8,4.0,63.0
2024-05-05,9,82.0,63.9
2024-05-05,10,178.0,63.4
2024-05-05,11,354.0,67.3
2024-05-05,12,460.0,70.3
2024-05-05,13,683.0,73.3
2024-05-05,14,396.0,74.7
2024-05-05,15,258.0,74.5
2024-05-05,16,296.0,75.5
2024-05-05,17,384.0,75.1
2024-05-05,18,429.0,75.2
2024-05-05,19,277.0,72.8
2024-05-05,20,113.0,71.1
2024-05-05,21,50.0,66.9
2024-05-05,22,1.0,54.1
2024-05-05,23,0.0,49.5
2024-05-05,24,0.0,48.4
2024-05-06,1,0.0,45.9
2024-05-06,2,0.0,46.0
2024-05-06,3,0.0,45.5
2024-05-06,4,0.0,44.5
2024-05-06,5,0.0,43.3
2024-05-06,6,0.0,41.9
2024-05-06,7,0.0,40.5
2024-05-06,8,21.0,41.0
2024-05-06,9,173.0,44.8
2024-05-06,10,386.0,48.2
2024-05-06,11,598.0,50.6
2024-05-06,12,781.0,53.1
2024-05-06,13,920.0,55.6
2024-05-06,14,999.0,57.8
2024-05-06,15,1015.0,60.0
2024-05-06,16,967.0,61.5
2024-05-06,17,858.0,63.1
2024-05-06,18,677.0,62.7
2024-05-06,19,466.0,62.4
2024-05-06,20,271.0,61.3
2024-05-06,21,80.0,59.0
2024-05-06,22,1.0,57.6
2024-05-06,23,0.0,55.9
2024-05-06,24,0.0,55.0
2024-05-07,1,0.0,51.0
2024-05-07,2,0.0,50.4
2024-05-07,3,0.0,48.7
2024-05-07,4,0.0,46.5
2024-05-07,5,0.0,48.3
2024-05-07,6,0.0,44.2
2024-05-07,7,0.0,43.9
2024-05-07,8,19.0,45.5
2024-05-07,9,157.0,49.3
2024-05-07,10,378.0,55.3
2024-05-07,11,598.0,60.7
2024-05-07,12,783.0,65.5
2024-05-07,13,923.0,67.5
2024-05-07,14,1007.0,69.4
2024-05-07,15,1027.0,70.0
2024-05-07,16,968.0,72.8
2024-05-07,17,866.0,73.8
2024-05-07,18,705.0,73.8
2024-05-07,19,503.0,74.8
2024-05-07,20,275.0,70.9
2024-05-07,21,80.0,60.9
2024-05-07,22,1.0,56.8
2024-05-07,23,0.0,54.1
2024-05-07,24,0.0,51.2
2024-05-08,1,0.0,49.6
2024-05-08,2,0.0,47.8
2024-05-08,3,0.0,46.0
2024-05-08,4,0.0,44.4
2024-05-08,5,0.0,42.2
2024-05-08,6,0.0,41.1
2024-05-08,7,0.0,40.5
2024-05-08,8,24.0,41.1
2024-05-08,9,180.0,43.0
2024-05-08,10,398.0,46.3
2024-05-08,11,611.0,49.4
2024-05-08,12,795.0,51.9
2024-05-08,13,932.0,54.1
2024-05-08,14,1011.0,56.0
2024-05-08,15,1025.0,58.0
2024-05-08,16,975.0,59.7
2024-05-08,17,863.0,60.9
2024-05-08,18,701.0,61.8
2024-05-08,19,501.0,62.0
2024-05-08,20,285.0,61.6
2024-05-08,21,88.0,60.6
2024-05-08,22,1.0,57.5
2024-05-08,23,0.0,55.9
2024-05-08,24,0.0,53.5
2024-05-09,1,0.0,52.2
2024-05-09,2,0.0,51.3
2024-05-09,3,0.0,49.6
2024-05-09,4,0.0,47.5
2024-05-09,5,0.0,46.5
2024-05-09,6,0.0,45.3
2024-05-09,7,0.0,45.1
2024-05-09,8,19.0,46.1
2024-05-09,9,127.0,48.8
2024-05-09,10,250.0,52.1
2024-05-09,11,371.0,54.9
2024-05-09,12,511.0,57.5
2024-05-09,13,636.0,60.2
2024-05-09,14,681.0,62.2
2024-05-09,15,721.0,63.9
2024-05-09,16,664.0,65.0
2024-05-09,17,552.0,65.6
2024-05-09,18,501.0,67.1
2024-05-09,19,428.0,67.8
2024-05-09,20,266.0,65.9
2024-05-09,21,81.0,65.0
2024-05-09,22,1.0,62.2
2024-05-09,23,0.0,58.9
2024-05-09,24,0.0,55.9
2024-05-10,1,0.0,54.3
2024-05-10,2,0.0,52.5
2024-05-10,3,0.0,50.5
2024-05-10,4,0.0,48.7
2024-05-10,5,0.0,47.7
2024-05-10,6,0.0,46.1
2024-05-10,7,0.0,45.0
2024-05-10,8,23.0,46.7
2024-05-10,9,169.0,52.0
2024-05-10,10,380.0,57.0
2024-05-10,11,588.0,60.6
2024-05-10,12,768.0,63.2
2024-05-10,13,902.0,65.6
2024-05-10,14,983.0,67.7
2024-05-10,15,976.0,68.8
2024-05-10,16,950.0,69.6
2024-05-10,17,847.0,70.9
2024-05-10,18,693.0,70.7
2024-05-10,19,499.0,70.3
2024-05-10,20,235.0,70.3
2024-05-10,21,85.0,66.5
2024-05-10,22,1.0,64.6
2024-05-10,23,0.0,62.2
2024-05-10,24,0.0,59.7
2024-05-11,1,0.0,57.9
2024-05-11,2,0.0,56.3
2024-05-11,3,0.0,54.8
2024-05-11,4,0.0,54.3
2024-05-11,5,0.0,52.9
2024-05-11,6,0.0,52.6
2024-05-11,7,0.0,52.3
2024-05-11,8,21.0,52.2
2024-05-11,9,172.0,54.8
2024-05-11,10,347.0,58.6
2024-05-11,11,437.0,59.9
2024-05-11,12,596.0,59.1
2024-05-11,13,676.0,61.3
2024-05-11,14,264.0,55.6
2024-05-11,15,564.0,59.1
2024-05-11,16,794.0,61.3
2024-05-11,17,645.0,62.5
2024-05-11,18,492.0,64.8
2024-05-11,19,310.0,58.8
2024-05-11,20,226.0,60.0
2024-05-11,21,81.0,59.2
2024-05-11,22,2.0,57.7
2024-05-11,23,0.0,55.9
2024-05-11,24,0.0,54.1
2024-05-12,1,0.0,54.9
2024-05-12,2,0.0,52.8
2024-05-12,3,0.0,51.0
2024-05-12,4,0.0,48.4
2024-05-12,5,0.0,48.3
2024-05-12,6,0.0,48.6
2024-05-12,7,0.0,45.7
2024-05-12,8,27.0,46.5
2024-05-12,9,177.0,49.3
2024-05-12,10,387.0,52.2
2024-05-12,11,593.0,56.2
2024-05-12,12,772.0,61.0
2024-05-12,13,891.0,67.4
2024-05-12,14,948.0,71.0
2024-05-12,15,959.0,73.0
2024-05-12,16,918.0,74.8
2024-05-12,17,816.0,76.7
2024-05-12,18,665.0,77.0
2024-05-12,19,491.0,76.6
2024-05-12,20,283.0,75.8
2024-05-12,21,92.0,73.1
2024-05-12,22,2.0,68.1
2024-05-12,23,0.0,65.2
2024-05-12,24,0.0,60.8
2024-05-13,1,0.0,56.9
2024-05-13,2,0.0,54.7
2024-05-13,3,0.0,52.3
2024-05-13,4,0.0,50.0
2024-05-13,5,0.0,48.1
2024-05-13,6,0.0,46.8
2024-05-13,7,0.0,45.7
2024-05-13,8,29.0,47.8
2024-05-13,9,183.0,51.9
2024-05-13,10,388.0,56.7
2024-05-13,11,591.0,61.9
2024-05-13,12,768.0,66.8
2024-05-13,13,900.0,71.2
2024-05-13,14,976.0,75.9
2024-05-13,15,957.0,79.8
2024-05-13,16,845.0,81.6
2024-05-13,17,680.0,81.4
2024-05-13,18,532.0,79.2
2024-05-13,19,366.0,79.5
2024-05-13,20,227.0,79.9
2024-05-13,21,90.0,77.5
2024-05-13,22,2.0,73.1
2024-05-13,23,0.0,75.0
2024-05-13,24,0.0,66.5
2024-05-14,1,0.0,63.1
2024-05-14,2,0.0,59.1
2024-05-14,3,0.0,57.4
2024-05-14,4,0.0,55.0
2024-05-14,5,0.0,53.2
2024-05-14,6,0.0,52.5
2024-05-14,7,0.0,51.4
2024-05-14,8,30.0,52.3
2024-05-14,9,186.0,57.2
2024-05-14,10,391.0,62.2
2024-05-14,11,593.0,66.9
2024-05-14,12,771.0,71.2
2024-05-14,13,910.0,76.0
2024-05-14,14,988.0,80.1
2024-05-14,15,979.0,83.5
2024-05-14,16,907.0,84.9
2024-05-14,17,791.0,79.7
2024-05-14,18,618.0,79.8
2024-05-14,19,331.0,79.3
2024-05-14,20,177.0,74.5
2024-05-14,21,80.0,74.6
2024-05-14,22,2.0,72.0
2024-05-14,23,0.0,71.0
2024-05-14,24,0.0,67.8
2024-05-15,1,0.0,64.6
2024-05-15,2,0.0,62.6
2024-05-15,3,0.0,58.7
2024-05-15,4,0.0,56.8
2024-05-15,5,0.0,56.0
2024-05-15,6,0.0,56.0
2024-05-15,7,0.0,54.8
2024-05-15,8,27.0,53.3
2024-05-15,9,161.0,56.8
2024-05-15,10,368.0,61.9
2024-05-15,11,580.0,67.2
2024-05-15,12,740.0,71.1
2024-05-15,13,895.0,74.4
2024-05-15,14,894.0,76.4
2024-05-15,15,838.0,78.4
2024-05-15,16,816.0,76.9
2024-05-15,17,797.0,77.5
2024-05-15,18,665.0,77.6
2024-05-15,19,455.0,78.4
2024-05-15,20,149.0,69.4
2024-05-15,21,50.0,71.5
2024-05-15,22,1.0,71.2
2024-05-15,23,0.0,70.8
2024-05-15,24,0.0,68.3
2024-05-16,1,0.0,66.5
2024-05-16,2,0.0,64.4
2024-05-16,3,0.0,61.3
2024-05-16,4,0.0,57.9
2024-05-16,5,0.0,56.4
2024-05-16,6,0.0,57.7
2024-05-16,7,0.0,54.2
2024-05-16,8,32.0,51.4
2024-05-16,9,191.0,55.5
2024-05-16,10,397.0,59.7
2024-05-16,11,600.0,64.6
2024-05-16,12,777.0,68.5
2024-05-16,13,907.0,71.8
2024-05-16,14,955.0,74.3
2024-05-16,15,972.0,76.9
2024-05-16,16,946.0,78.7
2024-05-16,17,844.0,79.4
2024-05-16,18,694.0,79.9
2024-05-16,19,503.0,81.0
2024-05-16,20,269.0,82.0
2024-05-16,21,91.0,78.1
2024-05-16,22,3.0,75.7
2024-05-16,23,0.0,72.3
2024-05-16,24,0.0,72.1
2024-05-17,1,0.0,64.8
2024-05-17,2,0.0,61.3
2024-05-17,3,0.0,58.8
2024-05-17,4,0.0,56.0
2024-05-17,5,0.0,54.1
2024-05-17,6,0.0,53.3
2024-05-17,7,0.0,51.8
2024-05-17,8,34.0,53.2
2024-05-17,9,195.0,57.7
2024-05-17,10,402.0,62.0
2024-05-17,11,605.0,66.7
2024-05-17,12,780.0,70.8
2024-05-17,13,915.0,74.9
2024-05-17,14,987.0,79.1
2024-05-17,15,1008.0,83.8
2024-05-17,16,965.0,87.0
2024-05-17,17,872.0,87.8
2024-05-17,18,603.0,87.6
2024-05-17,19,311.0,86.4
2024-05-17,20,234.0,85.2
2024-05-17,21,75.0,84.0
2024-05-17,22,3.0,80.6
2024-05-17,23,0.0,77.5
2024-05-17,24,0.0,75.8
2024-05-18,1,0.0,72.1
2024-05-18,2,0.0,69.9
2024-05-18,3,0.0,65.9
2024-05-18,4,0.0,63.3
2024-05-18,5,0.0,59.9
2024-05-18,6,0.0,59.0
2024-05-18,7,0.0,57.0
2024-05-18,8,35.0,60.5
2024-05-18,9,195.0,66.4
2024-05-18,10,391.0,72.6
2024-05-18,11,591.0,77.2
2024-05-18,12,776.0,80.4
2024-05-18,13,825.0,83.2
2024-05-18,14,844.0,85.4
2024-05-18,15,989.0,86.6
2024-05-18,16,935.0,87.4
2024-05-18,17,835.0,87.3
2024-05-18,18,633.0,87.2
2024-05-18,19,374.0,87.2
2024-05-18,20,197.0,84.4
2024-05-18,21,59.0,82.4
2024-05-18,22,3.0,79.9
2024-05-18,23,0.0,77.5
2024-05-18,24,0.0,73.9
2024-05-19,1,0.0,71.9
2024-05-19,2,0.0,70.7
2024-05-19,3,0.0,69.0
2024-05-19,4,0.0,67.2
2024-05-19,5,0.0,64.7
2024-05-19,6,0.0,63.8
2024-05-19,7,0.0,62.3
2024-05-19,8,36.0,61.7
2024-05-19,9,201.0,65.6
2024-05-19,10,409.0,70.3
2024-05-19,11,612.0,74.0
2024-05-19,12,789.0,77.5
2024-05-19,13,920.0,80.1
2024-05-19,14,998.0,82.2
2024-05-19,15,1014.0,84.1
2024-05-19,16,969.0,85.3
2024-05-19,17,864.0,85.6
2024-05-19,18,709.0,86.2
2024-05-19,19,517.0,85.7
2024-05-19,20,298.0,83.3
2024-05-19,21,108.0,81.1
2024-05-19,22,4.0,78.0
2024-05-19,23,0.0,74.1
2024-05-19,24,0.0,72.3
2024-05-20,1,0.0,71.6
2024-05-20,2,0.0,71.0
2024-05-20,3,0.0,68.7
2024-05-20,4,0.0,66.7
2024-05-20,5,0.0,64.1
2024-05-20,6,0.0,61.9
2024-05-20,7,0.0,60.4
2024-05-20,8,39.0,60.7
2024-05-20,9,207.0,64.2
2024-05-20,10,419.0,68.9
2024-05-20,11,629.0,73.3
2024-05-20,12,808.0,76.2
2024-05-20,13,942.0,79.2
2024-05-20,14,1013.0,81.8
2024-05-20,15,975.0,82.0
2024-05-20,16,876.0,82.4
2024-05-20,17,693.0,82.0
2024-05-20,18,459.0,80.1
2024-05-20,19,363.0,80.8
2024-05-20,20,105.0,75.1
2024-05-20,21,82.0,74.2
2024-05-20,22,4.0,65.9
2024-05-20,23,0.0,66.1
2024-05-20,24,0.0,65.8
2024-05-21,1,0.0,63.4
2024-05-21,2,0.0,63.0
2024-05-21,3,0.0,60.5
2024-05-21,4,0.0,57.7
2024-05-21,5,0.0,57.8
2024-05-21,6,0.0,55.5
2024-05-21,7,0.0,53.6
2024-05-21,8,30.0,54.5
2024-05-21,9,156.0,56.5
2024-05-21,10,363.0,59.4
2024-05-21,11,544.0,61.4
2024-05-21,12,717.0,63.1
2024-05-21,13,841.0,65.0
2024-05-21,14,927.0,67.4
2024-05-21,15,921.0,69.9
2024-05-21,16,914.0,70.7
2024-05-21,17,851.0,70.3
2024-05-21,18,702.0,69.8
2024-05-21,19,511.0,69.3
2024-05-21,20,310.0,67.6
2024-05-21,21,114.0,66.1
2024-05-21,22,5.0,63.9
2024-05-21,23,0.0,61.3
2024-05-21,24,0.0,58.6
2024-05-22,1,0.0,55.9
2024-05-22,2,0.0,53.2
2024-05-22,3,0.0,51.1
2024-05-22,4,0.0,49.0
2024-05-22,5,0.0,46.9
2024-05-22,6,0.0,45.5
2024-05-22,7,0.0,44.0
2024-05-22,8,40.0,45.5
2024-05-22,9,208.0,49.6
2024-05-22,10,418.0,54.9
2024-05-22,11,623.0,59.7
2024-05-22,12,799.0,64.5
2024-05-22,13,932.0,68.2
2024-05-22,14,1007.0,71.5
2024-05-22,15,1020.0,74.8
2024-05-22,16,974.0,78.2
2024-05-22,17,865.0,79.5
2024-05-22,18,711.0,82.5
2024-05-22,19,522.0,80.4
2024-05-22,20,313.0,80.1
2024-05-22,21,114.0,78.4
2024-05-22,22,5.0,74.1
2024-05-22,23,0.0,72.3
2024-05-22,24,0.0,69.2
2024-05-23,1,0.0,67.2
2024-05-23,2,0.0,62.9
2024-05-23,3,0.0,61.3
2024-05-23,4,0.0,59.6
2024-05-23,5,0.0,58.1
2024-05-23,6,0.0,57.7
2024-05-23,7,0.0,55.7
2024-05-23,8,41.0,58.0
2024-05-23,9,208.0,62.2
2024-05-23,10,416.0,67.3
2024-05-23,11,618.0,72.4
2024-05-23,12,792.0,76.4
2024-05-23,13,922.0,78.6
2024-05-23,14,1000.0,80.2
2024-05-23,15,1017.0,82.0
2024-05-23,16,971.0,82.9
2024-05-23,17,839.0,82.7
2024-05-23,18,689.0,82.3
2024-05-23,19,504.0,82.5
2024-05-23,20,233.0,79.4
2024-05-23,21,87.0,73.1
2024-05-23,22,5.0,69.4
2024-05-23,23,0.0,66.1
2024-05-23,24,0.0,63.7
2024-05-24,1,0.0,61.1
2024-05-24,2,0.0,61.9
2024-05-24,3,0.0,59.3
2024-05-24,4,0.0,57.0
2024-05-24,5,0.0,55.1
2024-05-24,6,0.0,52.3
2024-05-24,7,0.0,49.9
2024-05-24,8,41.0,49.6
2024-05-24,9,207.0,53.3
2024-05-24,10,414.0,58.2
2024-05-24,11,616.0,62.6
2024-05-24,12,790.0,66.3
2024-05-24,13,922.0,69.7
2024-05-24,14,999.0,72.8
2024-05-24,15,1014.0,74.9
2024-05-24,16,970.0,77.5
2024-05-24,17,852.0,78.8
2024-05-24,18,643.0,80.2
2024-05-24,19,448.0,81.8
2024-05-24,20,170.0,80.9
2024-05-24,21,44.0,80.7
2024-05-24,22,6.0,78.7
2024-05-24,23,0.0,74.8
2024-05-24,24,0.0,71.2
2024-05-25,1,0.0,71.2
2024-05-25,2,0.0,69.3
2024-05-25,3,0.0,66.9
2024-05-25,4,0.0,64.9
2024-05-25,5,0.0,63.9
2024-05-25,6,0.0,63.0
2024-05-25,7,0.0,61.7
2024-05-25,8,34.0,62.8
2024-05-25,9,175.0,65.8
2024-05-25,10,361.0,69.4
2024-05-25,11,485.0,70.5
2024-05-25,12,688.0,73.3
2024-05-25,13,860.0,75.6
2024-05-25,14,935.0,77.8
2024-05-25,15,1005.0,79.2
2024-05-25,16,964.0,80.5
2024-05-25,17,857.0,79.8
2024-05-25,18,708.0,81.0
2024-05-25,19,521.0,79.0
2024-05-25,20,318.0,77.0
2024-05-25,21,115.0,67.7
2024-05-25,22,6.0,67.2
2024-05-25,23,0.0,65.2
2024-05-25,24,0.0,64.1
2024-05-26,1,0.0,62.2
2024-05-26,2,0.0,59.8
2024-05-26,3,0.0,57.7
2024-05-26,4,0.0,55.1
2024-05-26,5,0.0,53.9
2024-05-26,6,0.0,52.7
2024-05-26,7,0.0,50.5
2024-05-26,8,42.0,51.2
2024-05-26,9,205.0,56.0
2024-05-26,10,410.0,59.5
2024-05-26,11,610.0,63.3
2024-05-26,12,784.0,67.3
2024-05-26,13,917.0,70.6
2024-05-26,14,991.0,73.9
2024-05-26,15,1004.0,76.7
2024-05-26,16,957.0,79.6
2024-05-26,17,862.0,81.6
2024-05-26,18,697.0,81.8
2024-05-26,19,512.0,80.5
2024-05-26,20,297.0,80.6
2024-05-26,21,119.0,78.6
2024-05-26,22,7.0,75.5
2024-05-26,23,0.0,72.1
2024-05-26,24,0.0,70.2
2024-05-27,1,0.0,66.0
2024-05-27,2,0.0,64.2
2024-05-27,3,0.0,63.9
2024-05-27,4,0.0,61.3
2024-05-27,5,0.0,59.0
2024-05-27,6,0.0,56.5
2024-05-27,7,0.0,55.2
2024-05-27,8,43.0,57.5
2024-05-27,9,207.0,61.0
2024-05-27,10,411.0,65.3
2024-05-27,11,611.0,70.4
2024-05-27,12,787.0,75.6
2024-05-27,13,918.0,80.1
2024-05-27,14,997.0,82.7
2024-05-27,15,1009.0,84.1
2024-05-27,16,954.0,84.9
2024-05-27,17,843.0,85.2
2024-05-27,18,692.0,85.6
2024-05-27,19,490.0,85.8
2024-05-27,20,312.0,85.2
2024-05-27,21,124.0,83.3
2024-05-27,22,8.0,80.7
2024-05-27,23,0.0,78.1
2024-05-27,24,0.0,77.2
2024-05-28,1,0.0,73.0
2024-05-28,2,0.0,68.5
2024-05-28,3,0.0,65.1
2024-05-28,4,0.0,63.8
2024-05-28,5,0.0,62.1
2024-05-28,6,0.0,60.1
2024-05-28,7,0.0,58.5
2024-05-28,8,44.0,59.8
2024-05-28,9,211.0,64.4
2024-05-28,10,416.0,68.5
2024-05-28,11,618.0,72.8
2024-05-28,12,793.0,77.1
2024-05-28,13,926.0,80.9
2024-05-28,14,1005.0,84.5
2024-05-28,15,1022.0,87.3
2024-05-28,16,973.0,88.7
2024-05-28,17,858.0,89.6
2024-05-28,18,708.0,89.1
2024-05-28,19,519.0,88.9
2024-05-28,20,322.0,88.6
2024-05-28,21,127.0,86.6
2024-05-28,22,8.0,82.8
2024-05-28,23,0.0,80.9
2024-05-28,24,0.0,76.6
2024-05-29,1,0.0,72.5
2024-05-29,2,0.0,72.3
2024-05-29,3,0.0,65.3
2024-05-29,4,0.0,63.4
2024-05-29,5,0.0,60.5
2024-05-29,6,0.0,58.9
2024-05-29,7,0.0,58.0
2024-05-29,8,43.0,60.4
2024-05-29,9,202.0,64.7
2024-05-29,10,404.0,70.1
2024-05-29,11,615.0,75.4
2024-05-29,12,788.0,79.3
2024-05-29,13,924.0,82.9
2024-05-29,14,1007.0,85.3
2024-05-29,15,1025.0,87.4
2024-05-29,16,981.0,88.3
2024-05-29,17,873.0,89.9
2024-05-29,18,706.0,90.0
2024-05-29,19,543.0,89.2
2024-05-29,20,331.0,87.5
2024-05-29,21,130.0,85.6
2024-05-29,22,9.0,79.5
2024-05-29,23,0.0,77.2
2024-05-29,24,0.0,74.9
2024-05-30,1,0.0,78.5
2024-05-30,2,0.0,71.5
2024-05-30,3,0.0,68.4
2024-05-30,4,0.0,67.5
2024-05-30,5,0.0,63.3
2024-05-30,6,0.0,62.7
2024-05-30,7,0.0,59.5
2024-05-30,8,45.0,62.2
2024-05-30,9,209.0,66.3
2024-05-30,10,412.0,70.6
2024-05-30,11,610.0,74.5
2024-05-30,12,785.0,78.1
2024-05-30,13,905.0,80.8
2024-05-30,14,979.0,83.3
2024-05-30,15,992.0,85.9
2024-05-30,16,955.0,88.1
2024-05-30,17,867.0,89.2
2024-05-30,18,698.0,88.4
2024-05-30,19,523.0,87.7
2024-05-30,20,320.0,85.7
2024-05-30,21,124.0,83.7
2024-05-30,22,9.0,80.2
2024-05-30,23,0.0,77.7
2024-05-30,24,0.0,76.1
2024-05-31,1,0.0,72.1
2024-05-31,2,0.0,68.9
2024-05-31,3,0.0,70.0
2024-05-31,4,0.0,65.2
2024-05-31,5,0.0,63.4
2024-05-31,6,0.0,61.7
2024-05-31,7,0.0,60.1
2024-05-31,8,45.0,58.9
2024-05-31,9,210.0,64.3
2024-05-31,10,414.0,69.9
2024-05-31,11,614.0,74.3
2024-05-31,12,786.0,78.9
2024-05-31,13,916.0,82.7
2024-05-31,14,956.0,84.8
2024-05-31,15,939.0,86.7
2024-05-31,16,932.0,88.1
2024-05-31,17,836.0,89.1
2024-05-31,18,674.0,89.6
2024-05-31,19,511.0,89.2
2024-05-31,20,280.0,87.6
2024-05-31,21,125.0,86.5
2024-05-31,22,9.0,85.1
2024-05-31,23,0.0,81.1
2024-05-31,24,0.0,79.3
2024-06-01,1,0.0,75.8
2024-06-01,2,0.0,73.2
2024-06-01,3,0.0,69.8
2024-06-01,4,0.0,66.7
2024-06-01,5,0.0,65.6
2024-06-01,6,0.0,63.7
2024-06-01,7,0.0,61.7
2024-06-01,8,46.0,62.8
2024-06-01,9,213.0,67.3
2024-06-01,10,419.0,71.0
2024-06-01,11,620.0,75.4
2024-06-01,12,793.0,80.0
2024-06-01,13,925.0,85.2
2024-06-01,14,1003.0,89.0
2024-06-01,15,1022.0,90.1
2024-06-01,16,981.0,91.6
2024-06-01,17,877.0,92.3
2024-06-01,18,696.0,93.0
2024-06-01,19,524.0,93.6
2024-06-01,20,326.0,90.0
2024-06-01,21,131.0,88.9
2024-06-01,22,10.0,85.6
2024-06-01,23,0.0,84.2
2024-06-01,24,0.0,80.3
2024-06-02,1,0.0,77.2
2024-06-02,2,0.0,75.7
2024-06-02,3,0.0,73.5
2024-06-02,4,0.0,69.7
2024-06-02,5,0.0,67.4
2024-06-02,6,0.0,67.3
2024-06-02,7,0.0,65.6
2024-06-02,8,49.0,64.3
2024-06-02,9,219.0,67.8
2024-06-02,10,427.0,71.8
2024-06-02,11,626.0,76.7
2024-06-02,12,801.0,81.0
2024-06-02,13,932.0,83.5
2024-06-02,14,1010.0,85.0
2024-06-02,15,1025.0,86.9
2024-06-02,16,925.0,88.9
2024-06-02,17,663.0,88.8
2024-06-02,18,726.0,89.8
2024-06-02,19,537.0,89.9
2024-06-02,20,328.0,86.5
2024-06-02,21,132.0,84.7
2024-06-02,22,10.0,81.8
2024-06-02,23,0.0,80.9
2024-06-02,24,0.0,79.4
2024-06-03,1,0.0,76.7
2024-06-03,2,0.0,70.6
2024-06-03,3,0.0,70.8
2024-06-03,4,0.0,68.8
2024-06-03,5,0.0,67.6
2024-06-03,6,0.0,64.4
2024-06-03,7,0.0,63.8
2024-06-03,8,47.0,65.9
2024-06-03,9,211.0,69.2
2024-06-03,10,415.0,73.2
2024-06-03,11,613.0,78.3
2024-06-03,12,785.0,82.3
2024-06-03,13,913.0,85.9
2024-06-03,14,986.0,88.3
2024-06-03,15,1006.0,89.9
2024-06-03,16,960.0,91.2
2024-06-03,17,858.0,92.0
2024-06-03,18,710.0,92.7
2024-06-03,19,523.0,94.1
2024-06-03,20,290.0,88.3
2024-06-03,21,95.0,88.4
2024-06-03,22,5.0,87.0
2024-06-03,23,0.0,84.7
2024-06-03,24,0.0,80.7
2024-06-04,1,0.0,76.4
2024-06-04,2,0.0,73.9
2024-06-04,3,0.0,71.8
2024-06-04,4,0.0,68.9
2024-06-04,5,0.0,69.9
2024-06-04,6,0.0,68.6
2024-06-04,7,0.0,64.6
2024-06-04,8,46.0,64.9
2024-06-04,9,199.0,68.7
2024-06-04,10,378.0,73.8
2024-06-04,11,582.0,79.1
2024-06-04,12,766.0,82.9
2024-06-04,13,896.0,85.8
2024-06-04,14,972.0,87.9
2024-06-04,15,990.0,89.0
2024-06-04,16,949.0,90.4
2024-06-04,17,850.0,91.6
2024-06-04,18,703.0,91.4
2024-06-04,19,520.0,91.0
2024-06-04,20,320.0,89.0
2024-06-04,21,129.0,87.3
2024-06-04,22,11.0,84.4
2024-06-04,23,0.0,81.7
2024-06-04,24,0.0,79.6
2024-06-05,1,0.0,77.0
2024-06-05,2,0.0,76.2
2024-06-05,3,0.0,74.8
2024-06-05,4,0.0,72.6
2024-06-05,5,0.0,69.2
2024-06-05,6,0.0,67.1
2024-06-05,7,0.0,68.2
2024-06-05,8,49.0,66.1
2024-06-05,9,216.0,69.4
2024-06-05,10,420.0,73.7
2024-06-05,11,620.0,78.2
2024-06-05,12,793.0,82.0
2024-06-05,13,923.0,85.6
2024-06-05,14,999.0,89.5
2024-06-05,15,1015.0,92.6
2024-06-05,16,969.0,94.9
2024-06-05,17,868.0,96.4
2024-06-05,18,719.0,97.2
2024-06-05,19,535.0,97.6
2024-06-05,20,331.0,96.0
2024-06-05,21,136.0,94.8
2024-06-05,22,12.0,90.1
2024-06-05,23,0.0,86.7
2024-06-05,24,0.0,82.8
2024-06-06,1,0.0,78.9
2024-06-06,2,0.0,80.3
2024-06-06,3,0.0,74.6
2024-06-06,4,0.0,70.5
2024-06-06,5,0.0,68.8
2024-06-06,6,0.0,65.9
2024-06-06,7,0.0,65.0
2024-06-06,8,49.0,65.6
2024-06-06,9,214.0,69.3
2024-06-06,10,417.0,74.8
2024-06-06,11,614.0,80.6
2024-06-06,12,784.0,87.4
2024-06-06,13,913.0,92.1
2024-06-06,14,990.0,95.2
2024-06-06,15,1007.0,97.6
2024-06-06,16,966.0,99.1
2024-06-06,17,868.0,99.9
2024-06-06,18,717.0,100.0
2024-06-06,19,533.0,99.5
2024-06-06,20,334.0,98.2
2024-06-06,21,136.0,95.6
2024-06-06,22,12.0,91.9
2024-06-06,23,0.0,88.7
2024-06-06,24,0.0,84.7
2024-06-07,1,0.0,80.5
2024-06-07,2,0.0,77.6
2024-06-07,3,0.0,74.4
2024-06-07,4,0.0,73.8
2024-06-07,5,0.0,71.2
2024-06-07,6,0.0,68.7
2024-06-07,7,0.0,66.3
2024-06-07,8,48.0,69.2
2024-06-07,9,211.0,72.7
2024-06-07,10,411.0,76.6
2024-06-07,11,607.0,81.7
2024-06-07,12,769.0,87.4
2024-06-07,13,871.0,91.6
2024-06-07,14,982.0,95.5
2024-06-07,15,1006.0,98.6
2024-06-07,16,940.0,99.8
2024-06-07,17,858.0,100.5
2024-06-07,18,710.0,100.5
2024-06-07,19,515.0,100.0
2024-06-07,20,307.0,95.9
2024-06-07,21,127.0,95.1
2024-06-07,22,10.0,91.4
2024-06-07,23,0.0,88.4
2024-06-07,24,0.0,84.0
2024-06-08,1,0.0,84.4
2024-06-08,2,0.0,81.2
2024-06-08,3,0.0,77.0
2024-06-08,4,0.0,75.0
2024-06-08,5,0.0,74.5
2024-06-08,6,0.0,71.8
2024-06-08,7,0.0,70.4
2024-06-08,8,48.0,70.2
2024-06-08,9,212.0,73.6
2024-06-08,10,415.0,77.9
2024-06-08,11,610.0,81.9
2024-06-08,12,781.0,87.3
2024-06-08,13,913.0,91.9
2024-06-08,14,992.0,94.9
2024-06-08,15,1013.0,96.2
2024-06-08,16,972.0,97.0
2024-06-08,17,873.0,97.4
2024-06-08,18,724.0,97.6
2024-06-08,19,540.0,96.9
2024-06-08,20,334.0,96.5
2024-06-08,21,134.0,93.7
2024-06-08,22,13.0,90.2
2024-06-08,23,0.0,86.1
2024-06-08,24,0.0,83.5
2024-06-09,1,0.0,83.7
2024-06-09,2,0.0,77.0
2024-06-09,3,0.0,72.7
2024-06-09,4,0.0,73.6
2024-06-09,5,0.0,71.9
2024-06-09,6,0.0,66.7
2024-06-09,7,0.0,66.3
2024-06-09,8,48.0,67.8
2024-06-09,9,205.0,72.3
2024-06-09,10,405.0,77.0
2024-06-09,11,601.0,81.9
2024-06-09,12,774.0,86.4
2024-06-09,13,905.0,90.2
2024-06-09,14,966.0,93.7
2024-06-09,15,984.0,95.5
2024-06-09,16,885.0,95.7
2024-06-09,17,861.0,96.5
2024-06-09,18,710.0,97.0
2024-06-09,19,506.0,95.9
2024-06-09,20,201.0,93.5
2024-06-09,21,88.0,91.6
2024-06-09,22,5.0,90.1
2024-06-09,23,0.0,87.1
2024-06-09,24,0.0,85.1
2024-06-10,1,0.0,82.9
2024-06-10,2,0.0,80.8
2024-06-10,3,0.0,79.7
2024-06-10,4,0.0,78.5
2024-06-10,5,0.0,77.6
2024-06-10,6,0.0,76.9
2024-06-10,7,0.0,76.0
2024-06-10,8,13.0,76.3
2024-06-10,9,120.0,78.2
2024-06-10,10,219.0,80.0
2024-06-10,11,417.0,82.0
2024-06-10,12,507.0,83.0
2024-06-10,13,545.0,84.2
2024-06-10,14,687.0,86.5
2024-06-10,15,793.0,88.8
2024-06-10,16,768.0,89.4
2024-06-10,17,635.0,89.4
2024-06-10,18,618.0,90.1
2024-06-10,19,388.0,90.1
2024-06-10,20,311.0,88.6
2024-06-10,21,126.0,87.5
2024-06-10,22,13.0,85.3
2024-06-10,23,0.0,83.2
2024-06-10,24,0.0,80.6
2024-06-11,1,0.0,82.0
2024-06-11,2,0.0,75.6
2024-06-11,3,0.0,73.8
2024-06-11,4,0.0,71.4
2024-06-11,5,0.0,70.5
2024-06-11,6,0.0,68.9
2024-06-11,7,0.0,66.8
2024-06-11,8,47.0,68.0
2024-06-11,9,206.0,71.0
2024-06-11,10,404.0,74.8
2024-06-11,11,599.0,78.9
2024-06-11,12,773.0,82.7
2024-06-11,13,898.0,85.9
2024-06-11,14,962.0,89.5
2024-06-11,15,997.0,92.3
2024-06-11,16,971.0,94.2
2024-06-11,17,855.0,95.5
2024-06-11,18,705.0,96.3
2024-06-11,19,520.0,96.2
2024-06-11,20,320.0,95.7
2024-06-11,21,137.0,93.3
2024-06-11,22,14.0,90.0
2024-06-11,23,0.0,85.3
2024-06-11,24,0.0,85.6
2024-06-12,1,0.0,80.2
2024-06-12,2,0.0,79.2
2024-06-12,3,0.0,76.5
2024-06-12,4,0.0,70.3
2024-06-12,5,0.0,67.2
2024-06-12,6,0.0,65.6
2024-06-12,7,0.0,64.0
2024-06-12,8,49.0,66.0
2024-06-12,9,213.0,71.0
2024-06-12,10,414.0,76.6
2024-06-12,11,610.0,81.2
2024-06-12,12,782.0,85.9
2024-06-12,13,912.0,90.6
2024-06-12,14,991.0,94.6
2024-06-12,15,1013.0,97.8
2024-06-12,16,971.0,99.4
2024-06-12,17,877.0,100.7
2024-06-12,18,726.0,100.9
2024-06-12,19,542.0,99.4
2024-06-12,20,339.0,98.4
2024-06-12,21,143.0,97.2
2024-06-12,22,15.0,94.3
2024-06-12,23,0.0,90.8
2024-06-12,24,0.0,85.5
2024-06-13,1,0.0,88.9
2024-06-13,2,0.0,81.0
2024-06-13,3,0.0,79.4
2024-06-13,4,0.0,77.1
2024-06-13,5,0.0,73.7
2024-06-13,6,0.0,72.9
2024-06-13,7,0.0,75.9
2024-06-13,8,49.0,71.1
2024-06-13,9,214.0,75.0
2024-06-13,10,412.0,79.9
2024-06-13,11,607.0,84.1
2024-06-13,12,777.0,89.4
2024-06-13,13,909.0,93.8
2024-06-13,14,988.0,96.6
2024-06-13,15,1000.0,98.8
2024-06-13,16,825.0,99.3
2024-06-13,17,828.0,99.6
2024-06-13,18,657.0,99.3
2024-06-13,19,128.0,93.7
2024-06-13,20,190.0,93.7
2024-06-13,21,114.0,88.9
2024-06-13,22,9.0,85.6
2024-06-13,23,0.0,82.9
2024-06-13,24,0.0,82.0
2024-06-14,1,0.0,79.6
2024-06-14,2,0.0,79.1
2024-06-14,3,0.0,71.8
2024-06-14,4,0.0,69.4
2024-06-14,5,0.0,67.8
2024-06-14,6,0.0,67.5
2024-06-14,7,0.0,68.0
2024-06-14,8,38.0,70.7
2024-06-14,9,173.0,73.0
2024-06-14,10,334.0,75.6
2024-06-14,11,595.0,79.5
2024-06-14,12,757.0,82.9
2024-06-14,13,743.0,82.5
2024-06-14,14,712.0,82.1
2024-06-14,15,938.0,84.8
2024-06-14,16,869.0,85.6
2024-06-14,17,853.0,86.9
2024-06-14,18,699.0,87.1
2024-06-14,19,516.0,87.4
2024-06-14,20,293.0,84.8
2024-06-14,21,133.0,84.5
2024-06-14,22,15.0,82.0
2024-06-14,23,0.0,80.1
2024-06-14,24,0.0,78.4
2024-06-15,1,0.0,76.4
2024-06-15,2,0.0,74.5
2024-06-15,3,0.0,72.2
2024-06-15,4,0.0,70.4
2024-06-15,5,0.0,69.0
2024-06-15,6,0.0,67.4
2024-06-15,7,0.0,66.4
2024-06-15,8,47.0,66.9
2024-06-15,9,207.0,69.0
2024-06-15,10,405.0,72.3
2024-06-15,11,600.0,77.6
2024-06-15,12,771.0,81.7
2024-06-15,13,902.0,85.0
2024-06-15,14,983.0,88.5
2024-06-15,15,1003.0,91.9
2024-06-15,16,940.0,94.8
2024-06-15,17,842.0,95.5
2024-06-15,18,721.0,95.8
2024-06-15,19,501.0,98.5
2024-06-15,20,255.0,97.1
2024-06-15,21,132.0,95.4
2024-06-15,22,14.0,93.1
2024-06-15,23,0.0,89.2
2024-06-15,24,0.0,83.8
2024-06-16,1,0.0,82.9
2024-06-16,2,0.0,80.0
2024-06-16,3,0.0,75.9
2024-06-16,4,0.0,78.7
2024-06-16,5,0.0,71.3
2024-06-16,6,0.0,69.1
2024-06-16,7,0.0,72.1
2024-06-16,8,50.0,69.2
2024-06-16,9,218.0,74.6
2024-06-16,10,423.0,79.0
2024-06-16,11,623.0,84.3
2024-06-16,12,796.0,88.3
2024-06-16,13,927.0,91.6
2024-06-16,14,1005.0,94.6
2024-06-16,15,1025.0,95.6
2024-06-16,16,983.0,96.7
2024-06-16,17,886.0,97.9
2024-06-16,18,740.0,97.9
2024-06-16,19,551.0,97.3
2024-06-16,20,347.0,95.6
2024-06-16,21,150.0,93.2
2024-06-16,22,17.0,90.4
2024-06-16,23,0.0,88.2
2024-06-16,24,0.0,85.5
2024-06-17,1,0.0,82.8
2024-06-17,2,0.0,80.3
2024-06-17,3,0.0,78.0
2024-06-17,4,0.0,75.7
2024-06-17,5,0.0,73.2
2024-06-17,6,0.0,71.2
2024-06-17,7,0.0,70.1
2024-06-17,8,49.0,71.3
2024-06-17,9,215.0,74.8
2024-06-17,10,417.0,79.6
2024-06-17,11,614.0,84.3
2024-06-17,12,786.0,86.6
2024-06-17,13,915.0,88.8
2024-06-17,14,994.0,90.9
2024-06-17,15,1016.0,92.7
2024-06-17,16,976.0,93.8
2024-06-17,17,879.0,94.4
2024-06-17,18,731.0,94.6
2024-06-17,19,548.0,94.7
2024-06-17,20,346.0,93.1
2024-06-17,21,149.0,90.7
2024-06-17,22,16.0,87.9
2024-06-17,23,0.0,85.9
2024-06-17,24,0.0,82.9
2024-06-18,1,0.0,81.1
2024-06-18,2,0.0,68.6
2024-06-18,3,0.0,67.4
2024-06-18,4,0.0,65.9
2024-06-18,5,0.0,62.9
2024-06-18,6,0.0,60.9
2024-06-18,7,0.0,59.5
2024-06-18,8,49.0,59.3
2024-06-18,9,214.0,60.9
2024-06-18,10,418.0,64.9
2024-06-18,11,616.0,68.1
2024-06-18,12,788.0,70.5
2024-06-18,13,917.0,73.1
2024-06-18,14,995.0,76.0
2024-06-18,15,1017.0,79.4
2024-06-18,16,979.0,82.8
2024-06-18,17,879.0,84.5
2024-06-18,18,730.0,84.9
2024-06-18,19,546.0,84.8
2024-06-18,20,343.0,84.0
2024-06-18,21,147.0,83.0
2024-06-18,22,17.0,80.3
2024-06-18,23,0.0,78.3
2024-06-18,24,0.0,76.0
2024-06-19,1,0.0,73.1
2024-06-19,2,0.0,71.0
2024-06-19,3,0.0,69.0
2024-06-19,4,0.0,66.7
2024-06-19,5,0.0,64.7
2024-06-19,6,0.0,62.4
2024-06-19,7,0.0,61.3
2024-06-19,8,45.0,62.2
2024-06-19,9,192.0,65.5
2024-06-19,10,377.0,69.5
2024-06-19,11,604.0,74.4
2024-06-19,12,779.0,78.9
2024-06-19,13,908.0,83.0
2024-06-19,14,985.0,87.0
2024-06-19,15,1005.0,89.0
2024-06-19,16,874.0,91.5
2024-06-19,17,689.0,93.2
2024-06-19,18,685.0,94.2
2024-06-19,19,426.0,92.5
2024-06-19,20,168.0,92.4
2024-06-19,21,121.0,88.9
2024-06-19,22,16.0,86.6
2024-06-19,23,0.0,84.5
2024-06-19,24,0.0,85.6
2024-06-20,1,0.0,78.8
2024-06-20,2,0.0,75.9
2024-06-20,3,0.0,75.0
2024-06-20,4,0.0,71.1
2024-06-20,5,0.0,71.4
2024-06-20,6,0.0,71.3
2024-06-20,7,0.0,70.5
2024-06-20,8,46.0,71.3
2024-06-20,9,202.0,75.2
2024-06-20,10,394.0,78.5
2024-06-20,11,585.0,82.0
2024-06-20,12,740.0,85.7
2024-06-20,13,617.0,81.0
2024-06-20,14,755.0,82.0
2024-06-20,15,477.0,76.7
2024-06-20,16,536.0,77.0
2024-06-20,17,706.0,83.4
2024-06-20,18,516.0,81.1
2024-06-20,19,240.0,76.9
2024-06-20,20,236.0,76.6
2024-06-20,21,127.0,76.6
2024-06-20,22,14.0,74.9
2024-06-20,23,0.0,74.4
2024-06-20,24,0.0,71.1
2024-06-21,1,0.0,68.2
2024-06-21,2,0.0,68.7
2024-06-21,3,0.0,66.4
2024-06-21,4,0.0,66.7
2024-06-21,5,0.0,66.7
2024-06-21,6,0.0,66.7
2024-06-21,7,0.0,65.8
2024-06-21,8,16.0,64.4
2024-06-21,9,69.0,65.3
2024-06-21,10,334.0,69.3
2024-06-21,11,500.0,71.3
2024-06-21,12,662.0,72.8
2024-06-21,13,832.0,75.6
2024-06-21,14,907.0,75.3
2024-06-21,15,811.0,75.8
2024-06-21,16,711.0,76.6
2024-06-21,17,602.0,75.9
2024-06-21,18,523.0,77.4
2024-06-21,19,469.0,77.8
2024-06-21,20,309.0,75.7
2024-06-21,21,105.0,74.4
2024-06-21,22,15.0,73.1
2024-06-21,23,0.0,72.1
2024-06-21,24,0.0,71.4
2024-06-22,1,0.0,70.2
2024-06-22,2,0.0,69.5
2024-06-22,3,0.0,68.1
2024-06-22,4,0.0,66.7
2024-06-22,5,0.0,66.7
2024-06-22,6,0.0,65.7
2024-06-22,7,0.0,65.0
2024-06-22,8,43.0,64.9
2024-06-22,9,187.0,67.6
2024-06-22,10,378.0,71.1
2024-06-22,11,558.0,74.9
2024-06-22,12,723.0,78.4
2024-06-22,13,859.0,81.0
2024-06-22,14,947.0,82.9
2024-06-22,15,970.0,85.1
2024-06-22,16,926.0,86.4
2024-06-22,17,837.0,87.8
2024-06-22,18,622.0,88.5
2024-06-22,19,495.0,88.8
2024-06-22,20,291.0,86.2
2024-06-22,21,112.0,85.6
2024-06-22,22,14.0,81.5
2024-06-22,23,0.0,78.1
2024-06-22,24,0.0,75.2
2024-06-23,1,0.0,73.5
2024-06-23,2,0.0,71.4
2024-06-23,3,0.0,69.8
2024-06-23,4,0.0,67.5
2024-06-23,5,0.0,67.1
2024-06-23,6,0.0,65.0
2024-06-23,7,0.0,63.7
2024-06-23,8,43.0,64.9
2024-06-23,9,194.0,68.2
2024-06-23,10,372.0,71.7
2024-06-23,11,570.0,75.9
2024-06-23,12,744.0,80.2
2024-06-23,13,875.0,84.4
2024-06-23,14,949.0,87.4
2024-06-23,15,915.0,90.6
2024-06-23,16,855.0,90.0
2024-06-23,17,794.0,90.6
2024-06-23,18,646.0,90.9
2024-06-23,19,520.0,91.5
2024-06-23,20,328.0,91.0
2024-06-23,21,140.0,90.1
2024-06-23,22,17.0,86.1
2024-06-23,23,0.0,82.6
2024-06-23,24,0.0,79.3
2024-06-24,1,0.0,77.3
2024-06-24,2,0.0,75.8
2024-06-24,3,0.0,73.7
2024-06-24,4,0.0,71.7
2024-06-24,5,0.0,73.2
2024-06-24,6,0.0,69.8
2024-06-24,7,0.0,68.8
2024-06-24,8,42.0,71.1
2024-06-24,9,194.0,73.9
2024-06-24,10,385.0,76.7
2024-06-24,11,576.0,80.7
2024-06-24,12,743.0,85.5
2024-06-24,13,873.0,88.8
2024-06-24,14,947.0,91.6
2024-06-24,15,959.0,93.7
2024-06-24,16,916.0,95.3
2024-06-24,17,810.0,95.9
2024-06-24,18,669.0,95.9
2024-06-24,19,441.0,96.5
2024-06-24,20,272.0,95.7
2024-06-24,21,129.0,95.9
2024-06-24,22,16.0,92.9
2024-06-24,23,0.0,90.7
2024-06-24,24,0.0,88.4
2024-06-25,1,0.0,84.7
2024-06-25,2,0.0,81.8
2024-06-25,3,0.0,78.9
2024-06-25,4,0.0,77.3
2024-06-25,5,0.0,74.3
2024-06-25,6,0.0,72.8
2024-06-25,7,0.0,70.3
2024-06-25,8,42.0,71.6
2024-06-25,9,195.0,74.6
2024-06-25,10,390.0,77.9
2024-06-25,11,583.0,81.8
2024-06-25,12,750.0,86.5
2024-06-25,13,880.0,91.0
2024-06-25,14,950.0,94.2
2024-06-25,15,980.0,97.3
2024-06-25,16,911.0,98.2
2024-06-25,17,838.0,99.3
2024-06-25,18,700.0,100.4
2024-06-25,19,432.0,99.6
2024-06-25,20,324.0,99.1
2024-06-25,21,116.0,98.6
2024-06-25,22,12.0,96.5
2024-06-25,23,0.0,94.3
2024-06-25,24,0.0,90.5
2024-06-26,1,0.0,89.5
2024-06-26,2,0.0,88.5
2024-06-26,3,0.0,86.9
2024-06-26,4,0.0,85.8
2024-06-26,5,0.0,84.7
2024-06-26,6,0.0,83.7
2024-06-26,7,0.0,81.9
2024-06-26,8,13.0,81.6
2024-06-26,9,85.0,82.5
2024-06-26,10,184.0,82.4
2024-06-26,11,250.0,81.3
2024-06-26,12,363.0,81.5
2024-06-26,13,544.0,85.4
2024-06-26,14,779.0,88.1
2024-06-26,15,805.0,90.8
2024-06-26,16,823.0,91.9
2024-06-26,17,765.0,93.0
2024-06-26,18,611.0,93.7
2024-06-26,19,403.0,94.2
2024-06-26,20,313.0,95.0
2024-06-26,21,134.0,93.8
2024-06-26,22,16.0,91.5
2024-06-26,23,0.0,90.6
2024-06-26,24,0.0,88.3
2024-06-27,1,0.0,85.9
2024-06-27,2,0.0,82.9
2024-06-27,3,0.0,83.1
2024-06-27,4,0.0,79.8
2024-06-27,5,0.0,77.5
2024-06-27,6,0.0,75.1
2024-06-27,7,0.0,73.9
2024-06-27,8,40.0,72.4
2024-06-27,9,192.0,75.3
2024-06-27,10,385.0,78.5
2024-06-27,11,575.0,82.5
2024-06-27,12,741.0,85.9
2024-06-27,13,801.0,88.8
2024-06-27,14,898.0,91.2
2024-06-27,15,816.0,93.4
2024-06-27,16,744.0,90.9
2024-06-27,17,599.0,89.3
2024-06-27,18,348.0,86.1
2024-06-27,19,410.0,87.9
2024-06-27,20,207.0,77.8
2024-06-27,21,130.0,77.0
2024-06-27,22,16.0,76.4
2024-06-27,23,0.0,76.5
2024-06-27,24,0.0,75.6
2024-06-28,1,0.0,74.5
2024-06-28,2,0.0,73.3
2024-06-28,3,0.0,72.0
2024-06-28,4,0.0,70.9
2024-06-28,5,0.0,70.0
2024-06-28,6,0.0,69.0
2024-06-28,7,0.0,68.0
2024-06-28,8,40.0,67.7
2024-06-28,9,193.0,70.3
2024-06-28,10,386.0,73.6
2024-06-28,11,578.0,77.6
2024-06-28,12,747.0,81.3
2024-06-28,13,879.0,84.8
2024-06-28,14,959.0,88.7
2024-06-28,15,893.0,91.0
2024-06-28,16,915.0,92.8
2024-06-28,17,840.0,94.5
2024-06-28,18,623.0,93.7
2024-06-28,19,479.0,94.2
2024-06-28,20,334.0,91.7
2024-06-28,21,147.0,91.1
2024-06-28,22,18.0,88.6
2024-06-28,23,0.0,85.8
2024-06-28,24,0.0,82.9
2024-06-29,1,0.0,80.2
2024-06-29,2,0.0,80.2
2024-06-29,3,0.0,77.4
2024-06-29,4,0.0,76.6
2024-06-29,5,0.0,76.2
2024-06-29,6,0.0,71.9
2024-06-29,7,0.0,71.0
2024-06-29,8,36.0,71.5
2024-06-29,9,184.0,74.6
2024-06-29,10,362.0,78.0
2024-06-29,11,548.0,81.5
2024-06-29,12,706.0,85.0
2024-06-29,13,859.0,88.7
2024-06-29,14,955.0,91.2
2024-06-29,15,951.0,93.7
2024-06-29,16,896.0,95.2
2024-06-29,17,766.0,96.9
2024-06-29,18,574.0,96.4
2024-06-29,19,309.0,97.9
2024-06-29,20,114.0,94.6
2024-06-29,21,80.0,95.1
2024-06-29,22,13.0,92.6
2024-06-29,23,0.0,87.1
2024-06-29,24,0.0,83.9
2024-06-30,1,0.0,81.3
2024-06-30,2,0.0,77.6
2024-06-30,3,0.0,75.9
2024-06-30,4,0.0,76.1
2024-06-30,5,0.0,75.4
2024-06-30,6,0.0,74.0
2024-06-30,7,0.0,73.0
2024-06-30,8,30.0,73.2
2024-06-30,9,144.0,75.1
2024-06-30,10,355.0,79.5
2024-06-30,11,548.0,83.0
2024-06-30,12,725.0,85.8
2024-06-30,13,858.0,88.8
2024-06-30,14,910.0,91.5
2024-06-30,15,928.0,94.1
2024-06-30,16,830.0,95.6
2024-06-30,17,781.0,96.7
2024-06-30,18,625.0,97.4
2024-06-30,19,412.0,97.7
2024-06-30,20,321.0,95.5
2024-06-30,21,104.0,94.8
2024-06-30,22,8.0,92.4
2024-06-30,23,0.0,89.3
2024-06-30,24,0.0,82.9
2024-07-01,1,0.0,80.2
2024-07-01,2,0.0,79.3
2024-07-01,3,0.0,78.0
2024-07-01,4,0.0,75.3
2024-07-01,5,0.0,74.4
2024-07-01,6,0.0,74.8
2024-07-01,7,0.0,74.1
2024-07-01,8,35.0,74.1
2024-07-01,9,141.0,76.9
2024-07-01,10,216.0,80.3
2024-07-01,11,560.0,84.2
2024-07-01,12,700.0,86.7
2024-07-01,13,723.0,87.6
2024-07-01,14,811.0,90.1
2024-07-01,15,905.0,91.8
2024-07-01,16,863.0,92.1
2024-07-01,17,830.0,93.4
2024-07-01,18,696.0,94.2
2024-07-01,19,516.0,93.9
2024-07-01,20,324.0,92.0
2024-07-01,21,118.0,91.0
2024-07-01,22,15.0,87.3
2024-07-01,23,0.0,84.7
2024-07-01,24,0.0,82.9
2024-07-02,1,0.0,81.5
2024-07-02,2,0.0,80.3
2024-07-02,3,0.0,77.4
2024-07-02,4,0.0,75.7
2024-07-02,5,0.0,73.0
2024-07-02,6,0.0,73.3
2024-07-02,7,0.0,68.6
2024-07-02,8,38.0,70.5
2024-07-02,9,191.0,72.5
2024-07-02,10,388.0,75.3
2024-07-02,11,581.0,78.9
2024-07-02,12,750.0,82.0
2024-07-02,13,873.0,84.6
2024-07-02,14,862.0,86.4
2024-07-02,15,969.0,88.3
2024-07-02,16,922.0,90.6
2024-07-02,17,856.0,93.7
2024-07-02,18,724.0,95.2
2024-07-02,19,550.0,95.4
2024-07-02,20,350.0,95.0
2024-07-02,21,153.0,92.4
2024-07-02,22,18.0,89.3
2024-07-02,23,0.0,86.0
2024-07-02,24,0.0,83.7
2024-07-03,1,0.0,79.9
2024-07-03,2,0.0,76.7
2024-07-03,3,0.0,74.1
2024-07-03,4,0.0,73.0
2024-07-03,5,0.0,71.1
2024-07-03,6,0.0,69.2
2024-07-03,7,0.0,66.7
2024-07-03,8,38.0,68.8
2024-07-03,9,191.0,72.4
2024-07-03,10,387.0,76.3
2024-07-03,11,582.0,80.1
2024-07-03,12,755.0,83.1
2024-07-03,13,884.0,86.5
2024-07-03,14,954.0,90.2
2024-07-03,15,949.0,93.2
2024-07-03,16,962.0,97.2
2024-07-03,17,878.0,97.6
2024-07-03,18,737.0,97.7
2024-07-03,19,553.0,98.3
2024-07-03,20,325.0,94.8
2024-07-03,21,150.0,95.5
2024-07-03,22,18.0,93.1
2024-07-03,23,0.0,88.3
2024-07-03,24,0.0,88.0
2024-07-04,1,0.0,83.8
2024-07-04,2,0.0,79.5
2024-07-04,3,0.0,76.4
2024-07-04,4,0.0,73.9
2024-07-04,5,0.0,72.4
2024-07-04,6,0.0,69.9
2024-07-04,7,0.0,68.1
2024-07-04,8,39.0,68.9
2024-07-04,9,201.0,73.0
2024-07-04,10,406.0,77.9
2024-07-04,11,608.0,81.9
2024-07-04,12,785.0,85.8
2024-07-04,13,919.0,88.4
2024-07-04,14,1002.0,91.9
2024-07-04,15,1025.0,95.8
2024-07-04,16,992.0,98.1
2024-07-04,17,899.0,98.9
2024-07-04,18,753.0,97.7
2024-07-04,19,569.0,96.8
2024-07-04,20,360.0,96.0
2024-07-04,21,158.0,93.2
2024-07-04,22,19.0,89.6
2024-07-04,23,0.0,85.6
2024-07-04,24,0.0,82.4
2024-07-05,1,0.0,79.9
2024-07-05,2,0.0,78.1
2024-07-05,3,0.0,75.7
2024-07-05,4,0.0,72.3
2024-07-05,5,0.0,70.6
2024-07-05,6,0.0,68.1
2024-07-05,7,0.0,65.4
2024-07-05,8,40.0,66.7
2024-07-05,9,204.0,71.7
2024-07-05,10,410.0,76.6
2024-07-05,11,613.0,80.9
2024-07-05,12,791.0,84.6
2024-07-05,13,927.0,87.4
2024-07-05,14,1011.0,90.2
2024-07-05,15,1034.0,92.8
2024-07-05,16,996.0,94.3
2024-07-05,17,899.0,95.5
2024-07-05,18,751.0,96.3
2024-07-05,19,566.0,96.7
2024-07-05,20,362.0,94.8
2024-07-05,21,160.0,91.9
2024-07-05,22,19.0,88.3
2024-07-05,23,0.0,85.5
2024-07-05,24,0.0,82.0
2024-07-06,1,0.0,78.0
2024-07-06,2,0.0,74.0
2024-07-06,3,0.0,70.5
2024-07-06,4,0.0,68.6
2024-07-06,5,0.0,65.9
2024-07-06,6,0.0,64.1
2024-07-06,7,0.0,62.0
2024-07-06,8,38.0,63.6
2024-07-06,9,198.0,67.4
2024-07-06,10,401.0,72.0
2024-07-06,11,603.0,77.0
2024-07-06,12,780.0,82.6
2024-07-06,13,916.0,88.2
2024-07-06,14,1000.0,93.2
2024-07-06,15,1026.0,96.4
2024-07-06,16,991.0,97.4
2024-07-06,17,898.0,97.8
2024-07-06,18,753.0,97.5
2024-07-06,19,566.0,96.9
2024-07-06,20,356.0,96.4
2024-07-06,21,156.0,94.6
2024-07-06,22,18.0,90.9
2024-07-06,23,0.0,87.2
2024-07-06,24,0.0,81.3
2024-07-07,1,0.0,79.3
2024-07-07,2,0.0,77.2
2024-07-07,3,0.0,73.8
2024-07-07,4,0.0,70.2
2024-07-07,5,0.0,73.4
2024-07-07,6,0.0,66.8
2024-07-07,7,0.0,64.1
2024-07-07,8,37.0,65.2
2024-07-07,9,197.0,69.4
2024-07-07,10,402.0,73.8
2024-07-07,11,604.0,77.6
2024-07-07,12,780.0,83.4
2024-07-07,13,915.0,89.8
2024-07-07,14,997.0,97.3
2024-07-07,15,1020.0,99.2
2024-07-07,16,982.0,100.2
2024-07-07,17,888.0,101.8
2024-07-07,18,740.0,99.4
2024-07-07,19,558.0,99.4
2024-07-07,20,355.0,98.0
2024-07-07,21,156.0,94.6
2024-07-07,22,18.0,90.1
2024-07-07,23,0.0,87.7
2024-07-07,24,0.0,85.7
2024-07-08,1,0.0,83.4
2024-07-08,2,0.0,80.8
2024-07-08,3,0.0,77.6
2024-07-08,4,0.0,75.4
2024-07-08,5,0.0,71.8
2024-07-08,6,0.0,69.4
2024-07-08,7,0.0,71.6
2024-07-08,8,36.0,70.2
2024-07-08,9,194.0,71.3
2024-07-08,10,397.0,75.4
2024-07-08,11,598.0,81.2
2024-07-08,12,773.0,85.0
2024-07-08,13,908.0,88.8
2024-07-08,14,991.0,91.1
2024-07-08,15,1014.0,93.1
2024-07-08,16,963.0,94.4
2024-07-08,17,860.0,95.2
2024-07-08,18,699.0,96.1
2024-07-08,19,546.0,96.6
2024-07-08,20,348.0,95.2
2024-07-08,21,151.0,94.4
2024-07-08,22,17.0,90.1
2024-07-08,23,0.0,87.2
2024-07-08,24,0.0,83.2
2024-07-09,1,0.0,79.7
2024-07-09,2,0.0,76.9
2024-07-09,3,0.0,73.9
2024-07-09,4,0.0,71.3
2024-07-09,5,0.0,69.9
2024-07-09,6,0.0,68.4
2024-07-09,7,0.0,66.9
2024-07-09,8,34.0,68.6
2024-07-09,9,187.0,73.2
2024-07-09,10,386.0,76.6
2024-07-09,11,583.0,81.3
2024-07-09,12,756.0,84.9
2024-07-09,13,892.0,88.0
2024-07-09,14,968.0,90.7
2024-07-09,15,973.0,93.1
2024-07-09,16,913.0,94.9
2024-07-09,17,840.0,95.4
2024-07-09,18,697.0,96.4
2024-07-09,19,533.0,97.7
2024-07-09,20,351.0,99.0
2024-07-09,21,155.0,96.7
2024-07-09,22,17.0,91.9
2024-07-09,23,0.0,90.1
2024-07-09,24,0.0,85.9
2024-07-10,1,0.0,82.0
2024-07-10,2,0.0,79.2
2024-07-10,3,0.0,77.5
2024-07-10,4,0.0,74.2
2024-07-10,5,0.0,72.5
2024-07-10,6,0.0,71.5
2024-07-10,7,0.0,70.6
2024-07-10,8,33.0,71.5
2024-07-10,9,186.0,74.9
2024-07-10,10,384.0,78.5
2024-07-10,11,582.0,83.0
2024-07-10,12,756.0,87.4
2024-07-10,13,890.0,90.5
2024-07-10,14,969.0,93.2
2024-07-10,15,973.0,96.1
2024-07-10,16,904.0,97.6
2024-07-10,17,807.0,98.0
2024-07-10,18,657.0,100.6
2024-07-10,19,508.0,101.2
2024-07-10,20,340.0,99.4
2024-07-10,21,140.0,97.5
2024-07-10,22,16.0,93.9
2024-07-10,23,0.0,90.2
2024-07-10,24,0.0,86.4
2024-07-11,1,0.0,83.1
2024-07-11,2,0.0,81.0
2024-07-11,3,0.0,78.6
2024-07-11,4,0.0,77.7
2024-07-11,5,0.0,76.4
2024-07-11,6,0.0,74.2
2024-07-11,7,0.0,71.7
2024-07-11,8,31.0,73.0
2024-07-11,9,183.0,76.6
2024-07-11,10,380.0,80.1
2024-07-11,11,576.0,85.1
2024-07-11,12,752.0,89.3
2024-07-11,13,885.0,91.7
2024-07-11,14,969.0,93.9
2024-07-11,15,990.0,96.7
2024-07-11,16,945.0,99.1
2024-07-11,17,859.0,102.1
2024-07-11,18,706.0,102.7
2024-07-11,19,508.0,102.9
2024-07-11,20,336.0,101.3
2024-07-11,21,140.0,100.4
2024-07-11,22,16.0,95.2
2024-07-11,23,0.0,93.3
2024-07-11,24,0.0,87.5
2024-07-12,1,0.0,84.8
2024-07-12,2,0.0,81.2
2024-07-12,3,0.0,78.6
2024-07-12,4,0.0,76.2
2024-07-12,5,0.0,74.8
2024-07-12,6,0.0,72.5
2024-07-12,7,0.0,72.2
2024-07-12,8,31.0,73.2
2024-07-12,9,180.0,77.1
2024-07-12,10,376.0,81.1
2024-07-12,11,573.0,86.4
2024-07-12,12,746.0,90.3
2024-07-12,13,881.0,93.7
2024-07-12,14,970.0,96.6
2024-07-12,15,1000.0,98.6
2024-07-12,16,744.0,98.8
2024-07-12,17,699.0,99.9
2024-07-12,18,535.0,99.5
2024-07-12,19,513.0,101.2
2024-07-12,20,334.0,100.4
2024-07-12,21,147.0,99.6
2024-07-12,22,15.0,98.6
2024-07-12,23,0.0,93.3
2024-07-12,24,0.0,90.5
2024-07-13,1,0.0,87.7
2024-07-13,2,0.0,85.4
2024-07-13,3,0.0,86.1
2024-07-13,4,0.0,80.0
2024-07-13,5,0.0,77.7
2024-07-13,6,0.0,74.8
2024-07-13,7,0.0,73.9
2024-07-13,8,26.0,74.1
2024-07-13,9,162.0,78.0
2024-07-13,10,370.0,81.2
2024-07-13,11,566.0,85.4
2024-07-13,12,740.0,89.7
2024-07-13,13,876.0,93.2
2024-07-13,14,958.0,95.6
2024-07-13,15,955.0,97.5
2024-07-13,16,896.0,100.1
2024-07-13,17,834.0,100.9
2024-07-13,18,722.0,100.0
2024-07-13,19,546.0,99.6
2024-07-13,20,326.0,100.5
2024-07-13,21,127.0,99.9
2024-07-13,22,11.0,97.9
2024-07-13,23,0.0,94.9
2024-07-13,24,0.0,93.3
2024-07-14,1,0.0,90.9
2024-07-14,2,0.0,87.4
2024-07-14,3,0.0,84.0
2024-07-14,4,0.0,82.0
2024-07-14,5,0.0,79.7
2024-07-14,6,0.0,77.6
2024-07-14,7,0.0,75.8
2024-07-14,8,28.0,74.7
2024-07-14,9,173.0,78.5
2024-07-14,10,369.0,82.5
2024-07-14,11,565.0,86.8
2024-07-14,12,737.0,91.3
2024-07-14,13,874.0,94.6
2024-07-14,14,954.0,97.1
2024-07-14,15,956.0,99.2
2024-07-14,16,920.0,100.1
2024-07-14,17,856.0,100.6
2024-07-14,18,712.0,101.0
2024-07-14,19,535.0,100.9
2024-07-14,20,301.0,100.5
2024-07-14,21,114.0,99.5
2024-07-14,22,12.0,96.0
2024-07-14,23,0.0,93.9
2024-07-14,24,0.0,90.9
2024-07-15,1,0.0,88.3
2024-07-15,2,0.0,85.3
2024-07-15,3,0.0,82.0
2024-07-15,4,0.0,79.8
2024-07-15,5,0.0,78.4
2024-07-15,6,0.0,76.6
2024-07-15,7,0.0,76.8
2024-07-15,8,27.0,75.7
2024-07-15,9,170.0,78.6
2024-07-15,10,367.0,82.3
2024-07-15,11,562.0,85.6
2024-07-15,12,734.0,88.4
2024-07-15,13,867.0,91.1
2024-07-15,14,949.0,94.1
2024-07-15,15,975.0,96.0
2024-07-15,16,932.0,97.8
2024-07-15,17,837.0,99.5
2024-07-15,18,679.0,100.4
2024-07-15,19,514.0,100.8
2024-07-15,20,322.0,98.4
2024-07-15,21,122.0,97.0
2024-07-15,22,12.0,94.6
2024-07-15,23,0.0,92.0
2024-07-15,24,0.0,90.8
2024-07-16,1,0.0,89.0
2024-07-16,2,0.0,87.0
2024-07-16,3,0.0,82.9
2024-07-16,4,0.0,80.2
2024-07-16,5,0.0,78.3
2024-07-16,6,0.0,80.1
2024-07-16,7,0.0,76.6
2024-07-16,8,25.0,74.3
2024-07-16,9,159.0,76.7
2024-07-16,10,346.0,81.5
2024-07-16,11,559.0,85.8
2024-07-16,12,732.0,89.6
2024-07-16,13,870.0,92.1
2024-07-16,14,940.0,95.4
2024-07-16,15,919.0,96.9
2024-07-16,16,877.0,98.5
2024-07-16,17,772.0,99.8
2024-07-16,18,598.0,98.4
2024-07-16,19,497.0,98.4
2024-07-16,20,272.0,94.1
2024-07-16,21,135.0,93.5
2024-07-16,22,13.0,90.5
2024-07-16,23,0.0,89.8
2024-07-16,24,0.0,87.3
2024-07-17,1,0.0,84.2
2024-07-17,2,0.0,81.6
2024-07-17,3,0.0,79.3
2024-07-17,4,0.0,76.8
2024-07-17,5,0.0,74.4
2024-07-17,6,0.0,73.5
2024-07-17,7,0.0,72.6
2024-07-17,8,25.0,71.2
2024-07-17,9,168.0,75.2
2024-07-17,10,363.0,79.7
2024-07-17,11,559.0,84.2
2024-07-17,12,732.0,88.0
2024-07-17,13,865.0,91.2
2024-07-17,14,948.0,93.8
2024-07-17,15,979.0,95.7
2024-07-17,16,966.0,97.5
2024-07-17,17,867.0,98.2
2024-07-17,18,718.0,98.2
2024-07-17,19,462.0,97.0
2024-07-17,20,329.0,96.1
2024-07-17,21,121.0,94.2
2024-07-17,22,13.0,91.5
2024-07-17,23,0.0,88.7
2024-07-17,24,0.0,85.9
2024-07-18,1,0.0,82.7
2024-07-18,2,0.0,82.6
2024-07-18,3,0.0,82.3
2024-07-18,4,0.0,80.4
2024-07-18,5,0.0,78.9
2024-07-18,6,0.0,76.9
2024-07-18,7,0.0,76.0
2024-07-18,8,18.0,76.0
2024-07-18,9,115.0,77.6
2024-07-18,10,278.0,80.4
2024-07-18,11,476.0,84.6
2024-07-18,12,659.0,87.5
2024-07-18,13,819.0,90.2
2024-07-18,14,929.0,93.4
2024-07-18,15,949.0,95.3
2024-07-18,16,716.0,92.5
2024-07-18,17,586.0,93.7
2024-07-18,18,507.0,94.6
2024-07-18,19,459.0,94.7
2024-07-18,20,317.0,93.4
2024-07-18,21,127.0,91.9
2024-07-18,22,11.0,89.3
2024-07-18,23,0.0,87.6
2024-07-18,24,0.0,86.5
2024-07-19,1,0.0,83.8
2024-07-19,2,0.0,81.1
2024-07-19,3,0.0,80.0
2024-07-19,4,0.0,78.4
2024-07-19,5,0.0,76.9
2024-07-19,6,0.0,75.0
2024-07-19,7,0.0,73.1
2024-07-19,8,23.0,72.1
2024-07-19,9,161.0,75.7
2024-07-19,10,355.0,79.4
2024-07-19,11,548.0,83.5
2024-07-19,12,720.0,86.2
2024-07-19,13,853.0,89.2
2024-07-19,14,938.0,92.1
2024-07-19,15,956.0,94.5
2024-07-19,16,889.0,97.6
2024-07-19,17,687.0,95.5
2024-07-19,18,577.0,96.3
2024-07-19,19,488.0,97.7
2024-07-19,20,287.0,97.2
2024-07-19,21,118.0,95.8
2024-07-19,22,11.0,94.0
2024-07-19,23,0.0,91.2
2024-07-19,24,0.0,88.7
2024-07-20,1,0.0,84.8
2024-07-20,2,0.0,84.0
2024-07-20,3,0.0,81.4
2024-07-20,4,0.0,80.0
2024-07-20,5,0.0,78.4
2024-07-20,6,0.0,77.2
2024-07-20,7,0.0,75.5
2024-07-20,8,21.0,76.0
2024-07-20,9,154.0,78.9
2024-07-20,10,350.0,82.0
2024-07-20,11,545.0,85.4
2024-07-20,12,711.0,88.4
2024-07-20,13,807.0,90.1
2024-07-20,14,801.0,91.6
2024-07-20,15,765.0,92.6
2024-07-20,16,794.0,91.7
2024-07-20,17,687.0,92.4
2024-07-20,18,631.0,93.2
2024-07-20,19,498.0,93.7
2024-07-20,20,299.0,94.6
2024-07-20,21,123.0,92.8
2024-07-20,22,10.0,91.1
2024-07-20,23,0.0,89.5
2024-07-20,24,0.0,85.2
2024-07-21,1,0.0,84.7
2024-07-21,2,0.0,83.2
2024-07-21,3,0.0,80.4
2024-07-21,4,0.0,78.4
2024-07-21,5,0.0,77.0
2024-07-21,6,0.0,75.8
2024-07-21,7,0.0,74.7
2024-07-21,8,21.0,73.9
2024-07-21,9,156.0,76.4
2024-07-21,10,341.0,78.7
2024-07-21,11,540.0,81.7
2024-07-21,12,715.0,84.9
2024-07-21,13,846.0,87.8
2024-07-21,14,908.0,89.3
2024-07-21,15,920.0,91.2
2024-07-21,16,747.0,91.8
2024-07-21,17,663.0,91.9
2024-07-21,18,672.0,92.9
2024-07-21,19,496.0,93.1
2024-07-21,20,320.0,91.8
2024-07-21,21,132.0,90.4
2024-07-21,22,11.0,87.5
2024-07-21,23,0.0,84.7
2024-07-21,24,0.0,82.6
2024-07-22,1,0.0,81.0
2024-07-22,2,0.0,78.2
2024-07-22,3,0.0,73.9
2024-07-22,4,0.0,72.2
2024-07-22,5,0.0,73.7
2024-07-22,6,0.0,72.4
2024-07-22,7,0.0,70.8
2024-07-22,8,20.0,69.5
2024-07-22,9,153.0,71.5
2024-07-22,10,350.0,74.8
2024-07-22,11,548.0,78.1
2024-07-22,12,724.0,80.9
2024-07-22,13,841.0,83.4
2024-07-22,14,902.0,86.2
2024-07-22,15,909.0,89.4
2024-07-22,16,823.0,90.7
2024-07-22,17,765.0,91.7
2024-07-22,18,660.0,92.2
2024-07-22,19,486.0,91.9
2024-07-22,20,320.0,95.4
2024-07-22,21,134.0,93.9
2024-07-22,22,11.0,90.7
2024-07-22,23,0.0,87.5
2024-07-22,24,0.0,83.4
2024-07-23,1,0.0,79.5
2024-07-23,2,0.0,77.6
2024-07-23,3,0.0,77.7
2024-07-23,4,0.0,76.6
2024-07-23,5,0.0,74.4
2024-07-23,6,0.0,73.2
2024-07-23,7,0.0,72.1
2024-07-23,8,20.0,72.0
2024-07-23,9,159.0,74.5
2024-07-23,10,356.0,77.9
2024-07-23,11,554.0,81.8
2024-07-23,12,729.0,85.0
2024-07-23,13,868.0,87.5
2024-07-23,14,918.0,89.7
2024-07-23,15,951.0,92.7
2024-07-23,16,890.0,94.3
2024-07-23,17,792.0,94.9
2024-07-23,18,653.0,95.8
2024-07-23,19,467.0,96.0
2024-07-23,20,316.0,97.5
2024-07-23,21,126.0,96.5
2024-07-23,22,9.0,92.3
2024-07-23,23,0.0,89.4
2024-07-23,24,0.0,86.6
2024-07-24,1,0.0,83.8
2024-07-24,2,0.0,80.3
2024-07-24,3,0.0,78.0
2024-07-24,4,0.0,75.7
2024-07-24,5,0.0,73.9
2024-07-24,6,0.0,72.1
2024-07-24,7,0.0,70.6
2024-07-24,8,20.0,73.5
2024-07-24,9,157.0,77.0
2024-07-24,10,352.0,80.6
2024-07-24,11,549.0,85.0
2024-07-24,12,725.0,88.5
2024-07-24,13,863.0,91.2
2024-07-24,14,952.0,93.6
2024-07-24,15,971.0,96.3
2024-07-24,16,891.0,97.3
2024-07-24,17,837.0,97.9
2024-07-24,18,674.0,98.6
2024-07-24,19,458.0,98.6
2024-07-24,20,272.0,98.6
2024-07-24,21,129.0,96.7
2024-07-24,22,9.0,94.4
2024-07-24,23,0.0,91.7
2024-07-24,24,0.0,88.3
2024-07-25,1,0.0,86.2
2024-07-25,2,0.0,85.6
2024-07-25,3,0.0,82.4
2024-07-25,4,0.0,80.0
2024-07-25,5,0.0,78.6
2024-07-25,6,0.0,76.9
2024-07-25,7,0.0,75.3
2024-07-25,8,18.0,75.8
2024-07-25,9,151.0,78.8
2024-07-25,10,344.0,82.7
2024-07-25,11,541.0,86.5
2024-07-25,12,713.0,89.3
2024-07-25,13,844.0,92.0
2024-07-25,14,930.0,94.6
2024-07-25,15,939.0,97.0
2024-07-25,16,744.0,95.2
2024-07-25,17,790.0,97.5
2024-07-25,18,672.0,100.0
2024-07-25,19,475.0,99.1
2024-07-25,20,256.0,92.8
2024-07-25,21,103.0,91.7
2024-07-25,22,6.0,91.5
2024-07-25,23,0.0,89.8
2024-07-25,24,0.0,87.5
2024-07-26,1,0.0,85.3
2024-07-26,2,0.0,84.2
2024-07-26,3,0.0,81.9
2024-07-26,4,0.0,80.2
2024-07-26,5,0.0,78.9
2024-07-26,6,0.0,77.5
2024-07-26,7,0.0,76.5
2024-07-26,8,17.0,70.6
2024-07-26,9,149.0,72.4
2024-07-26,10,341.0,74.8
2024-07-26,11,537.0,78.3
2024-07-26,12,712.0,81.9
2024-07-26,13,847.0,85.1
2024-07-26,14,931.0,88.5
2024-07-26,15,960.0,91.4
2024-07-26,16,921.0,94.1
2024-07-26,17,817.0,97.2
2024-07-26,18,594.0,98.2
2024-07-26,19,473.0,98.2
2024-07-26,20,315.0,98.0
2024-07-26,21,119.0,96.7
2024-07-26,22,7.0,93.6
2024-07-26,23,0.0,91.2
2024-07-26,24,0.0,89.2
2024-07-27,1,0.0,86.4
2024-07-27,2,0.0,83.8
2024-07-27,3,0.0,81.0
2024-07-27,4,0.0,81.1
2024-07-27,5,0.0,77.3
2024-07-27,6,0.0,76.8
2024-07-27,7,0.0,73.7
2024-07-27,8,16.0,75.4
2024-07-27,9,128.0,77.7
2024-07-27,10,309.0,80.6
2024-07-27,11,485.0,84.0
2024-07-27,12,699.0,87.5
2024-07-27,13,858.0,91.8
2024-07-27,14,864.0,93.5
2024-07-27,15,893.0,96.2
2024-07-27,16,872.0,98.2
2024-07-27,17,760.0,97.6
2024-07-27,18,620.0,98.2
2024-07-27,19,506.0,98.4
2024-07-27,20,313.0,97.5
2024-07-27,21,118.0,97.2
2024-07-27,22,8.0,92.1
2024-07-27,23,0.0,89.8
2024-07-27,24,0.0,86.7
2024-07-28,1,0.0,84.1
2024-07-28,2,0.0,81.1
2024-07-28,3,0.0,77.1
2024-07-28,4,0.0,73.9
2024-07-28,5,0.0,77.0
2024-07-28,6,0.0,75.8
2024-07-28,7,0.0,70.1
2024-07-28,8,17.0,70.3
2024-07-28,9,156.0,72.6
2024-07-28,10,358.0,78.2
2024-07-28,11,560.0,82.4
2024-07-28,12,737.0,86.9
2024-07-28,13,874.0,91.3
2024-07-28,14,962.0,94.4
2024-07-28,15,990.0,95.6
2024-07-28,16,953.0,97.3
2024-07-28,17,859.0,98.0
2024-07-28,18,714.0,97.7
2024-07-28,19,527.0,97.1
2024-07-28,20,320.0,96.5
2024-07-28,21,125.0,95.0
2024-07-28,22,8.0,89.9
2024-07-28,23,0.0,85.6
2024-07-28,24,0.0,84.5
2024-07-29,1,0.0,81.9
2024-07-29,2,0.0,83.4
2024-07-29,3,0.0,79.9
2024-07-29,4,0.0,77.5
2024-07-29,5,0.0,71.8
2024-07-29,6,0.0,67.0
2024-07-29,7,0.0,65.2
2024-07-29,8,16.0,64.5
2024-07-29,9,153.0,68.2
2024-07-29,10,350.0,73.9
2024-07-29,11,558.0,79.3
2024-07-29,12,738.0,84.7
2024-07-29,13,876.0,88.4
2024-07-29,14,959.0,90.9
2024-07-29,15,986.0,93.0
2024-07-29,16,953.0,94.1
2024-07-29,17,863.0,95.3
2024-07-29,18,719.0,96.2
2024-07-29,19,534.0,96.4
2024-07-29,20,326.0,95.3
2024-07-29,21,125.0,93.6
2024-07-29,22,7.0,90.7
2024-07-29,23,0.0,89.2
2024-07-29,24,0.0,86.7
2024-07-30,1,0.0,81.9
2024-07-30,2,0.0,80.6
2024-07-30,3,0.0,73.8
2024-07-30,4,0.0,71.5
2024-07-30,5,0.0,68.6
2024-07-30,6,0.0,67.7
2024-07-30,7,0.0,68.9
2024-07-30,8,16.0,65.3
2024-07-30,9,153.0,69.7
2024-07-30,10,349.0,74.0
2024-07-30,11,552.0,78.6
2024-07-30,12,731.0,84.7
2024-07-30,13,871.0,90.1
2024-07-30,14,958.0,93.3
2024-07-30,15,987.0,95.2
2024-07-30,16,957.0,96.2
2024-07-30,17,863.0,96.6
2024-07-30,18,716.0,96.3
2024-07-30,19,531.0,96.3
2024-07-30,20,319.0,96.0
2024-07-30,21,120.0,93.1
2024-07-30,22,6.0,89.6
2024-07-30,23,0.0,87.0
2024-07-30,24,0.0,84.0
2024-07-31,1,0.0,83.3
2024-07-31,2,0.0,83.3
2024-07-31,3,0.0,77.5
2024-07-31,4,0.0,78.6
2024-07-31,5,0.0,76.9
2024-07-31,6,0.0,70.4
2024-07-31,7,0.0,67.9
2024-07-31,8,15.0,66.9
2024-07-31,9,148.0,70.5
2024-07-31,10,343.0,75.9
2024-07-31,11,547.0,80.4
2024-07-31,12,732.0,85.2
2024-07-31,13,872.0,89.6
2024-07-31,14,957.0,94.0
2024-07-31,15,984.0,97.0
2024-07-31,16,947.0,98.6
2024-07-31,17,850.0,99.4
2024-07-31,18,704.0,99.1
2024-07-31,19,519.0,98.5
2024-07-31,20,312.0,98.3
2024-07-31,21,117.0,96.6
2024-07-31,22,6.0,92.5
2024-07-31,23,0.0,90.0
2024-07-31,24,0.0,86.8
2024-08-01,1,0.0,83.7
2024-08-01,2,0.0,80.3
2024-08-01,3,0.0,78.7
2024-08-01,4,0.0,76.4
2024-08-01,5,0.0,77.5
2024-08-01,6,0.0,76.9
2024-08-01,7,0.0,73.0
2024-08-01,8,14.0,70.2
2024-08-01,9,147.0,73.8
2024-08-01,10,347.0,79.0
2024-08-01,11,549.0,83.8
2024-08-01,12,721.0,88.2
2024-08-01,13,867.0,92.4
2024-08-01,14,940.0,97.0
2024-08-01,15,964.0,100.1
2024-08-01,16,873.0,100.9
2024-08-01,17,766.0,101.6
2024-08-01,18,465.0,100.8
2024-08-01,19,429.0,100.9
2024-08-01,20,292.0,102.4
2024-08-01,21,104.0,100.8
2024-08-01,22,4.0,97.3
2024-08-01,23,0.0,96.3
2024-08-01,24,0.0,87.3
2024-08-02,1,0.0,87.4
2024-08-02,2,0.0,85.7
2024-08-02,3,0.0,83.8
2024-08-02,4,0.0,82.3
2024-08-02,5,0.0,81.1
2024-08-02,6,0.0,79.9
2024-08-02,7,0.0,78.9
2024-08-02,8,12.0,77.5
2024-08-02,9,121.0,79.4
2024-08-02,10,281.0,82.5
2024-08-02,11,507.0,85.7
2024-08-02,12,697.0,88.7
2024-08-02,13,828.0,91.6
2024-08-02,14,917.0,93.7
2024-08-02,15,950.0,96.0
2024-08-02,16,895.0,97.4
2024-08-02,17,732.0,97.0
2024-08-02,18,645.0,97.7
2024-08-02,19,493.0,96.7
2024-08-02,20,244.0,95.6
2024-08-02,21,72.0,91.8
2024-08-02,22,4.0,90.6
2024-08-02,23,0.0,88.8
2024-08-02,24,0.0,87.2
2024-08-03,1,0.0,86.0
2024-08-03,2,0.0,84.7
2024-08-03,3,0.0,84.9
2024-08-03,4,0.0,84.4
2024-08-03,5,0.0,82.8
2024-08-03,6,0.0,80.4
2024-08-03,7,0.0,76.6
2024-08-03,8,11.0,77.5
2024-08-03,9,120.0,80.2
2024-08-03,10,321.0,83.2
2024-08-03,11,519.0,86.3
2024-08-03,12,694.0,89.1
2024-08-03,13,826.0,92.0
2024-08-03,14,881.0,93.6
2024-08-03,15,916.0,95.4
2024-08-03,16,737.0,95.9
2024-08-03,17,513.0,91.0
2024-08-03,18,407.0,88.7
2024-08-03,19,389.0,90.1
2024-08-03,20,256.0,95.2
2024-08-03,21,81.0,93.1
2024-08-03,22,4.0,91.0
2024-08-03,23,0.0,89.2
2024-08-03,24,0.0,87.0
2024-08-04,1,0.0,84.5
2024-08-04,2,0.0,82.8
2024-08-04,3,0.0,80.2
2024-08-04,4,0.0,79.1
2024-08-04,5,0.0,79.2
2024-08-04,6,0.0,77.3
2024-08-04,7,0.0,74.5
2024-08-04,8,9.0,75.7
2024-08-04,9,95.0,78.1
2024-08-04,10,227.0,80.1
2024-08-04,11,438.0,83.3
2024-08-04,12,622.0,86.4
2024-08-04,13,803.0,90.0
2024-08-04,14,913.0,93.0
2024-08-04,15,905.0,94.9
2024-08-04,16,803.0,95.6
2024-08-04,17,657.0,94.8
2024-08-04,18,553.0,94.9
2024-08-04,19,404.0,94.7
2024-08-04,20,288.0,96.6
2024-08-04,21,98.0,95.0
2024-08-04,22,3.0,92.8
2024-08-04,23,0.0,90.9
2024-08-04,24,0.0,88.8
2024-08-05,1,0.0,86.6
2024-08-05,2,0.0,85.6
2024-08-05,3,0.0,81.0
2024-08-05,4,0.0,79.4
2024-08-05,5,0.0,76.6
2024-08-05,6,0.0,74.8
2024-08-05,7,0.0,73.2
2024-08-05,8,10.0,73.0
2024-08-05,9,132.0,76.2
2024-08-05,10,326.0,80.2
2024-08-05,11,524.0,83.8
2024-08-05,12,699.0,88.4
2024-08-05,13,836.0,92.8
2024-08-05,14,922.0,96.0
2024-08-05,15,952.0,99.1
2024-08-05,16,927.0,101.7
2024-08-05,17,712.0,93.9
2024-08-05,18,412.0,95.5
2024-08-05,19,379.0,97.9
2024-08-05,20,259.0,97.3
2024-08-05,21,90.0,96.3
2024-08-05,22,3.0,93.4
2024-08-05,23,0.0,89.9
2024-08-05,24,0.0,88.3
2024-08-06,1,0.0,85.1
2024-08-06,2,0.0,82.6
2024-08-06,3,0.0,81.2
2024-08-06,4,0.0,79.6
2024-08-06,5,0.0,78.1
2024-08-06,6,0.0,76.6
2024-08-06,7,0.0,75.1
2024-08-06,8,10.0,74.3
2024-08-06,9,129.0,78.0
2024-08-06,10,319.0,82.0
2024-08-06,11,512.0,86.4
2024-08-06,12,693.0,90.4
2024-08-06,13,832.0,93.3
2024-08-06,14,918.0,96.0
2024-08-06,15,903.0,96.7
2024-08-06,16,769.0,98.5
2024-08-06,17,655.0,98.0
2024-08-06,18,588.0,96.7
2024-08-06,19,377.0,96.5
2024-08-06,20,233.0,94.4
2024-08-06,21,66.0,93.9
2024-08-06,22,2.0,93.4
2024-08-06,23,0.0,89.9
2024-08-06,24,0.0,88.5
2024-08-07,1,0.0,86.4
2024-08-07,2,0.0,84.7
2024-08-07,3,0.0,83.0
2024-08-07,4,0.0,81.8
2024-08-07,5,0.0,80.5
2024-08-07,6,0.0,77.3
2024-08-07,7,0.0,76.7
2024-08-07,8,9.0,73.9
2024-08-07,9,122.0,75.7
2024-08-07,10,304.0,78.2
2024-08-07,11,500.0,81.2
2024-08-07,12,682.0,85.1
2024-08-07,13,823.0,88.9
2024-08-07,14,911.0,91.3
2024-08-07,15,920.0,92.8
2024-08-07,16,872.0,95.3
2024-08-07,17,803.0,96.8
2024-08-07,18,620.0,97.3
2024-08-07,19,408.0,87.4
2024-08-07,20,154.0,91.3
2024-08-07,21,73.0,88.3
2024-08-07,22,2.0,86.3
2024-08-07,23,0.0,85.1
2024-08-07,24,0.0,82.9
2024-08-08,1,0.0,81.0
2024-08-08,2,0.0,77.3
2024-08-08,3,0.0,75.1
2024-08-08,4,0.0,73.2
2024-08-08,5,0.0,72.1
2024-08-08,6,0.0,70.2
2024-08-08,7,0.0,68.3
2024-08-08,8,6.0,72.1
2024-08-08,9,73.0,74.2
2024-08-08,10,222.0,76.7
2024-08-08,11,422.0,79.8
2024-08-08,12,627.0,83.3
2024-08-08,13,777.0,86.8
2024-08-08,14,875.0,90.1
2024-08-08,15,907.0,92.7
2024-08-08,16,890.0,95.2
2024-08-08,17,782.0,95.9
2024-08-08,18,663.0,95.9
2024-08-08,19,486.0,95.6
2024-08-08,20,260.0,93.7
2024-08-08,21,55.0,86.5
2024-08-08,22,1.0,84.9
2024-08-08,23,0.0,81.3
2024-08-08,24,0.0,75.2
2024-08-09,1,0.0,72.0
2024-08-09,2,0.0,71.6
2024-08-09,3,0.0,72.4
2024-08-09,4,0.0,72.5
2024-08-09,5,0.0,72.2
2024-08-09,6,0.0,71.2
2024-08-09,7,0.0,70.4
2024-08-09,8,5.0,71.9
2024-08-09,9,71.0,72.9
2024-08-09,10,156.0,74.0
2024-08-09,11,489.0,77.4
2024-08-09,12,681.0,79.4
2024-08-09,13,587.0,81.8
2024-08-09,14,802.0,85.1
2024-08-09,15,895.0,87.2
2024-08-09,16,836.0,88.6
2024-08-09,17,787.0,90.4
2024-08-09,18,635.0,90.9
2024-08-09,19,456.0,90.6
2024-08-09,20,232.0,85.8
2024-08-09,21,80.0,84.3
2024-08-09,22,1.0,83.2
2024-08-09,23,0.0,82.9
2024-08-09,24,0.0,79.7
2024-08-10,1,0.0,77.7
2024-08-10,2,0.0,72.8
2024-08-10,3,0.0,72.4
2024-08-10,4,0.0,70.7
2024-08-10,5,0.0,69.7
2024-08-10,6,0.0,69.4
2024-08-10,7,0.0,69.3
2024-08-10,8,4.0,68.5
2024-08-10,9,96.0,69.4
2024-08-10,10,301.0,71.6
2024-08-10,11,498.0,75.0
2024-08-10,12,682.0,79.3
2024-08-10,13,819.0,82.5
2024-08-10,14,902.0,84.7
2024-08-10,15,928.0,86.1
2024-08-10,16,872.0,87.7
2024-08-10,17,784.0,87.8
2024-08-10,18,391.0,86.2
2024-08-10,19,440.0,86.5
2024-08-10,20,244.0,87.9
2024-08-10,21,75.0,85.3
2024-08-10,22,1.0,81.6
2024-08-10,23,0.0,78.4
2024-08-10,24,0.0,75.7
2024-08-11,1,0.0,74.9
2024-08-11,2,0.0,73.4
2024-08-11,3,0.0,72.3
2024-08-11,4,0.0,71.4
2024-08-11,5,0.0,69.3
2024-08-11,6,0.0,68.3
2024-08-11,7,0.0,67.2
2024-08-11,8,5.0,67.5
2024-08-11,9,51.0,68.9
2024-08-11,10,189.0,71.0
2024-08-11,11,329.0,73.6
2024-08-11,12,657.0,77.9
2024-08-11,13,832.0,81.1
2024-08-11,14,910.0,84.1
2024-08-11,15,935.0,86.7
2024-08-11,16,899.0,89.0
2024-08-11,17,804.0,89.4
2024-08-11,18,554.0,88.8
2024-08-11,19,299.0,85.8
2024-08-11,20,258.0,90.1
2024-08-11,21,69.0,84.4
2024-08-11,22,1.0,82.9
2024-08-11,23,0.0,81.7
2024-08-11,24,0.0,80.5
2024-08-12,1,0.0,77.6
2024-08-12,2,0.0,75.0
2024-08-12,3,0.0,74.4
2024-08-12,4,0.0,73.7
2024-08-12,5,0.0,72.2
2024-08-12,6,0.0,71.1
2024-08-12,7,0.0,70.3
2024-08-12,8,5.0,68.1
2024-08-12,9,93.0,69.2
2024-08-12,10,247.0,71.4
2024-08-12,11,412.0,74.3
2024-08-12,12,591.0,77.7
2024-08-12,13,819.0,81.3
2024-08-12,14,889.0,84.7
2024-08-12,15,936.0,87.4
2024-08-12,16,870.0,89.2
2024-08-12,17,790.0,90.3
2024-08-12,18,655.0,91.3
2024-08-12,19,472.0,91.3
2024-08-12,20,215.0,87.2
2024-08-12,21,68.0,86.7
2024-08-12,22,1.0,84.7
2024-08-12,23,0.0,83.2
2024-08-12,24,0.0,81.7
2024-08-13,1,0.0,80.1
2024-08-13,2,0.0,77.4
2024-08-13,3,0.0,75.1
2024-08-13,4,0.0,71.2
2024-08-13,5,0.0,69.5
2024-08-13,6,0.0,68.8
2024-08-13,7,0.0,69.2
2024-08-13,8,5.0,69.0
2024-08-13,9,84.0,70.3
2024-08-13,10,288.0,73.0
2024-08-13,11,476.0,75.1
2024-08-13,12,671.0,77.9
2024-08-13,13,772.0,80.7
2024-08-13,14,860.0,84.0
2024-08-13,15,912.0,87.0
2024-08-13,16,898.0,88.6
2024-08-13,17,681.0,87.8
2024-08-13,18,506.0,85.0
2024-08-13,19,400.0,84.5
2024-08-13,20,245.0,85.6
2024-08-13,21,74.0,84.1
2024-08-13,22,1.0,82.0
2024-08-13,23,0.0,80.4
2024-08-13,24,0.0,77.0
2024-08-14,1,0.0,75.0
2024-08-14,2,0.0,73.6
2024-08-14,3,0.0,71.6
2024-08-14,4,0.0,70.3
2024-08-14,5,0.0,69.0
2024-08-14,6,0.0,69.0
2024-08-14,7,0.0,70.6
2024-08-14,8,5.0,64.9
2024-08-14,9,116.0,67.8
2024-08-14,10,312.0,71.2
2024-08-14,11,515.0,75.1
2024-08-14,12,694.0,78.6
2024-08-14,13,835.0,82.0
2024-08-14,14,903.0,85.4
2024-08-14,15,795.0,87.6
2024-08-14,16,782.0,89.1
2024-08-14,17,798.0,91.2
2024-08-14,18,662.0,91.8
2024-08-14,19,477.0,91.4
2024-08-14,20,272.0,90.1
2024-08-14,21,80.0,87.9
2024-08-14,22,0.0,84.7
2024-08-14,23,0.0,82.9
2024-08-14,24,0.0,83.3
2024-08-15,1,0.0,77.7
2024-08-15,2,0.0,73.9
2024-08-15,3,0.0,71.8
2024-08-15,4,0.0,70.6
2024-08-15,5,0.0,69.7
2024-08-15,6,0.0,66.6
2024-08-15,7,0.0,65.3
2024-08-15,8,5.0,66.5
2024-08-15,9,117.0,69.6
2024-08-15,10,316.0,73.4
2024-08-15,11,519.0,77.5
2024-08-15,12,697.0,81.6
2024-08-15,13,834.0,85.3
2024-08-15,14,922.0,89.3
2024-08-15,15,945.0,92.8
2024-08-15,16,906.0,93.2
2024-08-15,17,810.0,96.6
2024-08-15,18,669.0,95.7
2024-08-15,19,482.0,95.4
2024-08-15,20,272.0,94.0
2024-08-15,21,77.0,91.1
2024-08-15,22,0.0,89.2
2024-08-15,23,0.0,87.7
2024-08-15,24,0.0,84.2
2024-08-16,1,0.0,79.9
2024-08-16,2,0.0,76.3
2024-08-16,3,0.0,73.9
2024-08-16,4,0.0,72.5
2024-08-16,5,0.0,74.0
2024-08-16,6,0.0,69.5
2024-08-16,7,0.0,67.1
2024-08-16,8,5.0,66.7
2024-08-16,9,117.0,69.6
2024-08-16,10,319.0,74.7
2024-08-16,11,525.0,78.9
2024-08-16,12,709.0,84.3
2024-08-16,13,850.0,89.1
2024-08-16,14,938.0,92.5
2024-08-16,15,965.0,94.4
2024-08-16,16,927.0,94.7
2024-08-16,17,825.0,95.0
2024-08-16,18,670.0,95.2
2024-08-16,19,475.0,95.3
2024-08-16,20,246.0,98.5
2024-08-16,21,74.0,94.7
2024-08-16,22,0.0,91.6
2024-08-16,23,0.0,86.9
2024-08-16,24,0.0,84.2
2024-08-17,1,0.0,81.8
2024-08-17,2,0.0,79.4
2024-08-17,3,0.0,77.0
2024-08-17,4,0.0,74.8
2024-08-17,5,0.0,73.5
2024-08-17,6,0.0,71.4
2024-08-17,7,0.0,69.7
2024-08-17,8,4.0,71.3
2024-08-17,9,95.0,74.3
2024-08-17,10,265.0,78.9
2024-08-17,11,403.0,82.6
2024-08-17,12,577.0,86.5
2024-08-17,13,655.0,89.2
2024-08-17,14,874.0,92.5
2024-08-17,15,789.0,93.4
2024-08-17,16,845.0,96.0
2024-08-17,17,733.0,97.7
2024-08-17,18,399.0,95.6
2024-08-17,19,317.0,93.1
2024-08-17,20,235.0,91.3
2024-08-17,21,40.0,89.4
2024-08-17,22,0.0,84.2
2024-08-17,23,0.0,82.0
2024-08-17,24,0.0,82.0
2024-08-18,1,0.0,78.4
2024-08-18,2,0.0,76.6
2024-08-18,3,0.0,75.2
2024-08-18,4,0.0,74.1
2024-08-18,5,0.0,73.1
2024-08-18,6,0.0,72.6
2024-08-18,7,0.0,71.7
2024-08-18,8,3.0,70.3
2024-08-18,9,98.0,72.7
2024-08-18,10,273.0,74.8
2024-08-18,11,366.0,77.1
2024-08-18,12,442.0,79.1
2024-08-18,13,352.0,78.6
2024-08-18,14,552.0,80.3
2024-08-18,15,751.0,84.0
2024-08-18,16,848.0,85.9
2024-08-18,17,674.0,87.0
2024-08-18,18,529.0,88.2
2024-08-18,19,397.0,87.4
2024-08-18,20,223.0,84.5
2024-08-18,21,47.0,82.0
2024-08-18,22,0.0,81.0
2024-08-18,23,0.0,80.3
2024-08-18,24,0.0,79.3
2024-08-19,1,0.0,78.8
2024-08-19,2,0.0,76.7
2024-08-19,3,0.0,75.6
2024-08-19,4,0.0,76.1
2024-08-19,5,0.0,73.0
2024-08-19,6,0.0,73.3
2024-08-19,7,0.0,71.3
2024-08-19,8,3.0,70.1
2024-08-19,9,100.0,72.6
2024-08-19,10,211.0,75.3
2024-08-19,11,283.0,77.1
2024-08-19,12,448.0,79.7
2024-08-19,13,717.0,83.7
2024-08-19,14,859.0,87.2
2024-08-19,15,896.0,90.0
2024-08-19,16,888.0,91.8
2024-08-19,17,778.0,93.4
2024-08-19,18,596.0,93.9
2024-08-19,19,430.0,93.3
2024-08-19,20,240.0,93.8
2024-08-19,21,61.0,92.8
2024-08-19,22,0.0,90.2
2024-08-19,23,0.0,86.9
2024-08-19,24,0.0,88.3
2024-08-20,1,0.0,85.1
2024-08-20,2,0.0,79.4
2024-08-20,3,0.0,77.6
2024-08-20,4,0.0,75.1
2024-08-20,5,0.0,74.7
2024-08-20,6,0.0,72.2
2024-08-20,7,0.0,70.2
2024-08-20,8,3.0,70.3
2024-08-20,9,104.0,73.5
2024-08-20,10,296.0,77.4
2024-08-20,11,497.0,80.9
2024-08-20,12,674.0,85.3
2024-08-20,13,815.0,89.0
2024-08-20,14,901.0,92.4
2024-08-20,15,916.0,94.9
2024-08-20,16,874.0,96.4
2024-08-20,17,770.0,97.3
2024-08-20,18,617.0,98.2
2024-08-20,19,435.0,97.3
2024-08-20,20,244.0,97.4
2024-08-20,21,54.0,95.5
2024-08-20,22,0.0,92.8
2024-08-20,23,0.0,91.2
2024-08-20,24,0.0,88.8
2024-08-21,1,0.0,85.5
2024-08-21,2,0.0,83.4
2024-08-21,3,0.0,81.8
2024-08-21,4,0.0,81.1
2024-08-21,5,0.0,77.3
2024-08-21,6,0.0,74.8
2024-08-21,7,0.0,74.3
2024-08-21,8,3.0,72.6
2024-08-21,9,101.0,74.9
2024-08-21,10,293.0,78.0
2024-08-21,11,476.0,81.9
2024-08-21,12,651.0,85.3
2024-08-21,13,781.0,88.1
2024-08-21,14,838.0,91.2
2024-08-21,15,764.0,92.6
2024-08-21,16,761.0,92.9
2024-08-21,17,532.0,92.0
2024-08-21,18,507.0,91.9
2024-08-21,19,375.0,91.0
2024-08-21,20,36.0,86.7
2024-08-21,21,10.0,83.3
2024-08-21,22,0.0,80.6
2024-08-21,23,0.0,78.4
2024-08-21,24,0.0,76.8
2024-08-22,1,0.0,76.7
2024-08-22,2,0.0,76.6
2024-08-22,3,0.0,75.2
2024-08-22,4,0.0,73.2
2024-08-22,5,0.0,71.7
2024-08-22,6,0.0,70.8
2024-08-22,7,0.0,70.7
2024-08-22,8,2.0,71.4
2024-08-22,9,63.0,72.8
2024-08-22,10,208.0,73.0
2024-08-22,11,352.0,75.2
2024-08-22,12,464.0,77.0
2024-08-22,13,746.0,80.0
2024-08-22,14,861.0,82.6
2024-08-22,15,900.0,85.3
2024-08-22,16,833.0,87.8
2024-08-22,17,731.0,89.2
2024-08-22,18,547.0,89.3
2024-08-22,19,348.0,88.3
2024-08-22,20,170.0,83.9
2024-08-22,21,42.0,83.8
2024-08-22,22,0.0,75.6
2024-08-22,23,0.0,74.4
2024-08-22,24,0.0,72.1
2024-08-23,1,0.0,71.2
2024-08-23,2,0.0,70.5
2024-08-23,3,0.0,69.8
2024-08-23,4,0.0,69.4
2024-08-23,5,0.0,69.4
2024-08-23,6,0.0,69.2
2024-08-23,7,0.0,68.4
2024-08-23,8,1.0,68.7
2024-08-23,9,76.0,70.3
2024-08-23,10,257.0,72.4
2024-08-23,11,401.0,74.2
2024-08-23,12,604.0,76.6
2024-08-23,13,677.0,75.7
2024-08-23,14,659.0,77.1
2024-08-23,15,613.0,72.5
2024-08-23,16,653.0,78.9
2024-08-23,17,700.0,79.0
2024-08-23,18,547.0,80.2
2024-08-23,19,263.0,70.8
2024-08-23,20,131.0,74.7
2024-08-23,21,47.0,74.0
2024-08-23,22,0.0,73.1
2024-08-23,23,0.0,73.0
2024-08-23,24,0.0,71.5
2024-08-24,1,0.0,70.7
2024-08-24,2,0.0,70.1
2024-08-24,3,0.0,69.0
2024-08-24,4,0.0,68.5
2024-08-24,5,0.0,67.6
2024-08-24,6,0.0,65.6
2024-08-24,7,0.0,65.0
2024-08-24,8,2.0,65.7
2024-08-24,9,98.0,67.7
2024-08-24,10,290.0,69.8
2024-08-24,11,501.0,73.8
2024-08-24,12,680.0,78.0
2024-08-24,13,794.0,81.7
2024-08-24,14,840.0,86.5
2024-08-24,15,808.0,86.2
2024-08-24,16,847.0,87.6
2024-08-24,17,748.0,87.6
2024-08-24,18,613.0,86.7
2024-08-24,19,419.0,85.6
2024-08-24,20,216.0,84.6
2024-08-24,21,45.0,81.1
2024-08-24,22,0.0,77.7
2024-08-24,23,0.0,73.9
2024-08-24,24,0.0,71.9
2024-08-25,1,0.0,70.7
2024-08-25,2,0.0,69.7
2024-08-25,3,0.0,68.0
2024-08-25,4,0.0,66.4
2024-08-25,5,0.0,64.8
2024-08-25,6,0.0,63.3
2024-08-25,7,0.0,63.1
2024-08-25,8,1.0,63.2
2024-08-25,9,71.0,64.9
2024-08-25,10,288.0,68.5
2024-08-25,11,486.0,73.0
2024-08-25,12,638.0,77.7
2024-08-25,13,732.0,78.8
2024-08-25,14,646.0,78.3
2024-08-25,15,698.0,82.0
2024-08-25,16,831.0,79.4
2024-08-25,17,634.0,81.7
2024-08-25,18,491.0,82.9
2024-08-25,19,239.0,82.1
2024-08-25,20,200.0,82.3
2024-08-25,21,38.0,76.1
2024-08-25,22,0.0,72.1
2024-08-25,23,0.0,71.6
2024-08-25,24,0.0,71.1
2024-08-26,1,0.0,70.3
2024-08-26,2,0.0,69.3
2024-08-26,3,0.0,65.9
2024-08-26,4,0.0,64.1
2024-08-26,5,0.0,62.7
2024-08-26,6,0.0,61.3
2024-08-26,7,0.0,59.5
2024-08-26,8,1.0,59.5
2024-08-26,9,93.0,63.2
2024-08-26,10,287.0,67.1
2024-08-26,11,493.0,72.1
2024-08-26,12,674.0,76.7
2024-08-26,13,814.0,79.4
2024-08-26,14,902.0,81.9
2024-08-26,15,913.0,83.8
2024-08-26,16,877.0,85.4
2024-08-26,17,774.0,86.7
2024-08-26,18,617.0,87.3
2024-08-26,19,429.0,86.7
2024-08-26,20,220.0,86.1
2024-08-26,21,43.0,82.0
2024-08-26,22,0.0,79.2
2024-08-26,23,0.0,74.5
2024-08-26,24,0.0,70.5
2024-08-27,1,0.0,67.2
2024-08-27,2,0.0,65.5
2024-08-27,3,0.0,63.7
2024-08-27,4,0.0,62.3
2024-08-27,5,0.0,61.2
2024-08-27,6,0.0,59.3
2024-08-27,7,0.0,58.6
2024-08-27,8,1.0,57.2
2024-08-27,9,91.0,60.4
2024-08-27,10,286.0,67.5
2024-08-27,11,491.0,72.2
2024-08-27,12,672.0,77.2
2024-08-27,13,810.0,81.1
2024-08-27,14,894.0,84.2
2024-08-27,15,918.0,86.9
2024-08-27,16,849.0,88.7
2024-08-27,17,765.0,89.5
2024-08-27,18,603.0,89.8
2024-08-27,19,427.0,89.9
2024-08-27,20,218.0,89.5
2024-08-27,21,41.0,85.5
2024-08-27,22,0.0,81.6
2024-08-27,23,0.0,78.8
2024-08-27,24,0.0,74.9
2024-08-28,1,0.0,72.1
2024-08-28,2,0.0,69.5
2024-08-28,3,0.0,67.0
2024-08-28,4,0.0,65.6
2024-08-28,5,0.0,63.8
2024-08-28,6,0.0,63.1
2024-08-28,7,0.0,63.1
2024-08-28,8,1.0,63.6
2024-08-28,9,70.0,66.7
2024-08-28,10,270.0,70.5
2024-08-28,11,485.0,75.9
2024-08-28,12,669.0,81.2
2024-08-28,13,780.0,83.8
2024-08-28,14,879.0,85.9
2024-08-28,15,898.0,88.0
2024-08-28,16,795.0,89.7
2024-08-28,17,679.0,90.5
2024-08-28,18,517.0,90.8
2024-08-28,19,339.0,90.9
2024-08-28,20,159.0,90.1
2024-08-28,21,22.0,87.9
2024-08-28,22,0.0,83.3
2024-08-28,23,0.0,80.7
2024-08-28,24,0.0,78.8
2024-08-29,1,0.0,77.5
2024-08-29,2,0.0,75.7
2024-08-29,3,0.0,72.9
2024-08-29,4,0.0,71.1
2024-08-29,5,0.0,68.7
2024-08-29,6,0.0,66.3
2024-08-29,7,0.0,64.7
2024-08-29,8,1.0,63.1
2024-08-29,9,86.0,65.5
2024-08-29,10,280.0,69.3
2024-08-29,11,486.0,72.8
2024-08-29,12,668.0,76.3
2024-08-29,13,807.0,79.3
2024-08-29,14,892.0,82.7
2024-08-29,15,914.0,85.6
2024-08-29,16,869.0,88.9
2024-08-29,17,726.0,91.7
2024-08-29,18,587.0,92.8
2024-08-29,19,422.0,92.5
2024-08-29,20,141.0,89.9
2024-08-29,21,30.0,87.4
2024-08-29,22,0.0,84.2
2024-08-29,23,0.0,81.2
2024-08-29,24,0.0,77.4
2024-08-30,1,0.0,73.5
2024-08-30,2,0.0,70.4
2024-08-30,3,0.0,68.5
2024-08-30,4,0.0,67.1
2024-08-30,5,0.0,64.7
2024-08-30,6,0.0,62.7
2024-08-30,7,0.0,62.0
2024-08-30,8,1.0,61.1
2024-08-30,9,86.0,63.0
2024-08-30,10,281.0,70.2
2024-08-30,11,486.0,74.2
2024-08-30,12,666.0,78.4
2024-08-30,13,804.0,82.9
2024-08-30,14,888.0,86.2
2024-08-30,15,909.0,88.8
2024-08-30,16,787.0,89.8
2024-08-30,17,716.0,90.5
2024-08-30,18,586.0,90.4
2024-08-30,19,419.0,90.3
2024-08-30,20,202.0,89.0
2024-08-30,21,34.0,84.8
2024-08-30,22,0.0,84.1
2024-08-30,23,0.0,82.9
2024-08-30,24,0.0,80.4
2024-08-31,1,0.0,74.8
2024-08-31,2,0.0,70.7
2024-08-31,3,0.0,68.8
2024-08-31,4,0.0,66.9
2024-08-31,5,0.0,65.3
2024-08-31,6,0.0,66.7
2024-08-31,7,0.0,63.7
2024-08-31,8,1.0,60.8
2024-08-31,9,83.0,64.0
2024-08-31,10,277.0,69.2
2024-08-31,11,482.0,74.0
2024-08-31,12,663.0,78.8
2024-08-31,13,800.0,82.1
2024-08-31,14,884.0,84.7
2024-08-31,15,907.0,87.2
2024-08-31,16,877.0,89.2
2024-08-31,17,752.0,90.4
2024-08-31,18,602.0,91.0
2024-08-31,19,405.0,91.0
2024-08-31,20,190.0,90.1
2024-08-31,21,27.0,88.3
2024-08-31,22,0.0,86.0
2024-08-31,23,0.0,83.1
2024-08-31,24,0.0,81.0
2024-09-01,1,0.0,78.1
2024-09-01,2,0.0,74.6
2024-09-01,3,0.0,71.3
2024-09-01,4,0.0,68.6
2024-09-01,5,0.0,67.1
2024-09-01,6,0.0,65.1
2024-09-01,7,0.0,63.7
2024-09-01,8,0.0,63.1
2024-09-01,9,79.0,65.9
2024-09-01,10,261.0,70.4
2024-09-01,11,470.0,75.4
2024-09-01,12,653.0,80.5
2024-09-01,13,791.0,84.9
2024-09-01,14,875.0,88.7
2024-09-01,15,869.0,90.4
2024-09-01,16,852.0,91.6
2024-09-01,17,743.0,92.0
2024-09-01,18,583.0,92.1
2024-09-01,19,406.0,90.3
2024-09-01,20,199.0,88.7
2024-09-01,21,29.0,84.3
2024-09-01,22,0.0,83.3
2024-09-01,23,0.0,79.9
2024-09-01,24,0.0,77.0
2024-09-02,1,0.0,73.8
2024-09-02,2,0.0,71.0
2024-09-02,3,0.0,68.7
2024-09-02,4,0.0,67.5
2024-09-02,5,0.0,66.7
2024-09-02,6,0.0,66.1
2024-09-02,7,0.0,66.7
2024-09-02,8,0.0,63.5
2024-09-02,9,79.0,67.8
2024-09-02,10,270.0,72.0
2024-09-02,11,474.0,76.0
2024-09-02,12,655.0,79.6
2024-09-02,13,792.0,82.0
2024-09-02,14,875.0,84.2
2024-09-02,15,896.0,86.1
2024-09-02,16,853.0,87.0
2024-09-02,17,748.0,87.8
2024-09-02,18,592.0,88.1
2024-09-02,19,399.0,87.7
2024-09-02,20,191.0,87.6
2024-09-02,21,27.0,85.6
2024-09-02,22,0.0,82.9
2024-09-02,23,0.0,81.6
2024-09-02,24,0.0,80.7
2024-09-03,1,0.0,75.5
2024-09-03,2,0.0,72.8
2024-09-03,3,0.0,70.4
2024-09-03,4,0.0,67.6
2024-09-03,5,0.0,66.0
2024-09-03,6,0.0,64.4
2024-09-03,7,0.0,63.1
2024-09-03,8,0.0,61.8
2024-09-03,9,78.0,64.5
2024-09-03,10,271.0,69.2
2024-09-03,11,477.0,74.1
2024-09-03,12,658.0,79.2
2024-09-03,13,796.0,82.5
2024-09-03,14,879.0,85.1
2024-09-03,15,901.0,87.6
2024-09-03,16,856.0,89.6
2024-09-03,17,749.0,90.4
2024-09-03,18,592.0,90.5
2024-09-03,19,397.0,90.4
2024-09-03,20,187.0,90.7
2024-09-03,21,25.0,87.1
2024-09-03,22,0.0,87.4
2024-09-03,23,0.0,86.7
2024-09-03,24,0.0,84.3
2024-09-04,1,0.0,76.7
2024-09-04,2,0.0,73.9
2024-09-04,3,0.0,70.5
2024-09-04,4,0.0,68.3
2024-09-04,5,0.0,65.9
2024-09-04,6,0.0,64.5
2024-09-04,7,0.0,63.7
2024-09-04,8,0.0,62.3
2024-09-04,9,71.0,65.0
2024-09-04,10,263.0,69.3
2024-09-04,11,468.0,73.9
2024-09-04,12,650.0,79.1
2024-09-04,13,792.0,83.7
2024-09-04,14,864.0,87.2
2024-09-04,15,884.0,90.2
2024-09-04,16,838.0,91.4
2024-09-04,17,720.0,92.8
2024-09-04,18,572.0,94.0
2024-09-04,19,383.0,94.1
2024-09-04,20,182.0,92.8
2024-09-04,21,23.0,88.9
2024-09-04,22,0.0,85.6
2024-09-04,23,0.0,83.1
2024-09-04,24,0.0,79.5
2024-09-05,1,0.0,78.6
2024-09-05,2,0.0,79.4
2024-09-05,3,0.0,77.2
2024-09-05,4,0.0,73.5
2024-09-05,5,0.0,69.1
2024-09-05,6,0.0,72.1
2024-09-05,7,0.0,66.8
2024-09-05,8,0.0,70.0
2024-09-05,9,75.0,68.7
2024-09-05,10,273.0,72.7
2024-09-05,11,483.0,76.3
2024-09-05,12,668.0,79.5
2024-09-05,13,807.0,81.8
2024-09-05,14,890.0,84.1
2024-09-05,15,908.0,86.5
2024-09-05,16,860.0,89.0
2024-09-05,17,750.0,90.5
2024-09-05,18,589.0,90.0
2024-09-05,19,392.0,88.9
2024-09-05,20,181.0,86.9
2024-09-05,21,21.0,84.2
2024-09-05,22,0.0,81.3
2024-09-05,23,0.0,78.5
2024-09-05,24,0.0,76.2
2024-09-06,1,0.0,74.2
2024-09-06,2,0.0,72.0
2024-09-06,3,0.0,71.1
2024-09-06,4,0.0,70.3
2024-09-06,5,0.0,69.3
2024-09-06,6,0.0,68.4
2024-09-06,7,0.0,67.4
2024-09-06,8,0.0,65.8
2024-09-06,9,71.0,67.4
2024-09-06,10,262.0,70.5
2024-09-06,11,467.0,74.1
2024-09-06,12,648.0,77.7
2024-09-06,13,785.0,80.6
2024-09-06,14,866.0,82.9
2024-09-06,15,886.0,84.7
2024-09-06,16,841.0,86.1
2024-09-06,17,735.0,86.9
2024-09-06,18,578.0,87.3
2024-09-06,19,383.0,86.8
2024-09-06,20,174.0,86.1
2024-09-06,21,19.0,83.3
2024-09-06,22,0.0,84.1
2024-09-06,23,0.0,80.2
2024-09-06,24,0.0,79.2
2024-09-07,1,0.0,73.5
2024-09-07,2,0.0,71.1
2024-09-07,3,0.0,68.5
2024-09-07,4,0.0,67.2
2024-09-07,5,0.0,65.2
2024-09-07,6,0.0,64.3
2024-09-07,7,0.0,63.6
2024-09-07,8,0.0,61.9
2024-09-07,9,69.0,65.8
2024-09-07,10,259.0,70.9
2024-09-07,11,464.0,76.4
2024-09-07,12,644.0,80.7
2024-09-07,13,780.0,83.2
2024-09-07,14,866.0,85.4
2024-09-07,15,873.0,87.4
2024-09-07,16,786.0,88.5
2024-09-07,17,711.0,89.2
2024-09-07,18,570.0,89.2
2024-09-07,19,376.0,89.6
2024-09-07,20,173.0,89.1
2024-09-07,21,17.0,86.2
2024-09-07,22,0.0,82.6
2024-09-07,23,0.0,84.0
2024-09-07,24,0.0,81.1
2024-09-08,1,0.0,75.3
2024-09-08,2,0.0,72.5
2024-09-08,3,0.0,69.6
2024-09-08,4,0.0,67.3
2024-09-08,5,0.0,66.2
2024-09-08,6,0.0,65.4
2024-09-08,7,0.0,63.6
2024-09-08,8,0.0,61.7
2024-09-08,9,67.0,64.5
2024-09-08,10,258.0,69.4
2024-09-08,11,444.0,73.5
2024-09-08,12,640.0,78.5
2024-09-08,13,779.0,82.7
2024-09-08,14,860.0,85.5
2024-09-08,15,886.0,88.4
2024-09-08,16,762.0,90.1
2024-09-08,17,718.0,91.0
2024-09-08,18,562.0,91.0
2024-09-08,19,368.0,90.0
2024-09-08,20,157.0,89.1
2024-09-08,21,15.0,85.3
2024-09-08,22,0.0,84.7
2024-09-08,23,0.0,80.2
2024-09-08,24,0.0,77.0
2024-09-09,1,0.0,75.2
2024-09-09,2,0.0,72.4
2024-09-09,3,0.0,70.1
2024-09-09,4,0.0,67.6
2024-09-09,5,0.0,66.4
2024-09-09,6,0.0,64.2
2024-09-09,7,0.0,64.0
2024-09-09,8,0.0,61.3
2024-09-09,9,65.0,64.9
2024-09-09,10,253.0,68.4
2024-09-09,11,458.0,72.2
2024-09-09,12,640.0,77.1
2024-09-09,13,778.0,81.3
2024-09-09,14,861.0,85.0
2024-09-09,15,879.0,87.6
2024-09-09,16,826.0,89.4
2024-09-09,17,721.0,90.5
2024-09-09,18,561.0,91.0
2024-09-09,19,369.0,90.8
2024-09-09,20,148.0,90.4
2024-09-09,21,13.0,86.7
2024-09-09,22,0.0,85.0
2024-09-09,23,0.0,83.5
2024-09-09,24,0.0,80.2
2024-09-10,1,0.0,77.2
2024-09-10,2,0.0,73.1
2024-09-10,3,0.0,71.8
2024-09-10,4,0.0,69.4
2024-09-10,5,0.0,66.9
2024-09-10,6,0.0,64.9
2024-09-10,7,0.0,63.2
2024-09-10,8,0.0,61.3
2024-09-10,9,63.0,62.9
2024-09-10,10,250.0,68.0
2024-09-10,11,455.0,72.4
2024-09-10,12,634.0,76.8
2024-09-10,13,770.0,81.1
2024-09-10,14,850.0,84.7
2024-09-10,15,868.0,88.2
2024-09-10,16,820.0,89.8
2024-09-10,17,718.0,91.4
2024-09-10,18,557.0,91.7
2024-09-10,19,327.0,89.1
2024-09-10,20,149.0,86.9
2024-09-10,21,11.0,84.6
2024-09-10,22,0.0,81.8
2024-09-10,23,0.0,79.7
2024-09-10,24,0.0,76.5
2024-09-11,1,0.0,73.5
2024-09-11,2,0.0,71.4
2024-09-11,3,0.0,68.7
2024-09-11,4,0.0,66.8
2024-09-11,5,0.0,68.2
2024-09-11,6,0.0,64.0
2024-09-11,7,0.0,63.3
2024-09-11,8,0.0,62.0
2024-09-11,9,46.0,66.2
2024-09-11,10,154.0,68.7
2024-09-11,11,297.0,71.7
2024-09-11,12,581.0,77.7
2024-09-11,13,765.0,82.5
2024-09-11,14,858.0,86.4
2024-09-11,15,865.0,90.6
2024-09-11,16,802.0,92.4
2024-09-11,17,721.0,92.2
2024-09-11,18,563.0,93.7
2024-09-11,19,254.0,90.4
2024-09-11,20,149.0,89.3
2024-09-11,21,11.0,86.5
2024-09-11,22,0.0,83.7
2024-09-11,23,0.0,82.1
2024-09-11,24,0.0,81.2
2024-09-12,1,0.0,79.7
2024-09-12,2,0.0,77.6
2024-09-12,3,0.0,74.8
2024-09-12,4,0.0,73.0
2024-09-12,5,0.0,71.0
2024-09-12,6,0.0,68.6
2024-09-12,7,0.0,67.2
2024-09-12,8,0.0,66.2
2024-09-12,9,62.0,68.8
2024-09-12,10,254.0,73.5
2024-09-12,11,460.0,77.5
2024-09-12,12,640.0,81.8
2024-09-12,13,777.0,86.2
2024-09-12,14,857.0,88.0
2024-09-12,15,877.0,89.4
2024-09-12,16,830.0,90.5
2024-09-12,17,717.0,90.8
2024-09-12,18,551.0,90.3
2024-09-12,19,353.0,90.8
2024-09-12,20,142.0,88.1
2024-09-12,21,10.0,84.8
2024-09-12,22,0.0,82.0
2024-09-12,23,0.0,80.9
2024-09-12,24,0.0,75.7
2024-09-13,1,0.0,72.7
2024-09-13,2,0.0,68.5
2024-09-13,3,0.0,66.1
2024-09-13,4,0.0,63.2
2024-09-13,5,0.0,64.8
2024-09-13,6,0.0,60.0
2024-09-13,7,0.0,58.1
2024-09-13,8,0.0,55.2
2024-09-13,9,60.0,57.8
2024-09-13,10,253.0,63.2
2024-09-13,11,462.0,68.7
2024-09-13,12,647.0,72.6
2024-09-13,13,784.0,75.7
2024-09-13,14,862.0,79.2
2024-09-13,15,876.0,82.8
2024-09-13,16,825.0,85.0
2024-09-13,17,713.0,85.8
2024-09-13,18,549.0,85.9
2024-09-13,19,350.0,85.6
2024-09-13,20,141.0,84.6
2024-09-13,21,8.0,80.9
2024-09-13,22,0.0,78.1
2024-09-13,23,0.0,74.2
2024-09-13,24,0.0,71.3
2024-09-14,1,0.0,68.9
2024-09-14,2,0.0,66.2
2024-09-14,3,0.0,64.1
2024-09-14,4,0.0,62.4
2024-09-14,5,0.0,59.9
2024-09-14,6,0.0,58.9
2024-09-14,7,0.0,57.7
2024-09-14,8,0.0,55.4
2024-09-14,9,58.0,57.8
2024-09-14,10,249.0,63.1
2024-09-14,11,457.0,67.6
2024-09-14,12,640.0,72.0
2024-09-14,13,777.0,76.5
2024-09-14,14,857.0,80.8
2024-09-14,15,873.0,83.8
2024-09-14,16,823.0,86.1
2024-09-14,17,712.0,87.1
2024-09-14,18,549.0,86.8
2024-09-14,19,348.0,86.3
2024-09-14,20,137.0,84.7
2024-09-14,21,7.0,82.8
2024-09-14,22,0.0,78.5
2024-09-14,23,0.0,75.7
2024-09-14,24,0.0,73.6
2024-09-15,1,0.0,69.7
2024-09-15,2,0.0,67.4
2024-09-15,3,0.0,65.4
2024-09-15,4,0.0,64.0
2024-09-15,5,0.0,62.6
2024-09-15,6,0.0,60.4
2024-09-15,7,0.0,59.0
2024-09-15,8,0.0,58.6
2024-09-15,9,54.0,61.1
2024-09-15,10,238.0,65.5
2024-09-15,11,444.0,70.3
2024-09-15,12,624.0,75.3
2024-09-15,13,759.0,79.5
2024-09-15,14,837.0,83.4
2024-09-15,15,855.0,86.9
2024-09-15,16,802.0,88.9
2024-09-15,17,692.0,88.9
2024-09-15,18,529.0,88.8
2024-09-15,19,214.0,89.1
2024-09-15,20,93.0,86.2
2024-09-15,21,6.0,82.4
2024-09-15,22,0.0,80.6
2024-09-15,23,0.0,77.6
2024-09-15,24,0.0,75.5
2024-09-16,1,0.0,74.7
2024-09-16,2,0.0,73.5
2024-09-16,3,0.0,71.2
2024-09-16,4,0.0,70.5
2024-09-16,5,0.0,68.5
2024-09-16,6,0.0,66.7
2024-09-16,7,0.0,63.8
2024-09-16,8,0.0,64.7
2024-09-16,9,48.0,65.8
2024-09-16,10,237.0,70.3
2024-09-16,11,438.0,73.0
2024-09-16,12,564.0,75.6
2024-09-16,13,611.0,79.3
2024-09-16,14,704.0,80.2
2024-09-16,15,751.0,81.3
2024-09-16,16,744.0,82.8
2024-09-16,17,580.0,81.2
2024-09-16,18,425.0,83.5
2024-09-16,19,278.0,78.4
2024-09-16,20,114.0,80.2
2024-09-16,21,4.0,74.0
2024-09-16,22,0.0,71.9
2024-09-16,23,0.0,72.9
2024-09-16,24,0.0,69.7
2024-09-17,1,0.0,63.8
2024-09-17,2,0.0,61.9
2024-09-17,3,0.0,59.9
2024-09-17,4,0.0,60.4
2024-09-17,5,0.0,60.4
2024-09-17,6,0.0,58.7
2024-09-17,7,0.0,57.7
2024-09-17,8,0.0,63.4
2024-09-17,9,48.0,65.8
2024-09-17,10,231.0,69.4
2024-09-17,11,443.0,71.5
2024-09-17,12,628.0,72.7
2024-09-17,13,764.0,73.7
2024-09-17,14,815.0,75.2
2024-09-17,15,835.0,76.2
2024-09-17,16,773.0,77.6
2024-09-17,17,689.0,77.5
2024-09-17,18,527.0,77.6
2024-09-17,19,330.0,75.6
2024-09-17,20,123.0,70.2
2024-09-17,21,4.0,65.8
2024-09-17,22,0.0,63.1
2024-09-17,23,0.0,61.2
2024-09-17,24,0.0,64.9
2024-09-18,1,0.0,57.1
2024-09-18,2,0.0,54.4
2024-09-18,3,0.0,52.4
2024-09-18,4,0.0,50.5
2024-09-18,5,0.0,49.3
2024-09-18,6,0.0,49.6
2024-09-18,7,0.0,48.7
2024-09-18,8,0.0,47.4
2024-09-18,9,51.0,49.2
2024-09-18,10,239.0,54.3
2024-09-18,11,447.0,58.9
2024-09-18,12,630.0,62.6
2024-09-18,13,767.0,66.1
2024-09-18,14,843.0,68.9
2024-09-18,15,856.0,71.1
2024-09-18,16,803.0,73.0
2024-09-18,17,688.0,74.5
2024-09-18,18,520.0,74.4
2024-09-18,19,320.0,71.7
2024-09-18,20,116.0,69.3
2024-09-18,21,4.0,65.9
2024-09-18,22,0.0,62.0
2024-09-18,23,0.0,60.4
2024-09-18,24,0.0,58.3
2024-09-19,1,0.0,56.2
2024-09-19,2,0.0,54.7
2024-09-19,3,0.0,53.2
2024-09-19,4,0.0,52.3
2024-09-19,5,0.0,51.7
2024-09-19,6,0.0,51.4
2024-09-19,7,0.0,50.9
2024-09-19,8,0.0,50.1
2024-09-19,9,49.0,51.5
2024-09-19,10,236.0,57.0
2024-09-19,11,444.0,62.1
2024-09-19,12,626.0,66.3
2024-09-19,13,763.0,70.1
2024-09-19,14,840.0,73.4
2024-09-19,15,853.0,75.2
2024-09-19,16,791.0,76.4
2024-09-19,17,652.0,77.2
2024-09-19,18,439.0,76.7
2024-09-19,19,228.0,76.0
2024-09-19,20,92.0,72.1
2024-09-19,21,3.0,68.5
2024-09-19,22,0.0,66.2
2024-09-19,23,0.0,64.1
2024-09-19,24,0.0,61.6
2024-09-20,1,0.0,60.0
2024-09-20,2,0.0,58.4
2024-09-20,3,0.0,56.8
2024-09-20,4,0.0,55.6
2024-09-20,5,0.0,55.0
2024-09-20,6,0.0,55.2
2024-09-20,7,0.0,53.4
2024-09-20,8,0.0,52.3
2024-09-20,9,47.0,54.7
2024-09-20,10,230.0,59.3
2024-09-20,11,436.0,64.1
2024-09-20,12,617.0,68.7
2024-09-20,13,752.0,73.0
2024-09-20,14,831.0,76.6
2024-09-20,15,846.0,79.1
2024-09-20,16,789.0,82.0
2024-09-20,17,678.0,84.7
2024-09-20,18,512.0,84.4
2024-09-20,19,308.0,84.1
2024-09-20,20,106.0,76.8
2024-09-20,21,2.0,71.3
2024-09-20,22,0.0,67.6
2024-09-20,23,0.0,63.1
2024-09-20,24,0.0,60.4
2024-09-21,1,0.0,58.6
2024-09-21,2,0.0,58.1
2024-09-21,3,0.0,56.4
2024-09-21,4,0.0,54.6
2024-09-21,5,0.0,54.0
2024-09-21,6,0.0,52.3
2024-09-21,7,0.0,51.8
2024-09-21,8,0.0,50.9
2024-09-21,9,43.0,51.9
2024-09-21,10,194.0,57.0
2024-09-21,11,323.0,62.5
2024-09-21,12,430.0,67.3
2024-09-21,13,445.0,66.9
2024-09-21,14,511.0,66.0
2024-09-21,15,664.0,68.1
2024-09-21,16,684.0,69.4
2024-09-21,17,602.0,69.8
2024-09-21,18,448.0,70.3
2024-09-21,19,259.0,70.1
2024-09-21,20,89.0,69.6
2024-09-21,21,1.0,67.3
2024-09-21,22,0.0,65.0
2024-09-21,23,0.0,61.8
2024-09-21,24,0.0,59.5
2024-09-22,1,0.0,56.9
2024-09-22,2,0.0,55.0
2024-09-22,3,0.0,54.0
2024-09-22,4,0.0,53.1
2024-09-22,5,0.0,52.6
2024-09-22,6,0.0,51.5
2024-09-22,7,0.0,50.8
2024-09-22,8,0.0,48.5
2024-09-22,9,41.0,50.0
2024-09-22,10,215.0,54.5
2024-09-22,11,414.0,58.1
2024-09-22,12,594.0,62.1
2024-09-22,13,730.0,66.1
2024-09-22,14,766.0,69.6
2024-09-22,15,773.0,71.9
2024-09-22,16,714.0,73.7
2024-09-22,17,597.0,74.9
2024-09-22,18,423.0,75.1
2024-09-22,19,256.0,74.4
2024-09-22,20,87.0,73.7
2024-09-22,21,1.0,70.1
2024-09-22,22,0.0,67.1
2024-09-22,23,0.0,64.3
2024-09-22,24,0.0,61.7
2024-09-23,1,0.0,59.4
2024-09-23,2,0.0,57.4
2024-09-23,3,0.0,55.5
2024-09-23,4,0.0,54.1
2024-09-23,5,0.0,52.5
2024-09-23,6,0.0,51.2
2024-09-23,7,0.0,50.3
2024-09-23,8,0.0,49.1
2024-09-23,9,40.0,50.5
2024-09-23,10,215.0,56.2
2024-09-23,11,417.0,61.1
2024-09-23,12,595.0,65.0
2024-09-23,13,732.0,68.8
2024-09-23,14,786.0,72.4
2024-09-23,15,773.0,75.5
2024-09-23,16,718.0,78.1
2024-09-23,17,599.0,81.1
2024-09-23,18,436.0,82.2
2024-09-23,19,282.0,81.7
2024-09-23,20,91.0,79.6
2024-09-23,21,1.0,75.5
2024-09-23,22,0.0,73.5
2024-09-23,23,0.0,69.5
2024-09-23,24,0.0,65.1
2024-09-24,1,0.0,62.0
2024-09-24,2,0.0,59.4
2024-09-24,3,0.0,56.5
2024-09-24,4,0.0,55.2
2024-09-24,5,0.0,53.9
2024-09-24,6,0.0,51.8
2024-09-24,7,0.0,50.3
2024-09-24,8,0.0,48.7
2024-09-24,9,40.0,50.1
2024-09-24,10,217.0,55.5
2024-09-24,11,421.0,60.4
2024-09-24,12,600.0,65.6
2024-09-24,13,734.0,71.1
2024-09-24,14,810.0,75.7
2024-09-24,15,822.0,79.7
2024-09-24,16,767.0,82.8
2024-09-24,17,651.0,84.1
2024-09-24,18,485.0,85.0
2024-09-24,19,286.0,84.7
2024-09-24,20,89.0,82.2
2024-09-24,21,1.0,78.4
2024-09-24,22,0.0,76.2
2024-09-24,23,0.0,73.0
2024-09-24,24,0.0,68.1
2024-09-25,1,0.0,63.9
2024-09-25,2,0.0,61.0
2024-09-25,3,0.0,58.5
2024-09-25,4,0.0,56.8
2024-09-25,5,0.0,54.7
2024-09-25,6,0.0,53.5
2024-09-25,7,0.0,53.1
2024-09-25,8,0.0,52.2
2024-09-25,9,38.0,54.9
2024-09-25,10,213.0,62.5
2024-09-25,11,416.0,67.4
2024-09-25,12,595.0,72.8
2024-09-25,13,728.0,78.6
2024-09-25,14,803.0,83.7
2024-09-25,15,814.0,86.9
2024-09-25,16,759.0,88.4
2024-09-25,17,645.0,89.2
2024-09-25,18,479.0,89.2
2024-09-25,19,280.0,88.2
2024-09-25,20,84.0,85.1
2024-09-25,21,0.0,81.1
2024-09-25,22,0.0,77.7
2024-09-25,23,0.0,74.6
2024-09-25,24,0.0,71.0
2024-09-26,1,0.0,67.6
2024-09-26,2,0.0,65.7
2024-09-26,3,0.0,63.8
2024-09-26,4,0.0,62.0
2024-09-26,5,0.0,60.9
2024-09-26,6,0.0,58.9
2024-09-26,7,0.0,57.7
2024-09-26,8,0.0,57.0
2024-09-26,9,36.0,60.4
2024-09-26,10,210.0,66.1
2024-09-26,11,414.0,69.8
2024-09-26,12,593.0,74.5
2024-09-26,13,725.0,79.3
2024-09-26,14,800.0,83.1
2024-09-26,15,810.0,86.4
2024-09-26,16,756.0,88.4
2024-09-26,17,641.0,89.1
2024-09-26,18,475.0,89.4
2024-09-26,19,276.0,89.4
2024-09-26,20,79.0,86.2
2024-09-26,21,0.0,83.1
2024-09-26,22,0.0,80.5
2024-09-26,23,0.0,76.8
2024-09-26,24,0.0,73.0
2024-09-27,1,0.0,70.1
2024-09-27,2,0.0,67.0
2024-09-27,3,0.0,64.2
2024-09-27,4,0.0,62.5
2024-09-27,5,0.0,61.3
2024-09-27,6,0.0,60.1
2024-09-27,7,0.0,58.1
2024-09-27,8,0.0,57.0
2024-09-27,9,35.0,57.2
2024-09-27,10,208.0,61.1
2024-09-27,11,412.0,66.1
2024-09-27,12,591.0,72.0
2024-09-27,13,725.0,78.1
2024-09-27,14,802.0,84.3
2024-09-27,15,814.0,88.6
2024-09-27,16,757.0,90.6
2024-09-27,17,639.0,91.6
2024-09-27,18,473.0,91.8
2024-09-27,19,272.0,91.2
2024-09-27,20,77.0,87.6
2024-09-27,21,0.0,84.8
2024-09-27,22,0.0,83.8
2024-09-27,23,0.0,76.6
2024-09-27,24,0.0,72.8
2024-09-28,1,0.0,70.3
2024-09-28,2,0.0,68.5
2024-09-28,3,0.0,67.9
2024-09-28,4,0.0,67.1
2024-09-28,5,0.0,65.0
2024-09-28,6,0.0,62.2
2024-09-28,7,0.0,60.6
2024-09-28,8,0.0,60.4
2024-09-28,9,33.0,62.9
2024-09-28,10,202.0,69.3
2024-09-28,11,402.0,73.9
2024-09-28,12,578.0,79.0
2024-09-28,13,710.0,84.7
2024-09-28,14,784.0,87.8
2024-09-28,15,795.0,89.6
2024-09-28,16,742.0,90.5
2024-09-28,17,628.0,91.0
2024-09-28,18,463.0,90.8
2024-09-28,19,264.0,89.9
2024-09-28,20,72.0,85.8
2024-09-28,21,0.0,85.9
2024-09-28,22,0.0,83.8
2024-09-28,23,0.0,82.0
2024-09-28,24,0.0,74.8
2024-09-29,1,0.0,70.8
2024-09-29,2,0.0,68.5
2024-09-29,3,0.0,66.9
2024-09-29,4,0.0,66.7
2024-09-29,5,0.0,65.9
2024-09-29,6,0.0,66.2
2024-09-29,7,0.0,66.5
2024-09-29,8,0.0,67.6
2024-09-29,9,25.0,67.6
2024-09-29,10,139.0,71.3
2024-09-29,11,276.0,74.8
2024-09-29,12,456.0,79.9
2024-09-29,13,662.0,84.0
2024-09-29,14,770.0,86.3
2024-09-29,15,787.0,88.0
2024-09-29,16,735.0,89.8
2024-09-29,17,611.0,90.7
2024-09-29,18,448.0,90.7
2024-09-29,19,254.0,90.5
2024-09-29,20,66.0,88.3
2024-09-29,21,0.0,84.2
2024-09-29,22,0.0,82.9
2024-09-29,23,0.0,78.1
2024-09-29,24,0.0,76.5
2024-09-30,1,0.0,72.4
2024-09-30,2,0.0,70.1
2024-09-30,3,0.0,67.2
2024-09-30,4,0.0,65.6
2024-09-30,5,0.0,64.3
2024-09-30,6,0.0,62.5
2024-09-30,7,0.0,60.8
2024-09-30,8,0.0,58.5
2024-09-30,9,30.0,59.8
2024-09-30,10,195.0,64.4
2024-09-30,11,392.0,69.1
2024-09-30,12,569.0,73.8
2024-09-30,13,703.0,78.7
2024-09-30,14,778.0,83.7
2024-09-30,15,776.0,87.9
2024-09-30,16,719.0,90.7
2024-09-30,17,604.0,92.3
2024-09-30,18,429.0,93.1
2024-09-30,19,229.0,91.6
2024-09-30,20,61.0,87.5
2024-09-30,21,0.0,82.9
2024-09-30,22,0.0,79.4
2024-09-30,23,0.0,76.1
2024-09-30,24,0.0,72.5
2024-10-01,1,0.0,69.6
2024-10-01,2,0.0,67.2
2024-10-01,3,0.0,66.0
2024-10-01,4,0.0,64.6
2024-10-01,5,0.0,63.2
2024-10-01,6,0.0,62.3
2024-10-01,7,0.0,60.6
2024-10-01,8,0.0,55.8
2024-10-01,9,29.0,57.8
2024-10-01,10,197.0,63.9
2024-10-01,11,400.0,69.3
2024-10-01,12,577.0,74.0
2024-10-01,13,707.0,78.2
2024-10-01,14,779.0,82.0
2024-10-01,15,787.0,84.7
2024-10-01,16,730.0,86.8
2024-10-01,17,613.0,88.2
2024-10-01,18,447.0,88.8
2024-10-01,19,248.0,88.6
2024-10-01,20,60.0,84.1
2024-10-01,21,0.0,81.1
2024-10-01,22,0.0,78.3
2024-10-01,23,0.0,74.0
2024-10-01,24,0.0,71.2
2024-10-02,1,0.0,67.4
2024-10-02,2,0.0,65.4
2024-10-02,3,0.0,62.9
2024-10-02,4,0.0,61.7
2024-10-02,5,0.0,60.5
2024-10-02,6,0.0,57.6
2024-10-02,7,0.0,56.3
2024-10-02,8,0.0,54.1
2024-10-02,9,28.0,55.4
2024-10-02,10,192.0,60.7
2024-10-02,11,393.0,65.9
2024-10-02,12,569.0,71.4
2024-10-02,13,701.0,76.2
2024-10-02,14,774.0,79.3
2024-10-02,15,784.0,82.4
2024-10-02,16,728.0,85.3
2024-10-02,17,611.0,87.4
2024-10-02,18,444.0,88.3
2024-10-02,19,245.0,88.2
2024-10-02,20,57.0,82.4
2024-10-02,21,0.0,80.2
2024-10-02,22,0.0,78.8
2024-10-02,23,0.0,74.0
2024-10-02,24,0.0,69.4
2024-10-03,1,0.0,66.5
2024-10-03,2,0.0,64.5
2024-10-03,3,0.0,65.1
2024-10-03,4,0.0,62.8
2024-10-03,5,0.0,58.2
2024-10-03,6,0.0,56.2
2024-10-03,7,0.0,54.9
2024-10-03,8,0.0,52.6
2024-10-03,9,27.0,54.1
2024-10-03,10,195.0,59.4
2024-10-03,11,401.0,65.2
2024-10-03,12,582.0,70.4
2024-10-03,13,715.0,75.7
2024-10-03,14,788.0,80.2
2024-10-03,15,795.0,84.0
2024-10-03,16,735.0,86.8
2024-10-03,17,614.0,88.3
2024-10-03,18,444.0,88.8
2024-10-03,19,243.0,88.0
2024-10-03,20,55.0,83.0
2024-10-03,21,0.0,80.2
2024-10-03,22,0.0,77.8
2024-10-03,23,0.0,71.6
2024-10-03,24,0.0,67.5
2024-10-04,1,0.0,64.5
2024-10-04,2,0.0,61.8
2024-10-04,3,0.0,59.7
2024-10-04,4,0.0,58.0
2024-10-04,5,0.0,56.4
2024-10-04,6,0.0,55.2
2024-10-04,7,0.0,53.9
2024-10-04,8,0.0,51.4
2024-10-04,9,26.0,52.9
2024-10-04,10,191.0,59.9
2024-10-04,11,394.0,66.9
2024-10-04,12,572.0,72.5
2024-10-04,13,703.0,78.4
2024-10-04,14,775.0,82.5
2024-10-04,15,784.0,84.6
2024-10-04,16,726.0,86.5
2024-10-04,17,608.0,87.4
2024-10-04,18,439.0,88.0
2024-10-04,19,238.0,87.2
2024-10-04,20,51.0,81.6
2024-10-04,21,0.0,78.1
2024-10-04,22,0.0,75.3
2024-10-04,23,0.0,72.1
2024-10-04,24,0.0,68.1
2024-10-05,1,0.0,64.5
2024-10-05,2,0.0,63.0
2024-10-05,3,0.0,59.8
2024-10-05,4,0.0,58.4
2024-10-05,5,0.0,57.2
2024-10-05,6,0.0,57.1
2024-10-05,7,0.0,60.2
2024-10-05,8,0.0,55.9
2024-10-05,9,24.0,58.2
2024-10-05,10,184.0,60.4
2024-10-05,11,385.0,64.1
2024-10-05,12,562.0,68.5
2024-10-05,13,694.0,74.0
2024-10-05,14,768.0,79.5
2024-10-05,15,776.0,85.2
2024-10-05,16,721.0,87.7
2024-10-05,17,605.0,88.7
2024-10-05,18,435.0,87.9
2024-10-05,19,232.0,86.0
2024-10-05,20,47.0,80.2
2024-10-05,21,0.0,76.5
2024-10-05,22,0.0,73.3
2024-10-05,23,0.0,70.7
2024-10-05,24,0.0,67.5
2024-10-06,1,0.0,64.2
2024-10-06,2,0.0,63.6
2024-10-06,3,0.0,64.9
2024-10-06,4,0.0,60.5
2024-10-06,5,0.0,57.8
2024-10-06,6,0.0,55.9
2024-10-06,7,0.0,57.1
2024-10-06,8,0.0,56.2
2024-10-06,9,23.0,56.6
2024-10-06,10,182.0,60.3
2024-10-06,11,383.0,64.5
2024-10-06,12,560.0,68.5
2024-10-06,13,692.0,72.7
2024-10-06,14,765.0,76.7
2024-10-06,15,773.0,80.2
2024-10-06,16,715.0,82.9
2024-10-06,17,594.0,85.2
2024-10-06,18,424.0,86.1
2024-10-06,19,224.0,85.5
2024-10-06,20,44.0,80.8
2024-10-06,21,0.0,77.3
2024-10-06,22,0.0,73.6
2024-10-06,23,0.0,70.4
2024-10-06,24,0.0,66.8
2024-10-07,1,0.0,63.3
2024-10-07,2,0.0,61.3
2024-10-07,3,0.0,60.4
2024-10-07,4,0.0,59.1
2024-10-07,5,0.0,56.0
2024-10-07,6,0.0,56.4
2024-10-07,7,0.0,53.4
2024-10-07,8,0.0,50.8
2024-10-07,9,22.0,51.9
2024-10-07,10,179.0,57.0
2024-10-07,11,378.0,62.6
2024-10-07,12,552.0,67.2
2024-10-07,13,682.0,71.4
2024-10-07,14,752.0,75.0
2024-10-07,15,763.0,78.3
2024-10-07,16,704.0,81.3
2024-10-07,17,584.0,82.9
2024-10-07,18,417.0,83.4
2024-10-07,19,213.0,82.9
2024-10-07,20,39.0,78.6
2024-10-07,21,0.0,75.2
2024-10-07,22,0.0,74.0
2024-10-07,23,0.0,71.0
2024-10-07,24,0.0,66.5
2024-10-08,1,0.0,63.7
2024-10-08,2,0.0,62.1
2024-10-08,3,0.0,62.3
2024-10-08,4,0.0,59.0
2024-10-08,5,0.0,56.8
2024-10-08,6,0.0,57.4
2024-10-08,7,0.0,55.8
2024-10-08,8,0.0,53.4
2024-10-08,9,20.0,53.0
2024-10-08,10,172.0,57.4
2024-10-08,11,371.0,62.0
2024-10-08,12,546.0,66.6
2024-10-08,13,675.0,71.5
2024-10-08,14,744.0,76.0
2024-10-08,15,748.0,80.2
2024-10-08,16,688.0,83.0
2024-10-08,17,546.0,84.0
2024-10-08,18,374.0,84.0
2024-10-08,19,197.0,82.9
2024-10-08,20,37.0,77.6
2024-10-08,21,0.0,75.4
2024-10-08,22,0.0,73.0
2024-10-08,23,0.0,69.9
2024-10-08,24,0.0,66.8
2024-10-09,1,0.0,64.2
2024-10-09,2,0.0,62.4
2024-10-09,3,0.0,60.9
2024-10-09,4,0.0,58.5
2024-10-09,5,0.0,56.8
2024-10-09,6,0.0,55.3
2024-10-09,7,0.0,54.4
2024-10-09,8,0.0,54.8
2024-10-09,9,19.0,52.9
2024-10-09,10,170.0,57.7
2024-10-09,11,366.0,63.2
2024-10-09,12,541.0,67.5
2024-10-09,13,670.0,71.5
2024-10-09,14,742.0,75.1
2024-10-09,15,750.0,78.7
2024-10-09,16,696.0,81.9
2024-10-09,17,574.0,83.9
2024-10-09,18,406.0,84.8
2024-10-09,19,199.0,84.8
2024-10-09,20,35.0,80.1
2024-10-09,21,0.0,75.8
2024-10-09,22,0.0,73.7
2024-10-09,23,0.0,68.8
2024-10-09,24,0.0,65.2
2024-10-10,1,0.0,63.5
2024-10-10,2,0.0,61.4
2024-10-10,3,0.0,59.5
2024-10-10,4,0.0,57.9
2024-10-10,5,0.0,55.8
2024-10-10,6,0.0,53.8
2024-10-10,7,0.0,52.5
2024-10-10,8,0.0,51.9
2024-10-10,9,18.0,52.9
2024-10-10,10,168.0,57.7
2024-10-10,11,365.0,62.3
2024-10-10,12,540.0,66.6
2024-10-10,13,669.0,71.2
2024-10-10,14,739.0,75.2
2024-10-10,15,745.0,78.4
2024-10-10,16,687.0,81.1
2024-10-10,17,567.0,83.1
2024-10-10,18,399.0,83.6
2024-10-10,19,203.0,83.3
2024-10-10,20,33.0,78.2
2024-10-10,21,0.0,76.5
2024-10-10,22,0.0,77.2
2024-10-10,23,0.0,72.5
2024-10-10,24,0.0,68.3
2024-10-11,1,0.0,65.8
2024-10-11,2,0.0,64.2
2024-10-11,3,0.0,62.1
2024-10-11,4,0.0,59.8
2024-10-11,5,0.0,58.6
2024-10-11,6,0.0,56.6
2024-10-11,7,0.0,58.1
2024-10-11,8,0.0,53.5
2024-10-11,9,16.0,54.0
2024-10-11,10,144.0,58.9
2024-10-11,11,323.0,63.2
2024-10-11,12,534.0,68.0
2024-10-11,13,657.0,72.9
2024-10-11,14,730.0,77.2
2024-10-11,15,737.0,80.2
2024-10-11,16,679.0,82.9
2024-10-11,17,561.0,84.3
2024-10-11,18,397.0,84.5
2024-10-11,19,199.0,84.4
2024-10-11,20,24.0,80.2
2024-10-11,21,0.0,77.6
2024-10-11,22,0.0,74.0
2024-10-11,23,0.0,76.9
2024-10-11,24,0.0,67.8
2024-10-12,1,0.0,65.6
2024-10-12,2,0.0,63.1
2024-10-12,3,0.0,62.4
2024-10-12,4,0.0,60.1
2024-10-12,5,0.0,62.0
2024-10-12,6,0.0,58.6
2024-10-12,7,0.0,55.1
2024-10-12,8,0.0,52.7
2024-10-12,9,14.0,53.7
2024-10-12,10,151.0,58.2
2024-10-12,11,339.0,62.3
2024-10-12,12,505.0,66.6
2024-10-12,13,637.0,70.9
2024-10-12,14,709.0,75.3
2024-10-12,15,723.0,78.9
2024-10-12,16,661.0,81.7
2024-10-12,17,540.0,82.9
2024-10-12,18,361.0,83.4
2024-10-12,19,176.0,82.0
2024-10-12,20,26.0,78.3
2024-10-12,21,0.0,77.6
2024-10-12,22,0.0,72.4
2024-10-12,23,0.0,70.3
2024-10-12,24,0.0,66.5
2024-10-13,1,0.0,64.0
2024-10-13,2,0.0,62.2
2024-10-13,3,0.0,58.9
2024-10-13,4,0.0,58.2
2024-10-13,5,0.0,56.6
2024-10-13,6,0.0,55.2
2024-10-13,7,0.0,53.9
2024-10-13,8,0.0,51.6
2024-10-13,9,14.0,52.7
2024-10-13,10,156.0,58.1
2024-10-13,11,350.0,62.2
2024-10-13,12,522.0,66.6
2024-10-13,13,646.0,71.5
2024-10-13,14,716.0,76.1
2024-10-13,15,720.0,79.2
2024-10-13,16,659.0,81.8
2024-10-13,17,529.0,83.6
2024-10-13,18,338.0,83.7
2024-10-13,19,173.0,82.9
2024-10-13,20,23.0,79.1
2024-10-13,21,0.0,76.6
2024-10-13,22,0.0,74.4
2024-10-13,23,0.0,72.1
2024-10-13,24,0.0,68.1
2024-10-14,1,0.0,65.6
2024-10-14,2,0.0,64.4
2024-10-14,3,0.0,63.7
2024-10-14,4,0.0,62.6
2024-10-14,5,0.0,61.6
2024-10-14,6,0.0,58.9
2024-10-14,7,0.0,57.4
2024-10-14,8,0.0,60.8
2024-10-14,9,13.0,57.7
2024-10-14,10,122.0,62.3
2024-10-14,11,316.0,68.1
2024-10-14,12,493.0,73.3
2024-10-14,13,565.0,75.4
2024-10-14,14,602.0,77.3
2024-10-14,15,604.0,75.7
2024-10-14,16,484.0,75.7
2024-10-14,17,206.0,73.5
2024-10-14,18,82.0,71.1
2024-10-14,19,72.0,71.9
2024-10-14,20,16.0,71.9
2024-10-14,21,0.0,71.3
2024-10-14,22,0.0,68.8
2024-10-14,23,0.0,66.0
2024-10-14,24,0.0,65.2
2024-10-15,1,0.0,64.0
2024-10-15,2,0.0,63.1
2024-10-15,3,0.0,60.0
2024-10-15,4,0.0,58.7
2024-10-15,5,0.0,57.0
2024-10-15,6,0.0,56.8
2024-10-15,7,0.0,57.0
2024-10-15,8,0.0,54.9
2024-10-15,9,12.0,54.7
2024-10-15,10,140.0,57.7
2024-10-15,11,335.0,61.4
2024-10-15,12,505.0,64.9
2024-10-15,13,631.0,68.5
2024-10-15,14,701.0,71.9
2024-10-15,15,706.0,75.0
2024-10-15,16,648.0,76.7
2024-10-15,17,531.0,77.7
2024-10-15,18,333.0,77.9
2024-10-15,19,132.0,76.6
2024-10-15,20,19.0,73.6
2024-10-15,21,0.0,71.6
2024-10-15,22,0.0,70.3
2024-10-15,23,0.0,69.4
2024-10-15,24,0.0,69.1
2024-10-16,1,0.0,67.9
2024-10-16,2,0.0,65.6
2024-10-16,3,0.0,63.7
2024-10-16,4,0.0,63.0
2024-10-16,5,0.0,63.1
2024-10-16,6,0.0,62.6
2024-10-16,7,0.0,62.7
2024-10-16,8,0.0,61.1
2024-10-16,9,11.0,60.2
2024-10-16,10,113.0,62.2
2024-10-16,11,296.0,66.0
2024-10-16,12,351.0,67.2
2024-10-16,13,351.0,69.0
2024-10-16,14,371.0,71.1
2024-10-16,15,538.0,72.3
2024-10-16,16,549.0,75.2
2024-10-16,17,463.0,75.7
2024-10-16,18,321.0,77.5
2024-10-16,19,94.0,77.5
2024-10-16,20,12.0,69.1
2024-10-16,21,0.0,66.7
2024-10-16,22,0.0,63.8
2024-10-16,23,0.0,62.1
2024-10-16,24,0.0,60.8
2024-10-17,1,0.0,59.7
2024-10-17,2,0.0,58.6
2024-10-17,3,0.0,57.8
2024-10-17,4,0.0,57.0
2024-10-17,5,0.0,55.6
2024-10-17,6,0.0,54.8
2024-10-17,7,0.0,53.9
2024-10-17,8,0.0,55.9
2024-10-17,9,9.0,53.9
2024-10-17,10,108.0,55.9
2024-10-17,11,226.0,59.5
2024-10-17,12,362.0,63.4
2024-10-17,13,496.0,68.0
2024-10-17,14,538.0,72.8
2024-10-17,15,595.0,74.9
2024-10-17,16,580.0,75.5
2024-10-17,17,465.0,74.8
2024-10-17,18,246.0,72.8
2024-10-17,19,145.0,71.7
2024-10-17,20,16.0,70.3
2024-10-17,21,0.0,70.3
2024-10-17,22,0.0,69.1
2024-10-17,23,0.0,67.5
2024-10-17,24,0.0,65.6
2024-10-18,1,0.0,63.0
2024-10-18,2,0.0,60.6
2024-10-18,3,0.0,60.3
2024-10-18,4,0.0,60.5
2024-10-18,5,0.0,60.3
2024-10-18,6,0.0,59.8
2024-10-18,7,0.0,59.5
2024-10-18,8,0.0,60.4
2024-10-18,9,8.0,60.6
2024-10-18,10,132.0,62.5
2024-10-18,11,249.0,64.0
2024-10-18,12,278.0,59.0
2024-10-18,13,214.0,55.0
2024-10-18,14,162.0,54.8
2024-10-18,15,106.0,53.1
2024-10-18,16,59.0,50.7
2024-10-18,17,71.0,50.9
2024-10-18,18,102.0,47.9
2024-10-18,19,45.0,49.2
2024-10-18,20,2.0,48.3
2024-10-18,21,0.0,50.2
2024-10-18,22,0.0,50.5
2024-10-18,23,0.0,50.1
2024-10-18,24,0.0,50.1
2024-10-19,1,0.0,50.3
2024-10-19,2,0.0,50.3
2024-10-19,3,0.0,49.3
2024-10-19,4,0.0,49.1
2024-10-19,5,0.0,48.2
2024-10-19,6,0.0,46.7
2024-10-19,7,0.0,47.4
2024-10-19,8,0.0,45.1
2024-10-19,9,8.0,45.0
2024-10-19,10,125.0,47.7
2024-10-19,11,322.0,49.1
2024-10-19,12,488.0,51.8
2024-10-19,13,611.0,54.3
2024-10-19,14,681.0,57.1
2024-10-19,15,677.0,59.1
2024-10-19,16,574.0,59.5
2024-10-19,17,408.0,60.4
2024-10-19,18,253.0,58.6
2024-10-19,19,84.0,57.6
2024-10-19,20,10.0,54.1
2024-10-19,21,0.0,52.9
2024-10-19,22,0.0,52.9
2024-10-19,23,0.0,51.8
2024-10-19,24,0.0,51.7
2024-10-20,1,0.0,51.9
2024-10-20,2,0.0,50.3
2024-10-20,3,0.0,51.3
2024-10-20,4,0.0,49.8
2024-10-20,5,0.0,49.6
2024-10-20,6,0.0,47.9
2024-10-20,7,0.0,45.5
2024-10-20,8,0.0,46.3
2024-10-20,9,8.0,46.4
2024-10-20,10,132.0,49.6
2024-10-20,11,255.0,52.3
2024-10-20,12,402.0,54.3
2024-10-20,13,522.0,55.7
2024-10-20,14,402.0,56.7
2024-10-20,15,623.0,56.4
2024-10-20,16,401.0,53.7
2024-10-20,17,311.0,51.4
2024-10-20,18,228.0,53.2
2024-10-20,19,132.0,52.9
2024-10-20,20,12.0,49.8
2024-10-20,21,0.0,49.0
2024-10-20,22,0.0,48.5
2024-10-20,23,0.0,46.8
2024-10-20,24,0.0,46.9
2024-10-21,1,0.0,45.7
2024-10-21,2,0.0,43.4
2024-10-21,3,0.0,42.4
2024-10-21,4,0.0,42.3
2024-10-21,5,0.0,40.8
2024-10-21,6,0.0,40.6
2024-10-21,7,0.0,40.1
2024-10-21,8,0.0,41.2
2024-10-21,9,7.0,39.8
2024-10-21,10,129.0,43.3
2024-10-21,11,316.0,46.3
2024-10-21,12,485.0,49.5
2024-10-21,13,609.0,52.2
2024-10-21,14,677.0,54.3
2024-10-21,15,680.0,56.0
2024-10-21,16,619.0,57.6
2024-10-21,17,499.0,58.6
2024-10-21,18,334.0,58.8
2024-10-21,19,146.0,57.3
2024-10-21,20,12.0,54.3
2024-10-21,21,0.0,51.9
2024-10-21,22,0.0,49.8
2024-10-21,23,0.0,47.8
2024-10-21,24,0.0,46.4
2024-10-22,1,0.0,44.9
2024-10-22,2,0.0,43.6
2024-10-22,3,0.0,42.8
2024-10-22,4,0.0,42.2
2024-10-22,5,0.0,41.6
2024-10-22,6,0.0,40.9
2024-10-22,7,0.0,40.5
2024-10-22,8,0.0,40.2
2024-10-22,9,7.0,40.5
2024-10-22,10,128.0,44.6
2024-10-22,11,315.0,49.6
2024-10-22,12,484.0,52.8
2024-10-22,13,608.0,55.4
2024-10-22,14,675.0,57.7
2024-10-22,15,678.0,59.7
2024-10-22,16,618.0,61.4
2024-10-22,17,499.0,62.5
2024-10-22,18,333.0,62.6
2024-10-22,19,144.0,60.0
2024-10-22,20,11.0,57.1
2024-10-22,21,0.0,53.3
2024-10-22,22,0.0,51.4
2024-10-22,23,0.0,49.4
2024-10-22,24,0.0,47.7
2024-10-23,1,0.0,46.5
2024-10-23,2,0.0,45.2
2024-10-23,3,0.0,44.0
2024-10-23,4,0.0,43.1
2024-10-23,5,0.0,42.4
2024-10-23,6,0.0,41.7
2024-10-23,7,0.0,40.8
2024-10-23,8,0.0,40.4
2024-10-23,9,5.0,40.4
2024-10-23,10,84.0,42.6
2024-10-23,11,212.0,45.0
2024-10-23,12,429.0,49.0
2024-10-23,13,601.0,53.7
2024-10-23,14,670.0,57.5
2024-10-23,15,675.0,60.6
2024-10-23,16,615.0,63.1
2024-10-23,17,495.0,64.8
2024-10-23,18,329.0,65.2
2024-10-23,19,140.0,61.9
2024-10-23,20,10.0,57.7
2024-10-23,21,0.0,55.5
2024-10-23,22,0.0,53.5
2024-10-23,23,0.0,51.4
2024-10-23,24,0.0,49.6
2024-10-24,1,0.0,47.6
2024-10-24,2,0.0,47.3
2024-10-24,3,0.0,47.8
2024-10-24,4,0.0,49.2
2024-10-24,5,0.0,48.8
2024-10-24,6,0.0,48.3
2024-10-24,7,0.0,47.6
2024-10-24,8,0.0,43.3
2024-10-24,9,6.0,43.7
2024-10-24,10,124.0,46.3
2024-10-24,11,313.0,49.9
2024-10-24,12,483.0,53.4
2024-10-24,13,609.0,56.6
2024-10-24,14,676.0,59.7
2024-10-24,15,678.0,62.8
2024-10-24,16,617.0,65.8
2024-10-24,17,495.0,68.0
2024-10-24,18,327.0,68.7
2024-10-24,19,138.0,64.0
2024-10-24,20,9.0,61.4
2024-10-24,21,0.0,59.9
2024-10-24,22,0.0,56.3
2024-10-24,23,0.0,51.9
2024-10-24,24,0.0,49.5
2024-10-25,1,0.0,47.7
2024-10-25,2,0.0,46.5
2024-10-25,3,0.0,44.9
2024-10-25,4,0.0,44.7
2024-10-25,5,0.0,43.0
2024-10-25,6,0.0,42.2
2024-10-25,7,0.0,41.6
2024-10-25,8,0.0,40.6
2024-10-25,9,5.0,41.5
2024-10-25,10,120.0,46.8
2024-10-25,11,308.0,53.2
2024-10-25,12,477.0,56.8
2024-10-25,13,602.0,60.1
2024-10-25,14,668.0,63.1
2024-10-25,15,670.0,65.8
2024-10-25,16,608.0,67.8
2024-10-25,17,487.0,68.8
2024-10-25,18,320.0,68.2
2024-10-25,19,133.0,63.5
2024-10-25,20,8.0,59.4
2024-10-25,21,0.0,56.8
2024-10-25,22,0.0,54.0
2024-10-25,23,0.0,50.9
2024-10-25,24,0.0,48.8
2024-10-26,1,0.0,47.8
2024-10-26,2,0.0,46.5
2024-10-26,3,0.0,45.5
2024-10-26,4,0.0,44.2
2024-10-26,5,0.0,43.8
2024-10-26,6,0.0,43.4
2024-10-26,7,0.0,43.1
2024-10-26,8,0.0,42.6
2024-10-26,9,4.0,42.9
2024-10-26,10,116.0,47.8
2024-10-26,11,296.0,51.3
2024-10-26,12,459.0,55.0
2024-10-26,13,591.0,58.9
2024-10-26,14,662.0,62.3
2024-10-26,15,665.0,65.0
2024-10-26,16,600.0,67.0
2024-10-26,17,470.0,68.1
2024-10-26,18,296.0,67.8
2024-10-26,19,116.0,63.1
2024-10-26,20,6.0,58.9
2024-10-26,21,0.0,57.0
2024-10-26,22,0.0,54.6
2024-10-26,23,0.0,51.4
2024-10-26,24,0.0,49.0
2024-10-27,1,0.0,47.6
2024-10-27,2,0.0,46.7
2024-10-27,3,0.0,45.4
2024-10-27,4,0.0,44.3
2024-10-27,5,0.0,43.6
2024-10-27,6,0.0,42.7
2024-10-27,7,0.0,41.9
2024-10-27,8,0.0,40.8
2024-10-27,9,3.0,42.3
2024-10-27,10,105.0,46.6
2024-10-27,11,284.0,51.4
2024-10-27,12,429.0,55.0
2024-10-27,13,546.0,59.1
2024-10-27,14,634.0,62.6
2024-10-27,15,616.0,64.9
2024-10-27,16,584.0,67.0
2024-10-27,17,443.0,68.2
2024-10-27,18,249.0,68.5
2024-10-27,19,111.0,66.9
2024-10-27,20,6.0,64.5
2024-10-27,21,0.0,62.9
2024-10-27,22,0.0,55.6
2024-10-27,23,0.0,53.4
2024-10-27,24,0.0,50.7
2024-10-28,1,0.0,49.5
2024-10-28,2,0.0,48.0
2024-10-28,3,0.0,49.2
2024-10-28,4,0.0,48.9
2024-10-28,5,0.0,47.0
2024-10-28,6,0.0,46.7
2024-10-28,7,0.0,45.5
2024-10-28,8,0.0,46.1
2024-10-28,9,3.0,45.1
2024-10-28,10,77.0,49.0
2024-10-28,11,236.0,53.7
2024-10-28,12,394.0,57.4
2024-10-28,13,487.0,60.2
2024-10-28,14,556.0,63.0
2024-10-28,15,236.0,62.5
2024-10-28,16,99.0,60.9
2024-10-28,17,83.0,60.1
2024-10-28,18,125.0,62.0
2024-10-28,19,66.0,59.7
2024-10-28,20,4.0,57.9
2024-10-28,21,0.0,57.0
2024-10-28,22,0.0,56.5
2024-10-28,23,0.0,55.4
2024-10-28,24,0.0,56.5
2024-10-29,1,0.0,54.7
2024-10-29,2,0.0,54.6
2024-10-29,3,0.0,54.1
2024-10-29,4,0.0,53.5
2024-10-29,5,0.0,54.1
2024-10-29,6,0.0,52.5
2024-10-29,7,0.0,51.3
2024-10-29,8,0.0,51.8
2024-10-29,9,1.0,51.1
2024-10-29,10,91.0,51.1
2024-10-29,11,300.0,51.6
2024-10-29,12,473.0,52.1
2024-10-29,13,579.0,52.9
2024-10-29,14,651.0,54.5
2024-10-29,15,546.0,55.0
2024-10-29,16,464.0,54.2
2024-10-29,17,383.0,53.7
2024-10-29,18,265.0,52.3
2024-10-29,19,114.0,49.6
2024-10-29,20,5.0,46.5
2024-10-29,21,0.0,45.1
2024-10-29,22,0.0,43.8
2024-10-29,23,0.0,43.4
2024-10-29,24,0.0,42.0
2024-10-30,1,0.0,43.9
2024-10-30,2,0.0,39.7
2024-10-30,3,0.0,39.8
2024-10-30,4,0.0,40.1
2024-10-30,5,0.0,37.8
2024-10-30,6,0.0,35.0
2024-10-30,7,0.0,34.2
2024-10-30,8,0.0,34.5
2024-10-30,9,2.0,34.5
2024-10-30,10,95.0,37.7
2024-10-30,11,236.0,40.0
2024-10-30,12,426.0,42.7
2024-10-30,13,561.0,46.4
2024-10-30,14,627.0,48.6
2024-10-30,15,603.0,49.4
2024-10-30,16,520.0,50.2
2024-10-30,17,426.0,50.3
2024-10-30,18,281.0,49.4
2024-10-30,19,116.0,46.9
2024-10-30,20,4.0,46.7
2024-10-30,21,0.0,46.4
2024-10-30,22,0.0,44.2
2024-10-30,23,0.0,41.5
2024-10-30,24,0.0,39.1
2024-10-31,1,0.0,34.5
2024-10-31,2,0.0,33.4
2024-10-31,3,0.0,32.7
2024-10-31,4,0.0,31.6
2024-10-31,5,0.0,31.4
2024-10-31,6,0.0,30.9
2024-10-31,7,0.0,30.7
2024-10-31,8,0.0,30.9
2024-10-31,9,2.0,31.3
2024-10-31,10,103.0,35.0
2024-10-31,11,286.0,37.8
2024-10-31,12,456.0,41.3
2024-10-31,13,580.0,45.5
2024-10-31,14,642.0,48.7
2024-10-31,15,622.0,50.9
2024-10-31,16,551.0,52.3
2024-10-31,17,432.0,53.3
2024-10-31,18,284.0,52.9
2024-10-31,19,100.0,49.4
2024-10-31,20,4.0,44.4
2024-10-31,21,0.0,43.3
2024-10-31,22,0.0,41.4
2024-10-31,23,0.0,39.7
2024-10-31,24,0.0,38.3
2024-11-01,1,0.0,36.4
2024-11-01,2,0.0,35.2
2024-11-01,3,0.0,35.0
2024-11-01,4,0.0,36.7
2024-11-01,5,0.0,35.6
2024-11-01,6,0.0,33.4
2024-11-01,7,0.0,32.1
2024-11-01,8,0.0,32.6
2024-11-01,9,2.0,31.1
2024-11-01,10,101.0,35.2
2024-11-01,11,288.0,39.5
2024-11-01,12,458.0,43.2
2024-11-01,13,583.0,47.2
2024-11-01,14,650.0,51.0
2024-11-01,15,647.0,54.0
2024-11-01,16,566.0,56.1
2024-11-01,17,424.0,57.1
2024-11-01,18,239.0,56.4
2024-11-01,19,89.0,51.4
2024-11-01,20,3.0,47.1
2024-11-01,21,0.0,44.3
2024-11-01,22,0.0,41.8
2024-11-01,23,0.0,39.4
2024-11-01,24,0.0,37.7
2024-11-02,1,0.0,36.8
2024-11-02,2,0.0,36.3
2024-11-02,3,0.0,36.5
2024-11-02,4,0.0,38.7
2024-11-02,5,0.0,38.7
2024-11-02,6,0.0,37.3
2024-11-02,7,0.0,34.3
2024-11-02,8,0.0,34.3
2024-11-02,9,1.0,34.2
2024-11-02,10,95.0,37.6
2024-11-02,11,274.0,41.3
2024-11-02,12,445.0,44.8
2024-11-02,13,566.0,48.6
2024-11-02,14,636.0,51.8
2024-11-02,15,634.0,54.4
2024-11-02,16,571.0,56.5
2024-11-02,17,406.0,57.2
2024-11-02,18,158.0,56.1
2024-11-02,19,9.0,53.7
2024-11-02,20,1.0,53.3
2024-11-02,21,0.0,51.5
2024-11-02,22,0.0,50.6
2024-11-02,23,0.0,49.1
2024-11-02,24,0.0,47.0
2024-11-03,1,0.0,45.1
2024-11-03,2,0.0,43.3
2024-11-03,3,0.0,43.3
2024-11-03,4,0.0,40.6
2024-11-03,5,0.0,42.6
2024-11-03,6,0.0,40.8
2024-11-03,7,0.0,39.9
2024-11-03,8,0.0,39.2
2024-11-03,9,1.0,38.5
2024-11-03,10,51.0,40.6
2024-11-03,11,190.0,44.2
2024-11-03,12,304.0,46.3
2024-11-03,13,514.0,48.1
2024-11-03,14,576.0,49.3
2024-11-03,15,563.0,50.5
2024-11-03,16,457.0,50.3
2024-11-03,17,309.0,50.0
2024-11-03,18,189.0,49.9
2024-11-03,19,79.0,47.7
2024-11-03,20,2.0,45.1
2024-11-03,21,0.0,43.5
2024-11-03,22,0.0,42.7
2024-11-03,23,0.0,42.0
2024-11-03,24,0.0,41.9
2024-11-04,1,0.0,41.0
2024-11-04,2,0.0,40.5
2024-11-04,3,0.0,39.9
2024-11-04,4,0.0,39.3
2024-11-04,5,0.0,39.5
2024-11-04,6,0.0,39.3
2024-11-04,7,0.0,38.7
2024-11-04,8,0.0,38.8
2024-11-04,9,1.0,38.4
2024-11-04,10,66.0,40.2
2024-11-04,11,257.0,43.3
2024-11-04,12,434.0,45.8
2024-11-04,13,556.0,47.8
2024-11-04,14,622.0,49.9
2024-11-04,15,623.0,50.7
2024-11-04,16,562.0,51.4
2024-11-04,17,444.0,51.2
2024-11-04,18,281.0,49.5
2024-11-04,19,100.0,46.2
2024-11-04,20,2.0,43.9
2024-11-04,21,0.0,42.5
2024-11-04,22,0.0,40.4
2024-11-04,23,0.0,36.6
2024-11-04,24,0.0,34.2
2024-11-05,1,0.0,32.6
2024-11-05,2,0.0,31.6
2024-11-05,3,0.0,30.6
2024-11-05,4,0.0,29.3
2024-11-05,5,0.0,29.1
2024-11-05,6,0.0,28.5
2024-11-05,7,0.0,29.9
2024-11-05,8,0.0,32.1
2024-11-05,9,1.0,31.3
2024-11-05,10,49.0,33.5
2024-11-05,11,157.0,35.3
2024-11-05,12,274.0,37.9
2024-11-05,13,500.0,41.3
2024-11-05,14,601.0,44.2
2024-11-05,15,540.0,45.8
2024-11-05,16,375.0,47.0
2024-11-05,17,241.0,47.5
2024-11-05,18,168.0,46.8
2024-11-05,19,43.0,45.8
2024-11-05,20,1.0,43.4
2024-11-05,21,0.0,41.2
2024-11-05,22,0.0,39.7
2024-11-05,23,0.0,39.7
2024-11-05,24,0.0,38.3
2024-11-06,1,0.0,37.7
2024-11-06,2,0.0,36.6
2024-11-06,3,0.0,35.1
2024-11-06,4,0.0,32.9
2024-11-06,5,0.0,30.9
2024-11-06,6,0.0,31.1
2024-11-06,7,0.0,31.5
2024-11-06,8,0.0,32.4
2024-11-06,9,0.0,31.8
2024-11-06,10,62.0,33.6
2024-11-06,11,167.0,36.1
2024-11-06,12,194.0,37.0
2024-11-06,13,306.0,38.5
2024-11-06,14,408.0,39.9
2024-11-06,15,306.0,40.1
2024-11-06,16,308.0,39.7
2024-11-06,17,227.0,40.2
2024-11-06,18,197.0,39.1
2024-11-06,19,67.0,36.9
2024-11-06,20,1.0,35.1
2024-11-06,21,0.0,34.3
2024-11-06,22,0.0,33.1
2024-11-06,23,0.0,32.5
2024-11-06,24,0.0,32.5
2024-11-07,1,0.0,33.3
2024-11-07,2,0.0,32.3
2024-11-07,3,0.0,30.5
2024-11-07,4,0.0,30.2
2024-11-07,5,0.0,29.7
2024-11-07,6,0.0,31.2
2024-11-07,7,0.0,31.3
2024-11-07,8,0.0,30.6
2024-11-07,9,0.0,32.1
2024-11-07,10,58.0,32.1
2024-11-07,11,224.0,34.2
2024-11-07,12,399.0,36.7
2024-11-07,13,543.0,40.4
2024-11-07,14,603.0,43.0
2024-11-07,15,607.0,45.1
2024-11-07,16,522.0,46.8
2024-11-07,17,383.0,47.7
2024-11-07,18,254.0,48.0
2024-11-07,19,79.0,46.5
2024-11-07,20,1.0,44.2
2024-11-07,21,0.0,39.2
2024-11-07,22,0.0,36.6
2024-11-07,23,0.0,34.6
2024-11-07,24,0.0,32.9
2024-11-08,1,0.0,34.7
2024-11-08,2,0.0,34.3
2024-11-08,3,0.0,31.8
2024-11-08,4,0.0,30.7
2024-11-08,5,0.0,29.6
2024-11-08,6,0.0,31.2
2024-11-08,7,0.0,29.4
2024-11-08,8,0.0,32.5
2024-11-08,9,0.0,32.8
2024-11-08,10,17.0,34.0
2024-11-08,11,57.0,35.0
2024-11-08,12,151.0,36.4
2024-11-08,13,299.0,38.9
2024-11-08,14,328.0,40.2
2024-11-08,15,514.0,42.5
2024-11-08,16,459.0,43.9
2024-11-08,17,399.0,45.1
2024-11-08,18,240.0,45.4
2024-11-08,19,83.0,43.0
2024-11-08,20,1.0,39.8
2024-11-08,21,0.0,39.8
2024-11-08,22,0.0,39.4
2024-11-08,23,0.0,36.7
2024-11-08,24,0.0,33.3
2024-11-09,1,0.0,30.8
2024-11-09,2,0.0,29.4
2024-11-09,3,0.0,28.9
2024-11-09,4,0.0,28.0
2024-11-09,5,0.0,29.4
2024-11-09,6,0.0,29.2
2024-11-09,7,0.0,29.0
2024-11-09,8,0.0,28.2
2024-11-09,9,0.0,29.7
2024-11-09,10,65.0,30.7
2024-11-09,11,233.0,34.1
2024-11-09,12,404.0,37.0
2024-11-09,13,528.0,39.9
2024-11-09,14,593.0,43.1
2024-11-09,15,594.0,46.1
2024-11-09,16,528.0,48.6
2024-11-09,17,419.0,50.0
2024-11-09,18,259.0,50.4
2024-11-09,19,84.0,46.3
2024-11-09,20,1.0,44.2
2024-11-09,21,0.0,41.7
2024-11-09,22,0.0,39.0
2024-11-09,23,0.0,37.0
2024-11-09,24,0.0,35.5
2024-11-10,1,0.0,33.8
2024-11-10,2,0.0,32.3
2024-11-10,3,0.0,31.0
2024-11-10,4,0.0,30.1
2024-11-10,5,0.0,29.3
2024-11-10,6,0.0,28.5
2024-11-10,7,0.0,28.0
2024-11-10,8,0.0,27.8
2024-11-10,9,0.0,27.2
2024-11-10,10,69.0,31.0
2024-11-10,11,242.0,35.2
2024-11-10,12,408.0,38.8
2024-11-10,13,530.0,42.3
2024-11-10,14,592.0,45.7
2024-11-10,15,582.0,48.3
2024-11-10,16,510.0,50.0
2024-11-10,17,389.0,50.7
2024-11-10,18,247.0,50.7
2024-11-10,19,81.0,46.9
2024-11-10,20,1.0,45.1
2024-11-10,21,0.0,43.2
2024-11-10,22,0.0,40.3
2024-11-10,23,0.0,37.5
2024-11-10,24,0.0,35.2
2024-11-11,1,0.0,33.4
2024-11-11,2,0.0,32.2
2024-11-11,3,0.0,31.0
2024-11-11,4,0.0,30.0
2024-11-11,5,0.0,29.5
2024-11-11,6,0.0,29.6
2024-11-11,7,0.0,29.4
2024-11-11,8,0.0,31.9
2024-11-11,9,0.0,30.7
2024-11-11,10,69.0,33.2
2024-11-11,11,238.0,37.1
2024-11-11,12,394.0,41.2
2024-11-11,13,517.0,45.2
2024-11-11,14,589.0,49.2
2024-11-11,15,592.0,52.3
2024-11-11,16,534.0,54.7
2024-11-11,17,415.0,55.9
2024-11-11,18,254.0,55.8
2024-11-11,19,80.0,49.6
2024-11-11,20,0.0,47.6
2024-11-11,21,0.0,45.1
2024-11-11,22,0.0,43.5
2024-11-11,23,0.0,41.2
2024-11-11,24,0.0,40.3
2024-11-12,1,0.0,40.6
2024-11-12,2,0.0,38.8
2024-11-12,3,0.0,37.0
2024-11-12,4,0.0,36.0
2024-11-12,5,0.0,35.7
2024-11-12,6,0.0,34.9
2024-11-12,7,0.0,33.3
2024-11-12,8,0.0,36.2
2024-11-12,9,0.0,36.7
2024-11-12,10,56.0,40.2
2024-11-12,11,231.0,44.9
2024-11-12,12,407.0,50.8
2024-11-12,13,531.0,52.3
2024-11-12,14,583.0,52.1
2024-11-12,15,533.0,53.1
2024-11-12,16,356.0,52.6
2024-11-12,17,299.0,53.9
2024-11-12,18,174.0,53.1
2024-11-12,19,74.0,49.8
2024-11-12,20,0.0,46.1
2024-11-12,21,0.0,42.4
2024-11-12,22,0.0,39.9
2024-11-12,23,0.0,38.0
2024-11-12,24,0.0,37.3
2024-11-13,1,0.0,35.8
2024-11-13,2,0.0,33.9
2024-11-13,3,0.0,31.7
2024-11-13,4,0.0,29.8
2024-11-13,5,0.0,28.8
2024-11-13,6,0.0,27.6
2024-11-13,7,0.0,27.0
2024-11-13,8,0.0,26.5
2024-11-13,9,0.0,26.5
2024-11-13,10,64.0,29.8
2024-11-13,11,236.0,33.4
2024-11-13,12,400.0,37.1
2024-11-13,13,522.0,41.6
2024-11-13,14,587.0,45.3
2024-11-13,15,590.0,47.8
2024-11-13,16,528.0,49.3
2024-11-13,17,412.0,50.1
2024-11-13,18,252.0,50.0
2024-11-13,19,78.0,47.1
2024-11-13,20,0.0,42.8
2024-11-13,21,0.0,39.7
2024-11-13,22,0.0,37.2
2024-11-13,23,0.0,34.3
2024-11-13,24,0.0,32.5
2024-11-14,1,0.0,31.8
2024-11-14,2,0.0,31.2
2024-11-14,3,0.0,30.7
2024-11-14,4,0.0,31.1
2024-11-14,5,0.0,31.2
2024-11-14,6,0.0,30.8
2024-11-14,7,0.0,30.5
2024-11-14,8,0.0,28.1
2024-11-14,9,0.0,28.0
2024-11-14,10,62.0,31.8
2024-11-14,11,233.0,36.5
2024-11-14,12,398.0,40.4
2024-11-14,13,521.0,44.2
2024-11-14,14,588.0,47.9
2024-11-14,15,592.0,51.6
2024-11-14,16,533.0,54.4
2024-11-14,17,415.0,55.9
2024-11-14,18,252.0,54.4
2024-11-14,19,76.0,47.7
2024-11-14,20,0.0,45.8
2024-11-14,21,0.0,43.6
2024-11-14,22,0.0,41.3
2024-11-14,23,0.0,39.5
2024-11-14,24,0.0,37.7
2024-11-15,1,0.0,36.8
2024-11-15,2,0.0,35.7
2024-11-15,3,0.0,34.8
2024-11-15,4,0.0,33.7
2024-11-15,5,0.0,32.9
2024-11-15,6,0.0,33.5
2024-11-15,7,0.0,34.2
2024-11-15,8,0.0,33.7
2024-11-15,9,0.0,34.1
2024-11-15,10,39.0,37.0
2024-11-15,11,228.0,43.9
2024-11-15,12,394.0,48.7
2024-11-15,13,518.0,55.3
2024-11-15,14,584.0,62.5
2024-11-15,15,588.0,63.2
2024-11-15,16,529.0,63.1
2024-11-15,17,411.0,61.8
2024-11-15,18,248.0,59.5
2024-11-15,19,74.0,55.9
2024-11-15,20,0.0,51.1
2024-11-15,21,0.0,48.1
2024-11-15,22,0.0,46.1
2024-11-15,23,0.0,43.4
2024-11-15,24,0.0,41.8
2024-11-16,1,0.0,41.3
2024-11-16,2,0.0,39.2
2024-11-16,3,0.0,37.3
2024-11-16,4,0.0,36.1
2024-11-16,5,0.0,34.3
2024-11-16,6,0.0,33.4
2024-11-16,7,0.0,32.8
2024-11-16,8,0.0,31.8
2024-11-16,9,0.0,31.0
2024-11-16,10,56.0,33.3
2024-11-16,11,222.0,36.3
2024-11-16,12,385.0,39.7
2024-11-16,13,508.0,43.7
2024-11-16,14,583.0,46.8
2024-11-16,15,587.0,48.6
2024-11-16,16,457.0,48.9
2024-11-16,17,306.0,48.9
2024-11-16,18,176.0,48.8
2024-11-16,19,61.0,46.4
2024-11-16,20,0.0,45.6
2024-11-16,21,0.0,43.4
2024-11-16,22,0.0,41.3
2024-11-16,23,0.0,39.4
2024-11-16,24,0.0,36.4
2024-11-17,1,0.0,34.6
2024-11-17,2,0.0,33.5
2024-11-17,3,0.0,31.4
2024-11-17,4,0.0,29.8
2024-11-17,5,0.0,28.9
2024-11-17,6,0.0,28.2
2024-11-17,7,0.0,27.7
2024-11-17,8,0.0,26.5
2024-11-17,9,0.0,27.0
2024-11-17,10,54.0,29.1
2024-11-17,11,221.0,31.7
2024-11-17,12,386.0,35.5
2024-11-17,13,508.0,40.5
2024-11-17,14,574.0,45.8
2024-11-17,15,580.0,49.2
2024-11-17,16,520.0,51.0
2024-11-17,17,403.0,51.2
2024-11-17,18,242.0,50.4
2024-11-17,19,70.0,46.7
2024-11-17,20,0.0,45.1
2024-11-17,21,0.0,42.8
2024-11-17,22,0.0,39.9
2024-11-17,23,0.0,36.2
2024-11-17,24,0.0,34.6
2024-11-18,1,0.0,32.4
2024-11-18,2,0.0,30.4
2024-11-18,3,0.0,29.1
2024-11-18,4,0.0,29.1
2024-11-18,5,0.0,28.8
2024-11-18,6,0.0,27.9
2024-11-18,7,0.0,27.5
2024-11-18,8,0.0,26.2
2024-11-18,9,0.0,26.1
2024-11-18,10,50.0,28.6
2024-11-18,11,183.0,32.5
2024-11-18,12,372.0,36.1
2024-11-18,13,503.0,39.0
2024-11-18,14,572.0,42.9
2024-11-18,15,581.0,47.7
2024-11-18,16,523.0,50.5
2024-11-18,17,404.0,51.9
2024-11-18,18,241.0,52.8
2024-11-18,19,69.0,48.2
2024-11-18,20,0.0,47.4
2024-11-18,21,0.0,44.7
2024-11-18,22,0.0,42.8
2024-11-18,23,0.0,40.4
2024-11-18,24,0.0,38.1
2024-11-19,1,0.0,35.3
2024-11-19,2,0.0,34.2
2024-11-19,3,0.0,33.2
2024-11-19,4,0.0,32.9
2024-11-19,5,0.0,31.6
2024-11-19,6,0.0,32.5
2024-11-19,7,0.0,32.8
2024-11-19,8,0.0,31.7
2024-11-19,9,0.0,30.3
2024-11-19,10,36.0,32.7
2024-11-19,11,170.0,36.0
2024-11-19,12,328.0,40.1
2024-11-19,13,495.0,43.8
2024-11-19,14,579.0,44.9
2024-11-19,15,591.0,45.5
2024-11-19,16,532.0,45.5
2024-11-19,17,411.0,45.1
2024-11-19,18,245.0,44.2
2024-11-19,19,69.0,40.4
2024-11-19,20,0.0,37.9
2024-11-19,21,0.0,36.2
2024-11-19,22,0.0,32.8
2024-11-19,23,0.0,29.1
2024-11-19,24,0.0,26.6
2024-11-20,1,0.0,25.0
2024-11-20,2,0.0,24.5
2024-11-20,3,0.0,24.3
2024-11-20,4,0.0,24.2
2024-11-20,5,0.0,24.6
2024-11-20,6,0.0,24.7
2024-11-20,7,0.0,24.4
2024-11-20,8,0.0,22.6
2024-11-20,9,0.0,22.8
2024-11-20,10,46.0,25.6
2024-11-20,11,209.0,31.3
2024-11-20,12,371.0,34.4
2024-11-20,13,493.0,37.8
2024-11-20,14,559.0,40.5
2024-11-20,15,563.0,42.2
2024-11-20,16,504.0,43.2
2024-11-20,17,390.0,44.1
2024-11-20,18,231.0,43.7
2024-11-20,19,64.0,38.8
2024-11-20,20,0.0,38.6
2024-11-20,21,0.0,36.7
2024-11-20,22,0.0,32.3
2024-11-20,23,0.0,28.6
2024-11-20,24,0.0,27.0
2024-11-21,1,0.0,26.2
2024-11-21,2,0.0,25.3
2024-11-21,3,0.0,25.2
2024-11-21,4,0.0,25.1
2024-11-21,5,0.0,25.0
2024-11-21,6,0.0,24.9
2024-11-21,7,0.0,25.2
2024-11-21,8,0.0,23.1
2024-11-21,9,0.0,22.5
2024-11-21,10,47.0,24.6
2024-11-21,11,213.0,28.6
2024-11-21,12,380.0,33.4
2024-11-21,13,505.0,37.9
2024-11-21,14,573.0,41.5
2024-11-21,15,578.0,44.0
2024-11-21,16,519.0,45.8
2024-11-21,17,402.0,46.7
2024-11-21,18,240.0,45.2
2024-11-21,19,66.0,40.6
2024-11-21,20,0.0,39.0
2024-11-21,21,0.0,35.6
2024-11-21,22,0.0,30.9
2024-11-21,23,0.0,28.0
2024-11-21,24,0.0,27.0
2024-11-22,1,0.0,26.8
2024-11-22,2,0.0,26.8
2024-11-22,3,0.0,26.5
2024-11-22,4,0.0,26.3
2024-11-22,5,0.0,26.3
2024-11-22,6,0.0,26.3
2024-11-22,7,0.0,26.2
2024-11-22,8,0.0,22.8
2024-11-22,9,0.0,22.3
2024-11-22,10,45.0,24.6
2024-11-22,11,210.0,28.7
2024-11-22,12,376.0,32.9
2024-11-22,13,500.0,37.3
2024-11-22,14,568.0,41.4
2024-11-22,15,572.0,43.9
2024-11-22,16,513.0,45.5
2024-11-22,17,396.0,46.5
2024-11-22,18,235.0,45.2
2024-11-22,19,64.0,40.5
2024-11-22,20,0.0,38.3
2024-11-22,21,0.0,36.5
2024-11-22,22,0.0,34.6
2024-11-22,23,0.0,32.4
2024-11-22,24,0.0,31.3
2024-11-23,1,0.0,30.7
2024-11-23,2,0.0,29.7
2024-11-23,3,0.0,29.4
2024-11-23,4,0.0,29.3
2024-11-23,5,0.0,28.9
2024-11-23,6,0.0,28.9
2024-11-23,7,0.0,28.8
2024-11-23,8,0.0,26.2
2024-11-23,9,0.0,26.3
2024-11-23,10,37.0,28.2
2024-11-23,11,175.0,32.5
2024-11-23,12,327.0,36.3
2024-11-23,13,455.0,40.4
2024-11-23,14,529.0,44.2
2024-11-23,15,553.0,47.1
2024-11-23,16,497.0,49.0
2024-11-23,17,388.0,49.9
2024-11-23,18,230.0,48.0
2024-11-23,19,61.0,44.3
2024-11-23,20,0.0,42.5
2024-11-23,21,0.0,39.7
2024-11-23,22,0.0,37.4
2024-11-23,23,0.0,35.7
2024-11-23,24,0.0,34.8
2024-11-24,1,0.0,34.7
2024-11-24,2,0.0,34.7
2024-11-24,3,0.0,35.1
2024-11-24,4,0.0,34.0
2024-11-24,5,0.0,35.2
2024-11-24,6,0.0,34.6
2024-11-24,7,0.0,33.4
2024-11-24,8,0.0,36.0
2024-11-24,9,0.0,34.0
2024-11-24,10,35.0,34.4
2024-11-24,11,167.0,39.7
2024-11-24,12,334.0,44.9
2024-11-24,13,400.0,47.8
2024-11-24,14,461.0,50.6
2024-11-24,15,425.0,53.2
2024-11-24,16,396.0,57.1
2024-11-24,17,243.0,57.4
2024-11-24,18,125.0,55.1
2024-11-24,19,35.0,50.1
2024-11-24,20,0.0,50.5
2024-11-24,21,0.0,46.9
2024-11-24,22,0.0,42.4
2024-11-24,23,0.0,39.6
2024-11-24,24,0.0,36.9
2024-11-25,1,0.0,33.4
2024-11-25,2,0.0,31.6
2024-11-25,3,0.0,30.2
2024-11-25,4,0.0,29.6
2024-11-25,5,0.0,29.0
2024-11-25,6,0.0,28.4
2024-11-25,7,0.0,28.0
2024-11-25,8,0.0,27.6
2024-11-25,9,0.0,27.3
2024-11-25,10,36.0,29.0
2024-11-25,11,188.0,32.4
2024-11-25,12,348.0,36.4
2024-11-25,13,460.0,39.8
2024-11-25,14,525.0,43.0
2024-11-25,15,500.0,45.7
2024-11-25,16,414.0,47.4
2024-11-25,17,278.0,48.0
2024-11-25,18,117.0,47.8
2024-11-25,19,16.0,46.0
2024-11-25,20,0.0,45.7
2024-11-25,21,0.0,44.2
2024-11-25,22,0.0,43.5
2024-11-25,23,0.0,39.5
2024-11-25,24,0.0,40.0
2024-11-26,1,0.0,40.6
2024-11-26,2,0.0,40.7
2024-11-26,3,0.0,40.0
2024-11-26,4,0.0,39.8
2024-11-26,5,0.0,40.4
2024-11-26,6,0.0,39.6
2024-11-26,7,0.0,39.9
2024-11-26,8,0.0,38.0
2024-11-26,9,0.0,38.8
2024-11-26,10,7.0,39.2
2024-11-26,11,49.0,41.7
2024-11-26,12,72.0,43.9
2024-11-26,13,113.0,46.6
2024-11-26,14,167.0,49.2
2024-11-26,15,163.0,49.7
2024-11-26,16,158.0,50.0
2024-11-26,17,157.0,51.4
2024-11-26,18,71.0,50.7
2024-11-26,19,11.0,48.7
2024-11-26,20,0.0,46.8
2024-11-26,21,0.0,46.0
2024-11-26,22,0.0,45.9
2024-11-26,23,0.0,43.3
2024-11-26,24,0.0,43.7
2024-11-27,1,0.0,43.6
2024-11-27,2,0.0,44.2
2024-11-27,3,0.0,47.1
2024-11-27,4,0.0,47.4
2024-11-27,5,0.0,47.6
2024-11-27,6,0.0,44.8
2024-11-27,7,0.0,43.5
2024-11-27,8,0.0,41.5
2024-11-27,9,0.0,41.0
2024-11-27,10,8.0,40.8
2024-11-27,11,69.0,42.4
2024-11-27,12,200.0,44.4
2024-11-27,13,339.0,47.0
2024-11-27,14,460.0,48.8
2024-11-27,15,526.0,49.3
2024-11-27,16,489.0,49.6
2024-11-27,17,367.0,49.4
2024-11-27,18,223.0,47.9
2024-11-27,19,58.0,43.3
2024-11-27,20,0.0,40.6
2024-11-27,21,0.0,37.6
2024-11-27,22,0.0,34.7
2024-11-27,23,0.0,32.5
2024-11-27,24,0.0,31.5
2024-11-28,1,0.0,29.8
2024-11-28,2,0.0,28.2
2024-11-28,3,0.0,27.1
2024-11-28,4,0.0,26.1
2024-11-28,5,0.0,25.5
2024-11-28,6,0.0,24.9
2024-11-28,7,0.0,24.4
2024-11-28,8,0.0,25.5
2024-11-28,9,0.0,25.3
2024-11-28,10,32.0,26.7
2024-11-28,11,184.0,29.6
2024-11-28,12,346.0,32.5
2024-11-28,13,470.0,35.4
2024-11-28,14,540.0,38.5
2024-11-28,15,548.0,41.2
2024-11-28,16,493.0,42.9
2024-11-28,17,379.0,43.7
2024-11-28,18,222.0,43.2
2024-11-28,19,57.0,38.8
2024-11-28,20,0.0,37.2
2024-11-28,21,0.0,35.4
2024-11-28,22,0.0,32.8
2024-11-28,23,0.0,29.8
2024-11-28,24,0.0,27.4
2024-11-29,1,0.0,26.0
2024-11-29,2,0.0,25.3
2024-11-29,3,0.0,25.4
2024-11-29,4,0.0,24.9
2024-11-29,5,0.0,24.8
2024-11-29,6,0.0,24.4
2024-11-29,7,0.0,23.8
2024-11-29,8,0.0,22.9
2024-11-29,9,0.0,22.9
2024-11-29,10,30.0,23.8
2024-11-29,11,181.0,27.6
2024-11-29,12,344.0,31.5
2024-11-29,13,469.0,34.8
2024-11-29,14,539.0,36.9
2024-11-29,15,547.0,38.7
2024-11-29,16,493.0,40.0
2024-11-29,17,379.0,40.4
2024-11-29,18,223.0,39.6
2024-11-29,19,57.0,35.2
2024-11-29,20,0.0,32.7
2024-11-29,21,0.0,30.7
2024-11-29,22,0.0,28.2
2024-11-29,23,0.0,26.9
2024-11-29,24,0.0,26.0
2024-11-30,1,0.0,25.4
2024-11-30,2,0.0,25.3
2024-11-30,3,0.0,24.8
2024-11-30,4,0.0,24.1
2024-11-30,5,0.0,24.1
2024-11-30,6,0.0,23.9
2024-11-30,7,0.0,23.7
2024-11-30,8,0.0,22.7
2024-11-30,9,0.0,21.8
2024-11-30,10,29.0,22.8
2024-11-30,11,178.0,26.7
2024-11-30,12,339.0,29.9
2024-11-30,13,462.0,33.0
2024-11-30,14,531.0,35.6
2024-11-30,15,539.0,37.4
2024-11-30,16,484.0,38.7
2024-11-30,17,373.0,39.1
2024-11-30,18,218.0,38.1
2024-11-30,19,55.0,33.9
2024-11-30,20,0.0,31.9
2024-11-30,21,0.0,30.2
2024-11-30,22,0.0,28.9
2024-11-30,23,0.0,27.7
2024-11-30,24,0.0,26.3
2024-12-01,1,0.0,25.9
2024-12-01,2,0.0,25.9
2024-12-01,3,0.0,26.2
2024-12-01,4,0.0,26.2
2024-12-01,5,0.0,26.1
2024-12-01,6,0.0,25.8
2024-12-01,7,0.0,25.7
2024-12-01,8,0.0,21.5
2024-12-01,9,0.0,20.8
2024-12-01,10,27.0,22.2
2024-12-01,11,174.0,25.3
2024-12-01,12,335.0,28.2
2024-12-01,13,458.0,31.8
2024-12-01,14,527.0,34.5
2024-12-01,15,535.0,36.1
2024-12-01,16,480.0,37.2
2024-12-01,17,369.0,37.2
2024-12-01,18,215.0,35.9
2024-12-01,19,51.0,31.2
2024-12-01,20,0.0,31.6
2024-12-01,21,0.0,31.5
2024-12-01,22,0.0,31.4
2024-12-01,23,0.0,31.2
2024-12-01,24,0.0,30.7
2024-12-02,1,0.0,29.5
2024-12-02,2,0.0,28.0
2024-12-02,3,0.0,27.8
2024-12-02,4,0.0,28.0
2024-12-02,5,0.0,28.1
2024-12-02,6,0.0,27.4
2024-12-02,7,0.0,26.7
2024-12-02,8,0.0,24.4
2024-12-02,9,0.0,23.2
2024-12-02,10,25.0,24.3
2024-12-02,11,167.0,28.0
2024-12-02,12,326.0,32.1
2024-12-02,13,449.0,35.2
2024-12-02,14,518.0,37.7
2024-12-02,15,527.0,39.1
2024-12-02,16,473.0,40.0
2024-12-02,17,363.0,40.1
2024-12-02,18,211.0,38.4
2024-12-02,19,53.0,34.3
2024-12-02,20,0.0,34.4
2024-12-02,21,0.0,33.6
2024-12-02,22,0.0,32.7
2024-12-02,23,0.0,32.3
2024-12-02,24,0.0,31.6
2024-12-03,1,0.0,30.7
2024-12-03,2,0.0,30.1
2024-12-03,3,0.0,29.7
2024-12-03,4,0.0,29.0
2024-12-03,5,0.0,28.5
2024-12-03,6,0.0,27.9
2024-12-03,7,0.0,27.3
2024-12-03,8,0.0,24.5
2024-12-03,9,0.0,23.5
2024-12-03,10,22.0,24.2
2024-12-03,11,149.0,27.8
2024-12-03,12,292.0,32.5
2024-12-03,13,402.0,36.0
2024-12-03,14,466.0,38.8
2024-12-03,15,496.0,40.9
2024-12-03,16,454.0,42.2
2024-12-03,17,351.0,42.4
2024-12-03,18,199.0,40.4
2024-12-03,19,49.0,36.4
2024-12-03,20,0.0,34.4
2024-12-03,21,0.0,32.5
2024-12-03,22,0.0,31.5
2024-12-03,23,0.0,30.7
2024-12-03,24,0.0,30.1
2024-12-04,1,0.0,29.3
2024-12-04,2,0.0,28.9
2024-12-04,3,0.0,28.2
2024-12-04,4,0.0,27.7
2024-12-04,5,0.0,28.0
2024-12-04,6,0.0,28.0
2024-12-04,7,0.0,28.0
2024-12-04,8,0.0,26.2
2024-12-04,9,0.0,25.9
2024-12-04,10,22.0,26.4
2024-12-04,11,160.0,29.4
2024-12-04,12,318.0,32.8
2024-12-04,13,441.0,35.7
2024-12-04,14,510.0,37.9
2024-12-04,15,519.0,39.3
2024-12-04,16,466.0,40.2
2024-12-04,17,359.0,40.0
2024-12-04,18,209.0,37.9
2024-12-04,19,52.0,33.2
2024-12-04,20,0.0,34.3
2024-12-04,21,0.0,33.3
2024-12-04,22,0.0,32.5
2024-12-04,23,0.0,32.5
2024-12-04,24,0.0,32.4
2024-12-05,1,0.0,31.7
2024-12-05,2,0.0,31.1
2024-12-05,3,0.0,30.2
2024-12-05,4,0.0,29.3
2024-12-05,5,0.0,28.5
2024-12-05,6,0.0,27.9
2024-12-05,7,0.0,27.2
2024-12-05,8,0.0,25.4
2024-12-05,9,0.0,24.9
2024-12-05,10,21.0,26.0
2024-12-05,11,150.0,29.1
2024-12-05,12,297.0,32.9
2024-12-05,13,429.0,37.0
2024-12-05,14,506.0,40.5
2024-12-05,15,517.0,42.9
2024-12-05,16,451.0,44.3
2024-12-05,17,333.0,44.6
2024-12-05,18,179.0,42.8
2024-12-05,19,47.0,38.9
2024-12-05,20,0.0,40.2
2024-12-05,21,0.0,37.7
2024-12-05,22,0.0,35.3
2024-12-05,23,0.0,33.9
2024-12-05,24,0.0,32.4
2024-12-06,1,0.0,31.3
2024-12-06,2,0.0,31.2
2024-12-06,3,0.0,31.2
2024-12-06,4,0.0,30.7
2024-12-06,5,0.0,30.2
2024-12-06,6,0.0,29.8
2024-12-06,7,0.0,29.5
2024-12-06,8,0.0,25.5
2024-12-06,9,0.0,25.1
2024-12-06,10,20.0,26.2
2024-12-06,11,157.0,29.8
2024-12-06,12,316.0,33.2
2024-12-06,13,439.0,36.0
2024-12-06,14,511.0,38.1
2024-12-06,15,521.0,40.0
2024-12-06,16,469.0,41.3
2024-12-06,17,362.0,41.6
2024-12-06,18,210.0,40.5
2024-12-06,19,53.0,36.0
2024-12-06,20,0.0,35.9
2024-12-06,21,0.0,34.1
2024-12-06,22,0.0,32.6
2024-12-06,23,0.0,30.4
2024-12-06,24,0.0,28.8
2024-12-07,1,0.0,28.5
2024-12-07,2,0.0,28.3
2024-12-07,3,0.0,28.4
2024-12-07,4,0.0,28.8
2024-12-07,5,0.0,28.9
2024-12-07,6,0.0,28.9
2024-12-07,7,0.0,28.6
2024-12-07,8,0.0,26.9
2024-12-07,9,0.0,26.5
2024-12-07,10,19.0,26.3
2024-12-07,11,155.0,29.3
2024-12-07,12,315.0,32.6
2024-12-07,13,440.0,35.6
2024-12-07,14,511.0,37.9
2024-12-07,15,522.0,39.7
2024-12-07,16,471.0,41.3
2024-12-07,17,364.0,42.2
2024-12-07,18,212.0,40.4
2024-12-07,19,53.0,36.1
2024-12-07,20,0.0,36.4
2024-12-07,21,0.0,32.7
2024-12-07,22,0.0,30.9
2024-12-07,23,0.0,29.7
2024-12-07,24,0.0,29.4
2024-12-08,1,0.0,29.3
2024-12-08,2,0.0,28.5
2024-12-08,3,0.0,28.0
2024-12-08,4,0.0,27.6
2024-12-08,5,0.0,26.9
2024-12-08,6,0.0,26.7
2024-12-08,7,0.0,26.4
2024-12-08,8,0.0,23.1
2024-12-08,9,0.0,22.5
2024-12-08,10,18.0,23.7
2024-12-08,11,148.0,27.3
2024-12-08,12,303.0,31.0
2024-12-08,13,424.0,34.8
2024-12-08,14,489.0,37.7
2024-12-08,15,510.0,39.7
2024-12-08,16,461.0,41.1
2024-12-08,17,355.0,41.6
2024-12-08,18,207.0,39.6
2024-12-08,19,46.0,34.8
2024-12-08,20,0.0,34.6
2024-12-08,21,0.0,32.5
2024-12-08,22,0.0,30.8
2024-12-08,23,0.0,30.8
2024-12-08,24,0.0,31.6
2024-12-09,1,0.0,30.9
2024-12-09,2,0.0,30.1
2024-12-09,3,0.0,29.5
2024-12-09,4,0.0,29.2
2024-12-09,5,0.0,28.5
2024-12-09,6,0.0,28.2
2024-12-09,7,0.0,28.1
2024-12-09,8,0.0,27.8
2024-12-09,9,0.0,27.7
2024-12-09,10,17.0,28.1
2024-12-09,11,150.0,30.2
2024-12-09,12,307.0,33.1
2024-12-09,13,391.0,39.7
2024-12-09,14,249.0,42.6
2024-12-09,15,156.0,41.2
2024-12-09,16,206.0,41.5
2024-12-09,17,335.0,41.4
2024-12-09,18,204.0,38.8
2024-12-09,19,54.0,32.0
2024-12-09,20,0.0,30.0
2024-12-09,21,0.0,29.0
2024-12-09,22,0.0,28.3
2024-12-09,23,0.0,28.3
2024-12-09,24,0.0,27.9
2024-12-10,1,0.0,28.0
2024-12-10,2,0.0,27.0
2024-12-10,3,0.0,26.1
2024-12-10,4,0.0,26.1
2024-12-10,5,0.0,25.4
2024-12-10,6,0.0,24.7
2024-12-10,7,0.0,24.1
2024-12-10,8,0.0,22.3
2024-12-10,9,0.0,21.2
2024-12-10,10,17.0,21.1
2024-12-10,11,152.0,25.7
2024-12-10,12,313.0,31.1
2024-12-10,13,439.0,35.2
2024-12-10,14,511.0,37.9
2024-12-10,15,522.0,39.7
2024-12-10,16,471.0,40.7
2024-12-10,17,363.0,40.3
2024-12-10,18,213.0,37.7
2024-12-10,19,54.0,32.6
2024-12-10,20,0.0,29.8
2024-12-10,21,0.0,28.9
2024-12-10,22,0.0,27.2
2024-12-10,23,0.0,26.1
2024-12-10,24,0.0,25.2
2024-12-11,1,0.0,24.6
2024-12-11,2,0.0,24.2
2024-12-11,3,0.0,23.8
2024-12-11,4,0.0,23.5
2024-12-11,5,0.0,23.1
2024-12-11,6,0.0,22.9
2024-12-11,7,0.0,22.3
2024-12-11,8,0.0,18.0
2024-12-11,9,0.0,17.2
2024-12-11,10,16.0,18.6
2024-12-11,11,146.0,22.5
2024-12-11,12,303.0,26.2
2024-12-11,13,427.0,29.8
2024-12-11,14,498.0,32.9
2024-12-11,15,517.0,35.0
2024-12-11,16,469.0,36.4
2024-12-11,17,356.0,37.0
2024-12-11,18,205.0,35.2
2024-12-11,19,46.0,30.8
2024-12-11,20,0.0,28.7
2024-12-11,21,0.0,28.2
2024-12-11,22,0.0,27.5
2024-12-11,23,0.0,26.3
2024-12-11,24,0.0,24.6
2024-12-12,1,0.0,23.4
2024-12-12,2,0.0,22.9
2024-12-12,3,0.0,23.0
2024-12-12,4,0.0,23.1
2024-12-12,5,0.0,23.3
2024-12-12,6,0.0,23.5
2024-12-12,7,0.0,23.7
2024-12-12,8,0.0,19.0
2024-12-12,9,0.0,18.8
2024-12-12,10,12.0,20.4
2024-12-12,11,121.0,25.4
2024-12-12,12,245.0,31.3
2024-12-12,13,345.0,35.3
2024-12-12,14,420.0,38.5
2024-12-12,15,401.0,40.4
2024-12-12,16,314.0,41.4
2024-12-12,17,255.0,41.7
2024-12-12,18,139.0,38.9
2024-12-12,19,45.0,33.6
2024-12-12,20,0.0,32.5
2024-12-12,21,0.0,31.9
2024-12-12,22,0.0,31.6
2024-12-12,23,0.0,32.3
2024-12-12,24,0.0,32.6
2024-12-13,1,0.0,31.4
2024-12-13,2,0.0,31.2
2024-12-13,3,0.0,29.9
2024-12-13,4,0.0,29.0
2024-12-13,5,0.0,28.9
2024-12-13,6,0.0,28.2
2024-12-13,7,0.0,27.8
2024-12-13,8,0.0,25.8
2024-12-13,9,0.0,24.7
2024-12-13,10,14.0,25.5
2024-12-13,11,142.0,29.4
2024-12-13,12,225.0,32.6
2024-12-13,13,432.0,36.7
2024-12-13,14,503.0,41.4
2024-12-13,15,518.0,45.4
2024-12-13,16,470.0,46.8
2024-12-13,17,364.0,45.8
2024-12-13,18,214.0,42.0
2024-12-13,19,55.0,36.1
2024-12-13,20,0.0,35.6
2024-12-13,21,0.0,33.1
2024-12-13,22,0.0,28.9
2024-12-13,23,0.0,26.8
2024-12-13,24,0.0,26.3
2024-12-14,1,0.0,26.1
2024-12-14,2,0.0,26.0
2024-12-14,3,0.0,25.8
2024-12-14,4,0.0,25.5
2024-12-14,5,0.0,25.3
2024-12-14,6,0.0,25.4
2024-12-14,7,0.0,25.9
2024-12-14,8,0.0,25.0
2024-12-14,9,0.0,23.8
2024-12-14,10,13.0,23.8
2024-12-14,11,136.0,28.3
2024-12-14,12,291.0,34.0
2024-12-14,13,404.0,37.6
2024-12-14,14,451.0,40.3
2024-12-14,15,405.0,42.1
2024-12-14,16,266.0,43.1
2024-12-14,17,164.0,42.4
2024-12-14,18,168.0,40.6
2024-12-14,19,53.0,35.0
2024-12-14,20,0.0,33.7
2024-12-14,21,0.0,32.5
2024-12-14,22,0.0,32.2
2024-12-14,23,0.0,31.6
2024-12-14,24,0.0,30.4
2024-12-15,1,0.0,29.1
2024-12-15,2,0.0,28.4
2024-12-15,3,0.0,28.2
2024-12-15,4,0.0,27.8
2024-12-15,5,0.0,28.9
2024-12-15,6,0.0,29.7
2024-12-15,7,0.0,30.4
2024-12-15,8,0.0,30.7
2024-12-15,9,0.0,29.8
2024-12-15,10,13.0,28.4
2024-12-15,11,139.0,31.6
2024-12-15,12,299.0,34.5
2024-12-15,13,426.0,37.2
2024-12-15,14,501.0,39.5
2024-12-15,15,516.0,42.0
2024-12-15,16,470.0,43.8
2024-12-15,17,366.0,44.4
2024-12-15,18,216.0,41.7
2024-12-15,19,57.0,36.7
2024-12-15,20,0.0,38.0
2024-12-15,21,0.0,32.3
2024-12-15,22,0.0,28.0
2024-12-15,23,0.0,26.0
2024-12-15,24,0.0,26.0
2024-12-16,1,0.0,25.9
2024-12-16,2,0.0,26.0
2024-12-16,3,0.0,25.7
2024-12-16,4,0.0,25.5
2024-12-16,5,0.0,25.5
2024-12-16,6,0.0,25.3
2024-12-16,7,0.0,25.8
2024-12-16,8,0.0,23.9
2024-12-16,9,0.0,23.0
2024-12-16,10,10.0,23.2
2024-12-16,11,104.0,26.2
2024-12-16,12,258.0,30.8
2024-12-16,13,380.0,35.9
2024-12-16,14,480.0,40.2
2024-12-16,15,516.0,43.3
2024-12-16,16,470.0,44.9
2024-12-16,17,367.0,45.1
2024-12-16,18,218.0,41.2
2024-12-16,19,57.0,34.7
2024-12-16,20,0.0,32.5
2024-12-16,21,0.0,31.7
2024-12-16,22,0.0,31.0
2024-12-16,23,0.0,32.2
2024-12-16,24,0.0,31.9
2024-12-17,1,0.0,32.2
2024-12-17,2,0.0,30.8
2024-12-17,3,0.0,29.3
2024-12-17,4,0.0,28.7
2024-12-17,5,0.0,28.2
2024-12-17,6,0.0,28.2
2024-12-17,7,0.0,27.7
2024-12-17,8,0.0,26.3
2024-12-17,9,0.0,25.5
2024-12-17,10,10.0,25.3
2024-12-17,11,121.0,28.8
2024-12-17,12,279.0,32.2
2024-12-17,13,393.0,35.6
2024-12-17,14,457.0,38.4
2024-12-17,15,491.0,40.2
2024-12-17,16,412.0,40.8
2024-12-17,17,303.0,40.7
2024-12-17,18,192.0,38.5
2024-12-17,19,48.0,35.0
2024-12-17,20,0.0,35.8
2024-12-17,21,0.0,34.7
2024-12-17,22,0.0,30.7
2024-12-17,23,0.0,29.4
2024-12-17,24,0.0,28.3
2024-12-18,1,0.0,28.4
2024-12-18,2,0.0,28.7
2024-12-18,3,0.0,28.7
2024-12-18,4,0.0,28.9
2024-12-18,5,0.0,28.9
2024-12-18,6,0.0,29.2
2024-12-18,7,0.0,29.3
2024-12-18,8,0.0,27.8
2024-12-18,9,0.0,26.2
2024-12-18,10,10.0,25.4
2024-12-18,11,119.0,28.6
2024-12-18,12,284.0,32.5
2024-12-18,13,393.0,36.1
2024-12-18,14,483.0,38.9
2024-12-18,15,499.0,40.5
2024-12-18,16,454.0,41.2
2024-12-18,17,354.0,41.1
2024-12-18,18,207.0,39.2
2024-12-18,19,55.0,34.9
2024-12-18,20,0.0,35.6
2024-12-18,21,0.0,34.7
2024-12-18,22,0.0,33.5
2024-12-18,23,0.0,32.5
2024-12-18,24,0.0,31.0
2024-12-19,1,0.0,28.9
2024-12-19,2,0.0,27.1
2024-12-19,3,0.0,27.0
2024-12-19,4,0.0,27.8
2024-12-19,5,0.0,28.8
2024-12-19,6,0.0,28.7
2024-12-19,7,0.0,28.3
2024-12-19,8,0.0,24.2
2024-12-19,9,0.0,24.0
2024-12-19,10,10.0,25.0
2024-12-19,11,129.0,28.0
2024-12-19,12,290.0,31.3
2024-12-19,13,418.0,34.4
2024-12-19,14,494.0,36.8
2024-12-19,15,511.0,38.3
2024-12-19,16,466.0,39.3
2024-12-19,17,363.0,39.4
2024-12-19,18,217.0,36.9
2024-12-19,19,59.0,31.7
2024-12-19,20,0.0,33.8
2024-12-19,21,0.0,33.1
2024-12-19,22,0.0,32.4
2024-12-19,23,0.0,31.7
2024-12-19,24,0.0,31.3
2024-12-20,1,0.0,30.5
2024-12-20,2,0.0,29.6
2024-12-20,3,0.0,28.7
2024-12-20,4,0.0,28.0
2024-12-20,5,0.0,27.4
2024-12-20,6,0.0,27.0
2024-12-20,7,0.0,26.2
2024-12-20,8,0.0,21.7
2024-12-20,9,0.0,20.8
2024-12-20,10,10.0,21.0
2024-12-20,11,128.0,24.7
2024-12-20,12,282.0,29.5
2024-12-20,13,396.0,34.3
2024-12-20,14,468.0,37.8
2024-12-20,15,499.0,40.1
2024-12-20,16,460.0,41.5
2024-12-20,17,356.0,42.0
2024-12-20,18,216.0,39.8
2024-12-20,19,59.0,35.3
2024-12-20,20,0.0,34.7
2024-12-20,21,0.0,33.2
2024-12-20,22,0.0,32.7
2024-12-20,23,0.0,32.6
2024-12-20,24,0.0,31.7
2024-12-21,1,0.0,30.2
2024-12-21,2,0.0,28.8
2024-12-21,3,0.0,28.4
2024-12-21,4,0.0,28.6
2024-12-21,5,0.0,28.9
2024-12-21,6,0.0,28.8
2024-12-21,7,0.0,28.3
2024-12-21,8,0.0,22.6
2024-12-21,9,0.0,21.6
2024-12-21,10,10.0,21.7
2024-12-21,11,127.0,24.8
2024-12-21,12,284.0,29.4
2024-12-21,13,414.0,34.4
2024-12-21,14,491.0,38.1
2024-12-21,15,509.0,40.5
2024-12-21,16,465.0,41.7
2024-12-21,17,364.0,42.2
2024-12-21,18,216.0,40.6
2024-12-21,19,61.0,36.3
2024-12-21,20,0.0,35.4
2024-12-21,21,0.0,33.9
2024-12-21,22,0.0,33.2
2024-12-21,23,0.0,32.5
2024-12-21,24,0.0,31.4
2024-12-22,1,0.0,30.7
2024-12-22,2,0.0,30.1
2024-12-22,3,0.0,29.6
2024-12-22,4,0.0,28.9
2024-12-22,5,0.0,28.4
2024-12-22,6,0.0,27.6
2024-12-22,7,0.0,26.9
2024-12-22,8,0.0,22.8
2024-12-22,9,0.0,21.8
2024-12-22,10,9.0,22.2
2024-12-22,11,116.0,25.7
2024-12-22,12,266.0,30.6
2024-12-22,13,389.0,34.8
2024-12-22,14,477.0,38.5
2024-12-22,15,502.0,40.9
2024-12-22,16,459.0,42.7
2024-12-22,17,356.0,43.4
2024-12-22,18,212.0,41.0
2024-12-22,19,57.0,36.5
2024-12-22,20,0.0,37.1
2024-12-22,21,0.0,35.4
2024-12-22,22,0.0,37.0
2024-12-22,23,0.0,36.5
2024-12-22,24,0.0,34.9
2024-12-23,1,0.0,33.4
2024-12-23,2,0.0,33.6
2024-12-23,3,0.0,33.9
2024-12-23,4,0.0,32.2
2024-12-23,5,0.0,32.2
2024-12-23,6,0.0,32.6
2024-12-23,7,0.0,31.6
2024-12-23,8,0.0,31.4
2024-12-23,9,0.0,30.7
2024-12-23,10,9.0,31.1
2024-12-23,11,122.0,33.0
2024-12-23,12,277.0,36.0
2024-12-23,13,404.0,39.1
2024-12-23,14,481.0,41.6
2024-12-23,15,500.0,44.0
2024-12-23,16,458.0,46.1
2024-12-23,17,359.0,47.8
2024-12-23,18,216.0,46.9
2024-12-23,19,62.0,42.5
2024-12-23,20,0.0,40.6
2024-12-23,21,0.0,37.1
2024-12-23,22,0.0,34.1
2024-12-23,23,0.0,31.9
2024-12-23,24,0.0,30.6
2024-12-24,1,0.0,30.3
2024-12-24,2,0.0,30.0
2024-12-24,3,0.0,29.7
2024-12-24,4,0.0,29.0
2024-12-24,5,0.0,28.4
2024-12-24,6,0.0,27.8
2024-12-24,7,0.0,28.2
2024-12-24,8,0.0,28.1
2024-12-24,9,0.0,27.9
2024-12-24,10,8.0,28.0
2024-12-24,11,113.0,30.7
2024-12-24,12,266.0,33.4
2024-12-24,13,398.0,36.5
2024-12-24,14,445.0,39.3
2024-12-24,15,411.0,41.5
2024-12-24,16,384.0,43.6
2024-12-24,17,352.0,44.9
2024-12-24,18,222.0,42.3
2024-12-24,19,53.0,36.8
2024-12-24,20,0.0,38.0
2024-12-24,21,0.0,36.8
2024-12-24,22,0.0,36.1
2024-12-24,23,0.0,35.7
2024-12-24,24,0.0,35.6
2024-12-25,1,0.0,36.1
2024-12-25,2,0.0,36.9
2024-12-25,3,0.0,35.9
2024-12-25,4,0.0,37.2
2024-12-25,5,0.0,35.7
2024-12-25,6,0.0,33.4
2024-12-25,7,0.0,31.6
2024-12-25,8,0.0,31.9
2024-12-25,9,0.0,30.5
2024-12-25,10,8.0,29.8
2024-12-25,11,118.0,33.3
2024-12-25,12,262.0,36.6
2024-12-25,13,401.0,39.2
2024-12-25,14,482.0,42.7
2024-12-25,15,499.0,46.3
2024-12-25,16,459.0,47.8
2024-12-25,17,352.0,47.8
2024-12-25,18,197.0,47.0
2024-12-25,19,60.0,42.7
2024-12-25,20,0.0,40.2
2024-12-25,21,0.0,39.4
2024-12-25,22,0.0,37.1
2024-12-25,23,0.0,34.3
2024-12-25,24,0.0,32.4
2024-12-26,1,0.0,31.0
2024-12-26,2,0.0,29.8
2024-12-26,3,0.0,29.6
2024-12-26,4,0.0,29.8
2024-12-26,5,0.0,29.2
2024-12-26,6,0.0,28.7
2024-12-26,7,0.0,28.1
2024-12-26,8,0.0,29.0
2024-12-26,9,0.0,28.9
2024-12-26,10,7.0,29.0
2024-12-26,11,99.0,31.5
2024-12-26,12,178.0,33.2
2024-12-26,13,144.0,34.4
2024-12-26,14,138.0,35.3
2024-12-26,15,215.0,36.7
2024-12-26,16,323.0,38.5
2024-12-26,17,275.0,38.8
2024-12-26,18,165.0,38.6
2024-12-26,19,66.0,35.2
2024-12-26,20,0.0,31.6
2024-12-26,21,0.0,30.8
2024-12-26,22,0.0,30.1
2024-12-26,23,0.0,28.7
2024-12-26,24,0.0,28.8
2024-12-27,1,0.0,28.5
2024-12-27,2,0.0,28.0
2024-12-27,3,0.0,28.4
2024-12-27,4,0.0,28.9
2024-12-27,5,0.0,29.3
2024-12-27,6,0.0,29.8
2024-12-27,7,0.0,30.7
2024-12-27,8,0.0,30.8
2024-12-27,9,0.0,31.1
2024-12-27,10,2.0,31.2
2024-12-27,11,28.0,32.6
2024-12-27,12,46.0,33.9
2024-12-27,13,102.0,35.7
2024-12-27,14,130.0,36.8
2024-12-27,15,178.0,37.8
2024-12-27,16,328.0,39.5
2024-12-27,17,261.0,40.2
2024-12-27,18,218.0,39.8
2024-12-27,19,56.0,37.1
2024-12-27,20,0.0,35.7
2024-12-27,21,0.0,33.9
2024-12-27,22,0.0,30.7
2024-12-27,23,0.0,29.3
2024-12-27,24,0.0,29.1
2024-12-28,1,0.0,28.6
2024-12-28,2,0.0,27.0
2024-12-28,3,0.0,25.6
2024-12-28,4,0.0,26.8
2024-12-28,5,0.0,27.9
2024-12-28,6,0.0,27.9
2024-12-28,7,0.0,27.9
2024-12-28,8,0.0,29.7
2024-12-28,9,0.0,29.2
2024-12-28,10,7.0,29.1
2024-12-28,11,95.0,32.1
2024-12-28,12,252.0,34.7
2024-12-28,13,387.0,37.4
2024-12-28,14,440.0,40.4
2024-12-28,15,436.0,42.4
2024-12-28,16,430.0,44.2
2024-12-28,17,327.0,45.1
2024-12-28,18,188.0,44.3
2024-12-28,19,61.0,39.7
2024-12-28,20,0.0,36.2
2024-12-28,21,0.0,34.6
2024-12-28,22,0.0,32.5
2024-12-28,23,0.0,30.6
2024-12-28,24,0.0,29.8
2024-12-29,1,0.0,29.7
2024-12-29,2,0.0,29.1
2024-12-29,3,0.0,29.7
2024-12-29,4,0.0,30.1
2024-12-29,5,0.0,30.3
2024-12-29,6,0.0,30.3
2024-12-29,7,0.0,30.1
2024-12-29,8,0.0,28.4
2024-12-29,9,0.0,28.0
2024-12-29,10,7.0,28.4
2024-12-29,11,117.0,31.2
2024-12-29,12,277.0,34.5
2024-12-29,13,408.0,38.5
2024-12-29,14,488.0,41.5
2024-12-29,15,509.0,44.0
2024-12-29,16,468.0,45.9
2024-12-29,17,368.0,47.0
2024-12-29,18,226.0,46.7
2024-12-29,19,71.0,43.7
2024-12-29,20,0.0,42.0
2024-12-29,21,0.0,38.6
2024-12-29,22,0.0,36.7
2024-12-29,23,0.0,34.1
2024-12-29,24,0.0,31.4
2024-12-30,1,0.0,31.1
2024-12-30,2,0.0,32.9
2024-12-30,3,0.0,36.1
2024-12-30,4,0.0,39.7
2024-12-30,5,0.0,40.3
2024-12-30,6,0.0,38.0
2024-12-30,7,0.0,33.2
2024-12-30,8,0.0,33.9
2024-12-30,9,0.0,31.4
2024-12-30,10,7.0,31.3
2024-12-30,11,111.0,34.7
2024-12-30,12,256.0,38.8
2024-12-30,13,391.0,44.4
2024-12-30,14,472.0,48.7
2024-12-30,15,479.0,50.5
2024-12-30,16,385.0,51.4
2024-12-30,17,309.0,51.6
2024-12-30,18,210.0,50.0
2024-12-30,19,67.0,45.1
2024-12-30,20,0.0,40.8
2024-12-30,21,0.0,37.7
2024-12-30,22,0.0,35.0
2024-12-30,23,0.0,32.5
2024-12-30,24,0.0,31.0
2024-12-31,1,0.0,30.2
2024-12-31,2,0.0,29.5
2024-12-31,3,0.0,28.4
2024-12-31,4,0.0,27.6
2024-12-31,5,0.0,26.3
2024-12-31,6,0.0,25.5
2024-12-31,7,0.0,25.3
2024-12-31,8,0.0,25.7
2024-12-31,9,0.0,25.6
2024-12-31,10,7.0,25.8
2024-12-31,11,117.0,27.4
2024-12-31,12,273.0,30.6
2024-12-31,13,406.0,34.3
2024-12-31,14,492.0,37.3
2024-12-31,15,516.0,40.1
2024-12-31,16,480.0,42.7
2024-12-31,17,381.0,45.0
2024-12-31,18,238.0,44.6
2024-12-31,19,77.0,40.0
2024-12-31,20,0.0,35.4
2024-12-31,21,0.0,31.6
2024-12-31,22,0.0,30.4
2024-12-31,23,0.0,28.9
2024-12-31,24,0.0,27.1
2025-01-01,1,0.0,26.6
2025-01-01,2,0.0,26.0
2025-01-01,3,0.0,25.3
2025-01-01,4,0.0,24.6
2025-01-01,5,0.0,24.3
2025-01-01,6,0.0,23.7
2025-01-01,7,0.0,23.5
2025-01-01,8,0.0,24.5
2025-01-01,9,0.0,25.3
2025-01-01,10,6.0,24.5
2025-01-01,11,116.0,27.0
2025-01-01,12,253.0,30.0
2025-01-01,13,380.0,33.4
2025-01-01,14,487.0,36.6
2025-01-01,15,466.0,38.3
2025-01-01,16,444.0,39.5
2025-01-01,17,377.0,40.0
2025-01-01,18,239.0,39.3
2025-01-01,19,77.0,36.0
2025-01-01,20,1.0,31.3
2025-01-01,21,0.0,29.3
2025-01-01,22,0.0,28.1
2025-01-01,23,0.0,27.1
2025-01-01,24,0.0,26.3
2025-01-02,1,0.0,26.1
2025-01-02,2,0.0,26.6
2025-01-02,3,0.0,26.0
2025-01-02,4,0.0,25.8
2025-01-02,5,0.0,26.3
2025-01-02,6,0.0,26.1
2025-01-02,7,0.0,26.2
2025-01-02,8,0.0,24.1
2025-01-02,9,0.0,23.6
2025-01-02,10,7.0,24.2
2025-01-02,11,116.0,28.0
2025-01-02,12,276.0,32.4
2025-01-02,13,406.0,37.1
2025-01-02,14,482.0,40.1
2025-01-02,15,487.0,41.9
2025-01-02,16,448.0,43.0
2025-01-02,17,376.0,43.5
2025-01-02,18,240.0,42.2
2025-01-02,19,79.0,38.4
2025-01-02,20,1.0,35.6
2025-01-02,21,0.0,31.7
2025-01-02,22,0.0,29.7
2025-01-02,23,0.0,28.7
2025-01-02,24,0.0,27.7
2025-01-03,1,0.0,27.1
2025-01-03,2,0.0,26.9
2025-01-03,3,0.0,26.5
2025-01-03,4,0.0,26.8
2025-01-03,5,0.0,26.3
2025-01-03,6,0.0,26.6
2025-01-03,7,0.0,27.1
2025-01-03,8,0.0,26.7
2025-01-03,9,0.0,27.5
2025-01-03,10,7.0,28.8
2025-01-03,11,107.0,33.4
2025-01-03,12,252.0,37.0
2025-01-03,13,333.0,40.6
2025-01-03,14,433.0,43.5
2025-01-03,15,351.0,44.7
2025-01-03,16,332.0,46.1
2025-01-03,17,301.0,46.6
2025-01-03,18,190.0,44.1
2025-01-03,19,58.0,40.1
2025-01-03,20,1.0,38.5
2025-01-03,21,0.0,37.0
2025-01-03,22,0.0,35.6
2025-01-03,23,0.0,34.9
2025-01-03,24,0.0,34.8
2025-01-04,1,0.0,34.2
2025-01-04,2,0.0,33.6
2025-01-04,3,0.0,34.2
2025-01-04,4,0.0,34.5
2025-01-04,5,0.0,33.1
2025-01-04,6,0.0,32.5
2025-01-04,7,0.0,31.9
2025-01-04,8,0.0,32.3
2025-01-04,9,0.0,29.3
2025-01-04,10,7.0,28.0
2025-01-04,11,119.0,32.1
2025-01-04,12,283.0,38.1
2025-01-04,13,419.0,43.5
2025-01-04,14,378.0,49.0
2025-01-04,15,508.0,50.2
2025-01-04,16,452.0,47.7
2025-01-04,17,374.0,47.2
2025-01-04,18,197.0,44.2
2025-01-04,19,79.0,42.1
2025-01-04,20,1.0,40.2
2025-01-04,21,0.0,38.7
2025-01-04,22,0.0,34.6
2025-01-04,23,0.0,32.6
2025-01-04,24,0.0,30.7
2025-01-05,1,0.0,30.7
2025-01-05,2,0.0,28.8
2025-01-05,3,0.0,26.7
2025-01-05,4,0.0,26.3
2025-01-05,5,0.0,26.2
2025-01-05,6,0.0,25.6
2025-01-05,7,0.0,24.8
2025-01-05,8,0.0,25.1
2025-01-05,9,0.0,24.9
2025-01-05,10,7.0,25.3
2025-01-05,11,116.0,27.9
2025-01-05,12,283.0,31.0
2025-01-05,13,417.0,35.3
2025-01-05,14,503.0,39.0
2025-01-05,15,528.0,42.4
2025-01-05,16,488.0,44.8
2025-01-05,17,394.0,46.0
2025-01-05,18,250.0,44.4
2025-01-05,19,86.0,40.4
2025-01-05,20,1.0,38.2
2025-01-05,21,0.0,35.2
2025-01-05,22,0.0,31.8
2025-01-05,23,0.0,30.1
2025-01-05,24,0.0,29.6
2025-01-06,1,0.0,29.0
2025-01-06,2,0.0,27.9
2025-01-06,3,0.0,27.1
2025-01-06,4,0.0,26.6
2025-01-06,5,0.0,26.5
2025-01-06,6,0.0,26.2
2025-01-06,7,0.0,25.9
2025-01-06,8,0.0,25.2
2025-01-06,9,0.0,24.9
2025-01-06,10,6.0,24.8
2025-01-06,11,98.0,28.0
2025-01-06,12,194.0,31.3
2025-01-06,13,350.0,34.3
2025-01-06,14,398.0,36.7
2025-01-06,15,482.0,38.8
2025-01-06,16,464.0,40.1
2025-01-06,17,338.0,40.4
2025-01-06,18,177.0,38.3
2025-01-06,19,63.0,34.3
2025-01-06,20,1.0,32.7
2025-01-06,21,0.0,31.9
2025-01-06,22,0.0,30.7
2025-01-06,23,0.0,29.8
2025-01-06,24,0.0,29.3
2025-01-07,1,0.0,29.9
2025-01-07,2,0.0,30.5
2025-01-07,3,0.0,30.7
2025-01-07,4,0.0,30.0
2025-01-07,5,0.0,30.1
2025-01-07,6,0.0,29.8
2025-01-07,7,0.0,29.3
2025-01-07,8,0.0,30.5
2025-01-07,9,0.0,28.5
2025-01-07,10,6.0,29.5
2025-01-07,11,71.0,32.5
2025-01-07,12,221.0,35.9
2025-01-07,13,372.0,39.4
2025-01-07,14,441.0,42.2
2025-01-07,15,443.0,44.1
2025-01-07,16,369.0,44.9
2025-01-07,17,207.0,44.9
2025-01-07,18,118.0,44.1
2025-01-07,19,49.0,42.0
2025-01-07,20,1.0,40.0
2025-01-07,21,0.0,38.0
2025-01-07,22,0.0,37.4
2025-01-07,23,0.0,37.4
2025-01-07,24,0.0,35.0
2025-01-08,1,0.0,33.0
2025-01-08,2,0.0,32.2
2025-01-08,3,0.0,31.7
2025-01-08,4,0.0,30.7
2025-01-08,5,0.0,30.4
2025-01-08,6,0.0,30.2
2025-01-08,7,0.0,30.1
2025-01-08,8,0.0,29.6
2025-01-08,9,0.0,27.9
2025-01-08,10,7.0,26.9
2025-01-08,11,117.0,31.3
2025-01-08,12,280.0,35.1
2025-01-08,13,416.0,36.7
2025-01-08,14,504.0,38.1
2025-01-08,15,533.0,39.6
2025-01-08,16,499.0,40.4
2025-01-08,17,406.0,41.0
2025-01-08,18,261.0,41.1
2025-01-08,19,95.0,37.9
2025-01-08,20,2.0,36.1
2025-01-08,21,0.0,32.5
2025-01-08,22,0.0,31.3
2025-01-08,23,0.0,29.8
2025-01-08,24,0.0,28.9
2025-01-09,1,0.0,27.1
2025-01-09,2,0.0,26.5
2025-01-09,3,0.0,27.2
2025-01-09,4,0.0,28.6
2025-01-09,5,0.0,28.0
2025-01-09,6,0.0,27.8
2025-01-09,7,0.0,29.1
2025-01-09,8,0.0,30.2
2025-01-09,9,0.0,30.8
2025-01-09,10,4.0,32.5
2025-01-09,11,62.0,34.9
2025-01-09,12,231.0,37.3
2025-01-09,13,380.0,41.3
2025-01-09,14,438.0,43.4
2025-01-09,15,437.0,43.4
2025-01-09,16,467.0,43.7
2025-01-09,17,402.0,43.3
2025-01-09,18,261.0,41.6
2025-01-09,19,98.0,37.4
2025-01-09,20,2.0,34.6
2025-01-09,21,0.0,33.2
2025-01-09,22,0.0,32.6
2025-01-09,23,0.0,32.0
2025-01-09,24,0.0,30.8
2025-01-10,1,0.0,30.1
2025-01-10,2,0.0,29.3
2025-01-10,3,0.0,27.9
2025-01-10,4,0.0,27.2
2025-01-10,5,0.0,27.8
2025-01-10,6,0.0,27.1
2025-01-10,7,0.0,25.7
2025-01-10,8,0.0,24.7
2025-01-10,9,0.0,23.5
2025-01-10,10,7.0,22.0
2025-01-10,11,125.0,25.9
2025-01-10,12,292.0,29.9
2025-01-10,13,430.0,34.2
2025-01-10,14,517.0,37.9
2025-01-10,15,543.0,41.0
2025-01-10,16,506.0,42.2
2025-01-10,17,410.0,42.0
2025-01-10,18,266.0,40.5
2025-01-10,19,100.0,35.6
2025-01-10,20,3.0,32.3
2025-01-10,21,0.0,30.7
2025-01-10,22,0.0,30.2
2025-01-10,23,0.0,29.6
2025-01-10,24,0.0,28.5
2025-01-11,1,0.0,27.3
2025-01-11,2,0.0,26.7
2025-01-11,3,0.0,26.3
2025-01-11,4,0.0,26.2
2025-01-11,5,0.0,28.0
2025-01-11,6,0.0,28.6
2025-01-11,7,0.0,26.5
2025-01-11,8,0.0,24.6
2025-01-11,9,0.0,24.0
2025-01-11,10,4.0,25.5
2025-01-11,11,63.0,27.4
2025-01-11,12,231.0,30.5
2025-01-11,13,138.0,31.6
2025-01-11,14,507.0,39.6
2025-01-11,15,535.0,42.8
2025-01-11,16,515.0,44.7
2025-01-11,17,418.0,44.1
2025-01-11,18,275.0,41.7
2025-01-11,19,106.0,36.2
2025-01-11,20,3.0,32.8
2025-01-11,21,0.0,30.1
2025-01-11,22,0.0,28.8
2025-01-11,23,0.0,28.5
2025-01-11,24,0.0,28.8
2025-01-12,1,0.0,29.7
2025-01-12,2,0.0,29.0
2025-01-12,3,0.0,28.6
2025-01-12,4,0.0,27.6
2025-01-12,5,0.0,27.0
2025-01-12,6,0.0,26.1
2025-01-12,7,0.0,25.1
2025-01-12,8,0.0,24.2
2025-01-12,9,0.0,23.4
2025-01-12,10,8.0,23.3
2025-01-12,11,125.0,25.9
2025-01-12,12,293.0,29.6
2025-01-12,13,433.0,32.8
2025-01-12,14,523.0,34.9
2025-01-12,15,553.0,36.3
2025-01-12,16,519.0,37.1
2025-01-12,17,425.0,37.1
2025-01-12,18,281.0,36.6
2025-01-12,19,110.0,32.5
2025-01-12,20,4.0,31.5
2025-01-12,21,0.0,30.2
2025-01-12,22,0.0,28.4
2025-01-12,23,0.0,26.3
2025-01-12,24,0.0,25.7
2025-01-13,1,0.0,25.3
2025-01-13,2,0.0,24.4
2025-01-13,3,0.0,23.8
2025-01-13,4,0.0,23.5
2025-01-13,5,0.0,23.6
2025-01-13,6,0.0,23.7
2025-01-13,7,0.0,22.8
2025-01-13,8,0.0,22.6
2025-01-13,9,0.0,21.3
2025-01-13,10,8.0,20.6
2025-01-13,11,123.0,24.8
2025-01-13,12,290.0,29.6
2025-01-13,13,430.0,33.0
2025-01-13,14,517.0,35.0
2025-01-13,15,551.0,36.1
2025-01-13,16,524.0,36.7
2025-01-13,17,430.0,37.2
2025-01-13,18,254.0,36.7
2025-01-13,19,94.0,33.4
2025-01-13,20,4.0,31.1
2025-01-13,21,0.0,29.3
2025-01-13,22,0.0,28.1
2025-01-13,23,0.0,27.5
2025-01-13,24,0.0,26.5
2025-01-14,1,0.0,25.3
2025-01-14,2,0.0,24.7
2025-01-14,3,0.0,24.4
2025-01-14,4,0.0,24.5
2025-01-14,5,0.0,24.8
2025-01-14,6,0.0,24.3
2025-01-14,7,0.0,23.8
2025-01-14,8,0.0,21.6
2025-01-14,9,0.0,20.8
2025-01-14,10,8.0,20.5
2025-01-14,11,126.0,23.1
2025-01-14,12,295.0,26.6
2025-01-14,13,435.0,30.3
2025-01-14,14,526.0,33.4
2025-01-14,15,556.0,36.4
2025-01-14,16,523.0,38.3
2025-01-14,17,429.0,38.8
2025-01-14,18,284.0,38.3
2025-01-14,19,114.0,34.3
2025-01-14,20,5.0,30.8
2025-01-14,21,0.0,28.7
2025-01-14,22,0.0,28.3
2025-01-14,23,0.0,27.0
2025-01-14,24,0.0,25.7
2025-01-15,1,0.0,24.6
2025-01-15,2,0.0,24.0
2025-01-15,3,0.0,23.8
2025-01-15,4,0.0,23.6
2025-01-15,5,0.0,23.2
2025-01-15,6,0.0,22.6
2025-01-15,7,0.0,21.5
2025-01-15,8,0.0,16.7
2025-01-15,9,0.0,15.8
2025-01-15,10,8.0,16.2
2025-01-15,11,130.0,20.2
2025-01-15,12,301.0,24.6
2025-01-15,13,443.0,29.0
2025-01-15,14,534.0,33.2
2025-01-15,15,562.0,36.1
2025-01-15,16,527.0,37.9
2025-01-15,17,432.0,38.7
2025-01-15,18,287.0,37.5
2025-01-15,19,117.0,32.5
2025-01-15,20,6.0,31.7
2025-01-15,21,0.0,30.1
2025-01-15,22,0.0,27.4
2025-01-15,23,0.0,25.5
2025-01-15,24,0.0,24.8
2025-01-16,1,0.0,24.6
2025-01-16,2,0.0,24.7
2025-01-16,3,0.0,24.8
2025-01-16,4,0.0,24.4
2025-01-16,5,0.0,23.6
2025-01-16,6,0.0,22.8
2025-01-16,7,0.0,22.4
2025-01-16,8,0.0,16.2
2025-01-16,9,0.0,15.3
2025-01-16,10,9.0,15.7
2025-01-16,11,134.0,20.3
2025-01-16,12,309.0,26.0
2025-01-16,13,453.0,31.1
2025-01-16,14,547.0,34.7
2025-01-16,15,577.0,37.2
2025-01-16,16,544.0,38.9
2025-01-16,17,448.0,39.6
2025-01-16,18,300.0,38.8
2025-01-16,19,125.0,34.2
2025-01-16,20,6.0,32.7
2025-01-16,21,0.0,30.5
2025-01-16,22,0.0,29.3
2025-01-16,23,0.0,28.8
2025-01-16,24,0.0,27.6
2025-01-17,1,0.0,26.3
2025-01-17,2,0.0,25.6
2025-01-17,3,0.0,25.3
2025-01-17,4,0.0,24.7
2025-01-17,5,0.0,24.4
2025-01-17,6,0.0,24.2
2025-01-17,7,0.0,24.0
2025-01-17,8,0.0,19.1
2025-01-17,9,0.0,19.4
2025-01-17,10,9.0,19.3
2025-01-17,11,135.0,22.5
2025-01-17,12,308.0,25.1
2025-01-17,13,450.0,28.8
2025-01-17,14,541.0,34.1
2025-01-17,15,569.0,39.5
2025-01-17,16,536.0,44.2
2025-01-17,17,442.0,46.3
2025-01-17,18,298.0,44.0
2025-01-17,19,125.0,38.8
2025-01-17,20,7.0,34.5
2025-01-17,21,0.0,33.1
2025-01-17,22,0.0,30.1
2025-01-17,23,0.0,27.6
2025-01-17,24,0.0,26.2
2025-01-18,1,0.0,26.1
2025-01-18,2,0.0,25.6
2025-01-18,3,0.0,25.2
2025-01-18,4,0.0,25.1
2025-01-18,5,0.0,25.3
2025-01-18,6,0.0,26.3
2025-01-18,7,0.0,27.5
2025-01-18,8,0.0,29.2
2025-01-18,9,0.0,28.3
2025-01-18,10,9.0,29.0
2025-01-18,11,136.0,34.5
2025-01-18,12,313.0,36.3
2025-01-18,13,468.0,37.3
2025-01-18,14,570.0,37.9
2025-01-18,15,592.0,38.1
2025-01-18,16,509.0,37.3
2025-01-18,17,358.0,36.5
2025-01-18,18,290.0,35.4
2025-01-18,19,132.0,31.5
2025-01-18,20,8.0,27.2
2025-01-18,21,0.0,25.8
2025-01-18,22,0.0,25.0
2025-01-18,23,0.0,24.4
2025-01-18,24,0.0,24.4
2025-01-19,1,0.0,24.9
2025-01-19,2,0.0,24.8
2025-01-19,3,0.0,24.3
2025-01-19,4,0.0,23.6
2025-01-19,5,0.0,23.2
2025-01-19,6,0.0,22.2
2025-01-19,7,0.0,21.3
2025-01-19,8,0.0,19.0
2025-01-19,9,0.0,16.5
2025-01-19,10,10.0,15.9
2025-01-19,11,135.0,19.2
2025-01-19,12,289.0,22.7
2025-01-19,13,435.0,25.9
2025-01-19,14,519.0,28.4
2025-01-19,15,580.0,30.2
2025-01-19,16,481.0,31.4
2025-01-19,17,342.0,31.6
2025-01-19,18,215.0,31.3
2025-01-19,19,102.0,29.6
2025-01-19,20,8.0,26.7
2025-01-19,21,0.0,25.0
2025-01-19,22,0.0,23.5
2025-01-19,23,0.0,22.6
2025-01-19,24,0.0,22.5
2025-01-20,1,0.0,22.5
2025-01-20,2,0.0,22.4
2025-01-20,3,0.0,22.0
2025-01-20,4,0.0,20.9
2025-01-20,5,0.0,20.5
2025-01-20,6,0.0,19.8
2025-01-20,7,0.0,18.9
2025-01-20,8,0.0,16.4
2025-01-20,9,0.0,17.4
2025-01-20,10,10.0,18.4
2025-01-20,11,138.0,24.4
2025-01-20,12,317.0,27.4
2025-01-20,13,467.0,29.1
2025-01-20,14,563.0,30.2
2025-01-20,15,597.0,30.5
2025-01-20,16,565.0,30.6
2025-01-20,17,470.0,29.9
2025-01-20,18,323.0,28.3
2025-01-20,19,143.0,25.6
2025-01-20,20,10.0,23.6
2025-01-20,21,0.0,22.6
2025-01-20,22,0.0,22.1
2025-01-20,23,0.0,21.1
2025-01-20,24,0.0,20.4
2025-01-21,1,0.0,19.9
2025-01-21,2,0.0,18.5
2025-01-21,3,0.0,17.4
2025-01-21,4,0.0,15.8
2025-01-21,5,0.0,13.9
2025-01-21,6,0.0,12.7
2025-01-21,7,0.0,11.8
2025-01-21,8,0.0,9.0
2025-01-21,9,0.0,9.0
2025-01-21,10,11.0,9.3
2025-01-21,11,141.0,12.8
2025-01-21,12,317.0,16.8
2025-01-21,13,462.0,21.3
2025-01-21,14,556.0,24.8
2025-01-21,15,591.0,27.6
2025-01-21,16,561.0,30.0
2025-01-21,17,470.0,31.2
2025-01-21,18,324.0,31.5
2025-01-21,19,144.0,28.6
2025-01-21,20,11.0,25.6
2025-01-21,21,0.0,23.5
2025-01-21,22,0.0,21.9
2025-01-21,23,0.0,21.7
2025-01-21,24,0.0,21.7
2025-01-22,1,0.0,21.4
2025-01-22,2,0.0,21.1
2025-01-22,3,0.0,20.1
2025-01-22,4,0.0,18.7
2025-01-22,5,0.0,17.5
2025-01-22,6,0.0,16.9
2025-01-22,7,0.0,16.8
2025-01-22,8,0.0,13.4
2025-01-22,9,0.0,13.3
2025-01-22,10,11.0,13.2
2025-01-22,11,144.0,15.9
2025-01-22,12,323.0,19.4
2025-01-22,13,472.0,24.2
2025-01-22,14,567.0,29.7
2025-01-22,15,599.0,34.3
2025-01-22,16,566.0,39.1
2025-01-22,17,472.0,41.5
2025-01-22,18,325.0,39.0
2025-01-22,19,145.0,34.9
2025-01-22,20,12.0,30.5
2025-01-22,21,0.0,28.4
2025-01-22,22,0.0,25.6
2025-01-22,23,0.0,24.2
2025-01-22,24,0.0,23.5
2025-01-23,1,0.0,22.8
2025-01-23,2,0.0,22.5
2025-01-23,3,0.0,21.8
2025-01-23,4,0.0,21.6
2025-01-23,5,0.0,20.7
2025-01-23,6,0.0,20.2
2025-01-23,7,0.0,21.5
2025-01-23,8,0.0,18.7
2025-01-23,9,0.0,17.2
2025-01-23,10,12.0,16.0
2025-01-23,11,147.0,20.8
2025-01-23,12,327.0,26.6
2025-01-23,13,476.0,31.0
2025-01-23,14,572.0,33.4
2025-01-23,15,606.0,35.0
2025-01-23,16,574.0,36.1
2025-01-23,17,478.0,36.7
2025-01-23,18,330.0,36.1
2025-01-23,19,150.0,33.5
2025-01-23,20,13.0,30.1
2025-01-23,21,0.0,27.0
2025-01-23,22,0.0,25.8
2025-01-23,23,0.0,24.5
2025-01-23,24,0.0,23.9
2025-01-24,1,0.0,23.2
2025-01-24,2,0.0,22.3
2025-01-24,3,0.0,21.7
2025-01-24,4,0.0,20.9
2025-01-24,5,0.0,20.4
2025-01-24,6,0.0,19.4
2025-01-24,7,0.0,19.0
2025-01-24,8,0.0,13.5
2025-01-24,9,0.0,13.1
2025-01-24,10,13.0,13.7
2025-01-24,11,147.0,17.4
2025-01-24,12,325.0,22.2
2025-01-24,13,472.0,27.5
2025-01-24,14,567.0,32.5
2025-01-24,15,600.0,35.8
2025-01-24,16,569.0,37.9
2025-01-24,17,475.0,38.8
2025-01-24,18,328.0,38.8
2025-01-24,19,150.0,35.3
2025-01-24,20,14.0,30.9
2025-01-24,21,0.0,28.2
2025-01-24,22,0.0,26.6
2025-01-24,23,0.0,25.8
2025-01-24,24,0.0,25.4
2025-01-25,1,0.0,25.1
2025-01-25,2,0.0,24.7
2025-01-25,3,0.0,24.8
2025-01-25,4,0.0,25.5
2025-01-25,5,0.0,26.1
2025-01-25,6,0.0,26.3
2025-01-25,7,0.0,26.2
2025-01-25,8,0.0,24.2
2025-01-25,9,0.0,23.8
2025-01-25,10,10.0,24.4
2025-01-25,11,121.0,28.9
2025-01-25,12,246.0,32.3
2025-01-25,13,413.0,36.8
2025-01-25,14,461.0,40.1
2025-01-25,15,479.0,42.8
2025-01-25,16,452.0,44.3
2025-01-25,17,347.0,44.4
2025-01-25,18,214.0,42.1
2025-01-25,19,76.0,38.9
2025-01-25,20,8.0,37.0
2025-01-25,21,0.0,35.2
2025-01-25,22,0.0,33.6
2025-01-25,23,0.0,33.5
2025-01-25,24,0.0,32.7
2025-01-26,1,0.0,32.0
2025-01-26,2,0.0,31.4
2025-01-26,3,0.0,30.9
2025-01-26,4,0.0,30.7
2025-01-26,5,0.0,31.1
2025-01-26,6,0.0,30.6
2025-01-26,7,0.0,30.1
2025-01-26,8,0.0,29.6
2025-01-26,9,0.0,27.4
2025-01-26,10,11.0,27.8
2025-01-26,11,112.0,32.4
2025-01-26,12,235.0,37.0
2025-01-26,13,393.0,40.6
2025-01-26,14,456.0,43.4
2025-01-26,15,591.0,45.9
2025-01-26,16,574.0,46.9
2025-01-26,17,482.0,47.8
2025-01-26,18,336.0,47.6
2025-01-26,19,157.0,42.3
2025-01-26,20,16.0,36.1
2025-01-26,21,0.0,32.5
2025-01-26,22,0.0,29.5
2025-01-26,23,0.0,28.3
2025-01-26,24,0.0,28.0
2025-01-27,1,0.0,28.0
2025-01-27,2,0.0,28.0
2025-01-27,3,0.0,27.6
2025-01-27,4,0.0,27.0
2025-01-27,5,0.0,26.9
2025-01-27,6,0.0,26.3
2025-01-27,7,0.0,25.4
2025-01-27,8,0.0,24.5
2025-01-27,9,0.0,23.9
2025-01-27,10,14.0,25.0
2025-01-27,11,148.0,31.0
2025-01-27,12,260.0,36.1
2025-01-27,13,456.0,40.1
2025-01-27,14,581.0,44.1
2025-01-27,15,607.0,46.3
2025-01-27,16,542.0,46.8
2025-01-27,17,417.0,45.5
2025-01-27,18,321.0,44.4
2025-01-27,19,160.0,40.5
2025-01-27,20,16.0,39.7
2025-01-27,21,0.0,38.1
2025-01-27,22,0.0,34.6
2025-01-27,23,0.0,33.6
2025-01-27,24,0.0,32.7
2025-01-28,1,0.0,30.6
2025-01-28,2,0.0,30.3
2025-01-28,3,0.0,30.7
2025-01-28,4,0.0,29.1
2025-01-28,5,0.0,28.0
2025-01-28,6,0.0,27.4
2025-01-28,7,0.0,26.8
2025-01-28,8,0.0,24.2
2025-01-28,9,0.0,26.7
2025-01-28,10,7.0,27.4
2025-01-28,11,99.0,29.2
2025-01-28,12,295.0,33.0
2025-01-28,13,498.0,36.3
2025-01-28,14,597.0,38.9
2025-01-28,15,632.0,40.9
2025-01-28,16,602.0,41.8
2025-01-28,17,508.0,42.9
2025-01-28,18,360.0,42.7
2025-01-28,19,176.0,38.5
2025-01-28,20,18.0,34.9
2025-01-28,21,0.0,34.2
2025-01-28,22,0.0,32.8
2025-01-28,23,0.0,30.9
2025-01-28,24,0.0,30.3
2025-01-29,1,0.0,29.9
2025-01-29,2,0.0,30.0
2025-01-29,3,0.0,28.1
2025-01-29,4,0.0,26.8
2025-01-29,5,0.0,27.9
2025-01-29,6,0.0,26.7
2025-01-29,7,0.0,27.1
2025-01-29,8,0.0,27.6
2025-01-29,9,0.0,26.7
2025-01-29,10,8.0,27.6
2025-01-29,11,60.0,28.9
2025-01-29,12,159.0,30.2
2025-01-29,13,241.0,31.9
2025-01-29,14,536.0,35.2
2025-01-29,15,589.0,37.3
2025-01-29,16,339.0,37.4
2025-01-29,17,406.0,38.6
2025-01-29,18,281.0,38.4
2025-01-29,19,128.0,37.2
2025-01-29,20,13.0,34.7
2025-01-29,21,0.0,33.2
2025-01-29,22,0.0,32.8
2025-01-29,23,0.0,31.3
2025-01-29,24,0.0,29.1
2025-01-30,1,0.0,26.8
2025-01-30,2,0.0,25.8
2025-01-30,3,0.0,24.5
2025-01-30,4,0.0,23.8
2025-01-30,5,0.0,22.7
2025-01-30,6,0.0,21.7
2025-01-30,7,0.0,20.9
2025-01-30,8,0.0,23.3
2025-01-30,9,0.0,22.1
2025-01-30,10,14.0,22.3
2025-01-30,11,132.0,24.7
2025-01-30,12,323.0,27.9
2025-01-30,13,476.0,31.5
2025-01-30,14,582.0,35.2
2025-01-30,15,619.0,39.6
2025-01-30,16,588.0,42.5
2025-01-30,17,496.0,42.8
2025-01-30,18,349.0,42.8
2025-01-30,19,170.0,38.7
2025-01-30,20,21.0,35.5
2025-01-30,21,0.0,31.2
2025-01-30,22,0.0,28.0
2025-01-30,23,0.0,27.3
2025-01-30,24,0.0,27.1
2025-01-31,1,0.0,27.3
2025-01-31,2,0.0,26.9
2025-01-31,3,0.0,27.2
2025-01-31,4,0.0,26.9
2025-01-31,5,0.0,26.7
2025-01-31,6,0.0,26.1
2025-01-31,7,0.0,25.1
2025-01-31,8,0.0,22.5
2025-01-31,9,0.0,21.7
2025-01-31,10,18.0,22.6
2025-01-31,11,161.0,26.2
2025-01-31,12,343.0,31.1
2025-01-31,13,494.0,36.0
2025-01-31,14,593.0,39.9
2025-01-31,15,630.0,43.0
2025-01-31,16,600.0,44.8
2025-01-31,17,506.0,45.5
2025-01-31,18,358.0,45.3
2025-01-31,19,177.0,40.5
2025-01-31,20,23.0,33.1
2025-01-31,21,0.0,29.5
2025-01-31,22,0.0,28.9
2025-01-31,23,0.0,29.0
2025-01-31,24,0.0,27.7
2025-02-01,1,0.0,27.7
2025-02-01,2,0.0,27.4
2025-02-01,3,0.0,27.1
2025-02-01,4,0.0,27.1
2025-02-01,5,0.0,28.0
2025-02-01,6,0.0,28.6
2025-02-01,7,0.0,28.4
2025-02-01,8,0.0,28.5
2025-02-01,9,0.0,28.1
2025-02-01,10,15.0,29.1
2025-02-01,11,128.0,32.4
2025-02-01,12,307.0,35.3
2025-02-01,13,468.0,38.7
2025-02-01,14,560.0,41.9
2025-02-01,15,599.0,44.4
2025-02-01,16,573.0,46.8
2025-02-01,17,475.0,48.3
2025-02-01,18,290.0,48.5
2025-02-01,19,143.0,45.6
2025-02-01,20,21.0,42.3
2025-02-01,21,0.0,39.1
2025-02-01,22,0.0,36.1
2025-02-01,23,0.0,33.1
2025-02-01,24,0.0,30.3
2025-02-02,1,0.0,29.7
2025-02-02,2,0.0,29.5
2025-02-02,3,0.0,29.8
2025-02-02,4,0.0,31.0
2025-02-02,5,0.0,31.6
2025-02-02,6,0.0,31.3
2025-02-02,7,0.0,30.6
2025-02-02,8,0.0,31.4
2025-02-02,9,0.0,32.6
2025-02-02,10,15.0,33.7
2025-02-02,11,95.0,35.6
2025-02-02,12,304.0,38.6
2025-02-02,13,486.0,42.7
2025-02-02,14,579.0,46.9
2025-02-02,15,616.0,49.9
2025-02-02,16,587.0,52.6
2025-02-02,17,498.0,54.7
2025-02-02,18,355.0,55.5
2025-02-02,19,177.0,52.5
2025-02-02,20,26.0,49.7
2025-02-02,21,0.0,46.1
2025-02-02,22,0.0,41.5
2025-02-02,23,0.0,37.9
2025-02-02,24,0.0,35.2
2025-02-03,1,0.0,33.1
2025-02-03,2,0.0,32.6
2025-02-03,3,0.0,32.1
2025-02-03,4,0.0,32.7
2025-02-03,5,0.0,33.1
2025-02-03,6,0.0,33.3
2025-02-03,7,0.0,32.9
2025-02-03,8,0.0,33.6
2025-02-03,9,0.0,33.2
2025-02-03,10,21.0,33.9
2025-02-03,11,163.0,37.7
2025-02-03,12,343.0,41.2
2025-02-03,13,431.0,45.0
2025-02-03,14,549.0,49.5
2025-02-03,15,587.0,53.4
2025-02-03,16,577.0,56.7
2025-02-03,17,461.0,58.5
2025-02-03,18,331.0,58.9
2025-02-03,19,158.0,55.2
2025-02-03,20,23.0,54.0
2025-02-03,21,0.0,50.8
2025-02-03,22,0.0,46.0
2025-02-03,23,0.0,42.6
2025-02-03,24,0.0,40.3
2025-02-04,1,0.0,38.6
2025-02-04,2,0.0,37.4
2025-02-04,3,0.0,36.6
2025-02-04,4,0.0,36.0
2025-02-04,5,0.0,34.8
2025-02-04,6,0.0,33.1
2025-02-04,7,0.0,33.2
2025-02-04,8,0.0,34.0
2025-02-04,9,0.0,32.8
2025-02-04,10,20.0,34.2
2025-02-04,11,127.0,39.7
2025-02-04,12,164.0,42.9
2025-02-04,13,371.0,47.9
2025-02-04,14,595.0,53.5
2025-02-04,15,580.0,56.9
2025-02-04,16,550.0,60.1
2025-02-04,17,399.0,62.7
2025-02-04,18,299.0,64.5
2025-02-04,19,188.0,62.0
2025-02-04,20,30.0,57.1
2025-02-04,21,0.0,53.4
2025-02-04,22,0.0,49.7
2025-02-04,23,0.0,53.2
2025-02-04,24,0.0,51.2
2025-02-05,1,0.0,47.6
2025-02-05,2,0.0,45.0
2025-02-05,3,0.0,43.4
2025-02-05,4,0.0,41.9
2025-02-05,5,0.0,40.2
2025-02-05,6,0.0,39.4
2025-02-05,7,0.0,38.8
2025-02-05,8,0.0,38.9
2025-02-05,9,0.0,37.6
2025-02-05,10,24.0,38.8
2025-02-05,11,180.0,44.3
2025-02-05,12,362.0,49.5
2025-02-05,13,512.0,55.2
2025-02-05,14,608.0,59.5
2025-02-05,15,643.0,63.0
2025-02-05,16,612.0,65.0
2025-02-05,17,519.0,65.2
2025-02-05,18,373.0,64.8
2025-02-05,19,193.0,63.1
2025-02-05,20,32.0,58.1
2025-02-05,21,0.0,54.5
2025-02-05,22,0.0,52.2
2025-02-05,23,0.0,49.3
2025-02-05,24,0.0,47.2
2025-02-06,1,0.0,44.7
2025-02-06,2,0.0,40.1
2025-02-06,3,0.0,36.6
2025-02-06,4,0.0,34.8
2025-02-06,5,0.0,34.0
2025-02-06,6,0.0,31.9
2025-02-06,7,0.0,30.7
2025-02-06,8,0.0,29.5
2025-02-06,9,0.0,29.1
2025-02-06,10,26.0,32.5
2025-02-06,11,185.0,37.7
2025-02-06,12,372.0,42.6
2025-02-06,13,524.0,47.5
2025-02-06,14,624.0,52.0
2025-02-06,15,663.0,56.1
2025-02-06,16,634.0,60.1
2025-02-06,17,541.0,62.7
2025-02-06,18,391.0,65.1
2025-02-06,19,205.0,61.8
2025-02-06,20,36.0,59.2
2025-02-06,21,0.0,56.8
2025-02-06,22,0.0,53.0
2025-02-06,23,0.0,50.7
2025-02-06,24,0.0,48.6
2025-02-07,1,0.0,46.5
2025-02-07,2,0.0,44.4
2025-02-07,3,0.0,42.9
2025-02-07,4,0.0,41.6
2025-02-07,5,0.0,41.0
2025-02-07,6,0.0,40.2
2025-02-07,7,0.0,39.6
2025-02-07,8,0.0,40.3
2025-02-07,9,0.0,40.2
2025-02-07,10,26.0,41.0
2025-02-07,11,182.0,45.5
2025-02-07,12,367.0,50.5
2025-02-07,13,517.0,54.8
2025-02-07,14,614.0,60.0
2025-02-07,15,648.0,63.6
2025-02-07,16,619.0,64.8
2025-02-07,17,524.0,65.3
2025-02-07,18,377.0,64.3
2025-02-07,19,197.0,63.5
2025-02-07,20,35.0,60.3
2025-02-07,21,0.0,57.5
2025-02-07,22,0.0,56.0
2025-02-07,23,0.0,54.3
2025-02-07,24,0.0,53.5
2025-02-08,1,0.0,52.0
2025-02-08,2,0.0,50.5
2025-02-08,3,0.0,48.6
2025-02-08,4,0.0,44.9
2025-02-08,5,0.0,42.8
2025-02-08,6,0.0,41.3
2025-02-08,7,0.0,39.6
2025-02-08,8,0.0,38.8
2025-02-08,9,0.0,36.5
2025-02-08,10,23.0,35.6
2025-02-08,11,165.0,38.8
2025-02-08,12,344.0,43.6
2025-02-08,13,499.0,47.5
2025-02-08,14,584.0,51.3
2025-02-08,15,538.0,54.4
2025-02-08,16,550.0,56.8
2025-02-08,17,417.0,57.6
2025-02-08,18,365.0,57.7
2025-02-08,19,190.0,56.9
2025-02-08,20,38.0,53.6
2025-02-08,21,0.0,50.7
2025-02-08,22,0.0,48.6
2025-02-08,23,0.0,47.4
2025-02-08,24,0.0,45.5
2025-02-09,1,0.0,42.2
2025-02-09,2,0.0,39.1
2025-02-09,3,0.0,38.1
2025-02-09,4,0.0,36.6
2025-02-09,5,0.0,34.4
2025-02-09,6,0.0,32.7
2025-02-09,7,0.0,30.7
2025-02-09,8,0.0,29.3
2025-02-09,9,0.0,28.1
2025-02-09,10,32.0,29.2
2025-02-09,11,199.0,32.9
2025-02-09,12,388.0,36.4
2025-02-09,13,542.0,40.7
2025-02-09,14,645.0,44.8
2025-02-09,15,659.0,47.3
2025-02-09,16,607.0,49.2
2025-02-09,17,488.0,50.2
2025-02-09,18,338.0,50.0
2025-02-09,19,184.0,49.1
2025-02-09,20,32.0,46.6
2025-02-09,21,0.0,44.0
2025-02-09,22,0.0,43.3
2025-02-09,23,0.0,42.1
2025-02-09,24,0.0,38.8
2025-02-10,1,0.0,36.1
2025-02-10,2,0.0,34.2
2025-02-10,3,0.0,34.0
2025-02-10,4,0.0,34.1
2025-02-10,5,0.0,33.8
2025-02-10,6,0.0,33.4
2025-02-10,7,0.0,33.8
2025-02-10,8,0.0,33.5
2025-02-10,9,0.0,33.2
2025-02-10,10,27.0,33.3
2025-02-10,11,168.0,36.5
2025-02-10,12,318.0,40.2
2025-02-10,13,201.0,41.7
2025-02-10,14,251.0,43.6
2025-02-10,15,384.0,46.7
2025-02-10,16,616.0,52.1
2025-02-10,17,523.0,54.5
2025-02-10,18,402.0,55.1
2025-02-10,19,218.0,53.9
2025-02-10,20,43.0,50.2
2025-02-10,21,0.0,47.6
2025-02-10,22,0.0,44.6
2025-02-10,23,0.0,40.5
2025-02-10,24,0.0,37.5
2025-02-11,1,0.0,34.9
2025-02-11,2,0.0,33.9
2025-02-11,3,0.0,33.4
2025-02-11,4,0.0,32.7
2025-02-11,5,0.0,32.4
2025-02-11,6,0.0,32.4
2025-02-11,7,0.0,31.3
2025-02-11,8,0.0,30.6
2025-02-11,9,0.0,30.4
2025-02-11,10,21.0,31.1
2025-02-11,11,112.0,33.9
2025-02-11,12,277.0,38.8
2025-02-11,13,393.0,43.0
2025-02-11,14,445.0,46.4
2025-02-11,15,526.0,49.4
2025-02-11,16,476.0,52.2
2025-02-11,17,401.0,53.1
2025-02-11,18,269.0,52.2
2025-02-11,19,153.0,50.5
2025-02-11,20,30.0,48.4
2025-02-11,21,0.0,46.7
2025-02-11,22,0.0,43.6
2025-02-11,23,0.0,39.1
2025-02-11,24,0.0,35.8
2025-02-12,1,0.0,33.4
2025-02-12,2,0.0,32.4
2025-02-12,3,0.0,30.2
2025-02-12,4,0.0,28.3
2025-02-12,5,0.0,26.2
2025-02-12,6,0.0,25.1
2025-02-12,7,0.0,24.7
2025-02-12,8,0.0,23.7
2025-02-12,9,0.0,23.1
2025-02-12,10,37.0,24.0
2025-02-12,11,211.0,26.9
2025-02-12,12,403.0,29.4
2025-02-12,13,559.0,31.8
2025-02-12,14,661.0,34.7
2025-02-12,15,700.0,37.1
2025-02-12,16,670.0,39.0
2025-02-12,17,575.0,39.7
2025-02-12,18,425.0,39.7
2025-02-12,19,234.0,38.8
2025-02-12,20,50.0,36.0
2025-02-12,21,0.0,33.7
2025-02-12,22,0.0,30.7
2025-02-12,23,0.0,27.8
2025-02-12,24,0.0,25.4
2025-02-13,1,0.0,24.4
2025-02-13,2,0.0,23.7
2025-02-13,3,0.0,23.5
2025-02-13,4,0.0,23.2
2025-02-13,5,0.0,23.0
2025-02-13,6,0.0,22.8
2025-02-13,7,0.0,22.6
2025-02-13,8,0.0,21.6
2025-02-13,9,0.0,20.7
2025-02-13,10,40.0,22.2
2025-02-13,11,216.0,28.0
2025-02-13,12,403.0,32.5
2025-02-13,13,538.0,37.3
2025-02-13,14,333.0,40.3
2025-02-13,15,664.0,44.6
2025-02-13,16,292.0,45.1
2025-02-13,17,84.0,43.3
2025-02-13,18,113.0,45.8
2025-02-13,19,44.0,44.8
2025-02-13,20,5.0,37.5
2025-02-13,21,0.0,35.0
2025-02-13,22,0.0,33.9
2025-02-13,23,0.0,34.6
2025-02-13,24,0.0,35.1
2025-02-14,1,0.0,35.3
2025-02-14,2,0.0,35.4
2025-02-14,3,0.0,35.5
2025-02-14,4,0.0,35.6
2025-02-14,5,0.0,36.0
2025-02-14,6,0.0,35.8
2025-02-14,7,0.0,35.2
2025-02-14,8,0.0,34.0
2025-02-14,9,0.0,33.8
2025-02-14,10,10.0,35.0
2025-02-14,11,92.0,34.3
2025-02-14,12,221.0,35.2
2025-02-14,13,422.0,37.0
2025-02-14,14,482.0,37.8
2025-02-14,15,690.0,40.6
2025-02-14,16,647.0,42.4
2025-02-14,17,545.0,45.0
2025-02-14,18,430.0,44.0
2025-02-14,19,236.0,42.3
2025-02-14,20,50.0,43.6
2025-02-14,21,0.0,41.5
2025-02-14,22,0.0,39.1
2025-02-14,23,0.0,36.5
2025-02-14,24,0.0,33.8
2025-02-15,1,0.0,30.7
2025-02-15,2,0.0,28.4
2025-02-15,3,0.0,27.3
2025-02-15,4,0.0,26.7
2025-02-15,5,0.0,26.3
2025-02-15,6,0.0,26.2
2025-02-15,7,0.0,25.9
2025-02-15,8,0.0,29.0
2025-02-15,9,0.0,28.6
2025-02-15,10,38.0,30.1
2025-02-15,11,158.0,35.1
2025-02-15,12,274.0,40.1
2025-02-15,13,547.0,46.3
2025-02-15,14,658.0,49.0
2025-02-15,15,698.0,49.9
2025-02-15,16,672.0,49.9
2025-02-15,17,582.0,49.1
2025-02-15,18,437.0,48.3
2025-02-15,19,242.0,46.1
2025-02-15,20,56.0,42.7
2025-02-15,21,0.0,39.8
2025-02-15,22,0.0,36.5
2025-02-15,23,0.0,33.4
2025-02-15,24,0.0,30.5
2025-02-16,1,0.0,28.3
2025-02-16,2,0.0,27.4
2025-02-16,3,0.0,26.8
2025-02-16,4,0.0,25.3
2025-02-16,5,0.0,23.8
2025-02-16,6,0.0,24.0
2025-02-16,7,0.0,24.2
2025-02-16,8,0.0,24.3
2025-02-16,9,0.0,24.2
2025-02-16,10,45.0,25.7
2025-02-16,11,220.0,28.9
2025-02-16,12,403.0,32.5
2025-02-16,13,519.0,36.6
2025-02-16,14,624.0,40.3
2025-02-16,15,637.0,43.2
2025-02-16,16,576.0,45.2
2025-02-16,17,565.0,47.3
2025-02-16,18,416.0,48.2
2025-02-16,19,219.0,47.6
2025-02-16,20,53.0,43.3
2025-02-16,21,0.0,39.6
2025-02-16,22,0.0,36.1
2025-02-16,23,0.0,33.4
2025-02-16,24,0.0,31.4
2025-02-17,1,0.0,29.7
2025-02-17,2,0.0,28.7
2025-02-17,3,0.0,28.1
2025-02-17,4,0.0,28.1
2025-02-17,5,0.0,28.4
2025-02-17,6,0.0,28.7
2025-02-17,7,0.0,29.7
2025-02-17,8,0.0,29.8
2025-02-17,9,0.0,30.0
2025-02-17,10,26.0,31.6
2025-02-17,11,125.0,34.1
2025-02-17,12,249.0,36.4
2025-02-17,13,428.0,39.5
2025-02-17,14,631.0,43.7
2025-02-17,15,697.0,47.6
2025-02-17,16,671.0,51.2
2025-02-17,17,560.0,53.3
2025-02-17,18,426.0,54.1
2025-02-17,19,239.0,53.0
2025-02-17,20,59.0,49.5
2025-02-17,21,0.0,48.5
2025-02-17,22,0.0,48.4
2025-02-17,23,0.0,46.9
2025-02-17,24,0.0,42.5
2025-02-18,1,0.0,38.5
2025-02-18,2,0.0,36.2
2025-02-18,3,0.0,36.0
2025-02-18,4,0.0,36.1
2025-02-18,5,0.0,36.3
2025-02-18,6,0.0,36.4
2025-02-18,7,0.0,36.1
2025-02-18,8,0.0,37.9
2025-02-18,9,0.0,37.7
2025-02-18,10,9.0,38.0
2025-02-18,11,75.0,39.6
2025-02-18,12,415.0,45.1
2025-02-18,13,574.0,47.8
2025-02-18,14,668.0,50.9
2025-02-18,15,684.0,53.4
2025-02-18,16,652.0,54.3
2025-02-18,17,573.0,54.4
2025-02-18,18,442.0,54.4
2025-02-18,19,252.0,53.2
2025-02-18,20,63.0,50.1
2025-02-18,21,0.0,45.9
2025-02-18,22,0.0,42.7
2025-02-18,23,0.0,39.0
2025-02-18,24,0.0,35.0
2025-02-19,1,0.0,31.9
2025-02-19,2,0.0,30.0
2025-02-19,3,0.0,28.5
2025-02-19,4,0.0,27.9
2025-02-19,5,0.0,27.0
2025-02-19,6,0.0,26.1
2025-02-19,7,0.0,25.3
2025-02-19,8,0.0,25.6
2025-02-19,9,0.0,25.0
2025-02-19,10,54.0,27.1
2025-02-19,11,239.0,32.2
2025-02-19,12,431.0,35.8
2025-02-19,13,586.0,39.4
2025-02-19,14,678.0,43.5
2025-02-19,15,643.0,46.9
2025-02-19,16,582.0,49.6
2025-02-19,17,475.0,50.9
2025-02-19,18,307.0,51.3
2025-02-19,19,162.0,50.9
2025-02-19,20,32.0,48.7
2025-02-19,21,0.0,46.4
2025-02-19,22,0.0,44.6
2025-02-19,23,0.0,41.1
2025-02-19,24,0.0,38.2
2025-02-20,1,0.0,35.3
2025-02-20,2,0.0,32.5
2025-02-20,3,0.0,30.8
2025-02-20,4,0.0,29.3
2025-02-20,5,0.0,28.2
2025-02-20,6,0.0,27.6
2025-02-20,7,0.0,27.3
2025-02-20,8,0.0,28.5
2025-02-20,9,0.0,28.5
2025-02-20,10,55.0,31.9
2025-02-20,11,239.0,36.0
2025-02-20,12,372.0,39.5
2025-02-20,13,463.0,42.7
2025-02-20,14,688.0,46.4
2025-02-20,15,664.0,51.1
2025-02-20,16,670.0,56.6
2025-02-20,17,569.0,56.0
2025-02-20,18,397.0,55.3
2025-02-20,19,250.0,54.0
2025-02-20,20,56.0,50.5
2025-02-20,21,0.0,47.2
2025-02-20,22,0.0,43.3
2025-02-20,23,0.0,42.2
2025-02-20,24,0.0,41.5
2025-02-21,1,0.0,39.4
2025-02-21,2,0.0,38.3
2025-02-21,3,0.0,36.1
2025-02-21,4,0.0,35.3
2025-02-21,5,0.0,33.0
2025-02-21,6,0.0,31.0
2025-02-21,7,0.0,29.4
2025-02-21,8,0.0,30.3
2025-02-21,9,0.0,30.3
2025-02-21,10,53.0,33.3
2025-02-21,11,231.0,37.1
2025-02-21,12,423.0,41.1
2025-02-21,13,583.0,44.6
2025-02-21,14,673.0,47.5
2025-02-21,15,653.0,49.5
2025-02-21,16,657.0,51.4
2025-02-21,17,577.0,52.3
2025-02-21,18,438.0,52.4
2025-02-21,19,257.0,51.9
2025-02-21,20,69.0,48.9
2025-02-21,21,0.0,46.0
2025-02-21,22,0.0,43.7
2025-02-21,23,0.0,40.6
2025-02-21,24,0.0,37.2
2025-02-22,1,0.0,34.9
2025-02-22,2,0.0,33.3
2025-02-22,3,0.0,31.4
2025-02-22,4,0.0,30.0
2025-02-22,5,0.0,28.9
2025-02-22,6,0.0,27.8
2025-02-22,7,0.0,27.2
2025-02-22,8,0.0,27.5
2025-02-22,9,0.0,27.0
2025-02-22,10,63.0,29.8
2025-02-22,11,252.0,34.3
2025-02-22,12,445.0,37.9
2025-02-22,13,601.0,42.7
2025-02-22,14,703.0,47.6
2025-02-22,15,741.0,51.9
2025-02-22,16,710.0,55.6
2025-02-22,17,613.0,57.2
2025-02-22,18,461.0,57.8
2025-02-22,19,268.0,57.5
2025-02-22,20,75.0,54.1
2025-02-22,21,0.0,50.9
2025-02-22,22,0.0,46.9
2025-02-22,23,0.0,43.6
2025-02-22,24,0.0,40.1
2025-02-23,1,0.0,36.6
2025-02-23,2,0.0,33.8
2025-02-23,3,0.0,31.8
2025-02-23,4,0.0,31.1
2025-02-23,5,0.0,29.9
2025-02-23,6,0.0,28.2
2025-02-23,7,0.0,28.0
2025-02-23,8,0.0,28.4
2025-02-23,9,0.0,28.7
2025-02-23,10,66.0,32.0
2025-02-23,11,255.0,35.7
2025-02-23,12,448.0,39.7
2025-02-23,13,604.0,43.9
2025-02-23,14,703.0,48.9
2025-02-23,15,738.0,53.9
2025-02-23,16,706.0,57.7
2025-02-23,17,609.0,59.8
2025-02-23,18,456.0,60.8
2025-02-23,19,266.0,60.6
2025-02-23,20,75.0,57.4
2025-02-23,21,0.0,54.2
2025-02-23,22,0.0,51.5
2025-02-23,23,0.0,48.0
2025-02-23,24,0.0,43.6
2025-02-24,1,0.0,40.1
2025-02-24,2,0.0,38.0
2025-02-24,3,0.0,36.7
2025-02-24,4,0.0,35.2
2025-02-24,5,0.0,33.7
2025-02-24,6,0.0,32.5
2025-02-24,7,0.0,32.2
2025-02-24,8,0.0,32.6
2025-02-24,9,0.0,31.6
2025-02-24,10,68.0,34.4
2025-02-24,11,256.0,38.8
2025-02-24,12,448.0,43.7
2025-02-24,13,602.0,49.4
2025-02-24,14,702.0,55.0
2025-02-24,15,737.0,59.9
2025-02-24,16,707.0,64.0
2025-02-24,17,610.0,67.2
2025-02-24,18,459.0,68.8
2025-02-24,19,269.0,68.5
2025-02-24,20,79.0,63.5
2025-02-24,21,0.0,59.8
2025-02-24,22,0.0,55.4
2025-02-24,23,0.0,50.5
2025-02-24,24,0.0,46.0
2025-02-25,1,0.0,43.1
2025-02-25,2,0.0,41.1
2025-02-25,3,0.0,39.6
2025-02-25,4,0.0,38.1
2025-02-25,5,0.0,36.8
2025-02-25,6,0.0,36.0
2025-02-25,7,0.0,36.5
2025-02-25,8,0.0,36.9
2025-02-25,9,0.0,38.1
2025-02-25,10,45.0,39.8
2025-02-25,11,220.0,43.1
2025-02-25,12,397.0,47.1
2025-02-25,13,594.0,52.5
2025-02-25,14,716.0,57.7
2025-02-25,15,754.0,61.3
2025-02-25,16,724.0,64.8
2025-02-25,17,631.0,68.5
2025-02-25,18,471.0,70.8
2025-02-25,19,282.0,69.2
2025-02-25,20,84.0,64.5
2025-02-25,21,0.0,59.9
2025-02-25,22,0.0,55.5
2025-02-25,23,0.0,50.4
2025-02-25,24,0.0,47.7
2025-02-26,1,0.0,45.6
2025-02-26,2,0.0,44.1
2025-02-26,3,0.0,42.0
2025-02-26,4,0.0,39.7
2025-02-26,5,0.0,37.7
2025-02-26,6,0.0,38.5
2025-02-26,7,0.0,37.3
2025-02-26,8,0.0,35.8
2025-02-26,9,0.0,35.6
2025-02-26,10,79.0,39.8
2025-02-26,11,279.0,46.3
2025-02-26,12,479.0,51.2
2025-02-26,13,638.0,54.3
2025-02-26,14,737.0,55.7
2025-02-26,15,771.0,56.9
2025-02-26,16,736.0,56.2
2025-02-26,17,638.0,55.9
2025-02-26,18,482.0,55.1
2025-02-26,19,287.0,52.8
2025-02-26,20,88.0,49.9
2025-02-26,21,0.0,47.8
2025-02-26,22,0.0,45.8
2025-02-26,23,0.0,42.4
2025-02-26,24,0.0,39.1
2025-02-27,1,0.0,36.6
2025-02-27,2,0.0,35.5
2025-02-27,3,0.0,34.9
2025-02-27,4,0.0,34.3
2025-02-27,5,0.0,34.3
2025-02-27,6,0.0,34.2
2025-02-27,7,0.0,33.0
2025-02-27,8,0.0,32.8
2025-02-27,9,0.0,32.1
2025-02-27,10,82.0,36.1
2025-02-27,11,280.0,40.5
2025-02-27,12,476.0,44.9
2025-02-27,13,633.0,49.1
2025-02-27,14,734.0,52.2
2025-02-27,15,771.0,54.2
2025-02-27,16,741.0,56.0
2025-02-27,17,644.0,57.2
2025-02-27,18,489.0,57.6
2025-02-27,19,293.0,56.9
2025-02-27,20,91.0,54.0
2025-02-27,21,1.0,52.1
2025-02-27,22,0.0,49.4
2025-02-27,23,0.0,45.7
2025-02-27,24,0.0,41.1
2025-02-28,1,0.0,38.1
2025-02-28,2,0.0,36.2
2025-02-28,3,0.0,34.9
2025-02-28,4,0.0,33.4
2025-02-28,5,0.0,31.6
2025-02-28,6,0.0,30.2
2025-02-28,7,0.0,28.5
2025-02-28,8,0.0,27.7
2025-02-28,9,0.0,26.8
2025-02-28,10,88.0,30.2
2025-02-28,11,289.0,36.2
2025-02-28,12,485.0,40.5
2025-02-28,13,643.0,45.5
2025-02-28,14,745.0,51.1
2025-02-28,15,781.0,56.5
2025-02-28,16,747.0,61.1
2025-02-28,17,648.0,63.7
2025-02-28,18,492.0,64.5
2025-02-28,19,296.0,63.6
2025-02-28,20,94.0,58.6
2025-02-28,21,1.0,54.9
2025-02-28,22,0.0,52.1
2025-02-28,23,0.0,47.8
2025-02-28,24,0.0,44.5
2025-03-01,1,0.0,41.3
2025-03-01,2,0.0,38.7
2025-03-01,3,0.0,37.0
2025-03-01,4,0.0,35.1
2025-03-01,5,0.0,33.2
2025-03-01,6,0.0,31.5
2025-03-01,7,0.0,29.7
2025-03-01,8,0.0,29.4
2025-03-01,9,1.0,29.1
2025-03-01,10,87.0,33.6
2025-03-01,11,289.0,40.9
2025-03-01,12,491.0,47.8
2025-03-01,13,647.0,53.6
2025-03-01,14,750.0,58.6
2025-03-01,15,785.0,63.2
2025-03-01,16,751.0,66.9
2025-03-01,17,646.0,68.7
2025-03-01,18,469.0,68.4
2025-03-01,19,296.0,67.3
2025-03-01,20,96.0,62.1
2025-03-01,21,1.0,58.7
2025-03-01,22,0.0,55.1
2025-03-01,23,0.0,54.3
2025-03-01,24,0.0,52.4
2025-03-02,1,0.0,50.3
2025-03-02,2,0.0,48.8
2025-03-02,3,0.0,46.9
2025-03-02,4,0.0,46.0
2025-03-02,5,0.0,44.6
2025-03-02,6,0.0,42.3
2025-03-02,7,0.0,41.6
2025-03-02,8,0.0,39.6
2025-03-02,9,1.0,38.4
2025-03-02,10,89.0,41.5
2025-03-02,11,291.0,45.7
2025-03-02,12,486.0,50.5
2025-03-02,13,642.0,55.3
2025-03-02,14,742.0,58.8
2025-03-02,15,777.0,61.8
2025-03-02,16,744.0,64.2
2025-03-02,17,634.0,66.8
2025-03-02,18,490.0,67.2
2025-03-02,19,298.0,65.9
2025-03-02,20,87.0,63.6
2025-03-02,21,1.0,60.7
2025-03-02,22,0.0,58.2
2025-03-02,23,0.0,55.6
2025-03-02,24,0.0,53.2
2025-03-03,1,0.0,51.1
2025-03-03,2,0.0,49.2
2025-03-03,3,0.0,46.4
2025-03-03,4,0.0,43.9
2025-03-03,5,0.0,42.2
2025-03-03,6,0.0,40.6
2025-03-03,7,0.0,41.7
2025-03-03,8,0.0,39.6
2025-03-03,9,1.0,39.4
2025-03-03,10,56.0,39.4
2025-03-03,11,207.0,42.2
2025-03-03,12,398.0,39.4
2025-03-03,13,445.0,42.8
2025-03-03,14,689.0,43.2
2025-03-03,15,765.0,45.7
2025-03-03,16,696.0,46.8
2025-03-03,17,621.0,47.3
2025-03-03,18,493.0,46.7
2025-03-03,19,291.0,46.0
2025-03-03,20,73.0,44.4
2025-03-03,21,1.0,42.5
2025-03-03,22,0.0,41.1
2025-03-03,23,0.0,39.2
2025-03-03,24,0.0,38.7
2025-03-04,1,0.0,37.7
2025-03-04,2,0.0,38.6
2025-03-04,3,0.0,36.6
2025-03-04,4,0.0,35.3
2025-03-04,5,0.0,34.2
2025-03-04,6,0.0,33.0
2025-03-04,7,0.0,32.0
2025-03-04,8,0.0,32.2
2025-03-04,9,1.0,34.6
2025-03-04,10,72.0,38.2
2025-03-04,11,276.0,43.1
2025-03-04,12,485.0,46.9
2025-03-04,13,643.0,50.9
2025-03-04,14,704.0,54.6
2025-03-04,15,704.0,56.4
2025-03-04,16,669.0,57.4
2025-03-04,17,614.0,57.4
2025-03-04,18,492.0,56.8
2025-03-04,19,298.0,55.6
2025-03-04,20,98.0,51.8
2025-03-04,21,2.0,48.7
2025-03-04,22,0.0,46.6
2025-03-04,23,0.0,43.6
2025-03-04,24,0.0,39.7
2025-03-05,1,0.0,37.3
2025-03-05,2,0.0,35.2
2025-03-05,3,0.0,32.9
2025-03-05,4,0.0,31.7
2025-03-05,5,0.0,30.8
2025-03-05,6,0.0,29.6
2025-03-05,7,0.0,28.9
2025-03-05,8,0.0,28.4
2025-03-05,9,2.0,27.7
2025-03-05,10,104.0,31.3
2025-03-05,11,303.0,35.6
2025-03-05,12,495.0,39.9
2025-03-05,13,648.0,44.9
2025-03-05,14,742.0,49.5
2025-03-05,15,775.0,52.6
2025-03-05,16,729.0,54.7
2025-03-05,17,622.0,56.3
2025-03-05,18,458.0,58.0
2025-03-05,19,189.0,57.9
2025-03-05,20,48.0,55.6
2025-03-05,21,1.0,53.2
2025-03-05,22,0.0,52.7
2025-03-05,23,0.0,52.4
2025-03-05,24,0.0,51.9
2025-03-06,1,0.0,51.2
2025-03-06,2,0.0,50.5
2025-03-06,3,0.0,50.1
2025-03-06,4,0.0,50.9
2025-03-06,5,0.0,50.6
2025-03-06,6,0.0,50.0
2025-03-06,7,0.0,49.5
2025-03-06,8,0.0,49.7
2025-03-06,9,1.0,46.6
2025-03-06,10,61.0,49.5
2025-03-06,11,154.0,53.3
2025-03-06,12,185.0,52.1
2025-03-06,13,328.0,49.6
2025-03-06,14,603.0,52.7
2025-03-06,15,774.0,55.0
2025-03-06,16,690.0,54.6
2025-03-06,17,532.0,54.7
2025-03-06,18,124.0,48.5
2025-03-06,19,231.0,47.8
2025-03-06,20,94.0,45.5
2025-03-06,21,2.0,42.9
2025-03-06,22,0.0,41.6
2025-03-06,23,0.0,40.2
2025-03-06,24,0.0,38.8
2025-03-07,1,0.0,36.8
2025-03-07,2,0.0,34.3
2025-03-07,3,0.0,33.2
2025-03-07,4,0.0,31.8
2025-03-07,5,0.0,30.2
2025-03-07,6,0.0,30.2
2025-03-07,7,0.0,30.0
2025-03-07,8,0.0,30.7
2025-03-07,9,3.0,28.9
2025-03-07,10,95.0,32.5
2025-03-07,11,245.0,36.7
2025-03-07,12,424.0,41.1
2025-03-07,13,539.0,44.9
2025-03-07,14,545.0,47.9
2025-03-07,15,445.0,49.0
2025-03-07,16,416.0,50.5
2025-03-07,17,323.0,50.6
2025-03-07,18,277.0,50.2
2025-03-07,19,103.0,47.5
2025-03-07,20,48.0,48.1
2025-03-07,21,1.0,45.7
2025-03-07,22,0.0,43.3
2025-03-07,23,0.0,39.5
2025-03-07,24,0.0,38.6
2025-03-08,1,0.0,37.3
2025-03-08,2,0.0,35.7
2025-03-08,3,0.0,34.7
2025-03-08,4,0.0,33.3
2025-03-08,5,0.0,32.0
2025-03-08,6,0.0,30.4
2025-03-08,7,0.0,28.8
2025-03-08,8,0.0,32.0
2025-03-08,9,4.0,31.3
2025-03-08,10,119.0,36.0
2025-03-08,11,324.0,40.5
2025-03-08,12,515.0,43.5
2025-03-08,13,677.0,46.6
2025-03-08,14,778.0,49.7
2025-03-08,15,811.0,51.9
2025-03-08,16,775.0,54.4
2025-03-08,17,667.0,56.5
2025-03-08,18,517.0,56.7
2025-03-08,19,324.0,55.0
2025-03-08,20,117.0,52.8
2025-03-08,21,3.0,49.7
2025-03-08,22,0.0,47.3
2025-03-08,23,0.0,45.4
2025-03-08,24,0.0,42.8
2025-03-09,1,0.0,39.0
2025-03-09,2,0.0,37.0
2025-03-09,3,0.0,35.3
2025-03-09,4,0.0,32.8
2025-03-09,5,0.0,29.8
2025-03-09,6,0.0,28.3
2025-03-09,7,0.0,27.5
2025-03-09,8,0.0,27.3
2025-03-09,9,5.0,27.4
2025-03-09,10,127.0,31.4
2025-03-09,11,336.0,35.1
2025-03-09,12,534.0,39.3
2025-03-09,13,691.0,43.7
2025-03-09,14,791.0,48.8
2025-03-09,15,825.0,53.3
2025-03-09,16,791.0,56.7
2025-03-09,17,690.0,58.6
2025-03-09,18,531.0,59.2
2025-03-09,19,332.0,59.2
2025-03-09,20,122.0,56.2
2025-03-09,21,4.0,52.8
2025-03-09,22,0.0,48.8
2025-03-09,23,0.0,45.1
2025-03-09,24,0.0,42.2
2025-03-10,1,0.0,39.7
2025-03-10,2,0.0,37.3
2025-03-10,3,0.0,35.3
2025-03-10,4,0.0,33.7
2025-03-10,5,0.0,32.5
2025-03-10,6,0.0,31.6
2025-03-10,7,0.0,30.9
2025-03-10,8,0.0,29.0
2025-03-10,9,6.0,28.7
2025-03-10,10,132.0,32.6
2025-03-10,11,344.0,36.9
2025-03-10,12,544.0,41.4
2025-03-10,13,701.0,46.3
2025-03-10,14,801.0,51.2
2025-03-10,15,835.0,55.5
2025-03-10,16,800.0,58.6
2025-03-10,17,698.0,61.0
2025-03-10,18,539.0,62.1
2025-03-10,19,337.0,61.7
2025-03-10,20,125.0,59.8
2025-03-10,21,4.0,55.9
2025-03-10,22,0.0,54.8
2025-03-10,23,0.0,51.3
2025-03-10,24,0.0,46.8
2025-03-11,1,0.0,42.4
2025-03-11,2,0.0,39.7
2025-03-11,3,0.0,38.2
2025-03-11,4,0.0,36.8
2025-03-11,5,0.0,35.4
2025-03-11,6,0.0,34.7
2025-03-11,7,0.0,34.1
2025-03-11,8,0.0,35.1
2025-03-11,9,6.0,33.9
2025-03-11,10,122.0,36.9
2025-03-11,11,320.0,40.9
2025-03-11,12,529.0,46.2
2025-03-11,13,562.0,49.9
2025-03-11,14,705.0,54.1
2025-03-11,15,824.0,59.0
2025-03-11,16,778.0,63.0
2025-03-11,17,684.0,64.4
2025-03-11,18,530.0,65.3
2025-03-11,19,336.0,63.6
2025-03-11,20,126.0,61.3
2025-03-11,21,5.0,57.4
2025-03-11,22,0.0,55.0
2025-03-11,23,0.0,51.5
2025-03-11,24,0.0,50.2
2025-03-12,1,0.0,47.8
2025-03-12,2,0.0,46.0
2025-03-12,3,0.0,45.6
2025-03-12,4,0.0,44.5
2025-03-12,5,0.0,44.2
2025-03-12,6,0.0,43.9
2025-03-12,7,0.0,42.0
2025-03-12,8,0.0,42.3
2025-03-12,9,5.0,42.2
2025-03-12,10,123.0,44.1
2025-03-12,11,142.0,46.3
2025-03-12,12,332.0,50.5
2025-03-12,13,670.0,55.3
2025-03-12,14,622.0,57.1
2025-03-12,15,517.0,57.9
2025-03-12,16,504.0,59.7
2025-03-12,17,431.0,61.3
2025-03-12,18,402.0,62.2
2025-03-12,19,320.0,61.6
2025-03-12,20,100.0,59.8
2025-03-12,21,5.0,56.6
2025-03-12,22,0.0,55.4
2025-03-12,23,0.0,53.2
2025-03-12,24,0.0,53.9
2025-03-13,1,0.0,50.9
2025-03-13,2,0.0,47.2
2025-03-13,3,0.0,45.8
2025-03-13,4,0.0,44.2
2025-03-13,5,0.0,42.5
2025-03-13,6,0.0,41.6
2025-03-13,7,0.0,41.0
2025-03-13,8,0.0,42.9
2025-03-13,9,8.0,42.0
2025-03-13,10,128.0,45.2
2025-03-13,11,314.0,50.6
2025-03-13,12,457.0,54.0
2025-03-13,13,329.0,55.1
2025-03-13,14,327.0,57.7
2025-03-13,15,391.0,60.3
2025-03-13,16,552.0,62.5
2025-03-13,17,254.0,60.2
2025-03-13,18,394.0,60.6
2025-03-13,19,253.0,58.5
2025-03-13,20,102.0,49.9
2025-03-13,21,3.0,46.9
2025-03-13,22,0.0,46.0
2025-03-13,23,0.0,41.7
2025-03-13,24,0.0,38.1
2025-03-14,1,0.0,37.5
2025-03-14,2,0.0,37.7
2025-03-14,3,0.0,37.5
2025-03-14,4,0.0,37.1
2025-03-14,5,0.0,37.0
2025-03-14,6,0.0,35.4
2025-03-14,7,0.0,34.4
2025-03-14,8,0.0,33.3
2025-03-14,9,10.0,33.2
2025-03-14,10,148.0,36.6
2025-03-14,11,362.0,39.8
2025-03-14,12,562.0,43.2
2025-03-14,13,717.0,45.3
2025-03-14,14,808.0,46.7
2025-03-14,15,836.0,47.8
2025-03-14,16,771.0,48.7
2025-03-14,17,631.0,49.2
2025-03-14,18,375.0,47.8
2025-03-14,19,294.0,47.6
2025-03-14,20,93.0,45.1
2025-03-14,21,4.0,43.7
2025-03-14,22,0.0,42.1
2025-03-14,23,0.0,40.3
2025-03-14,24,0.0,39.5
2025-03-15,1,0.0,38.5
2025-03-15,2,0.0,37.3
2025-03-15,3,0.0,36.2
2025-03-15,4,0.0,34.2
2025-03-15,5,0.0,33.4
2025-03-15,6,0.0,32.2
2025-03-15,7,0.0,31.1
2025-03-15,8,0.0,32.2
2025-03-15,9,11.0,31.6
2025-03-15,10,149.0,35.2
2025-03-15,11,360.0,39.0
2025-03-15,12,551.0,43.3
2025-03-15,13,699.0,46.5
2025-03-15,14,719.0,48.7
2025-03-15,15,655.0,50.1
2025-03-15,16,727.0,50.7
2025-03-15,17,563.0,50.5
2025-03-15,18,467.0,50.3
2025-03-15,19,333.0,49.3
2025-03-15,20,135.0,46.5
2025-03-15,21,7.0,43.0
2025-03-15,22,0.0,41.0
2025-03-15,23,0.0,38.8
2025-03-15,24,0.0,36.0
2025-03-16,1,0.0,33.8
2025-03-16,2,0.0,32.7
2025-03-16,3,0.0,31.4
2025-03-16,4,0.0,29.1
2025-03-16,5,0.0,28.0
2025-03-16,6,0.0,26.6
2025-03-16,7,0.0,26.2
2025-03-16,8,0.0,26.6
2025-03-16,9,12.0,27.2
2025-03-16,10,154.0,31.6
2025-03-16,11,363.0,35.8
2025-03-16,12,559.0,40.4
2025-03-16,13,713.0,45.5
2025-03-16,14,812.0,49.6
2025-03-16,15,844.0,53.2
2025-03-16,16,808.0,55.9
2025-03-16,17,707.0,57.7
2025-03-16,18,533.0,59.0
2025-03-16,19,341.0,59.5
2025-03-16,20,116.0,58.7
2025-03-16,21,6.0,54.7
2025-03-16,22,0.0,52.1
2025-03-16,23,0.0,48.8
2025-03-16,24,0.0,48.0
2025-03-17,1,0.0,46.3
2025-03-17,2,0.0,44.1
2025-03-17,3,0.0,42.6
2025-03-17,4,0.0,42.1
2025-03-17,5,0.0,41.1
2025-03-17,6,0.0,40.5
2025-03-17,7,0.0,39.7
2025-03-17,8,0.0,41.2
2025-03-17,9,10.0,40.5
2025-03-17,10,112.0,43.8
2025-03-17,11,282.0,47.9
2025-03-17,12,350.0,51.4
2025-03-17,13,450.0,55.9
2025-03-17,14,628.0,61.2
2025-03-17,15,512.0,64.0
2025-03-17,16,639.0,67.3
2025-03-17,17,428.0,68.8
2025-03-17,18,179.0,67.9
2025-03-17,19,81.0,67.4
2025-03-17,20,57.0,65.8
2025-03-17,21,6.0,64.4
2025-03-17,22,0.0,59.8
2025-03-17,23,0.0,58.5
2025-03-17,24,0.0,56.8
2025-03-18,1,0.0,54.5
2025-03-18,2,0.0,52.3
2025-03-18,3,0.0,50.3
2025-03-18,4,0.0,47.9
2025-03-18,5,0.0,46.0
2025-03-18,6,0.0,46.4
2025-03-18,7,0.0,47.6
2025-03-18,8,0.0,46.6
2025-03-18,9,8.0,40.5
2025-03-18,10,49.0,41.3
2025-03-18,11,252.0,43.3
2025-03-18,12,535.0,45.6
2025-03-18,13,592.0,45.1
2025-03-18,14,493.0,46.0
2025-03-18,15,357.0,46.5
2025-03-18,16,488.0,50.7
2025-03-18,17,647.0,50.6
2025-03-18,18,499.0,50.3
2025-03-18,19,279.0,49.4
2025-03-18,20,140.0,44.7
2025-03-18,21,7.0,42.1
2025-03-18,22,0.0,39.7
2025-03-18,23,0.0,37.9
2025-03-18,24,0.0,36.1
2025-03-19,1,0.0,35.1
2025-03-19,2,0.0,34.0
2025-03-19,3,0.0,33.0
2025-03-19,4,0.0,32.5
2025-03-19,5,0.0,31.7
2025-03-19,6,0.0,29.0
2025-03-19,7,0.0,27.9
2025-03-19,8,0.0,28.1
2025-03-19,9,18.0,29.0
2025-03-19,10,175.0,33.9
2025-03-19,11,392.0,37.0
2025-03-19,12,593.0,40.2
2025-03-19,13,750.0,43.2
2025-03-19,14,846.0,45.9
2025-03-19,15,876.0,48.4
2025-03-19,16,836.0,50.1
2025-03-19,17,738.0,50.9
2025-03-19,18,579.0,51.1
2025-03-19,19,373.0,51.2
2025-03-19,20,154.0,48.3
2025-03-19,21,10.0,44.6
2025-03-19,22,0.0,41.7
2025-03-19,23,0.0,38.0
2025-03-19,24,0.0,35.2
2025-03-20,1,0.0,32.3
2025-03-20,2,0.0,29.1
2025-03-20,3,0.0,28.0
2025-03-20,4,0.0,28.2
2025-03-20,5,0.0,27.1
2025-03-20,6,0.0,27.1
2025-03-20,7,0.0,28.1
2025-03-20,8,0.0,27.6
2025-03-20,9,12.0,29.4
2025-03-20,10,132.0,33.4
2025-03-20,11,353.0,37.0
2025-03-20,12,558.0,41.6
2025-03-20,13,654.0,46.2
2025-03-20,14,784.0,48.9
2025-03-20,15,886.0,51.0
2025-03-20,16,844.0,52.5
2025-03-20,17,733.0,53.9
2025-03-20,18,480.0,55.0
2025-03-20,19,316.0,55.5
2025-03-20,20,116.0,54.0
2025-03-20,21,7.0,51.6
2025-03-20,22,0.0,48.5
2025-03-20,23,0.0,48.7
2025-03-20,24,0.0,45.1
2025-03-21,1,0.0,41.5
2025-03-21,2,0.0,38.2
2025-03-21,3,0.0,36.6
2025-03-21,4,0.0,36.6
2025-03-21,5,0.0,35.2
2025-03-21,6,0.0,33.6
2025-03-21,7,0.0,32.5
2025-03-21,8,0.0,30.7
2025-03-21,9,21.0,31.0
2025-03-21,10,180.0,34.9
2025-03-21,11,392.0,39.2
2025-03-21,12,585.0,45.2
2025-03-21,13,731.0,51.0
2025-03-21,14,813.0,54.5
2025-03-21,15,855.0,56.8
2025-03-21,16,815.0,58.7
2025-03-21,17,716.0,60.3
2025-03-21,18,547.0,61.2
2025-03-21,19,354.0,61.5
2025-03-21,20,142.0,59.5
2025-03-21,21,10.0,55.5
2025-03-21,22,0.0,52.8
2025-03-21,23,0.0,50.2
2025-03-21,24,0.0,48.4
2025-03-22,1,0.0,44.9
2025-03-22,2,0.0,43.1
2025-03-22,3,0.0,42.9
2025-03-22,4,0.0,43.0
2025-03-22,5,0.0,40.8
2025-03-22,6,0.0,39.8
2025-03-22,7,0.0,37.1
2025-03-22,8,0.0,37.1
2025-03-22,9,23.0,37.8
2025-03-22,10,184.0,42.5
2025-03-22,11,388.0,47.6
2025-03-22,12,574.0,52.8
2025-03-22,13,726.0,58.3
2025-03-22,14,798.0,63.1
2025-03-22,15,794.0,67.9
2025-03-22,16,714.0,67.6
2025-03-22,17,631.0,67.9
2025-03-22,18,478.0,67.3
2025-03-22,19,293.0,66.7
2025-03-22,20,97.0,64.8
2025-03-22,21,11.0,60.7
2025-03-22,22,0.0,59.7
2025-03-22,23,0.0,59.0
2025-03-22,24,0.0,56.1
2025-03-23,1,0.0,53.3
2025-03-23,2,0.0,50.7
2025-03-23,3,0.0,49.4
2025-03-23,4,0.0,47.8
2025-03-23,5,0.0,45.5
2025-03-23,6,0.0,43.3
2025-03-23,7,0.0,41.1
2025-03-23,8,0.0,40.6
2025-03-23,9,25.0,40.8
2025-03-23,10,190.0,46.3
2025-03-23,11,402.0,51.4
2025-03-23,12,595.0,55.5
2025-03-23,13,745.0,59.1
2025-03-23,14,838.0,61.8
2025-03-23,15,865.0,63.5
2025-03-23,16,827.0,67.0
2025-03-23,17,724.0,69.4
2025-03-23,18,567.0,70.1
2025-03-23,19,369.0,69.3
2025-03-23,20,156.0,67.6
2025-03-23,21,13.0,62.2
2025-03-23,22,0.0,59.2
2025-03-23,23,0.0,55.7
2025-03-23,24,0.0,52.0
2025-03-24,1,0.0,48.6
2025-03-24,2,0.0,46.5
2025-03-24,3,0.0,44.5
2025-03-24,4,0.0,42.5
2025-03-24,5,0.0,40.9
2025-03-24,6,0.0,39.7
2025-03-24,7,0.0,38.3
2025-03-24,8,0.0,38.8
2025-03-24,9,27.0,39.7
2025-03-24,10,194.0,43.8
2025-03-24,11,403.0,49.0
2025-03-24,12,595.0,54.9
2025-03-24,13,744.0,60.2
2025-03-24,14,837.0,64.9
2025-03-24,15,865.0,68.7
2025-03-24,16,827.0,71.5
2025-03-24,17,724.0,73.5
2025-03-24,18,566.0,74.4
2025-03-24,19,368.0,74.4
2025-03-24,20,158.0,72.5
2025-03-24,21,14.0,67.9
2025-03-24,22,0.0,64.5
2025-03-24,23,0.0,61.0
2025-03-24,24,0.0,57.2
2025-03-25,1,0.0,53.9
2025-03-25,2,0.0,52.0
2025-03-25,3,0.0,49.9
2025-03-25,4,0.0,47.4
2025-03-25,5,0.0,45.3
2025-03-25,6,0.0,43.8
2025-03-25,7,0.0,42.9
2025-03-25,8,0.0,41.9
2025-03-25,9,30.0,42.9
2025-03-25,10,199.0,47.5
2025-03-25,11,411.0,52.5
2025-03-25,12,604.0,57.8
2025-03-25,13,754.0,64.0
2025-03-25,14,848.0,69.3
2025-03-25,15,876.0,72.5
2025-03-25,16,837.0,74.4
2025-03-25,17,734.0,75.9
2025-03-25,18,576.0,76.6
2025-03-25,19,376.0,76.2
2025-03-25,20,164.0,74.3
2025-03-25,21,15.0,69.3
2025-03-25,22,0.0,66.4
2025-03-25,23,0.0,63.9
2025-03-25,24,0.0,60.4
2025-03-26,1,0.0,56.0
2025-03-26,2,0.0,53.1
2025-03-26,3,0.0,50.6
2025-03-26,4,0.0,49.2
2025-03-26,5,0.0,47.3
2025-03-26,6,0.0,45.6
2025-03-26,7,0.0,44.1
2025-03-26,8,0.0,43.9
2025-03-26,9,32.0,44.6
2025-03-26,10,206.0,51.9
2025-03-26,11,420.0,58.1
2025-03-26,12,613.0,63.9
2025-03-26,13,764.0,69.6
2025-03-26,14,856.0,73.9
2025-03-26,15,885.0,76.3
2025-03-26,16,849.0,77.9
2025-03-26,17,733.0,79.0
2025-03-26,18,558.0,79.3
2025-03-26,19,299.0,78.4
2025-03-26,20,130.0,76.4
2025-03-26,21,13.0,72.0
2025-03-26,22,0.0,71.3
2025-03-26,23,0.0,67.4
2025-03-26,24,0.0,62.5
2025-03-27,1,0.0,60.1
2025-03-27,2,0.0,57.5
2025-03-27,3,0.0,54.8
2025-03-27,4,0.0,53.6
2025-03-27,5,0.0,51.0
2025-03-27,6,0.0,49.3
2025-03-27,7,0.0,47.0
2025-03-27,8,0.0,45.9
2025-03-27,9,34.0,46.4
2025-03-27,10,209.0,52.2
2025-03-27,11,416.0,56.5
2025-03-27,12,614.0,61.7
2025-03-27,13,764.0,67.2
2025-03-27,14,859.0,72.1
2025-03-27,15,887.0,76.0
2025-03-27,16,847.0,78.8
2025-03-27,17,711.0,83.2
2025-03-27,18,478.0,80.2
2025-03-27,19,348.0,79.1
2025-03-27,20,137.0,76.9
2025-03-27,21,17.0,73.0
2025-03-27,22,0.0,68.9
2025-03-27,23,0.0,65.6
2025-03-27,24,0.0,63.1
2025-03-28,1,0.0,62.4
2025-03-28,2,0.0,60.0
2025-03-28,3,0.0,59.1
2025-03-28,4,0.0,57.4
2025-03-28,5,0.0,56.8
2025-03-28,6,0.0,55.6
2025-03-28,7,0.0,54.1
2025-03-28,8,0.0,54.4
2025-03-28,9,26.0,55.3
2025-03-28,10,152.0,58.1
2025-03-28,11,310.0,62.1
2025-03-28,12,494.0,65.7
2025-03-28,13,649.0,68.1
2025-03-28,14,611.0,69.4
2025-03-28,15,505.0,70.3
2025-03-28,16,462.0,70.9
2025-03-28,17,370.0,65.9
2025-03-28,18,200.0,64.3
2025-03-28,19,200.0,66.1
2025-03-28,20,48.0,64.4
2025-03-28,21,6.0,63.1
2025-03-28,22,0.0,62.9
2025-03-28,23,0.0,59.9
2025-03-28,24,0.0,60.0
2025-03-29,1,0.0,58.0
2025-03-29,2,0.0,55.3
2025-03-29,3,0.0,53.3
2025-03-29,4,0.0,49.6
2025-03-29,5,0.0,47.4
2025-03-29,6,0.0,46.0
2025-03-29,7,0.0,45.1
2025-03-29,8,0.0,44.2
2025-03-29,9,33.0,44.9
2025-03-29,10,175.0,48.6
2025-03-29,11,330.0,52.7
2025-03-29,12,522.0,57.0
2025-03-29,13,681.0,60.0
2025-03-29,14,846.0,63.0
2025-03-29,15,884.0,65.0
2025-03-29,16,866.0,66.7
2025-03-29,17,743.0,67.3
2025-03-29,18,523.0,66.9
2025-03-29,19,355.0,65.6
2025-03-29,20,151.0,63.2
2025-03-29,21,18.0,59.6
2025-03-29,22,0.0,58.4
2025-03-29,23,0.0,55.3
2025-03-29,24,0.0,53.3
2025-03-30,1,0.0,51.4
2025-03-30,2,0.0,48.3
2025-03-30,3,0.0,45.8
2025-03-30,4,0.0,44.3
2025-03-30,5,0.0,41.8
2025-03-30,6,0.0,38.8
2025-03-30,7,0.0,37.7
2025-03-30,8,0.0,38.9
2025-03-30,9,22.0,40.2
2025-03-30,10,127.0,43.0
2025-03-30,11,361.0,46.9
2025-03-30,12,488.0,50.9
2025-03-30,13,436.0,53.2
2025-03-30,14,508.0,56.9
2025-03-30,15,276.0,58.5
2025-03-30,16,266.0,60.0
2025-03-30,17,432.0,61.6
2025-03-30,18,344.0,61.8
2025-03-30,19,241.0,61.8
2025-03-30,20,157.0,59.5
2025-03-30,21,20.0,55.6
2025-03-30,22,0.0,53.2
2025-03-30,23,0.0,51.3
2025-03-30,24,0.0,48.4
2025-03-31,1,0.0,45.1
2025-03-31,2,0.0,42.7
2025-03-31,3,0.0,41.0
2025-03-31,4,0.0,39.4
2025-03-31,5,0.0,38.9
2025-03-31,6,0.0,38.1
2025-03-31,7,0.0,39.7
2025-03-31,8,0.0,40.8
2025-03-31,9,44.0,41.7
2025-03-31,10,227.0,46.9
2025-03-31,11,431.0,51.2
2025-03-31,12,636.0,57.9
2025-03-31,13,786.0,63.0
2025-03-31,14,846.0,66.4
2025-03-31,15,856.0,69.5
2025-03-31,16,847.0,71.8
2025-03-31,17,738.0,71.5
2025-03-31,18,553.0,71.3
2025-03-31,19,336.0,71.3
2025-03-31,20,140.0,66.6
2025-03-31,21,17.0,64.2
2025-03-31,22,0.0,62.7
2025-03-31,23,0.0,61.2
2025-03-31,24,0.0,59.3
2025-04-01,1,0.0,57.5
2025-04-01,2,0.0,56.3
2025-04-01,3,0.0,54.4
2025-04-01,4,0.0,53.2
2025-04-01,5,0.0,51.7
2025-04-01,6,0.0,51.5
2025-04-01,7,0.0,46.3
2025-04-01,8,0.0,48.9
2025-04-01,9,39.0,46.8
2025-04-01,10,196.0,50.0
2025-04-01,11,381.0,50.0
2025-04-01,12,614.0,49.3
2025-04-01,13,792.0,52.0
2025-04-01,14,854.0,53.2
2025-04-01,15,768.0,54.0
2025-04-01,16,871.0,54.5
2025-04-01,17,753.0,54.5
2025-04-01,18,541.0,50.7
2025-04-01,19,375.0,50.1
2025-04-01,20,167.0,47.0
2025-04-01,21,19.0,44.9
2025-04-01,22,0.0,42.5
2025-04-01,23,0.0,39.9
2025-04-01,24,0.0,37.8
2025-04-02,1,0.0,36.4
2025-04-02,2,0.0,34.4
2025-04-02,3,0.0,31.8
2025-04-02,4,0.0,29.9
2025-04-02,5,0.0,28.5
2025-04-02,6,0.0,26.9
2025-04-02,7,0.0,26.2
2025-04-02,8,0.0,27.1
2025-04-02,9,53.0,29.1
2025-04-02,10,234.0,33.4
2025-04-02,11,428.0,38.4
2025-04-02,12,624.0,43.6
2025-04-02,13,811.0,47.4
2025-04-02,14,896.0,49.9
2025-04-02,15,918.0,51.4
2025-04-02,16,777.0,52.4
2025-04-02,17,653.0,53.3
2025-04-02,18,507.0,54.2
2025-04-02,19,315.0,53.3
2025-04-02,20,118.0,50.5
2025-04-02,21,15.0,47.7
2025-04-02,22,0.0,45.5
2025-04-02,23,0.0,44.6
2025-04-02,24,0.0,41.7
2025-04-03,1,0.0,41.1
2025-04-03,2,0.0,40.0
2025-04-03,3,0.0,38.5
2025-04-03,4,0.0,35.9
2025-04-03,5,0.0,34.3
2025-04-03,6,0.0,33.9
2025-04-03,7,0.0,34.9
2025-04-03,8,0.0,34.3
2025-04-03,9,18.0,34.3
2025-04-03,10,48.0,34.3
2025-04-03,11,237.0,36.5
2025-04-03,12,451.0,39.7
2025-04-03,13,689.0,41.5
2025-04-03,14,867.0,42.9
2025-04-03,15,898.0,44.6
2025-04-03,16,804.0,46.1
2025-04-03,17,699.0,48.1
2025-04-03,18,491.0,47.8
2025-04-03,19,357.0,46.6
2025-04-03,20,161.0,44.4
2025-04-03,21,23.0,41.2
2025-04-03,22,0.0,39.6
2025-04-03,23,0.0,38.3
2025-04-03,24,0.0,35.7
2025-04-04,1,0.0,33.0
2025-04-04,2,0.0,30.9
2025-04-04,3,0.0,29.9
2025-04-04,4,0.0,29.2
2025-04-04,5,0.0,28.8
2025-04-04,6,0.0,28.2
2025-04-04,7,0.0,27.5
2025-04-04,8,0.0,27.5
2025-04-04,9,57.0,28.9
2025-04-04,10,247.0,33.2
2025-04-04,11,462.0,37.9
2025-04-04,12,656.0,43.8
2025-04-04,13,803.0,48.1
2025-04-04,14,911.0,50.4
2025-04-04,15,940.0,52.3
2025-04-04,16,900.0,52.9
2025-04-04,17,767.0,54.4
2025-04-04,18,560.0,52.4
2025-04-04,19,376.0,53.6
2025-04-04,20,187.0,49.7
2025-04-04,21,26.0,46.5
2025-04-04,22,0.0,43.3
2025-04-04,23,0.0,41.3
2025-04-04,24,0.0,39.7
2025-04-05,1,0.0,38.8
2025-04-05,2,0.0,37.9
2025-04-05,3,0.0,36.8
2025-04-05,4,0.0,35.0
2025-04-05,5,0.0,33.9
2025-04-05,6,0.0,33.9
2025-04-05,7,0.0,34.1
2025-04-05,8,0.0,34.1
2025-04-05,9,35.0,36.3
2025-04-05,10,199.0,39.5
2025-04-05,11,464.0,42.4
2025-04-05,12,661.0,45.5
2025-04-05,13,807.0,48.3
2025-04-05,14,784.0,49.6
2025-04-05,15,848.0,51.2
2025-04-05,16,858.0,52.3
2025-04-05,17,727.0,52.5
2025-04-05,18,588.0,53.7
2025-04-05,19,369.0,54.4
2025-04-05,20,188.0,54.3
2025-04-05,21,27.0,49.2
2025-04-05,22,0.0,46.2
2025-04-05,23,0.0,43.3
2025-04-05,24,0.0,40.1
2025-04-06,1,0.0,36.4
2025-04-06,2,0.0,34.4
2025-04-06,3,0.0,33.4
2025-04-06,4,0.0,32.2
2025-04-06,5,0.0,30.4
2025-04-06,6,0.0,28.9
2025-04-06,7,0.0,27.6
2025-04-06,8,0.0,27.1
2025-04-06,9,67.0,30.3
2025-04-06,10,264.0,35.4
2025-04-06,11,483.0,39.7
2025-04-06,12,678.0,44.3
2025-04-06,13,828.0,49.5
2025-04-06,14,919.0,54.3
2025-04-06,15,941.0,58.7
2025-04-06,16,896.0,61.4
2025-04-06,17,783.0,63.0
2025-04-06,18,613.0,64.1
2025-04-06,19,420.0,64.7
2025-04-06,20,203.0,62.6
2025-04-06,21,30.0,57.3
2025-04-06,22,0.0,52.5
2025-04-06,23,0.0,48.0
2025-04-06,24,0.0,44.4
2025-04-07,1,0.0,41.8
2025-04-07,2,0.0,39.8
2025-04-07,3,0.0,37.9
2025-04-07,4,0.0,36.7
2025-04-07,5,0.0,34.8
2025-04-07,6,0.0,32.9
2025-04-07,7,0.0,31.3
2025-04-07,8,0.0,31.0
2025-04-07,9,72.0,33.8
2025-04-07,10,273.0,39.3
2025-04-07,11,492.0,44.0
2025-04-07,12,686.0,49.5
2025-04-07,13,835.0,55.5
2025-04-07,14,925.0,61.6
2025-04-07,15,949.0,65.8
2025-04-07,16,905.0,68.2
2025-04-07,17,797.0,69.3
2025-04-07,18,632.0,69.8
2025-04-07,19,425.0,69.6
2025-04-07,20,205.0,68.1
2025-04-07,21,31.0,62.6
2025-04-07,22,0.0,60.5
2025-04-07,23,0.0,57.9
2025-04-07,24,0.0,54.0
2025-04-08,1,0.0,50.5
2025-04-08,2,0.0,46.9
2025-04-08,3,0.0,44.3
2025-04-08,4,0.0,43.2
2025-04-08,5,0.0,41.6
2025-04-08,6,0.0,40.1
2025-04-08,7,0.0,39.3
2025-04-08,8,0.0,38.8
2025-04-08,9,74.0,41.5
2025-04-08,10,272.0,46.0
2025-04-08,11,488.0,50.8
2025-04-08,12,678.0,56.2
2025-04-08,13,824.0,61.4
2025-04-08,14,912.0,67.1
2025-04-08,15,934.0,71.3
2025-04-08,16,887.0,74.3
2025-04-08,17,777.0,76.7
2025-04-08,18,571.0,77.6
2025-04-08,19,348.0,75.9
2025-04-08,20,141.0,73.9
2025-04-08,21,27.0,69.7
2025-04-08,22,0.0,66.4
2025-04-08,23,0.0,63.1
2025-04-08,24,0.0,59.2
2025-04-09,1,0.0,55.2
2025-04-09,2,0.0,52.0
2025-04-09,3,0.0,49.5
2025-04-09,4,0.0,47.4
2025-04-09,5,0.0,45.3
2025-04-09,6,0.0,43.5
2025-04-09,7,0.0,41.6
2025-04-09,8,0.0,41.0
2025-04-09,9,77.0,44.3
2025-04-09,10,277.0,50.3
2025-04-09,11,493.0,55.1
2025-04-09,12,684.0,60.5
2025-04-09,13,830.0,66.7
2025-04-09,14,918.0,72.5
2025-04-09,15,941.0,77.0
2025-04-09,16,896.0,80.1
2025-04-09,17,789.0,81.1
2025-04-09,18,627.0,80.7
2025-04-09,19,425.0,79.8
2025-04-09,20,207.0,78.4
2025-04-09,21,33.0,72.4
2025-04-09,22,0.0,69.6
2025-04-09,23,0.0,65.6
2025-04-09,24,0.0,60.4
2025-04-10,1,0.0,57.7
2025-04-10,2,0.0,55.3
2025-04-10,3,0.0,54.7
2025-04-10,4,0.0,52.9
2025-04-10,5,0.0,49.9
2025-04-10,6,0.0,47.7
2025-04-10,7,0.0,45.9
2025-04-10,8,0.0,45.0
2025-04-10,9,81.0,48.7
2025-04-10,10,281.0,53.2
2025-04-10,11,496.0,57.9
2025-04-10,12,686.0,63.4
2025-04-10,13,832.0,69.9
2025-04-10,14,920.0,75.7
2025-04-10,15,943.0,78.7
2025-04-10,16,898.0,80.5
2025-04-10,17,791.0,81.5
2025-04-10,18,626.0,81.7
2025-04-10,19,424.0,81.4
2025-04-10,20,207.0,79.3
2025-04-10,21,34.0,75.2
2025-04-10,22,0.0,71.0
2025-04-10,23,0.0,68.1
2025-04-10,24,0.0,64.2
2025-04-11,1,0.0,60.0
2025-04-11,2,0.0,57.7
2025-04-11,3,0.0,54.6
2025-04-11,4,0.0,51.9
2025-04-11,5,0.0,49.8
2025-04-11,6,0.0,48.2
2025-04-11,7,0.0,46.7
2025-04-11,8,1.0,45.1
2025-04-11,9,85.0,49.1
2025-04-11,10,288.0,55.0
2025-04-11,11,504.0,60.9
2025-04-11,12,694.0,66.7
2025-04-11,13,839.0,72.8
2025-04-11,14,926.0,77.4
2025-04-11,15,948.0,80.6
2025-04-11,16,905.0,82.9
2025-04-11,17,798.0,84.5
2025-04-11,18,555.0,84.7
2025-04-11,19,259.0,84.4
2025-04-11,20,142.0,82.6
2025-04-11,21,33.0,77.5
2025-04-11,22,0.0,74.8
2025-04-11,23,0.0,70.2
2025-04-11,24,0.0,66.5
2025-04-12,1,0.0,63.1
2025-04-12,2,0.0,60.0
2025-04-12,3,0.0,57.4
2025-04-12,4,0.0,56.7
2025-04-12,5,0.0,55.8
2025-04-12,6,0.0,53.8
2025-04-12,7,0.0,51.1
2025-04-12,8,1.0,51.3
2025-04-12,9,90.0,53.3
2025-04-12,10,296.0,58.3
2025-04-12,11,512.0,62.7
2025-04-12,12,705.0,67.7
2025-04-12,13,847.0,73.2
2025-04-12,14,938.0,79.4
2025-04-12,15,939.0,82.3
2025-04-12,16,612.0,84.9
2025-04-12,17,725.0,85.2
2025-04-12,18,590.0,85.1
2025-04-12,19,298.0,83.4
2025-04-12,20,124.0,81.5
2025-04-12,21,30.0,77.9
2025-04-12,22,0.0,75.5
2025-04-12,23,0.0,73.2
2025-04-12,24,0.0,70.9
2025-04-13,1,0.0,69.6
2025-04-13,2,0.0,67.1
2025-04-13,3,0.0,64.1
2025-04-13,4,0.0,62.0
2025-04-13,5,0.0,58.8
2025-04-13,6,0.0,57.1
2025-04-13,7,0.0,55.0
2025-04-13,8,1.0,52.9
2025-04-13,9,90.0,54.7
2025-04-13,10,290.0,60.3
2025-04-13,11,486.0,64.7
2025-04-13,12,669.0,70.8
2025-04-13,13,809.0,75.1
2025-04-13,14,906.0,76.9
2025-04-13,15,935.0,78.4
2025-04-13,16,914.0,81.0
2025-04-13,17,799.0,82.0
2025-04-13,18,637.0,81.1
2025-04-13,19,432.0,81.1
2025-04-13,20,158.0,79.1
2025-04-13,21,38.0,72.6
2025-04-13,22,0.0,69.2
2025-04-13,23,0.0,67.7
2025-04-13,24,0.0,65.0
2025-04-14,1,0.0,63.3
2025-04-14,2,0.0,61.1
2025-04-14,3,0.0,58.8
2025-04-14,4,0.0,56.1
2025-04-14,5,0.0,54.8
2025-04-14,6,0.0,53.1
2025-04-14,7,0.0,50.3
2025-04-14,8,1.0,48.6
2025-04-14,9,85.0,51.0
2025-04-14,10,276.0,55.2
2025-04-14,11,494.0,59.8
2025-04-14,12,708.0,64.3
2025-04-14,13,851.0,68.6
2025-04-14,14,938.0,71.6
2025-04-14,15,960.0,73.5
2025-04-14,16,914.0,75.0
2025-04-14,17,812.0,76.1
2025-04-14,18,647.0,76.5
2025-04-14,19,445.0,75.9
2025-04-14,20,227.0,74.4
2025-04-14,21,37.0,70.7
2025-04-14,22,0.0,69.3
2025-04-14,23,0.0,66.0
2025-04-14,24,0.0,62.2
2025-04-15,1,0.0,59.6
2025-04-15,2,0.0,56.8
2025-04-15,3,0.0,55.2
2025-04-15,4,0.0,55.2
2025-04-15,5,0.0,54.7
2025-04-15,6,0.0,54.1
2025-04-15,7,0.0,53.0
2025-04-15,8,2.0,50.8
2025-04-15,9,75.0,53.3
2025-04-15,10,291.0,57.9
2025-04-15,11,466.0,62.9
2025-04-15,12,618.0,67.3
2025-04-15,13,802.0,71.7
2025-04-15,14,797.0,74.1
2025-04-15,15,701.0,74.5
2025-04-15,16,677.0,77.1
2025-04-15,17,332.0,76.6
2025-04-15,18,354.0,77.1
2025-04-15,19,205.0,76.9
2025-04-15,20,130.0,76.6
2025-04-15,21,39.0,71.9
2025-04-15,22,0.0,72.3
2025-04-15,23,0.0,68.1
2025-04-15,24,0.0,63.9
2025-04-16,1,0.0,60.6
2025-04-16,2,0.0,56.6
2025-04-16,3,0.0,54.0
2025-04-16,4,0.0,52.6
2025-04-16,5,0.0,51.1
2025-04-16,6,0.0,49.6
2025-04-16,7,0.0,47.8
2025-04-16,8,2.0,49.0
2025-04-16,9,101.0,52.4
2025-04-16,10,281.0,58.3
2025-04-16,11,453.0,62.2
2025-04-16,12,661.0,66.4
2025-04-16,13,828.0,71.3
2025-04-16,14,906.0,75.0
2025-04-16,15,904.0,76.6
2025-04-16,16,850.0,78.7
2025-04-16,17,683.0,79.7
2025-04-16,18,490.0,80.6
2025-04-16,19,263.0,78.1
2025-04-16,20,181.0,76.7
2025-04-16,21,37.0,73.9
2025-04-16,22,0.0,72.8
2025-04-16,23,0.0,68.5
2025-04-16,24,0.0,66.6
2025-04-17,1,0.0,66.4
2025-04-17,2,0.0,64.5
2025-04-17,3,0.0,62.1
2025-04-17,4,0.0,60.4
2025-04-17,5,0.0,59.0
2025-04-17,6,0.0,56.9
2025-04-17,7,0.0,54.9
2025-04-17,8,3.0,54.7
2025-04-17,9,108.0,58.1
2025-04-17,10,319.0,61.0
2025-04-17,11,535.0,63.7
2025-04-17,12,723.0,66.2
2025-04-17,13,865.0,67.6
2025-04-17,14,950.0,69.4
2025-04-17,15,970.0,70.8
2025-04-17,16,914.0,71.0
2025-04-17,17,750.0,71.9
2025-04-17,18,621.0,73.6
2025-04-17,19,419.0,71.7
2025-04-17,20,188.0,67.4
2025-04-17,21,34.0,65.8
2025-04-17,22,0.0,60.6
2025-04-17,23,0.0,53.2
2025-04-17,24,0.0,52.3
2025-04-18,1,0.0,47.6
2025-04-18,2,0.0,43.6
2025-04-18,3,0.0,43.6
2025-04-18,4,0.0,43.9
2025-04-18,5,0.0,42.2
2025-04-18,6,0.0,40.3
2025-04-18,7,0.0,39.1
2025-04-18,8,1.0,38.7
2025-04-18,9,43.0,39.0
2025-04-18,10,110.0,40.4
2025-04-18,11,290.0,42.8
2025-04-18,12,317.0,44.2
2025-04-18,13,397.0,45.8
2025-04-18,14,749.0,48.3
2025-04-18,15,724.0,49.6
2025-04-18,16,844.0,51.1
2025-04-18,17,750.0,52.8
2025-04-18,18,566.0,53.5
2025-04-18,19,373.0,52.7
2025-04-18,20,130.0,45.8
2025-04-18,21,20.0,41.8
2025-04-18,22,0.0,41.6
2025-04-18,23,0.0,38.8
2025-04-18,24,0.0,38.5
2025-04-19,1,0.0,35.5
2025-04-19,2,0.0,35.1
2025-04-19,3,0.0,35.2
2025-04-19,4,0.0,35.3
2025-04-19,5,0.0,36.3
2025-04-19,6,0.0,37.2
2025-04-19,7,0.0,37.0
2025-04-19,8,2.0,36.5
2025-04-19,9,58.0,37.5
2025-04-19,10,148.0,39.4
2025-04-19,11,269.0,42.1
2025-04-19,12,500.0,45.7
2025-04-19,13,740.0,49.0
2025-04-19,14,908.0,52.3
2025-04-19,15,822.0,55.2
2025-04-19,16,647.0,56.6
2025-04-19,17,726.0,57.8
2025-04-19,18,638.0,58.6
2025-04-19,19,437.0,58.4
2025-04-19,20,237.0,54.6
2025-04-19,21,49.0,49.9
2025-04-19,22,0.0,46.7
2025-04-19,23,0.0,43.2
2025-04-19,24,0.0,40.3
2025-04-20,1,0.0,37.5
2025-04-20,2,0.0,35.6
2025-04-20,3,0.0,34.3
2025-04-20,4,0.0,32.9
2025-04-20,5,0.0,32.0
2025-04-20,6,0.0,31.5
2025-04-20,7,0.0,31.4
2025-04-20,8,5.0,33.3
2025-04-20,9,117.0,36.4
2025-04-20,10,321.0,40.0
2025-04-20,11,533.0,44.0
2025-04-20,12,720.0,48.9
2025-04-20,13,861.0,54.7
2025-04-20,14,956.0,59.2
2025-04-20,15,967.0,62.2
2025-04-20,16,907.0,63.9
2025-04-20,17,733.0,64.9
2025-04-20,18,623.0,66.2
2025-04-20,19,451.0,65.7
2025-04-20,20,236.0,64.0
2025-04-20,21,50.0,58.6
2025-04-20,22,0.0,55.2
2025-04-20,23,0.0,53.2
2025-04-20,24,0.0,49.2
2025-04-21,1,0.0,45.5
2025-04-21,2,0.0,43.4
2025-04-21,3,0.0,42.4
2025-04-21,4,0.0,42.3
2025-04-21,5,0.0,41.9
2025-04-21,6,0.0,40.9
2025-04-21,7,0.0,40.0
2025-04-21,8,5.0,42.1
2025-04-21,9,120.0,44.2
2025-04-21,10,328.0,47.8
2025-04-21,11,541.0,52.1
2025-04-21,12,729.0,56.9
2025-04-21,13,871.0,61.3
2025-04-21,14,956.0,65.8
2025-04-21,15,978.0,69.9
2025-04-21,16,931.0,72.2
2025-04-21,17,820.0,73.1
2025-04-21,18,653.0,73.2
2025-04-21,19,456.0,72.1
2025-04-21,20,239.0,72.7
2025-04-21,21,51.0,69.0
2025-04-21,22,0.0,64.8
2025-04-21,23,0.0,61.1
2025-04-21,24,0.0,59.0
2025-04-22,1,0.0,55.9
2025-04-22,2,0.0,52.1
2025-04-22,3,0.0,49.5
2025-04-22,4,0.0,46.9
2025-04-22,5,0.0,44.8
2025-04-22,6,0.0,42.9
2025-04-22,7,0.0,41.6
2025-04-22,8,6.0,42.6
2025-04-22,9,124.0,46.6
2025-04-22,10,330.0,51.1
2025-04-22,11,543.0,56.1
2025-04-22,12,728.0,61.2
2025-04-22,13,869.0,65.6
2025-04-22,14,954.0,70.1
2025-04-22,15,976.0,73.5
2025-04-22,16,932.0,75.1
2025-04-22,17,825.0,77.0
2025-04-22,18,663.0,78.0
2025-04-22,19,462.0,77.2
2025-04-22,20,242.0,75.4
2025-04-22,21,53.0,71.0
2025-04-22,22,0.0,67.6
2025-04-22,23,0.0,64.3
2025-04-22,24,0.0,61.2
2025-04-23,1,0.0,58.0
2025-04-23,2,0.0,53.9
2025-04-23,3,0.0,51.3
2025-04-23,4,0.0,49.4
2025-04-23,5,0.0,47.1
2025-04-23,6,0.0,45.4
2025-04-23,7,0.0,44.3
2025-04-23,8,7.0,45.1
2025-04-23,9,126.0,48.7
2025-04-23,10,333.0,53.6
2025-04-23,11,550.0,58.7
2025-04-23,12,736.0,63.8
2025-04-23,13,875.0,67.6
2025-04-23,14,956.0,71.6
2025-04-23,15,978.0,75.0
2025-04-23,16,935.0,77.0
2025-04-23,17,826.0,78.1
2025-04-23,18,644.0,80.6
2025-04-23,19,403.0,78.1
2025-04-23,20,212.0,76.3
2025-04-23,21,57.0,72.6
2025-04-23,22,0.0,70.7
2025-04-23,23,0.0,66.8
2025-04-23,24,0.0,63.4
2025-04-24,1,0.0,60.5
2025-04-24,2,0.0,61.1
2025-04-24,3,0.0,57.7
2025-04-24,4,0.0,56.1
2025-04-24,5,0.0,54.3
2025-04-24,6,0.0,52.7
2025-04-24,7,0.0,50.8
2025-04-24,8,8.0,49.7
2025-04-24,9,133.0,53.7
2025-04-24,10,342.0,57.7
2025-04-24,11,544.0,62.4
2025-04-24,12,723.0,66.9
2025-04-24,13,877.0,70.3
2025-04-24,14,962.0,73.0
2025-04-24,15,983.0,75.1
2025-04-24,16,937.0,76.5
2025-04-24,17,816.0,77.0
2025-04-24,18,665.0,77.1
2025-04-24,19,465.0,76.7
2025-04-24,20,249.0,76.0
2025-04-24,21,59.0,72.0
2025-04-24,22,0.0,69.7
2025-04-24,23,0.0,65.2
2025-04-24,24,0.0,61.3
2025-04-25,1,0.0,58.0
2025-04-25,2,0.0,55.2
2025-04-25,3,0.0,54.2
2025-04-25,4,0.0,54.1
2025-04-25,5,0.0,53.6
2025-04-25,6,0.0,52.0
2025-04-25,7,0.0,49.2
2025-04-25,8,8.0,51.1
2025-04-25,9,113.0,54.3
2025-04-25,10,305.0,58.7
2025-04-25,11,540.0,62.6
2025-04-25,12,744.0,68.9
2025-04-25,13,879.0,73.4
2025-04-25,14,969.0,75.8
2025-04-25,15,973.0,77.9
2025-04-25,16,923.0,79.7
2025-04-25,17,810.0,80.2
2025-04-25,18,649.0,80.0
2025-04-25,19,443.0,79.5
2025-04-25,20,224.0,77.4
2025-04-25,21,47.0,74.0
2025-04-25,22,0.0,71.3
2025-04-25,23,0.0,68.9
2025-04-25,24,0.0,67.4
2025-04-26,1,0.0,64.9
2025-04-26,2,0.0,62.4
2025-04-26,3,0.0,58.3
2025-04-26,4,0.0,54.8
2025-04-26,5,0.0,53.1
2025-04-26,6,0.0,52.9
2025-04-26,7,0.0,51.9
2025-04-26,8,10.0,53.4
2025-04-26,9,141.0,58.8
2025-04-26,10,353.0,63.8
2025-04-26,11,566.0,68.6
2025-04-26,12,752.0,71.2
2025-04-26,13,893.0,73.6
2025-04-26,14,978.0,74.8
2025-04-26,15,990.0,77.5
2025-04-26,16,944.0,79.0
2025-04-26,17,835.0,79.4
2025-04-26,18,672.0,81.5
2025-04-26,19,434.0,77.7
2025-04-26,20,242.0,78.1
2025-04-26,21,62.0,72.9
2025-04-26,22,0.0,69.6
2025-04-26,23,0.0,67.3
2025-04-26,24,0.0,64.8
2025-04-27,1,0.0,61.6
2025-04-27,2,0.0,57.7
2025-04-27,3,0.0,54.8
2025-04-27,4,0.0,52.3
2025-04-27,5,0.0,51.0
2025-04-27,6,0.0,49.7
2025-04-27,7,0.0,48.0
2025-04-27,8,11.0,49.2
2025-04-27,9,144.0,52.8
2025-04-27,10,350.0,57.8
2025-04-27,11,544.0,60.0
2025-04-27,12,705.0,61.2
2025-04-27,13,792.0,63.6
2025-04-27,14,843.0,66.0
2025-04-27,15,696.0,66.2
2025-04-27,16,738.0,67.5
2025-04-27,17,574.0,67.6
2025-04-27,18,406.0,66.5
2025-04-27,19,338.0,66.3
2025-04-27,20,195.0,62.8
2025-04-27,21,47.0,59.9
2025-04-27,22,0.0,57.4
2025-04-27,23,0.0,54.7
2025-04-27,24,0.0,52.6
2025-04-28,1,0.0,50.9
2025-04-28,2,0.0,49.1
2025-04-28,3,0.0,46.9
2025-04-28,4,0.0,45.6
2025-04-28,5,0.0,43.7
2025-04-28,6,0.0,42.4
2025-04-28,7,0.0,41.1
2025-04-28,8,12.0,41.0
2025-04-28,9,147.0,44.5
2025-04-28,10,358.0,48.2
2025-04-28,11,570.0,53.2
2025-04-28,12,753.0,55.9
2025-04-28,13,895.0,57.9
2025-04-28,14,974.0,59.7
2025-04-28,15,994.0,61.3
2025-04-28,16,884.0,62.9
2025-04-28,17,746.0,64.5
2025-04-28,18,599.0,65.3
2025-04-28,19,460.0,66.2
2025-04-28,20,249.0,62.7
2025-04-28,21,65.0,60.6
2025-04-28,22,0.0,59.1
2025-04-28,23,0.0,56.9
2025-04-28,24,0.0,54.7
2025-04-29,1,0.0,52.7
2025-04-29,2,0.0,49.8
2025-04-29,3,0.0,47.8
2025-04-29,4,0.0,46.0
2025-04-29,5,0.0,44.9
2025-04-29,6,0.0,43.8
2025-04-29,7,0.0,42.7
2025-04-29,8,12.0,42.1
2025-04-29,9,142.0,45.1
2025-04-29,10,358.0,49.1
2025-04-29,11,520.0,53.6
2025-04-29,12,717.0,58.6
2025-04-29,13,889.0,63.1
2025-04-29,14,974.0,66.6
2025-04-29,15,987.0,68.5
2025-04-29,16,948.0,69.6
2025-04-29,17,843.0,70.0
2025-04-29,18,686.0,70.5
2025-04-29,19,481.0,70.8
2025-04-29,20,262.0,67.7
2025-04-29,21,68.0,66.1
2025-04-29,22,0.0,63.6
2025-04-29,23,0.0,61.4
2025-04-29,24,0.0,58.6
2025-04-30,1,0.0,55.2
2025-04-30,2,0.0,52.2
2025-04-30,3,0.0,49.5
2025-04-30,4,0.0,47.2
2025-04-30,5,0.0,45.5
2025-04-30,6,0.0,44.5
2025-04-30,7,0.0,43.3
2025-04-30,8,14.0,44.4
2025-04-30,9,152.0,47.9
2025-04-30,10,361.0,51.4
2025-04-30,11,572.0,56.8
2025-04-30,12,753.0,63.1
2025-04-30,13,882.0,67.7
2025-04-30,14,946.0,70.3
2025-04-30,15,966.0,72.6
2025-04-30,16,937.0,74.2
2025-04-30,17,827.0,75.3
2025-04-30,18,663.0,75.4
2025-04-30,19,460.0,73.9
2025-04-30,20,220.0,70.5
2025-04-30,21,46.0,67.6
2025-04-30,22,0.0,67.1
2025-04-30,23,0.0,64.5
2025-04-30,24,0.0,62.8
2025-05-01,1,0.0,61.0
2025-05-01,2,0.0,58.7
2025-05-01,3,0.0,56.9
2025-05-01,4,0.0,54.5
2025-05-01,5,0.0,52.1
2025-05-01,6,0.0,50.8
2025-05-01,7,0.0,49.8
2025-05-01,8,14.0,50.4
2025-05-01,9,144.0,53.1
2025-05-01,10,349.0,55.7
2025-05-01,11,558.0,60.1
2025-05-01,12,737.0,64.7
2025-05-01,13,865.0,68.8
2025-05-01,14,879.0,72.0
2025-05-01,15,928.0,74.3
2025-05-01,16,856.0,74.9
2025-05-01,17,760.0,75.0
2025-05-01,18,648.0,75.3
2025-05-01,19,454.0,74.6
2025-05-01,20,236.0,71.2
2025-05-01,21,68.0,70.1
2025-05-01,22,0.0,66.7
2025-05-01,23,0.0,63.4
2025-05-01,24,0.0,59.4
2025-05-02,1,0.0,56.4
2025-05-02,2,0.0,54.0
2025-05-02,3,0.0,51.5
2025-05-02,4,0.0,49.9
2025-05-02,5,0.0,48.4
2025-05-02,6,0.0,47.1
2025-05-02,7,0.0,46.1
2025-05-02,8,16.0,46.8
2025-05-02,9,158.0,50.9
2025-05-02,10,367.0,55.9
2025-05-02,11,577.0,61.3
2025-05-02,12,759.0,66.8
2025-05-02,13,897.0,71.0
2025-05-02,14,979.0,73.8
2025-05-02,15,995.0,76.1
2025-05-02,16,944.0,78.3
2025-05-02,17,828.0,78.5
2025-05-02,18,674.0,77.8
2025-05-02,19,473.0,77.5
2025-05-02,20,264.0,77.4
2025-05-02,21,74.0,74.8
2025-05-02,22,0.0,70.6
2025-05-02,23,0.0,67.6
2025-05-02,24,0.0,63.9
2025-05-03,1,0.0,60.4
2025-05-03,2,0.0,57.1
2025-05-03,3,0.0,53.3
2025-05-03,4,0.0,51.8
2025-05-03,5,0.0,50.9
2025-05-03,6,0.0,49.4
2025-05-03,7,0.0,48.9
2025-05-03,8,17.0,50.3
2025-05-03,9,160.0,55.0
2025-05-03,10,369.0,59.1
2025-05-03,11,576.0,64.1
2025-05-03,12,755.0,69.0
2025-05-03,13,892.0,71.8
2025-05-03,14,972.0,73.9
2025-05-03,15,991.0,75.4
2025-05-03,16,942.0,76.8
2025-05-03,17,831.0,78.2
2025-05-03,18,637.0,78.6
2025-05-03,19,384.0,78.5
2025-05-03,20,206.0,76.9
2025-05-03,21,60.0,74.4
2025-05-03,22,0.0,72.1
2025-05-03,23,0.0,69.6
2025-05-03,24,0.0,67.2
2025-05-04,1,0.0,65.0
2025-05-04,2,0.0,62.1
2025-05-04,3,0.0,59.1
2025-05-04,4,0.0,57.8
2025-05-04,5,0.0,56.6
2025-05-04,6,0.0,55.9
2025-05-04,7,0.0,54.2
2025-05-04,8,14.0,57.4
2025-05-04,9,150.0,59.5
2025-05-04,10,294.0,63.1
2025-05-04,11,534.0,67.4
2025-05-04,12,564.0,68.1
2025-05-04,13,759.0,72.3
2025-05-04,14,686.0,71.2
2025-05-04,15,760.0,65.4
2025-05-04,16,409.0,68.1
2025-05-04,17,453.0,64.9
2025-05-04,18,266.0,65.2
2025-05-04,19,245.0,67.1
2025-05-04,20,133.0,63.6
2025-05-04,21,31.0,60.1
2025-05-04,22,0.0,59.9
2025-05-04,23,0.0,56.0
2025-05-04,24,0.0,52.5
2025-05-05,1,0.0,52.2
2025-05-05,2,0.0,51.6
2025-05-05,3,0.0,51.4
2025-05-05,4,0.0,51.1
2025-05-05,5,0.0,50.5
2025-05-05,6,0.0,49.7
2025-05-05,7,0.0,48.7
2025-05-05,8,18.0,49.2
2025-05-05,9,152.0,51.8
2025-05-05,10,317.0,54.2
2025-05-05,11,546.0,57.6
2025-05-05,12,684.0,57.3
2025-05-05,13,490.0,52.3
2025-05-05,14,559.0,57.1
2025-05-05,15,744.0,56.0
2025-05-05,16,825.0,59.2
2025-05-05,17,678.0,59.6
2025-05-05,18,505.0,60.2
2025-05-05,19,335.0,60.4
2025-05-05,20,230.0,56.4
2025-05-05,21,62.0,54.5
2025-05-05,22,0.0,53.1
2025-05-05,23,0.0,51.5
2025-05-05,24,0.0,50.3
2025-05-06,1,0.0,49.0
2025-05-06,2,0.0,47.8
2025-05-06,3,0.0,46.2
2025-05-06,4,0.0,45.1
2025-05-06,5,0.0,44.7
2025-05-06,6,0.0,43.7
2025-05-06,7,0.0,43.0
2025-05-06,8,16.0,45.1
2025-05-06,9,116.0,47.4
2025-05-06,10,309.0,50.5
2025-05-06,11,413.0,52.3
2025-05-06,12,660.0,55.2
2025-05-06,13,882.0,58.6
2025-05-06,14,888.0,60.6
2025-05-06,15,804.0,62.4
2025-05-06,16,753.0,64.0
2025-05-06,17,488.0,63.9
2025-05-06,18,497.0,65.6
2025-05-06,19,326.0,63.1
2025-05-06,20,118.0,55.0
2025-05-06,21,34.0,52.1
2025-05-06,22,0.0,52.0
2025-05-06,23,0.0,51.7
2025-05-06,24,0.0,51.4
2025-05-07,1,0.0,51.1
2025-05-07,2,0.0,51.2
2025-05-07,3,0.0,49.7
2025-05-07,4,0.0,49.7
2025-05-07,5,0.0,49.7
2025-05-07,6,0.0,48.8
2025-05-07,7,0.0,48.1
2025-05-07,8,19.0,47.5
2025-05-07,9,131.0,50.7
2025-05-07,10,351.0,53.5
2025-05-07,11,580.0,56.8
2025-05-07,12,722.0,59.5
2025-05-07,13,824.0,61.4
2025-05-07,14,847.0,63.0
2025-05-07,15,936.0,64.1
2025-05-07,16,836.0,65.0
2025-05-07,17,830.0,65.6
2025-05-07,18,641.0,65.7
2025-05-07,19,472.0,65.6
2025-05-07,20,256.0,66.0
2025-05-07,21,77.0,63.1
2025-05-07,22,1.0,59.4
2025-05-07,23,0.0,55.9
2025-05-07,24,0.0,53.2
2025-05-08,1,0.0,51.4
2025-05-08,2,0.0,49.3
2025-05-08,3,0.0,47.8
2025-05-08,4,0.0,46.7
2025-05-08,5,0.0,45.7
2025-05-08,6,0.0,44.7
2025-05-08,7,0.0,43.8
2025-05-08,8,22.0,45.5
2025-05-08,9,166.0,49.4
2025-05-08,10,369.0,53.2
2025-05-08,11,572.0,57.0
2025-05-08,12,755.0,60.7
2025-05-08,13,865.0,64.6
2025-05-08,14,958.0,67.8
2025-05-08,15,982.0,70.0
2025-05-08,16,934.0,71.7
2025-05-08,17,803.0,72.5
2025-05-08,18,610.0,73.4
2025-05-08,19,425.0,73.8
2025-05-08,20,250.0,73.2
2025-05-08,21,83.0,70.0
2025-05-08,22,1.0,65.8
2025-05-08,23,0.0,64.0
2025-05-08,24,0.0,59.5
2025-05-09,1,0.0,55.7
2025-05-09,2,0.0,53.2
2025-05-09,3,0.0,50.6
2025-05-09,4,0.0,49.1
2025-05-09,5,0.0,48.4
2025-05-09,6,0.0,47.4
2025-05-09,7,0.0,45.7
2025-05-09,8,24.0,47.2
2025-05-09,9,172.0,51.7
2025-05-09,10,377.0,56.7
2025-05-09,11,580.0,61.1
2025-05-09,12,757.0,65.5
2025-05-09,13,883.0,70.3
2025-05-09,14,949.0,74.0
2025-05-09,15,953.0,76.7
2025-05-09,16,922.0,79.3
2025-05-09,17,782.0,81.2
2025-05-09,18,631.0,82.2
2025-05-09,19,425.0,81.2
2025-05-09,20,232.0,79.2
2025-05-09,21,84.0,76.9
2025-05-09,22,1.0,73.6
2025-05-09,23,0.0,69.7
2025-05-09,24,0.0,67.4
2025-05-10,1,0.0,64.9
2025-05-10,2,0.0,61.7
2025-05-10,3,0.0,61.0
2025-05-10,4,0.0,59.1
2025-05-10,5,0.0,57.1
2025-05-10,6,0.0,55.9
2025-05-10,7,0.0,54.9
2025-05-10,8,25.0,57.0
2025-05-10,9,173.0,59.5
2025-05-10,10,377.0,62.9
2025-05-10,11,579.0,67.2
2025-05-10,12,756.0,71.1
2025-05-10,13,891.0,73.9
2025-05-10,14,970.0,76.6
2025-05-10,15,966.0,78.3
2025-05-10,16,939.0,79.4
2025-05-10,17,835.0,80.2
2025-05-10,18,680.0,80.3
2025-05-10,19,489.0,80.7
2025-05-10,20,281.0,80.5
2025-05-10,21,89.0,79.0
2025-05-10,22,1.0,76.3
2025-05-10,23,0.0,74.1
2025-05-10,24,0.0,71.4
2025-05-11,1,0.0,69.1
2025-05-11,2,0.0,66.8
2025-05-11,3,0.0,63.6
2025-05-11,4,0.0,60.8
2025-05-11,5,0.0,58.9
2025-05-11,6,0.0,57.1
2025-05-11,7,0.0,55.1
2025-05-11,8,26.0,56.2
2025-05-11,9,180.0,60.4
2025-05-11,10,387.0,65.2
2025-05-11,11,591.0,71.2
2025-05-11,12,765.0,75.2
2025-05-11,13,898.0,79.3
2025-05-11,14,938.0,82.5
2025-05-11,15,963.0,85.6
2025-05-11,16,803.0,86.7
2025-05-11,17,696.0,89.6
2025-05-11,18,593.0,88.3
2025-05-11,19,454.0,86.3
2025-05-11,20,278.0,84.7
2025-05-11,21,94.0,81.9
2025-05-11,22,2.0,78.5
2025-05-11,23,0.0,75.7
2025-05-11,24,0.0,73.0
2025-05-12,1,0.0,70.2
2025-05-12,2,0.0,67.3
2025-05-12,3,0.0,65.8
2025-05-12,4,0.0,63.5
2025-05-12,5,0.0,62.1
2025-05-12,6,0.0,60.4
2025-05-12,7,0.0,58.6
2025-05-12,8,28.0,60.2
2025-05-12,9,184.0,64.4
2025-05-12,10,392.0,69.3
2025-05-12,11,596.0,74.2
2025-05-12,12,773.0,79.1
2025-05-12,13,907.0,83.7
2025-05-12,14,988.0,86.5
2025-05-12,15,1006.0,87.8
2025-05-12,16,958.0,89.1
2025-05-12,17,846.0,90.3
2025-05-12,18,650.0,90.8
2025-05-12,19,463.0,89.0
2025-05-12,20,270.0,86.9
2025-05-12,21,93.0,83.7
2025-05-12,22,2.0,80.4
2025-05-12,23,0.0,77.3
2025-05-12,24,0.0,74.6
2025-05-13,1,0.0,72.3
2025-05-13,2,0.0,69.9
2025-05-13,3,0.0,67.7
2025-05-13,4,0.0,65.6
2025-05-13,5,0.0,63.3
2025-05-13,6,0.0,62.9
2025-05-13,7,0.0,61.8
2025-05-13,8,30.0,63.1
2025-05-13,9,186.0,66.7
2025-05-13,10,400.0,70.3
2025-05-13,11,589.0,72.6
2025-05-13,12,728.0,75.4
2025-05-13,13,868.0,78.4
2025-05-13,14,1007.0,80.2
2025-05-13,15,1013.0,82.3
2025-05-13,16,970.0,82.1
2025-05-13,17,864.0,81.1
2025-05-13,18,706.0,80.2
2025-05-13,19,511.0,77.8
2025-05-13,20,297.0,74.1
2025-05-13,21,99.0,71.5
2025-05-13,22,2.0,69.1
2025-05-13,23,0.0,66.9
2025-05-13,24,0.0,64.1
2025-05-14,1,0.0,60.0
2025-05-14,2,0.0,57.7
2025-05-14,3,0.0,55.7
2025-05-14,4,0.0,53.2
2025-05-14,5,0.0,50.7
2025-05-14,6,0.0,48.6
2025-05-14,7,0.0,47.2
2025-05-14,8,32.0,47.6
2025-05-14,9,190.0,52.9
2025-05-14,10,393.0,58.5
2025-05-14,11,585.0,61.7
2025-05-14,12,622.0,61.2
2025-05-14,13,665.0,62.3
2025-05-14,14,872.0,64.4
2025-05-14,15,790.0,65.2
2025-05-14,16,927.0,67.3
2025-05-14,17,816.0,67.6
2025-05-14,18,472.0,66.4
2025-05-14,19,249.0,64.9
2025-05-14,20,252.0,62.4
2025-05-14,21,98.0,61.0
2025-05-14,22,3.0,57.7
2025-05-14,23,0.0,55.7
2025-05-14,24,0.0,53.5
2025-05-15,1,0.0,50.7
2025-05-15,2,0.0,48.0
2025-05-15,3,0.0,46.1
2025-05-15,4,0.0,44.8
2025-05-15,5,0.0,43.8
2025-05-15,6,0.0,42.5
2025-05-15,7,0.0,41.2
2025-05-15,8,32.0,41.8
2025-05-15,9,193.0,45.7
2025-05-15,10,402.0,50.4
2025-05-15,11,606.0,56.4
2025-05-15,12,783.0,61.8
2025-05-15,13,917.0,65.4
2025-05-15,14,944.0,68.5
2025-05-15,15,898.0,70.7
2025-05-15,16,832.0,70.2
2025-05-15,17,828.0,71.5
2025-05-15,18,693.0,72.1
2025-05-15,19,510.0,70.5
2025-05-15,20,293.0,71.9
2025-05-15,21,98.0,69.9
2025-05-15,22,3.0,66.4
2025-05-15,23,0.0,62.9
2025-05-15,24,0.0,59.2
2025-05-16,1,0.0,56.1
2025-05-16,2,0.0,55.2
2025-05-16,3,0.0,53.0
2025-05-16,4,0.0,50.0
2025-05-16,5,0.0,46.9
2025-05-16,6,0.0,45.5
2025-05-16,7,0.0,44.2
2025-05-16,8,33.0,45.8
2025-05-16,9,194.0,49.8
2025-05-16,10,403.0,53.6
2025-05-16,11,608.0,58.6
2025-05-16,12,786.0,63.8
2025-05-16,13,919.0,69.5
2025-05-16,14,996.0,73.6
2025-05-16,15,1016.0,76.1
2025-05-16,16,970.0,76.9
2025-05-16,17,864.0,78.0
2025-05-16,18,703.0,80.2
2025-05-16,19,507.0,79.3
2025-05-16,20,297.0,77.8
2025-05-16,21,102.0,74.8
2025-05-16,22,3.0,70.7
2025-05-16,23,0.0,68.3
2025-05-16,24,0.0,66.0
2025-05-17,1,0.0,61.5
2025-05-17,2,0.0,57.3
2025-05-17,3,0.0,55.1
2025-05-17,4,0.0,53.0
2025-05-17,5,0.0,51.1
2025-05-17,6,0.0,49.1
2025-05-17,7,0.0,47.8
2025-05-17,8,34.0,50.2
2025-05-17,9,177.0,55.0
2025-05-17,10,357.0,59.0
2025-05-17,11,552.0,63.1
2025-05-17,12,690.0,67.6
2025-05-17,13,781.0,72.6
2025-05-17,14,853.0,77.3
2025-05-17,15,1014.0,79.8
2025-05-17,16,950.0,81.8
2025-05-17,17,713.0,82.1
2025-05-17,18,422.0,81.0
2025-05-17,19,212.0,79.6
2025-05-17,20,155.0,77.9
2025-05-17,21,57.0,76.2
2025-05-17,22,3.0,73.7
2025-05-17,23,0.0,72.1
2025-05-17,24,0.0,70.4
2025-05-18,1,0.0,68.5
2025-05-18,2,0.0,67.0
2025-05-18,3,0.0,65.2
2025-05-18,4,0.0,63.6
2025-05-18,5,0.0,62.4
2025-05-18,6,0.0,58.5
2025-05-18,7,0.0,52.8
2025-05-18,8,16.0,52.3
2025-05-18,9,126.0,54.7
2025-05-18,10,342.0,56.9
2025-05-18,11,427.0,58.3
2025-05-18,12,507.0,57.6
2025-05-18,13,619.0,60.4
2025-05-18,14,950.0,63.6
2025-05-18,15,892.0,66.2
2025-05-18,16,855.0,66.8
2025-05-18,17,760.0,68.0
2025-05-18,18,572.0,66.9
2025-05-18,19,258.0,61.7
2025-05-18,20,214.0,59.2
2025-05-18,21,88.0,58.3
2025-05-18,22,3.0,58.4
2025-05-18,23,0.0,58.6
2025-05-18,24,0.0,56.8
2025-05-19,1,0.0,53.7
2025-05-19,2,0.0,50.6
2025-05-19,3,0.0,49.6
2025-05-19,4,0.0,49.9
2025-05-19,5,0.0,48.7
2025-05-19,6,0.0,46.9
2025-05-19,7,0.0,45.9
2025-05-19,8,33.0,45.4
2025-05-19,9,189.0,48.5
2025-05-19,10,395.0,53.5
2025-05-19,11,585.0,58.3
2025-05-19,12,799.0,60.4
2025-05-19,13,915.0,62.9
2025-05-19,14,984.0,65.4
2025-05-19,15,752.0,61.5
2025-05-19,16,899.0,64.9
2025-05-19,17,686.0,64.4
2025-05-19,18,708.0,64.4
2025-05-19,19,521.0,63.1
2025-05-19,20,308.0,62.7
2025-05-19,21,109.0,59.2
2025-05-19,22,4.0,54.6
2025-05-19,23,0.0,52.3
2025-05-19,24,0.0,49.6
2025-05-20,1,0.0,47.8
2025-05-20,2,0.0,45.8
2025-05-20,3,0.0,45.1
2025-05-20,4,0.0,45.1
2025-05-20,5,0.0,43.1
2025-05-20,6,0.0,42.5
2025-05-20,7,0.0,40.2
2025-05-20,8,39.0,41.0
2025-05-20,9,207.0,44.1
2025-05-20,10,417.0,48.6
2025-05-20,11,622.0,54.4
2025-05-20,12,799.0,60.2
2025-05-20,13,932.0,64.5
2025-05-20,14,1008.0,67.6
2025-05-20,15,1023.0,70.7
2025-05-20,16,977.0,73.1
2025-05-20,17,873.0,74.9
2025-05-20,18,717.0,76.2
2025-05-20,19,523.0,76.4
2025-05-20,20,308.0,74.8
2025-05-20,21,110.0,72.8
2025-05-20,22,5.0,69.0
2025-05-20,23,0.0,68.0
2025-05-20,24,0.0,63.0
2025-05-21,1,0.0,59.5
2025-05-21,2,0.0,55.2
2025-05-21,3,0.0,52.3
2025-05-21,4,0.0,50.3
2025-05-21,5,0.0,48.6
2025-05-21,6,0.0,46.9
2025-05-21,7,0.0,45.7
2025-05-21,8,39.0,47.9
2025-05-21,9,205.0,53.2
2025-05-21,10,413.0,58.2
2025-05-21,11,618.0,63.1
2025-05-21,12,794.0,68.5
2025-05-21,13,927.0,73.7
2025-05-21,14,1005.0,77.9
2025-05-21,15,1020.0,81.4
2025-05-21,16,974.0,84.4
2025-05-21,17,870.0,85.9
2025-05-21,18,714.0,85.9
2025-05-21,19,522.0,84.7
2025-05-21,20,310.0,83.7
2025-05-21,21,112.0,80.6
2025-05-21,22,5.0,76.8
2025-05-21,23,0.0,72.7
2025-05-21,24,0.0,68.7
2025-05-22,1,0.0,65.4
2025-05-22,2,0.0,61.4
2025-05-22,3,0.0,58.4
2025-05-22,4,0.0,56.4
2025-05-22,5,0.0,54.8
2025-05-22,6,0.0,53.1
2025-05-22,7,0.0,51.5
2025-05-22,8,40.0,53.3
2025-05-22,9,207.0,58.3
2025-05-22,10,416.0,62.9
2025-05-22,11,620.0,68.2
2025-05-22,12,796.0,73.6
2025-05-22,13,928.0,77.8
2025-05-22,14,1005.0,81.9
2025-05-22,15,1022.0,85.3
2025-05-22,16,975.0,87.4
2025-05-22,17,865.0,89.2
2025-05-22,18,714.0,89.7
2025-05-22,19,525.0,91.7
2025-05-22,20,316.0,88.1
2025-05-22,21,116.0,85.3
2025-05-22,22,5.0,81.9
2025-05-22,23,0.0,78.0
2025-05-22,24,0.0,75.7
2025-05-23,1,0.0,71.1
2025-05-23,2,0.0,68.9
2025-05-23,3,0.0,67.6
2025-05-23,4,0.0,65.8
2025-05-23,5,0.0,62.8
2025-05-23,6,0.0,61.3
2025-05-23,7,0.0,59.6
2025-05-23,8,42.0,59.8
2025-05-23,9,209.0,64.4
2025-05-23,10,411.0,69.4
2025-05-23,11,614.0,74.7
2025-05-23,12,796.0,79.8
2025-05-23,13,935.0,83.7
2025-05-23,14,1012.0,86.0
2025-05-23,15,1030.0,88.3
2025-05-23,16,984.0,89.7
2025-05-23,17,879.0,90.5
2025-05-23,18,723.0,91.0
2025-05-23,19,529.0,90.3
2025-05-23,20,316.0,88.5
2025-05-23,21,117.0,85.6
2025-05-23,22,6.0,82.2
2025-05-23,23,0.0,79.6
2025-05-23,24,0.0,75.3
2025-05-24,1,0.0,73.0
2025-05-24,2,0.0,72.5
2025-05-24,3,0.0,70.2
2025-05-24,4,0.0,67.3
2025-05-24,5,0.0,65.7
2025-05-24,6,0.0,63.9
2025-05-24,7,0.0,60.4
2025-05-24,8,42.0,61.0
2025-05-24,9,212.0,65.0
2025-05-24,10,423.0,69.3
2025-05-24,11,628.0,73.9
2025-05-24,12,807.0,79.3
2025-05-24,13,939.0,82.7
2025-05-24,14,1007.0,84.4
2025-05-24,15,952.0,85.6
2025-05-24,16,865.0,87.8
2025-05-24,17,645.0,85.3
2025-05-24,18,590.0,85.6
2025-05-24,19,428.0,84.8
2025-05-24,20,313.0,82.5
2025-05-24,21,116.0,79.7
2025-05-24,22,6.0,75.8
2025-05-24,23,0.0,74.7
2025-05-24,24,0.0,72.1
2025-05-25,1,0.0,68.0
2025-05-25,2,0.0,66.8
2025-05-25,3,0.0,64.7
2025-05-25,4,0.0,62.0
2025-05-25,5,0.0,60.4
2025-05-25,6,0.0,58.8
2025-05-25,7,0.0,56.8
2025-05-25,8,43.0,57.4
2025-05-25,9,208.0,61.2
2025-05-25,10,382.0,64.6
2025-05-25,11,556.0,68.6
2025-05-25,12,724.0,73.5
2025-05-25,13,835.0,77.3
2025-05-25,14,914.0,80.4
2025-05-25,15,925.0,81.7
2025-05-25,16,864.0,82.4
2025-05-25,17,713.0,82.9
2025-05-25,18,519.0,83.0
2025-05-25,19,428.0,83.3
2025-05-25,20,252.0,81.7
2025-05-25,21,93.0,79.6
2025-05-25,22,6.0,76.5
2025-05-25,23,0.0,74.6
2025-05-25,24,0.0,70.0
2025-05-26,1,0.0,67.2
2025-05-26,2,0.0,63.7
2025-05-26,3,0.0,61.2
2025-05-26,4,0.0,60.0
2025-05-26,5,0.0,58.2
2025-05-26,6,0.0,54.9
2025-05-26,7,0.0,52.5
2025-05-26,8,42.0,53.4
2025-05-26,9,206.0,58.1
2025-05-26,10,412.0,63.9
2025-05-26,11,615.0,69.3
2025-05-26,12,758.0,75.4
2025-05-26,13,877.0,79.3
2025-05-26,14,938.0,83.4
2025-05-26,15,909.0,82.8
2025-05-26,16,906.0,83.5
2025-05-26,17,858.0,85.8
2025-05-26,18,708.0,86.5
2025-05-26,19,516.0,85.7
2025-05-26,20,279.0,83.2
2025-05-26,21,121.0,80.1
2025-05-26,22,7.0,76.9
2025-05-26,23,0.0,73.2
2025-05-26,24,0.0,69.1
2025-05-27,1,0.0,66.4
2025-05-27,2,0.0,64.0
2025-05-27,3,0.0,61.3
2025-05-27,4,0.0,59.4
2025-05-27,5,0.0,57.9
2025-05-27,6,0.0,56.3
2025-05-27,7,0.0,54.9
2025-05-27,8,43.0,56.5
2025-05-27,9,209.0,61.7
2025-05-27,10,414.0,65.4
2025-05-27,11,615.0,70.7
2025-05-27,12,789.0,75.0
2025-05-27,13,919.0,78.4
2025-05-27,14,997.0,82.0
2025-05-27,15,1019.0,84.7
2025-05-27,16,986.0,85.6
2025-05-27,17,884.0,86.9
2025-05-27,18,725.0,87.3
2025-05-27,19,534.0,86.4
2025-05-27,20,298.0,84.8
2025-05-27,21,119.0,83.8
2025-05-27,22,8.0,80.1
2025-05-27,23,0.0,77.7
2025-05-27,24,0.0,76.9
2025-05-28,1,0.0,71.8
2025-05-28,2,0.0,66.6
2025-05-28,3,0.0,64.0
2025-05-28,4,0.0,63.1
2025-05-28,5,0.0,60.7
2025-05-28,6,0.0,58.4
2025-05-28,7,0.0,56.7
2025-05-28,8,44.0,58.7
2025-05-28,9,210.0,63.7
2025-05-28,10,415.0,68.2
2025-05-28,11,616.0,72.7
2025-05-28,12,793.0,77.0
2025-05-28,13,922.0,81.0
2025-05-28,14,1000.0,85.0
2025-05-28,15,1030.0,88.3
2025-05-28,16,995.0,88.8
2025-05-28,17,887.0,89.3
2025-05-28,18,721.0,90.0
2025-05-28,19,533.0,89.5
2025-05-28,20,306.0,87.8
2025-05-28,21,123.0,84.8
2025-05-28,22,8.0,82.8
2025-05-28,23,0.0,80.1
2025-05-28,24,0.0,76.6
2025-05-29,1,0.0,72.7
2025-05-29,2,0.0,68.5
2025-05-29,3,0.0,67.7
2025-05-29,4,0.0,66.0
2025-05-29,5,0.0,65.0
2025-05-29,6,0.0,63.2
2025-05-29,7,0.0,60.0
2025-05-29,8,44.0,62.1
2025-05-29,9,209.0,65.6
2025-05-29,10,411.0,69.8
2025-05-29,11,607.0,75.0
2025-05-29,12,784.0,80.0
2025-05-29,13,913.0,84.0
2025-05-29,14,962.0,87.3
2025-05-29,15,961.0,89.4
2025-05-29,16,927.0,91.2
2025-05-29,17,853.0,91.8
2025-05-29,18,703.0,91.7
2025-05-29,19,522.0,91.3
2025-05-29,20,314.0,91.1
2025-05-29,21,100.0,88.2
2025-05-29,22,6.0,85.6
2025-05-29,23,0.0,81.6
2025-05-29,24,0.0,78.9
2025-05-30,1,0.0,75.0
2025-05-30,2,0.0,72.1
2025-05-30,3,0.0,69.6
2025-05-30,4,0.0,66.4
2025-05-30,5,0.0,63.7
2025-05-30,6,0.0,62.3
2025-05-30,7,0.0,60.9
2025-05-30,8,44.0,61.4
2025-05-30,9,207.0,65.6
2025-05-30,10,409.0,70.4
2025-05-30,11,608.0,75.7
2025-05-30,12,781.0,80.9
2025-05-30,13,909.0,85.6
2025-05-30,14,986.0,88.3
2025-05-30,15,1002.0,90.4
2025-05-30,16,956.0,91.7
2025-05-30,17,856.0,92.9
2025-05-30,18,680.0,93.1
2025-05-30,19,496.0,93.1
2025-05-30,20,284.0,92.6
2025-05-30,21,98.0,90.7
2025-05-30,22,8.0,86.5
2025-05-30,23,0.0,82.2
2025-05-30,24,0.0,79.4
2025-05-31,1,0.0,76.6
2025-05-31,2,0.0,73.0
2025-05-31,3,0.0,70.5
2025-05-31,4,0.0,68.6
2025-05-31,5,0.0,66.6
2025-05-31,6,0.0,64.4
2025-05-31,7,0.0,63.1
2025-05-31,8,45.0,65.2
2025-05-31,9,208.0,70.3
2025-05-31,10,409.0,74.8
2025-05-31,11,606.0,80.3
2025-05-31,12,777.0,85.4
2025-05-31,13,906.0,88.6
2025-05-31,14,983.0,91.1
2025-05-31,15,982.0,92.8
2025-05-31,16,986.0,94.4
2025-05-31,17,867.0,94.8
2025-05-31,18,684.0,95.2
2025-05-31,19,508.0,93.8
2025-05-31,20,309.0,93.3
2025-05-31,21,123.0,91.2
2025-05-31,22,9.0,87.1
2025-05-31,23,0.0,84.3
2025-05-31,24,0.0,82.5
2025-06-01,1,0.0,78.1
2025-06-01,2,0.0,74.2
2025-06-01,3,0.0,70.9
2025-06-01,4,0.0,67.8
2025-06-01,5,0.0,66.5
2025-06-01,6,0.0,64.6
2025-06-01,7,0.0,63.3
2025-06-01,8,46.0,66.0
2025-06-01,9,209.0,70.8
2025-06-01,10,411.0,75.4
2025-06-01,11,608.0,79.8
2025-06-01,12,777.0,84.1
2025-06-01,13,895.0,88.2
2025-06-01,14,978.0,91.7
2025-06-01,15,998.0,94.0
2025-06-01,16,954.0,95.6
2025-06-01,17,853.0,95.4
2025-06-01,18,708.0,96.0
2025-06-01,19,486.0,96.1
2025-06-01,20,272.0,92.9
2025-06-01,21,103.0,90.9
2025-06-01,22,6.0,88.2
2025-06-01,23,0.0,85.9
2025-06-01,24,0.0,84.3
2025-06-02,1,0.0,82.9
2025-06-02,2,0.0,81.1
2025-06-02,3,0.0,79.3
2025-06-02,4,0.0,77.9
2025-06-02,5,0.0,75.9
2025-06-02,6,0.0,74.7
2025-06-02,7,0.0,72.5
2025-06-02,8,13.0,68.0
2025-06-02,9,59.0,66.9
2025-06-02,10,91.0,66.2
2025-06-02,11,165.0,67.3
2025-06-02,12,217.0,68.3
2025-06-02,13,191.0,68.2
2025-06-02,14,363.0,69.4
2025-06-02,15,659.0,72.2
2025-06-02,16,690.0,74.4
2025-06-02,17,729.0,74.9
2025-06-02,18,501.0,75.7
2025-06-02,19,354.0,76.0
2025-06-02,20,235.0,68.7
2025-06-02,21,62.0,67.5
2025-06-02,22,3.0,67.1
2025-06-02,23,0.0,66.2
2025-06-02,24,0.0,65.7
2025-06-03,1,0.0,63.6
2025-06-03,2,0.0,62.2
2025-06-03,3,0.0,61.3
2025-06-03,4,0.0,59.7
2025-06-03,5,0.0,58.4
2025-06-03,6,0.0,57.4
2025-06-03,7,0.0,56.7
2025-06-03,8,43.0,56.4
2025-06-03,9,201.0,59.1
2025-06-03,10,399.0,62.2
2025-06-03,11,593.0,66.0
2025-06-03,12,767.0,69.7
2025-06-03,13,881.0,73.0
2025-06-03,14,934.0,76.2
2025-06-03,15,882.0,78.4
2025-06-03,16,520.0,74.0
2025-06-03,17,559.0,74.6
2025-06-03,18,487.0,73.5
2025-06-03,19,367.0,75.0
2025-06-03,20,128.0,72.4
2025-06-03,21,61.0,69.3
2025-06-03,22,6.0,67.3
2025-06-03,23,0.0,66.8
2025-06-03,24,0.0,65.8
2025-06-04,1,0.0,61.4
2025-06-04,2,0.0,61.3
2025-06-04,3,0.0,60.9
2025-06-04,4,0.0,59.9
2025-06-04,5,0.0,59.9
2025-06-04,6,0.0,59.1
2025-06-04,7,0.0,58.7
2025-06-04,8,40.0,59.4
2025-06-04,9,187.0,62.2
2025-06-04,10,375.0,65.3
2025-06-04,11,545.0,68.2
2025-06-04,12,727.0,70.5
2025-06-04,13,832.0,72.2
2025-06-04,14,580.0,64.6
2025-06-04,15,675.0,67.0
2025-06-04,16,877.0,71.4
2025-06-04,17,763.0,71.7
2025-06-04,18,603.0,71.9
2025-06-04,19,372.0,69.8
2025-06-04,20,296.0,71.9
2025-06-04,21,123.0,70.6
2025-06-04,22,10.0,67.4
2025-06-04,23,0.0,65.8
2025-06-04,24,0.0,63.1
2025-06-05,1,0.0,61.2
2025-06-05,2,0.0,60.9
2025-06-05,3,0.0,59.0
2025-06-05,4,0.0,57.6
2025-06-05,5,0.0,56.5
2025-06-05,6,0.0,55.9
2025-06-05,7,0.0,55.6
2025-06-05,8,37.0,56.8
2025-06-05,9,147.0,58.4
2025-06-05,10,285.0,60.0
2025-06-05,11,327.0,62.9
2025-06-05,12,689.0,66.6
2025-06-05,13,849.0,69.2
2025-06-05,14,918.0,71.5
2025-06-05,15,910.0,73.8
2025-06-05,16,894.0,75.7
2025-06-05,17,699.0,76.7
2025-06-05,18,377.0,71.9
2025-06-05,19,480.0,73.0
2025-06-05,20,266.0,76.6
2025-06-05,21,112.0,74.9
2025-06-05,22,10.0,72.3
2025-06-05,23,0.0,70.2
2025-06-05,24,0.0,66.7
2025-06-06,1,0.0,63.1
2025-06-06,2,0.0,61.0
2025-06-06,3,0.0,58.8
2025-06-06,4,0.0,57.0
2025-06-06,5,0.0,55.3
2025-06-06,6,0.0,54.0
2025-06-06,7,0.0,53.0
2025-06-06,8,46.0,55.0
2025-06-06,9,204.0,59.6
2025-06-06,10,398.0,63.9
2025-06-06,11,594.0,67.6
2025-06-06,12,750.0,71.8
2025-06-06,13,890.0,74.9
2025-06-06,14,909.0,78.4
2025-06-06,15,982.0,81.1
2025-06-06,16,919.0,83.4
2025-06-06,17,814.0,83.8
2025-06-06,18,685.0,83.9
2025-06-06,19,505.0,83.7
2025-06-06,20,322.0,82.3
2025-06-06,21,130.0,80.5
2025-06-06,22,12.0,74.4
2025-06-06,23,0.0,70.0
2025-06-06,24,0.0,66.8
2025-06-07,1,0.0,64.2
2025-06-07,2,0.0,61.8
2025-06-07,3,0.0,59.6
2025-06-07,4,0.0,58.0
2025-06-07,5,0.0,56.4
2025-06-07,6,0.0,55.0
2025-06-07,7,0.0,53.7
2025-06-07,8,47.0,56.1
2025-06-07,9,207.0,59.8
2025-06-07,10,405.0,63.7
2025-06-07,11,600.0,69.1
2025-06-07,12,771.0,74.9
2025-06-07,13,891.0,80.2
2025-06-07,14,961.0,83.7
2025-06-07,15,1001.0,86.2
2025-06-07,16,970.0,87.0
2025-06-07,17,831.0,89.2
2025-06-07,18,647.0,86.4
2025-06-07,19,509.0,86.3
2025-06-07,20,300.0,87.8
2025-06-07,21,127.0,86.3
2025-06-07,22,12.0,82.0
2025-06-07,23,0.0,77.5
2025-06-07,24,0.0,72.9
2025-06-08,1,0.0,69.4
2025-06-08,2,0.0,68.2
2025-06-08,3,0.0,65.9
2025-06-08,4,0.0,63.3
2025-06-08,5,0.0,61.6
2025-06-08,6,0.0,59.9
2025-06-08,7,0.0,57.9
2025-06-08,8,47.0,60.3
2025-06-08,9,209.0,64.0
2025-06-08,10,407.0,68.0
2025-06-08,11,602.0,73.0
2025-06-08,12,772.0,78.5
2025-06-08,13,903.0,84.4
2025-06-08,14,962.0,88.3
2025-06-08,15,984.0,90.5
2025-06-08,16,932.0,92.0
2025-06-08,17,851.0,93.4
2025-06-08,18,710.0,93.9
2025-06-08,19,521.0,93.7
2025-06-08,20,307.0,92.8
2025-06-08,21,96.0,91.3
2025-06-08,22,10.0,87.2
2025-06-08,23,0.0,82.9
2025-06-08,24,0.0,78.4
2025-06-09,1,0.0,75.0
2025-06-09,2,0.0,72.2
2025-06-09,3,0.0,69.5
2025-06-09,4,0.0,66.3
2025-06-09,5,0.0,64.5
2025-06-09,6,0.0,62.8
2025-06-09,7,0.0,61.3
2025-06-09,8,48.0,64.1
2025-06-09,9,211.0,68.7
2025-06-09,10,411.0,73.2
2025-06-09,11,602.0,77.6
2025-06-09,12,772.0,81.5
2025-06-09,13,889.0,86.4
2025-06-09,14,1007.0,91.3
2025-06-09,15,999.0,93.2
2025-06-09,16,900.0,91.5
2025-06-09,17,785.0,92.3
2025-06-09,18,697.0,92.1
2025-06-09,19,536.0,92.8
2025-06-09,20,259.0,90.1
2025-06-09,21,128.0,88.7
2025-06-09,22,11.0,86.1
2025-06-09,23,0.0,85.1
2025-06-09,24,0.0,82.3
2025-06-10,1,0.0,80.1
2025-06-10,2,0.0,74.9
2025-06-10,3,0.0,72.1
2025-06-10,4,0.0,69.9
2025-06-10,5,0.0,67.9
2025-06-10,6,0.0,65.9
2025-06-10,7,0.0,64.8
2025-06-10,8,47.0,65.0
2025-06-10,9,208.0,70.9
2025-06-10,10,405.0,74.8
2025-06-10,11,599.0,79.8
2025-06-10,12,770.0,84.0
2025-06-10,13,876.0,87.2
2025-06-10,14,973.0,90.3
2025-06-10,15,953.0,91.7
2025-06-10,16,941.0,92.2
2025-06-10,17,858.0,92.5
2025-06-10,18,713.0,92.6
2025-06-10,19,501.0,93.0
2025-06-10,20,249.0,92.7
2025-06-10,21,89.0,88.7
2025-06-10,22,11.0,86.4
2025-06-10,23,0.0,84.0
2025-06-10,24,0.0,81.9
2025-06-11,1,0.0,77.6
2025-06-11,2,0.0,75.0
2025-06-11,3,0.0,73.0
2025-06-11,4,0.0,70.3
2025-06-11,5,0.0,68.1
2025-06-11,6,0.0,66.2
2025-06-11,7,0.0,64.6
2025-06-11,8,47.0,66.9
2025-06-11,9,207.0,70.8
2025-06-11,10,404.0,74.5
2025-06-11,11,597.0,79.7
2025-06-11,12,766.0,84.3
2025-06-11,13,896.0,87.4
2025-06-11,14,971.0,90.1
2025-06-11,15,976.0,92.8
2025-06-11,16,948.0,94.6
2025-06-11,17,836.0,96.1
2025-06-11,18,623.0,97.4
2025-06-11,19,420.0,92.8
2025-06-11,20,289.0,92.8
2025-06-11,21,126.0,92.2
2025-06-11,22,13.0,88.2
2025-06-11,23,0.0,85.5
2025-06-11,24,0.0,82.1
2025-06-12,1,0.0,78.9
2025-06-12,2,0.0,77.3
2025-06-12,3,0.0,75.5
2025-06-12,4,0.0,73.4
2025-06-12,5,0.0,69.7
2025-06-12,6,0.0,67.3
2025-06-12,7,0.0,65.6
2025-06-12,8,48.0,67.5
2025-06-12,9,210.0,70.3
2025-06-12,10,411.0,74.4
2025-06-12,11,608.0,79.0
2025-06-12,12,778.0,83.9
2025-06-12,13,910.0,89.3
2025-06-12,14,992.0,91.7
2025-06-12,15,1015.0,95.0
2025-06-12,16,977.0,97.1
2025-06-12,17,878.0,97.2
2025-06-12,18,730.0,97.3
2025-06-12,19,545.0,96.2
2025-06-12,20,340.0,94.6
2025-06-12,21,144.0,91.9
2025-06-12,22,15.0,88.5
2025-06-12,23,0.0,83.4
2025-06-12,24,0.0,80.6
2025-06-13,1,0.0,77.5
2025-06-13,2,0.0,76.5
2025-06-13,3,0.0,74.6
2025-06-13,4,0.0,72.3
2025-06-13,5,0.0,71.2
2025-06-13,6,0.0,69.3
2025-06-13,7,0.0,66.7
2025-06-13,8,50.0,68.4
2025-06-13,9,216.0,72.1
2025-06-13,10,418.0,75.8
2025-06-13,11,616.0,81.0
2025-06-13,12,790.0,85.4
2025-06-13,13,923.0,89.2
2025-06-13,14,1004.0,92.0
2025-06-13,15,1022.0,93.9
2025-06-13,16,979.0,95.3
2025-06-13,17,881.0,96.4
2025-06-13,18,734.0,96.8
2025-06-13,19,551.0,96.8
2025-06-13,20,347.0,95.1
2025-06-13,21,148.0,92.7
2025-06-13,22,16.0,88.6
2025-06-13,23,0.0,85.8
2025-06-13,24,0.0,81.8
2025-06-14,1,0.0,78.5
2025-06-14,2,0.0,75.5
2025-06-14,3,0.0,72.3
2025-06-14,4,0.0,70.0
2025-06-14,5,0.0,67.8
2025-06-14,6,0.0,66.8
2025-06-14,7,0.0,65.8
2025-06-14,8,50.0,66.6
2025-06-14,9,216.0,70.9
2025-06-14,10,418.0,74.5
2025-06-14,11,618.0,79.1
2025-06-14,12,792.0,85.1
2025-06-14,13,925.0,89.4
2025-06-14,14,1003.0,92.4
2025-06-14,15,1021.0,94.1
2025-06-14,16,980.0,95.3
2025-06-14,17,882.0,96.2
2025-06-14,18,736.0,96.9
2025-06-14,19,550.0,97.0
2025-06-14,20,346.0,96.5
2025-06-14,21,147.0,94.1
2025-06-14,22,16.0,90.5
2025-06-14,23,0.0,85.6
2025-06-14,24,0.0,80.2
2025-06-15,1,0.0,76.2
2025-06-15,2,0.0,73.1
2025-06-15,3,0.0,70.5
2025-06-15,4,0.0,68.3
2025-06-15,5,0.0,65.8
2025-06-15,6,0.0,64.1
2025-06-15,7,0.0,62.1
2025-06-15,8,50.0,63.1
2025-06-15,9,218.0,67.6
2025-06-15,10,422.0,72.1
2025-06-15,11,623.0,78.2
2025-06-15,12,797.0,83.9
2025-06-15,13,932.0,88.7
2025-06-15,14,1013.0,92.8
2025-06-15,15,1034.0,96.2
2025-06-15,16,994.0,98.5
2025-06-15,17,892.0,99.2
2025-06-15,18,741.0,99.1
2025-06-15,19,554.0,99.2
2025-06-15,20,346.0,99.1
2025-06-15,21,149.0,96.2
2025-06-15,22,16.0,90.8
2025-06-15,23,0.0,86.0
2025-06-15,24,0.0,82.8
2025-06-16,1,0.0,80.8
2025-06-16,2,0.0,77.5
2025-06-16,3,0.0,74.1
2025-06-16,4,0.0,71.2
2025-06-16,5,0.0,67.6
2025-06-16,6,0.0,65.8
2025-06-16,7,0.0,64.0
2025-06-16,8,51.0,64.5
2025-06-16,9,222.0,68.7
2025-06-16,10,429.0,73.1
2025-06-16,11,631.0,78.5
2025-06-16,12,807.0,83.7
2025-06-16,13,940.0,89.2
2025-06-16,14,1020.0,94.1
2025-06-16,15,1038.0,97.4
2025-06-16,16,994.0,99.3
2025-06-16,17,893.0,100.1
2025-06-16,18,748.0,101.8
2025-06-16,19,544.0,99.9
2025-06-16,20,347.0,98.4
2025-06-16,21,151.0,95.5
2025-06-16,22,17.0,91.3
2025-06-16,23,0.0,86.8
2025-06-16,24,0.0,85.5
2025-06-17,1,0.0,81.2
2025-06-17,2,0.0,78.6
2025-06-17,3,0.0,76.8
2025-06-17,4,0.0,75.1
2025-06-17,5,0.0,73.4
2025-06-17,6,0.0,71.8
2025-06-17,7,0.0,70.3
2025-06-17,8,50.0,70.6
2025-06-17,9,219.0,75.0
2025-06-17,10,425.0,81.1
2025-06-17,11,624.0,86.8
2025-06-17,12,797.0,89.6
2025-06-17,13,931.0,91.6
2025-06-17,14,1010.0,93.1
2025-06-17,15,1031.0,94.4
2025-06-17,16,987.0,95.9
2025-06-17,17,876.0,97.3
2025-06-17,18,732.0,96.4
2025-06-17,19,552.0,95.3
2025-06-17,20,348.0,93.2
2025-06-17,21,150.0,90.7
2025-06-17,22,17.0,87.1
2025-06-17,23,0.0,82.5
2025-06-17,24,0.0,79.0
2025-06-18,1,0.0,76.0
2025-06-18,2,0.0,75.0
2025-06-18,3,0.0,75.2
2025-06-18,4,0.0,74.1
2025-06-18,5,0.0,69.9
2025-06-18,6,0.0,67.1
2025-06-18,7,0.0,65.8
2025-06-18,8,49.0,65.9
2025-06-18,9,216.0,69.9
2025-06-18,10,420.0,75.0
2025-06-18,11,620.0,79.6
2025-06-18,12,793.0,84.2
2025-06-18,13,925.0,88.3
2025-06-18,14,1003.0,91.3
2025-06-18,15,1021.0,93.7
2025-06-18,16,979.0,95.1
2025-06-18,17,881.0,96.2
2025-06-18,18,734.0,97.2
2025-06-18,19,551.0,97.0
2025-06-18,20,346.0,95.4
2025-06-18,21,150.0,93.1
2025-06-18,22,17.0,87.8
2025-06-18,23,0.0,84.7
2025-06-18,24,0.0,80.6
2025-06-19,1,0.0,76.3
2025-06-19,2,0.0,71.5
2025-06-19,3,0.0,69.4
2025-06-19,4,0.0,67.1
2025-06-19,5,0.0,65.5
2025-06-19,6,0.0,64.0
2025-06-19,7,0.0,62.0
2025-06-19,8,49.0,64.1
2025-06-19,9,215.0,69.8
2025-06-19,10,418.0,75.9
2025-06-19,11,616.0,82.0
2025-06-19,12,789.0,88.3
2025-06-19,13,919.0,91.8
2025-06-19,14,998.0,95.7
2025-06-19,15,1019.0,98.9
2025-06-19,16,980.0,100.5
2025-06-19,17,883.0,103.8
2025-06-19,18,737.0,102.4
2025-06-19,19,554.0,101.3
2025-06-19,20,351.0,99.5
2025-06-19,21,152.0,97.2
2025-06-19,22,17.0,93.7
2025-06-19,23,0.0,91.3
2025-06-19,24,0.0,88.8
2025-06-20,1,0.0,85.9
2025-06-20,2,0.0,82.1
2025-06-20,3,0.0,78.7
2025-06-20,4,0.0,76.7
2025-06-20,5,0.0,74.8
2025-06-20,6,0.0,73.0
2025-06-20,7,0.0,70.9
2025-06-20,8,48.0,72.8
2025-06-20,9,213.0,76.6
2025-06-20,10,415.0,82.0
2025-06-20,11,614.0,86.7
2025-06-20,12,789.0,90.5
2025-06-20,13,920.0,93.7
2025-06-20,14,1005.0,96.2
2025-06-20,15,1031.0,98.4
2025-06-20,16,996.0,99.3
2025-06-20,17,901.0,99.5
2025-06-20,18,751.0,98.6
2025-06-20,19,567.0,98.3
2025-06-20,20,358.0,96.6
2025-06-20,21,157.0,93.7
2025-06-20,22,18.0,89.8
2025-06-20,23,0.0,87.4
2025-06-20,24,0.0,85.6
2025-06-21,1,0.0,83.0
2025-06-21,2,0.0,79.8
2025-06-21,3,0.0,76.8
2025-06-21,4,0.0,74.0
2025-06-21,5,0.0,71.2
2025-06-21,6,0.0,68.9
2025-06-21,7,0.0,66.7
2025-06-21,8,49.0,69.2
2025-06-21,9,217.0,74.1
2025-06-21,10,421.0,79.6
2025-06-21,11,621.0,82.9
2025-06-21,12,795.0,85.4
2025-06-21,13,924.0,88.1
2025-06-21,14,1004.0,90.1
2025-06-21,15,1025.0,92.5
2025-06-21,16,985.0,93.8
2025-06-21,17,887.0,94.7
2025-06-21,18,740.0,94.6
2025-06-21,19,557.0,93.7
2025-06-21,20,352.0,92.1
2025-06-21,21,154.0,89.7
2025-06-21,22,18.0,86.4
2025-06-21,23,0.0,84.1
2025-06-21,24,0.0,81.8
2025-06-22,1,0.0,79.2
2025-06-22,2,0.0,77.1
2025-06-22,3,0.0,75.2
2025-06-22,4,0.0,73.7
2025-06-22,5,0.0,72.4
2025-06-22,6,0.0,70.7
2025-06-22,7,0.0,68.6
2025-06-22,8,47.0,69.4
2025-06-22,9,209.0,73.5
2025-06-22,10,411.0,76.3
2025-06-22,11,608.0,78.5
2025-06-22,12,778.0,80.8
2025-06-22,13,878.0,83.2
2025-06-22,14,990.0,85.1
2025-06-22,15,1013.0,86.9
2025-06-22,16,976.0,87.6
2025-06-22,17,840.0,87.5
2025-06-22,18,673.0,87.4
2025-06-22,19,550.0,87.4
2025-06-22,20,348.0,86.8
2025-06-22,21,152.0,85.7
2025-06-22,22,18.0,80.9
2025-06-22,23,0.0,76.8
2025-06-22,24,0.0,74.2
2025-06-23,1,0.0,71.5
2025-06-23,2,0.0,69.6
2025-06-23,3,0.0,66.8
2025-06-23,4,0.0,65.3
2025-06-23,5,0.0,62.8
2025-06-23,6,0.0,62.8
2025-06-23,7,0.0,61.0
2025-06-23,8,47.0,60.4
2025-06-23,9,213.0,66.3
2025-06-23,10,413.0,70.9
2025-06-23,11,610.0,74.9
2025-06-23,12,782.0,79.3
2025-06-23,13,911.0,81.8
2025-06-23,14,988.0,84.0
2025-06-23,15,1004.0,85.9
2025-06-23,16,932.0,87.2
2025-06-23,17,812.0,88.9
2025-06-23,18,719.0,90.5
2025-06-23,19,538.0,91.2
2025-06-23,20,291.0,90.6
2025-06-23,21,140.0,89.4
2025-06-23,22,17.0,84.4
2025-06-23,23,0.0,81.3
2025-06-23,24,0.0,78.6
2025-06-24,1,0.0,76.5
2025-06-24,2,0.0,75.3
2025-06-24,3,0.0,72.3
2025-06-24,4,0.0,69.9
2025-06-24,5,0.0,68.8
2025-06-24,6,0.0,67.6
2025-06-24,7,0.0,65.3
2025-06-24,8,46.0,67.1
2025-06-24,9,192.0,71.1
2025-06-24,10,345.0,74.4
2025-06-24,11,573.0,78.3
2025-06-24,12,710.0,82.4
2025-06-24,13,840.0,84.5
2025-06-24,14,957.0,87.4
2025-06-24,15,950.0,88.7
2025-06-24,16,895.0,90.1
2025-06-24,17,805.0,90.4
2025-06-24,18,665.0,90.5
2025-06-24,19,525.0,90.3
2025-06-24,20,331.0,89.3
2025-06-24,21,137.0,88.4
2025-06-24,22,18.0,84.6
2025-06-24,23,0.0,79.9
2025-06-24,24,0.0,75.7
2025-06-25,1,0.0,73.9
2025-06-25,2,0.0,72.7
2025-06-25,3,0.0,72.3
2025-06-25,4,0.0,70.0
2025-06-25,5,0.0,67.2
2025-06-25,6,0.0,65.6
2025-06-25,7,0.0,63.8
2025-06-25,8,46.0,64.0
2025-06-25,9,210.0,67.6
2025-06-25,10,414.0,71.0
2025-06-25,11,612.0,74.7
2025-06-25,12,784.0,79.9
2025-06-25,13,917.0,84.9
2025-06-25,14,1001.0,87.1
2025-06-25,15,1021.0,89.2
2025-06-25,16,983.0,91.8
2025-06-25,17,890.0,91.2
2025-06-25,18,747.0,91.0
2025-06-25,19,564.0,90.6
2025-06-25,20,359.0,89.7
2025-06-25,21,158.0,87.5
2025-06-25,22,19.0,82.9
2025-06-25,23,0.0,79.5
2025-06-25,24,0.0,75.4
2025-06-26,1,0.0,71.4
2025-06-26,2,0.0,68.2
2025-06-26,3,0.0,64.8
2025-06-26,4,0.0,62.5
2025-06-26,5,0.0,61.4
2025-06-26,6,0.0,60.0
2025-06-26,7,0.0,58.1
2025-06-26,8,46.0,59.7
2025-06-26,9,212.0,65.0
2025-06-26,10,416.0,70.1
2025-06-26,11,616.0,74.8
2025-06-26,12,791.0,79.7
2025-06-26,13,924.0,83.6
2025-06-26,14,1004.0,87.4
2025-06-26,15,1029.0,90.1
2025-06-26,16,993.0,91.6
2025-06-26,17,899.0,92.1
2025-06-26,18,753.0,92.8
2025-06-26,19,568.0,92.4
2025-06-26,20,359.0,91.7
2025-06-26,21,158.0,89.8
2025-06-26,22,19.0,85.1
2025-06-26,23,0.0,81.7
2025-06-26,24,0.0,77.8
2025-06-27,1,0.0,74.6
2025-06-27,2,0.0,71.2
2025-06-27,3,0.0,68.5
2025-06-27,4,0.0,65.5
2025-06-27,5,0.0,63.7
2025-06-27,6,0.0,61.3
2025-06-27,7,0.0,59.9
2025-06-27,8,45.0,62.5
2025-06-27,9,208.0,66.7
2025-06-27,10,410.0,71.5
2025-06-27,11,605.0,76.7
2025-06-27,12,776.0,81.5
2025-06-27,13,908.0,86.4
2025-06-27,14,989.0,90.1
2025-06-27,15,1013.0,91.9
2025-06-27,16,978.0,94.0
2025-06-27,17,882.0,95.5
2025-06-27,18,736.0,95.2
2025-06-27,19,556.0,94.5
2025-06-27,20,352.0,94.2
2025-06-27,21,155.0,91.9
2025-06-27,22,18.0,87.5
2025-06-27,23,0.0,83.5
2025-06-27,24,0.0,80.2
2025-06-28,1,0.0,76.6
2025-06-28,2,0.0,72.9
2025-06-28,3,0.0,71.5
2025-06-28,4,0.0,69.3
2025-06-28,5,0.0,67.5
2025-06-28,6,0.0,66.2
2025-06-28,7,0.0,64.3
2025-06-28,8,43.0,64.7
2025-06-28,9,205.0,69.1
2025-06-28,10,406.0,73.9
2025-06-28,11,604.0,79.6
2025-06-28,12,776.0,85.8
2025-06-28,13,907.0,89.8
2025-06-28,14,989.0,92.3
2025-06-28,15,1013.0,94.3
2025-06-28,16,978.0,95.9
2025-06-28,17,881.0,96.4
2025-06-28,18,737.0,96.5
2025-06-28,19,557.0,96.4
2025-06-28,20,355.0,94.9
2025-06-28,21,157.0,92.7
2025-06-28,22,19.0,88.3
2025-06-28,23,0.0,84.9
2025-06-28,24,0.0,82.6
2025-06-29,1,0.0,77.8
2025-06-29,2,0.0,74.5
2025-06-29,3,0.0,73.0
2025-06-29,4,0.0,71.0
2025-06-29,5,0.0,68.2
2025-06-29,6,0.0,65.3
2025-06-29,7,0.0,62.9
2025-06-29,8,42.0,64.8
2025-06-29,9,203.0,68.9
2025-06-29,10,405.0,73.3
2025-06-29,11,603.0,78.2
2025-06-29,12,778.0,83.6
2025-06-29,13,912.0,88.3
2025-06-29,14,990.0,92.8
2025-06-29,15,1019.0,96.8
2025-06-29,16,951.0,98.2
2025-06-29,17,846.0,99.0
2025-06-29,18,654.0,99.2
2025-06-29,19,483.0,98.2
2025-06-29,20,248.0,97.2
2025-06-29,21,128.0,95.8
2025-06-29,22,18.0,89.6
2025-06-29,23,0.0,86.5
2025-06-29,24,0.0,84.3
2025-06-30,1,0.0,81.1
2025-06-30,2,0.0,78.4
2025-06-30,3,0.0,76.1
2025-06-30,4,0.0,73.9
2025-06-30,5,0.0,72.2
2025-06-30,6,0.0,70.5
2025-06-30,7,0.0,69.2
2025-06-30,8,41.0,70.4
2025-06-30,9,199.0,75.8
2025-06-30,10,397.0,80.9
2025-06-30,11,592.0,84.5
2025-06-30,12,763.0,88.5
2025-06-30,13,895.0,92.1
2025-06-30,14,972.0,94.1
2025-06-30,15,967.0,95.7
2025-06-30,16,834.0,96.5
2025-06-30,17,876.0,97.3
2025-06-30,18,718.0,96.8
2025-06-30,19,539.0,97.5
2025-06-30,20,350.0,97.3
2025-06-30,21,142.0,96.4
2025-06-30,22,15.0,89.2
2025-06-30,23,0.0,86.4
2025-06-30,24,0.0,83.9
2025-07-01,1,0.0,81.8
2025-07-01,2,0.0,79.2
2025-07-01,3,0.0,77.4
2025-07-01,4,0.0,75.5
2025-07-01,5,0.0,74.5
2025-07-01,6,0.0,74.3
2025-07-01,7,0.0,73.4
2025-07-01,8,39.0,72.9
2025-07-01,9,191.0,75.6
2025-07-01,10,385.0,78.8
2025-07-01,11,577.0,82.4
2025-07-01,12,747.0,85.6
2025-07-01,13,879.0,88.5
2025-07-01,14,964.0,91.0
2025-07-01,15,957.0,92.0
2025-07-01,16,929.0,93.0
2025-07-01,17,838.0,93.4
2025-07-01,18,722.0,94.6
2025-07-01,19,539.0,94.6
2025-07-01,20,343.0,91.1
2025-07-01,21,146.0,88.4
2025-07-01,22,18.0,86.7
2025-07-01,23,0.0,84.8
2025-07-01,24,0.0,82.5
2025-07-02,1,0.0,79.8
2025-07-02,2,0.0,77.5
2025-07-02,3,0.0,75.6
2025-07-02,4,0.0,74.4
2025-07-02,5,0.0,72.6
2025-07-02,6,0.0,70.7
2025-07-02,7,0.0,69.1
2025-07-02,8,37.0,70.9
2025-07-02,9,186.0,73.9
2025-07-02,10,381.0,77.8
2025-07-02,11,572.0,81.5
2025-07-02,12,741.0,84.3
2025-07-02,13,871.0,87.1
2025-07-02,14,953.0,88.7
2025-07-02,15,963.0,91.7
2025-07-02,16,942.0,92.7
2025-07-02,17,822.0,93.6
2025-07-02,18,652.0,94.3
2025-07-02,19,364.0,90.3
2025-07-02,20,279.0,89.4
2025-07-02,21,135.0,88.0
2025-07-02,22,13.0,86.9
2025-07-02,23,0.0,82.5
2025-07-02,24,0.0,81.5
2025-07-03,1,0.0,80.9
2025-07-03,2,0.0,78.5
2025-07-03,3,0.0,76.6
2025-07-03,4,0.0,75.2
2025-07-03,5,0.0,72.6
2025-07-03,6,0.0,71.4
2025-07-03,7,0.0,69.4
2025-07-03,8,24.0,70.3
2025-07-03,9,71.0,69.1
2025-07-03,10,109.0,68.5
2025-07-03,11,182.0,69.9
2025-07-03,12,320.0,72.3
2025-07-03,13,486.0,74.2
2025-07-03,14,648.0,78.1
2025-07-03,15,854.0,81.2
2025-07-03,16,868.0,82.8
2025-07-03,17,720.0,83.9
2025-07-03,18,664.0,84.7
2025-07-03,19,497.0,85.4
2025-07-03,20,322.0,81.3
2025-07-03,21,142.0,80.0
2025-07-03,22,16.0,76.5
2025-07-03,23,0.0,74.3
2025-07-03,24,0.0,72.9
2025-07-04,1,0.0,71.4
2025-07-04,2,0.0,69.5
2025-07-04,3,0.0,67.1
2025-07-04,4,0.0,65.8
2025-07-04,5,0.0,64.3
2025-07-04,6,0.0,62.9
2025-07-04,7,0.0,61.4
2025-07-04,8,37.0,62.5
2025-07-04,9,190.0,65.2
2025-07-04,10,384.0,69.0
2025-07-04,11,576.0,73.7
2025-07-04,12,746.0,78.0
2025-07-04,13,881.0,81.7
2025-07-04,14,892.0,83.8
2025-07-04,15,936.0,86.1
2025-07-04,16,905.0,88.3
2025-07-04,17,824.0,90.4
2025-07-04,18,695.0,91.3
2025-07-04,19,533.0,91.0
2025-07-04,20,343.0,90.2
2025-07-04,21,149.0,87.2
2025-07-04,22,18.0,81.9
2025-07-04,23,0.0,79.6
2025-07-04,24,0.0,76.7
2025-07-05,1,0.0,73.4
2025-07-05,2,0.0,70.8
2025-07-05,3,0.0,68.0
2025-07-05,4,0.0,66.3
2025-07-05,5,0.0,64.7
2025-07-05,6,0.0,64.0
2025-07-05,7,0.0,62.9
2025-07-05,8,37.0,64.9
2025-07-05,9,193.0,67.9
2025-07-05,10,390.0,71.2
2025-07-05,11,586.0,75.1
2025-07-05,12,758.0,81.3
2025-07-05,13,894.0,85.6
2025-07-05,14,979.0,88.6
2025-07-05,15,1003.0,90.4
2025-07-05,16,968.0,91.9
2025-07-05,17,873.0,92.5
2025-07-05,18,719.0,92.8
2025-07-05,19,542.0,93.1
2025-07-05,20,340.0,92.8
2025-07-05,21,150.0,91.4
2025-07-05,22,18.0,86.9
2025-07-05,23,0.0,83.6
2025-07-05,24,0.0,80.0
2025-07-06,1,0.0,76.1
2025-07-06,2,0.0,72.3
2025-07-06,3,0.0,69.4
2025-07-06,4,0.0,67.3
2025-07-06,5,0.0,65.4
2025-07-06,6,0.0,63.5
2025-07-06,7,0.0,61.9
2025-07-06,8,37.0,64.0
2025-07-06,9,195.0,67.4
2025-07-06,10,396.0,71.7
2025-07-06,11,595.0,77.3
2025-07-06,12,770.0,82.6
2025-07-06,13,905.0,87.6
2025-07-06,14,977.0,91.6
2025-07-06,15,989.0,93.7
2025-07-06,16,955.0,95.2
2025-07-06,17,774.0,95.2
2025-07-06,18,692.0,95.4
2025-07-06,19,507.0,95.3
2025-07-06,20,306.0,93.9
2025-07-06,21,138.0,92.7
2025-07-06,22,16.0,89.0
2025-07-06,23,0.0,86.8
2025-07-06,24,0.0,83.3
2025-07-07,1,0.0,77.8
2025-07-07,2,0.0,74.9
2025-07-07,3,0.0,72.1
2025-07-07,4,0.0,69.0
2025-07-07,5,0.0,66.6
2025-07-07,6,0.0,65.4
2025-07-07,7,0.0,64.5
2025-07-07,8,34.0,66.5
2025-07-07,9,177.0,71.8
2025-07-07,10,388.0,77.0
2025-07-07,11,583.0,81.2
2025-07-07,12,758.0,85.1
2025-07-07,13,884.0,88.7
2025-07-07,14,975.0,91.9
2025-07-07,15,990.0,94.5
2025-07-07,16,949.0,96.4
2025-07-07,17,863.0,97.5
2025-07-07,18,736.0,99.0
2025-07-07,19,545.0,98.3
2025-07-07,20,353.0,98.9
2025-07-07,21,139.0,95.8
2025-07-07,22,18.0,91.9
2025-07-07,23,0.0,87.6
2025-07-07,24,0.0,83.4
2025-07-08,1,0.0,80.0
2025-07-08,2,0.0,75.8
2025-07-08,3,0.0,73.2
2025-07-08,4,0.0,70.9
2025-07-08,5,0.0,68.9
2025-07-08,6,0.0,67.0
2025-07-08,7,0.0,65.8
2025-07-08,8,34.0,67.1
2025-07-08,9,188.0,70.9
2025-07-08,10,388.0,74.5
2025-07-08,11,586.0,79.8
2025-07-08,12,759.0,85.4
2025-07-08,13,892.0,90.5
2025-07-08,14,973.0,94.5
2025-07-08,15,970.0,97.4
2025-07-08,16,926.0,99.1
2025-07-08,17,849.0,99.5
2025-07-08,18,702.0,99.1
2025-07-08,19,543.0,99.0
2025-07-08,20,348.0,98.1
2025-07-08,21,152.0,96.0
2025-07-08,22,17.0,91.0
2025-07-08,23,0.0,89.6
2025-07-08,24,0.0,85.8
2025-07-09,1,0.0,81.0
2025-07-09,2,0.0,78.3
2025-07-09,3,0.0,76.2
2025-07-09,4,0.0,74.7
2025-07-09,5,0.0,73.3
2025-07-09,6,0.0,70.8
2025-07-09,7,0.0,68.6
2025-07-09,8,34.0,69.0
2025-07-09,9,186.0,73.5
2025-07-09,10,383.0,78.1
2025-07-09,11,580.0,82.1
2025-07-09,12,752.0,86.8
2025-07-09,13,884.0,91.8
2025-07-09,14,951.0,96.0
2025-07-09,15,985.0,99.1
2025-07-09,16,938.0,100.6
2025-07-09,17,849.0,101.5
2025-07-09,18,709.0,101.9
2025-07-09,19,533.0,102.1
2025-07-09,20,328.0,101.2
2025-07-09,21,136.0,99.1
2025-07-09,22,14.0,96.4
2025-07-09,23,0.0,93.9
2025-07-09,24,0.0,90.1
2025-07-10,1,0.0,85.6
2025-07-10,2,0.0,82.0
2025-07-10,3,0.0,78.8
2025-07-10,4,0.0,77.3
2025-07-10,5,0.0,77.6
2025-07-10,6,0.0,75.2
2025-07-10,7,0.0,72.7
2025-07-10,8,32.0,76.4
2025-07-10,9,180.0,80.8
2025-07-10,10,375.0,86.7
2025-07-10,11,576.0,91.6
2025-07-10,12,751.0,95.4
2025-07-10,13,889.0,98.1
2025-07-10,14,979.0,99.1
2025-07-10,15,1012.0,100.2
2025-07-10,16,979.0,101.1
2025-07-10,17,887.0,101.0
2025-07-10,18,740.0,100.7
2025-07-10,19,555.0,100.1
2025-07-10,20,350.0,99.6
2025-07-10,21,152.0,96.9
2025-07-10,22,17.0,91.8
2025-07-10,23,0.0,89.8
2025-07-10,24,0.0,83.7
2025-07-11,1,0.0,80.1
2025-07-11,2,0.0,80.0
2025-07-11,3,0.0,78.4
2025-07-11,4,0.0,76.5
2025-07-11,5,0.0,73.6
2025-07-11,6,0.0,70.7
2025-07-11,7,0.0,67.8
2025-07-11,8,33.0,67.7
2025-07-11,9,190.0,71.2
2025-07-11,10,393.0,75.6
2025-07-11,11,594.0,81.1
2025-07-11,12,769.0,87.8
2025-07-11,13,904.0,93.4
2025-07-11,14,988.0,96.4
2025-07-11,15,1014.0,98.1
2025-07-11,16,979.0,99.1
2025-07-11,17,888.0,99.3
2025-07-11,18,743.0,99.7
2025-07-11,19,557.0,99.1
2025-07-11,20,341.0,97.6
2025-07-11,21,144.0,95.5
2025-07-11,22,16.0,90.8
2025-07-11,23,0.0,86.7
2025-07-11,24,0.0,82.3
2025-07-12,1,0.0,78.5
2025-07-12,2,0.0,75.6
2025-07-12,3,0.0,72.6
2025-07-12,4,0.0,72.3
2025-07-12,5,0.0,71.8
2025-07-12,6,0.0,69.7
2025-07-12,7,0.0,68.5
2025-07-12,8,32.0,67.4
2025-07-12,9,185.0,71.1
2025-07-12,10,385.0,76.1
2025-07-12,11,585.0,81.2
2025-07-12,12,761.0,87.1
2025-07-12,13,892.0,91.9
2025-07-12,14,970.0,96.2
2025-07-12,15,1002.0,99.6
2025-07-12,16,971.0,101.6
2025-07-12,17,864.0,101.9
2025-07-12,18,700.0,100.5
2025-07-12,19,546.0,99.8
2025-07-12,20,347.0,98.0
2025-07-12,21,149.0,96.2
2025-07-12,22,16.0,91.0
2025-07-12,23,0.0,87.4
2025-07-12,24,0.0,83.4
2025-07-13,1,0.0,79.3
2025-07-13,2,0.0,76.3
2025-07-13,3,0.0,74.6
2025-07-13,4,0.0,73.6
2025-07-13,5,0.0,71.0
2025-07-13,6,0.0,67.8
2025-07-13,7,0.0,66.2
2025-07-13,8,30.0,66.0
2025-07-13,9,182.0,71.3
2025-07-13,10,382.0,77.6
2025-07-13,11,580.0,82.4
2025-07-13,12,755.0,86.7
2025-07-13,13,889.0,90.6
2025-07-13,14,974.0,93.9
2025-07-13,15,1001.0,97.1
2025-07-13,16,966.0,99.6
2025-07-13,17,871.0,100.9
2025-07-13,18,728.0,102.0
2025-07-13,19,547.0,102.5
2025-07-13,20,330.0,99.9
2025-07-13,21,135.0,97.3
2025-07-13,22,15.0,94.4
2025-07-13,23,0.0,89.9
2025-07-13,24,0.0,86.5
2025-07-14,1,0.0,83.5
2025-07-14,2,0.0,82.0
2025-07-14,3,0.0,79.9
2025-07-14,4,0.0,77.0
2025-07-14,5,0.0,77.4
2025-07-14,6,0.0,75.4
2025-07-14,7,0.0,73.1
2025-07-14,8,29.0,73.5
2025-07-14,9,176.0,77.3
2025-07-14,10,373.0,81.6
2025-07-14,11,570.0,85.9
2025-07-14,12,745.0,89.2
2025-07-14,13,879.0,91.9
2025-07-14,14,965.0,93.9
2025-07-14,15,985.0,96.0
2025-07-14,16,943.0,97.3
2025-07-14,17,845.0,98.8
2025-07-14,18,723.0,99.1
2025-07-14,19,540.0,99.1
2025-07-14,20,341.0,100.0
2025-07-14,21,103.0,97.8
2025-07-14,22,10.0,94.3
2025-07-14,23,0.0,90.3
2025-07-14,24,0.0,90.3
2025-07-15,1,0.0,88.0
2025-07-15,2,0.0,83.9
2025-07-15,3,0.0,81.0
2025-07-15,4,0.0,77.5
2025-07-15,5,0.0,74.6
2025-07-15,6,0.0,73.3
2025-07-15,7,0.0,72.2
2025-07-15,8,28.0,71.6
2025-07-15,9,175.0,75.4
2025-07-15,10,371.0,78.8
2025-07-15,11,568.0,83.6
2025-07-15,12,741.0,87.3
2025-07-15,13,875.0,90.1
2025-07-15,14,960.0,93.8
2025-07-15,15,991.0,96.2
2025-07-15,16,946.0,98.0
2025-07-15,17,840.0,99.1
2025-07-15,18,730.0,100.6
2025-07-15,19,535.0,100.8
2025-07-15,20,260.0,95.0
2025-07-15,21,112.0,95.5
2025-07-15,22,13.0,92.1
2025-07-15,23,0.0,90.2
2025-07-15,24,0.0,87.5
2025-07-16,1,0.0,85.2
2025-07-16,2,0.0,81.6
2025-07-16,3,0.0,78.4
2025-07-16,4,0.0,76.0
2025-07-16,5,0.0,74.4
2025-07-16,6,0.0,73.7
2025-07-16,7,0.0,71.5
2025-07-16,8,23.0,71.6
2025-07-16,9,146.0,74.5
2025-07-16,10,326.0,78.1
2025-07-16,11,422.0,82.3
2025-07-16,12,622.0,87.7
2025-07-16,13,763.0,92.2
2025-07-16,14,520.0,89.2
2025-07-16,15,494.0,90.2
2025-07-16,16,753.0,93.7
2025-07-16,17,683.0,94.6
2025-07-16,18,588.0,94.8
2025-07-16,19,441.0,93.8
2025-07-16,20,200.0,94.1
2025-07-16,21,61.0,90.9
2025-07-16,22,7.0,88.3
2025-07-16,23,0.0,86.9
2025-07-16,24,0.0,85.6
2025-07-17,1,0.0,84.7
2025-07-17,2,0.0,82.2
2025-07-17,3,0.0,79.6
2025-07-17,4,0.0,78.4
2025-07-17,5,0.0,75.6
2025-07-17,6,0.0,73.0
2025-07-17,7,0.0,71.8
2025-07-17,8,10.0,73.5
2025-07-17,9,45.0,74.5
2025-07-17,10,197.0,76.7
2025-07-17,11,380.0,79.0
2025-07-17,12,581.0,81.5
2025-07-17,13,768.0,85.1
2025-07-17,14,947.0,85.6
2025-07-17,15,652.0,85.6
2025-07-17,16,826.0,89.0
2025-07-17,17,812.0,90.4
2025-07-17,18,647.0,90.1
2025-07-17,19,478.0,89.0
2025-07-17,20,312.0,88.7
2025-07-17,21,122.0,86.4
2025-07-17,22,12.0,82.8
2025-07-17,23,0.0,81.7
2025-07-17,24,0.0,79.2
2025-07-18,1,0.0,77.3
2025-07-18,2,0.0,75.5
2025-07-18,3,0.0,73.3
2025-07-18,4,0.0,71.1
2025-07-18,5,0.0,68.5
2025-07-18,6,0.0,66.8
2025-07-18,7,0.0,66.2
2025-07-18,8,19.0,69.2
2025-07-18,9,155.0,71.6
2025-07-18,10,349.0,74.3
2025-07-18,11,550.0,78.2
2025-07-18,12,725.0,82.2
2025-07-18,13,829.0,86.3
2025-07-18,14,883.0,89.3
2025-07-18,15,955.0,91.5
2025-07-18,16,900.0,93.4
2025-07-18,17,801.0,94.5
2025-07-18,18,674.0,94.6
2025-07-18,19,510.0,94.4
2025-07-18,20,327.0,94.3
2025-07-18,21,136.0,92.8
2025-07-18,22,12.0,88.6
2025-07-18,23,0.0,86.0
2025-07-18,24,0.0,83.0
2025-07-19,1,0.0,81.1
2025-07-19,2,0.0,79.9
2025-07-19,3,0.0,77.8
2025-07-19,4,0.0,75.7
2025-07-19,5,0.0,73.7
2025-07-19,6,0.0,71.2
2025-07-19,7,0.0,68.4
2025-07-19,8,24.0,68.8
2025-07-19,9,164.0,72.7
2025-07-19,10,323.0,75.9
2025-07-19,11,465.0,79.6
2025-07-19,12,621.0,84.6
2025-07-19,13,859.0,89.9
2025-07-19,14,754.0,92.2
2025-07-19,15,767.0,93.4
2025-07-19,16,879.0,94.6
2025-07-19,17,847.0,95.1
2025-07-19,18,670.0,94.5
2025-07-19,19,490.0,93.2
2025-07-19,20,254.0,92.2
2025-07-19,21,58.0,91.0
2025-07-19,22,7.0,89.6
2025-07-19,23,0.0,86.8
2025-07-19,24,0.0,83.9
2025-07-20,1,0.0,81.6
2025-07-20,2,0.0,78.7
2025-07-20,3,0.0,77.0
2025-07-20,4,0.0,75.7
2025-07-20,5,0.0,74.8
2025-07-20,6,0.0,74.2
2025-07-20,7,0.0,72.9
2025-07-20,8,21.0,71.3
2025-07-20,9,165.0,74.1
2025-07-20,10,351.0,76.8
2025-07-20,11,549.0,80.4
2025-07-20,12,729.0,85.0
2025-07-20,13,807.0,88.5
2025-07-20,14,821.0,91.1
2025-07-20,15,725.0,92.4
2025-07-20,16,722.0,94.0
2025-07-20,17,726.0,95.2
2025-07-20,18,631.0,95.6
2025-07-20,19,477.0,94.9
2025-07-20,20,199.0,93.5
2025-07-20,21,68.0,92.8
2025-07-20,22,8.0,90.4
2025-07-20,23,0.0,88.1
2025-07-20,24,0.0,87.5
2025-07-21,1,0.0,85.9
2025-07-21,2,0.0,83.9
2025-07-21,3,0.0,82.6
2025-07-21,4,0.0,79.2
2025-07-21,5,0.0,77.1
2025-07-21,6,0.0,76.5
2025-07-21,7,0.0,76.6
2025-07-21,8,10.0,76.0
2025-07-21,9,129.0,78.2
2025-07-21,10,331.0,82.0
2025-07-21,11,442.0,85.2
2025-07-21,12,670.0,88.1
2025-07-21,13,800.0,89.8
2025-07-21,14,870.0,91.2
2025-07-21,15,852.0,92.3
2025-07-21,16,876.0,93.1
2025-07-21,17,828.0,93.3
2025-07-21,18,696.0,92.4
2025-07-21,19,513.0,91.7
2025-07-21,20,315.0,89.1
2025-07-21,21,125.0,88.8
2025-07-21,22,10.0,87.1
2025-07-21,23,0.0,85.2
2025-07-21,24,0.0,82.1
2025-07-22,1,0.0,80.9
2025-07-22,2,0.0,79.3
2025-07-22,3,0.0,77.6
2025-07-22,4,0.0,75.9
2025-07-22,5,0.0,73.8
2025-07-22,6,0.0,73.2
2025-07-22,7,0.0,73.0
2025-07-22,8,14.0,74.9
2025-07-22,9,80.0,77.4
2025-07-22,10,250.0,81.0
2025-07-22,11,246.0,81.7
2025-07-22,12,378.0,82.5
2025-07-22,13,647.0,85.1
2025-07-22,14,556.0,86.5
2025-07-22,15,948.0,91.2
2025-07-22,16,677.0,89.8
2025-07-22,17,533.0,91.7
2025-07-22,18,497.0,90.3
2025-07-22,19,396.0,89.8
2025-07-22,20,114.0,89.5
2025-07-22,21,46.0,88.7
2025-07-22,22,6.0,86.8
2025-07-22,23,0.0,84.7
2025-07-22,24,0.0,81.7
2025-07-23,1,0.0,78.5
2025-07-23,2,0.0,77.4
2025-07-23,3,0.0,75.0
2025-07-23,4,0.0,74.1
2025-07-23,5,0.0,72.3
2025-07-23,6,0.0,71.3
2025-07-23,7,0.0,69.6
2025-07-23,8,17.0,67.6
2025-07-23,9,109.0,70.9
2025-07-23,10,284.0,75.0
2025-07-23,11,525.0,80.3
2025-07-23,12,708.0,85.9
2025-07-23,13,860.0,89.2
2025-07-23,14,946.0,90.8
2025-07-23,15,958.0,91.3
2025-07-23,16,826.0,91.8
2025-07-23,17,642.0,90.1
2025-07-23,18,682.0,91.2
2025-07-23,19,517.0,91.1
2025-07-23,20,315.0,90.4
2025-07-23,21,114.0,89.0
2025-07-23,22,9.0,86.0
2025-07-23,23,0.0,85.0
2025-07-23,24,0.0,82.9
2025-07-24,1,0.0,80.7
2025-07-24,2,0.0,76.9
2025-07-24,3,0.0,73.8
2025-07-24,4,0.0,70.7
2025-07-24,5,0.0,68.9
2025-07-24,6,0.0,67.6
2025-07-24,7,0.0,65.8
2025-07-24,8,20.0,65.8
2025-07-24,9,156.0,70.1
2025-07-24,10,345.0,74.8
2025-07-24,11,503.0,79.9
2025-07-24,12,698.0,83.9
2025-07-24,13,770.0,86.9
2025-07-24,14,920.0,90.1
2025-07-24,15,986.0,91.6
2025-07-24,16,954.0,92.5
2025-07-24,17,863.0,93.1
2025-07-24,18,725.0,93.2
2025-07-24,19,543.0,92.9
2025-07-24,20,334.0,91.9
2025-07-24,21,133.0,90.0
2025-07-24,22,10.0,86.5
2025-07-24,23,0.0,82.4
2025-07-24,24,0.0,78.4
2025-07-25,1,0.0,76.0
2025-07-25,2,0.0,72.1
2025-07-25,3,0.0,68.5
2025-07-25,4,0.0,66.3
2025-07-25,5,0.0,65.0
2025-07-25,6,0.0,63.3
2025-07-25,7,0.0,61.6
2025-07-25,8,20.0,61.3
2025-07-25,9,165.0,65.5
2025-07-25,10,370.0,71.0
2025-07-25,11,574.0,75.8
2025-07-25,12,754.0,80.4
2025-07-25,13,889.0,84.4
2025-07-25,14,979.0,87.6
2025-07-25,15,1004.0,90.7
2025-07-25,16,969.0,92.6
2025-07-25,17,874.0,93.6
2025-07-25,18,725.0,94.2
2025-07-25,19,539.0,94.6
2025-07-25,20,333.0,92.8
2025-07-25,21,134.0,90.1
2025-07-25,22,9.0,86.5
2025-07-25,23,0.0,84.3
2025-07-25,24,0.0,81.2
2025-07-26,1,0.0,77.8
2025-07-26,2,0.0,77.5
2025-07-26,3,0.0,77.5
2025-07-26,4,0.0,75.5
2025-07-26,5,0.0,72.7
2025-07-26,6,0.0,70.0
2025-07-26,7,0.0,68.2
2025-07-26,8,18.0,68.8
2025-07-26,9,158.0,72.4
2025-07-26,10,361.0,75.6
2025-07-26,11,565.0,80.4
2025-07-26,12,745.0,85.7
2025-07-26,13,884.0,89.1
2025-07-26,14,971.0,91.3
2025-07-26,15,997.0,92.5
2025-07-26,16,964.0,94.9
2025-07-26,17,869.0,94.3
2025-07-26,18,725.0,94.6
2025-07-26,19,540.0,94.3
2025-07-26,20,327.0,92.3
2025-07-26,21,113.0,89.7
2025-07-26,22,7.0,86.5
2025-07-26,23,0.0,84.2
2025-07-26,24,0.0,82.0
2025-07-27,1,0.0,78.0
2025-07-27,2,0.0,73.8
2025-07-27,3,0.0,71.3
2025-07-27,4,0.0,69.8
2025-07-27,5,0.0,68.6
2025-07-27,6,0.0,66.2
2025-07-27,7,0.0,64.0
2025-07-27,8,18.0,64.0
2025-07-27,9,158.0,68.1
2025-07-27,10,367.0,72.1
2025-07-27,11,571.0,76.3
2025-07-27,12,748.0,81.2
2025-07-27,13,884.0,86.4
2025-07-27,14,968.0,89.3
2025-07-27,15,993.0,91.5
2025-07-27,16,962.0,93.4
2025-07-27,17,849.0,94.6
2025-07-27,18,679.0,96.5
2025-07-27,19,515.0,97.1
2025-07-27,20,307.0,95.5
2025-07-27,21,124.0,93.1
2025-07-27,22,8.0,88.5
2025-07-27,23,0.0,85.8
2025-07-27,24,0.0,81.1
2025-07-28,1,0.0,77.5
2025-07-28,2,0.0,74.3
2025-07-28,3,0.0,71.4
2025-07-28,4,0.0,69.0
2025-07-28,5,0.0,67.9
2025-07-28,6,0.0,66.5
2025-07-28,7,0.0,64.8
2025-07-28,8,12.0,65.3
2025-07-28,9,119.0,68.5
2025-07-28,10,355.0,72.7
2025-07-28,11,559.0,78.4
2025-07-28,12,737.0,84.0
2025-07-28,13,875.0,88.9
2025-07-28,14,960.0,92.8
2025-07-28,15,986.0,95.1
2025-07-28,16,951.0,96.7
2025-07-28,17,859.0,97.8
2025-07-28,18,679.0,97.6
2025-07-28,19,466.0,97.9
2025-07-28,20,252.0,97.5
2025-07-28,21,105.0,94.4
2025-07-28,22,6.0,91.6
2025-07-28,23,0.0,89.2
2025-07-28,24,0.0,86.3
2025-07-29,1,0.0,83.1
2025-07-29,2,0.0,83.8
2025-07-29,3,0.0,82.0
2025-07-29,4,0.0,78.3
2025-07-29,5,0.0,75.7
2025-07-29,6,0.0,73.5
2025-07-29,7,0.0,71.6
2025-07-29,8,16.0,72.0
2025-07-29,9,148.0,75.8
2025-07-29,10,345.0,79.9
2025-07-29,11,544.0,85.1
2025-07-29,12,721.0,88.3
2025-07-29,13,857.0,91.0
2025-07-29,14,944.0,92.7
2025-07-29,15,966.0,94.4
2025-07-29,16,938.0,96.4
2025-07-29,17,831.0,95.9
2025-07-29,18,691.0,97.0
2025-07-29,19,505.0,97.8
2025-07-29,20,312.0,96.6
2025-07-29,21,118.0,94.6
2025-07-29,22,7.0,91.3
2025-07-29,23,0.0,90.1
2025-07-29,24,0.0,87.4
2025-07-30,1,0.0,83.8
2025-07-30,2,0.0,80.6
2025-07-30,3,0.0,78.6
2025-07-30,4,0.0,76.1
2025-07-30,5,0.0,74.5
2025-07-30,6,0.0,74.4
2025-07-30,7,0.0,74.3
2025-07-30,8,15.0,73.5
2025-07-30,9,146.0,76.0
2025-07-30,10,344.0,79.4
2025-07-30,11,544.0,83.5
2025-07-30,12,723.0,86.5
2025-07-30,13,863.0,89.2
2025-07-30,14,952.0,91.8
2025-07-30,15,935.0,94.7
2025-07-30,16,923.0,96.3
2025-07-30,17,844.0,97.6
2025-07-30,18,708.0,97.7
2025-07-30,19,516.0,96.9
2025-07-30,20,285.0,98.0
2025-07-30,21,68.0,96.1
2025-07-30,22,5.0,92.9
2025-07-30,23,0.0,89.9
2025-07-30,24,0.0,83.6
2025-07-31,1,0.0,83.8
2025-07-31,2,0.0,81.6
2025-07-31,3,0.0,79.8
2025-07-31,4,0.0,78.1
2025-07-31,5,0.0,76.7
2025-07-31,6,0.0,74.6
2025-07-31,7,0.0,72.9
2025-07-31,8,13.0,71.3
2025-07-31,9,135.0,73.6
2025-07-31,10,330.0,77.8
2025-07-31,11,515.0,81.7
2025-07-31,12,710.0,85.6
2025-07-31,13,852.0,89.8
2025-07-31,14,913.0,92.9
2025-07-31,15,946.0,94.4
2025-07-31,16,917.0,93.9
2025-07-31,17,668.0,92.5
2025-07-31,18,602.0,93.6
2025-07-31,19,474.0,93.0
2025-07-31,20,304.0,93.5
2025-07-31,21,111.0,92.6
2025-07-31,22,6.0,88.3
2025-07-31,23,0.0,85.8
2025-07-31,24,0.0,81.3
2025-08-01,1,0.0,82.3
2025-08-01,2,0.0,81.2
2025-08-01,3,0.0,77.4
2025-08-01,4,0.0,75.7
2025-08-01,5,0.0,74.4
2025-08-01,6,0.0,71.9
2025-08-01,7,0.0,70.4
2025-08-01,8,12.0,70.3
2025-08-01,9,118.0,72.8
2025-08-01,10,298.0,72.8
2025-08-01,11,422.0,75.6
2025-08-01,12,658.0,81.1
2025-08-01,13,821.0,84.9
2025-08-01,14,916.0,87.8
2025-08-01,15,943.0,90.8
2025-08-01,16,897.0,91.6
2025-08-01,17,798.0,92.6
2025-08-01,18,680.0,93.7
2025-08-01,19,488.0,94.9
2025-08-01,20,300.0,94.1
2025-08-01,21,108.0,92.8
2025-08-01,22,5.0,90.1
2025-08-01,23,0.0,87.1
2025-08-01,24,0.0,82.9
2025-08-02,1,0.0,79.4
2025-08-02,2,0.0,76.8
2025-08-02,3,0.0,76.0
2025-08-02,4,0.0,74.1
2025-08-02,5,0.0,72.1
2025-08-02,6,0.0,71.0
2025-08-02,7,0.0,70.0
2025-08-02,8,13.0,70.6
2025-08-02,9,145.0,73.4
2025-08-02,10,345.0,77.5
2025-08-02,11,548.0,82.1
2025-08-02,12,727.0,86.6
2025-08-02,13,867.0,90.5
2025-08-02,14,953.0,92.7
2025-08-02,15,947.0,97.1
2025-08-02,16,899.0,97.7
2025-08-02,17,808.0,97.3
2025-08-02,18,675.0,97.4
2025-08-02,19,515.0,96.5
2025-08-02,20,313.0,95.1
2025-08-02,21,116.0,93.3
2025-08-02,22,5.0,87.9
2025-08-02,23,0.0,84.2
2025-08-02,24,0.0,82.3
2025-08-03,1,0.0,80.1
2025-08-03,2,0.0,77.0
2025-08-03,3,0.0,75.8
2025-08-03,4,0.0,72.3
2025-08-03,5,0.0,68.7
2025-08-03,6,0.0,66.2
2025-08-03,7,0.0,63.1
2025-08-03,8,13.0,61.4
2025-08-03,9,151.0,66.0
2025-08-03,10,359.0,71.6
2025-08-03,11,569.0,76.2
2025-08-03,12,752.0,81.2
2025-08-03,13,894.0,87.1
2025-08-03,14,981.0,92.8
2025-08-03,15,1008.0,94.9
2025-08-03,16,971.0,96.0
2025-08-03,17,873.0,96.4
2025-08-03,18,724.0,96.5
2025-08-03,19,535.0,96.3
2025-08-03,20,322.0,95.3
2025-08-03,21,117.0,90.7
2025-08-03,22,5.0,88.0
2025-08-03,23,0.0,84.8
2025-08-03,24,0.0,78.9
2025-08-04,1,0.0,74.8
2025-08-04,2,0.0,72.3
2025-08-04,3,0.0,70.1
2025-08-04,4,0.0,68.5
2025-08-04,5,0.0,66.8
2025-08-04,6,0.0,65.5
2025-08-04,7,0.0,64.6
2025-08-04,8,13.0,62.5
2025-08-04,9,150.0,66.4
2025-08-04,10,360.0,71.7
2025-08-04,11,570.0,76.6
2025-08-04,12,753.0,81.8
2025-08-04,13,894.0,87.6
2025-08-04,14,984.0,91.4
2025-08-04,15,1011.0,94.5
2025-08-04,16,973.0,95.2
2025-08-04,17,872.0,97.5
2025-08-04,18,724.0,99.4
2025-08-04,19,531.0,97.6
2025-08-04,20,316.0,96.2
2025-08-04,21,111.0,92.8
2025-08-04,22,4.0,88.5
2025-08-04,23,0.0,85.9
2025-08-04,24,0.0,83.6
2025-08-05,1,0.0,81.5
2025-08-05,2,0.0,78.7
2025-08-05,3,0.0,77.3
2025-08-05,4,0.0,75.9
2025-08-05,5,0.0,75.3
2025-08-05,6,0.0,72.5
2025-08-05,7,0.0,71.6
2025-08-05,8,11.0,67.9
2025-08-05,9,143.0,70.4
2025-08-05,10,350.0,76.0
2025-08-05,11,555.0,79.9
2025-08-05,12,736.0,85.5
2025-08-05,13,869.0,90.7
2025-08-05,14,955.0,93.5
2025-08-05,15,980.0,95.2
2025-08-05,16,940.0,96.4
2025-08-05,17,841.0,98.3
2025-08-05,18,691.0,99.8
2025-08-05,19,471.0,98.3
2025-08-05,20,259.0,96.7
2025-08-05,21,91.0,95.1
2025-08-05,22,3.0,91.9
2025-08-05,23,0.0,88.3
2025-08-05,24,0.0,85.3
2025-08-06,1,0.0,83.6
2025-08-06,2,0.0,82.3
2025-08-06,3,0.0,80.5
2025-08-06,4,0.0,79.2
2025-08-06,5,0.0,77.4
2025-08-06,6,0.0,74.8
2025-08-06,7,0.0,71.2
2025-08-06,8,9.0,68.6
2025-08-06,9,123.0,71.6
2025-08-06,10,305.0,77.7
2025-08-06,11,519.0,81.9
2025-08-06,12,691.0,87.0
2025-08-06,13,786.0,92.6
2025-08-06,14,889.0,96.4
2025-08-06,15,926.0,98.8
2025-08-06,16,886.0,100.1
2025-08-06,17,768.0,100.2
2025-08-06,18,652.0,100.8
2025-08-06,19,439.0,99.4
2025-08-06,20,282.0,98.7
2025-08-06,21,99.0,96.0
2025-08-06,22,3.0,92.7
2025-08-06,23,0.0,89.9
2025-08-06,24,0.0,85.5
2025-08-07,1,0.0,81.4
2025-08-07,2,0.0,80.6
2025-08-07,3,0.0,77.4
2025-08-07,4,0.0,73.8
2025-08-07,5,0.0,71.2
2025-08-07,6,0.0,69.4
2025-08-07,7,0.0,68.7
2025-08-07,8,9.0,69.1
2025-08-07,9,132.0,72.2
2025-08-07,10,332.0,78.1
2025-08-07,11,533.0,82.4
2025-08-07,12,696.0,87.4
2025-08-07,13,843.0,92.0
2025-08-07,14,928.0,96.9
2025-08-07,15,962.0,98.6
2025-08-07,16,931.0,102.2
2025-08-07,17,830.0,102.7
2025-08-07,18,683.0,102.3
2025-08-07,19,496.0,101.2
2025-08-07,20,285.0,99.6
2025-08-07,21,98.0,97.2
2025-08-07,22,2.0,94.2
2025-08-07,23,0.0,91.6
2025-08-07,24,0.0,89.1
2025-08-08,1,0.0,85.5
2025-08-08,2,0.0,82.8
2025-08-08,3,0.0,80.5
2025-08-08,4,0.0,77.7
2025-08-08,5,0.0,75.9
2025-08-08,6,0.0,74.7
2025-08-08,7,0.0,73.0
2025-08-08,8,9.0,71.5
2025-08-08,9,130.0,75.3
2025-08-08,10,335.0,79.7
2025-08-08,11,542.0,85.1
2025-08-08,12,720.0,91.8
2025-08-08,13,857.0,94.5
2025-08-08,14,941.0,98.1
2025-08-08,15,908.0,99.7
2025-08-08,16,918.0,100.2
2025-08-08,17,837.0,100.0
2025-08-08,18,688.0,99.7
2025-08-08,19,502.0,98.6
2025-08-08,20,296.0,96.9
2025-08-08,21,97.0,94.6
2025-08-08,22,2.0,91.5
2025-08-08,23,0.0,88.2
2025-08-08,24,0.0,85.2
2025-08-09,1,0.0,85.2
2025-08-09,2,0.0,82.7
2025-08-09,3,0.0,79.3
2025-08-09,4,0.0,77.5
2025-08-09,5,0.0,73.8
2025-08-09,6,0.0,69.8
2025-08-09,7,0.0,67.4
2025-08-09,8,9.0,65.0
2025-08-09,9,134.0,69.2
2025-08-09,10,339.0,74.4
2025-08-09,11,546.0,79.3
2025-08-09,12,727.0,86.2
2025-08-09,13,868.0,92.6
2025-08-09,14,954.0,95.9
2025-08-09,15,979.0,97.3
2025-08-09,16,938.0,98.2
2025-08-09,17,840.0,98.2
2025-08-09,18,691.0,98.0
2025-08-09,19,505.0,97.0
2025-08-09,20,298.0,96.4
2025-08-09,21,99.0,93.7
2025-08-09,22,2.0,88.9
2025-08-09,23,0.0,87.9
2025-08-09,24,0.0,85.6
2025-08-10,1,0.0,82.5
2025-08-10,2,0.0,81.0
2025-08-10,3,0.0,79.5
2025-08-10,4,0.0,75.7
2025-08-10,5,0.0,73.3
2025-08-10,6,0.0,72.9
2025-08-10,7,0.0,73.0
2025-08-10,8,6.0,72.2
2025-08-10,9,108.0,75.2
2025-08-10,10,293.0,79.7
2025-08-10,11,485.0,83.3
2025-08-10,12,578.0,85.6
2025-08-10,13,818.0,88.6
2025-08-10,14,926.0,92.5
2025-08-10,15,971.0,95.6
2025-08-10,16,934.0,95.6
2025-08-10,17,830.0,96.4
2025-08-10,18,690.0,95.8
2025-08-10,19,501.0,95.1
2025-08-10,20,285.0,93.7
2025-08-10,21,92.0,89.8
2025-08-10,22,1.0,85.6
2025-08-10,23,0.0,81.5
2025-08-10,24,0.0,78.4
2025-08-11,1,0.0,76.8
2025-08-11,2,0.0,73.0
2025-08-11,3,0.0,69.3
2025-08-11,4,0.0,67.2
2025-08-11,5,0.0,66.0
2025-08-11,6,0.0,65.2
2025-08-11,7,0.0,63.9
2025-08-11,8,8.0,62.3
2025-08-11,9,132.0,64.3
2025-08-11,10,338.0,69.1
2025-08-11,11,546.0,74.2
2025-08-11,12,729.0,80.7
2025-08-11,13,870.0,86.4
2025-08-11,14,957.0,89.9
2025-08-11,15,983.0,92.4
2025-08-11,16,943.0,94.7
2025-08-11,17,843.0,95.7
2025-08-11,18,692.0,96.4
2025-08-11,19,501.0,96.3
2025-08-11,20,290.0,95.1
2025-08-11,21,91.0,91.0
2025-08-11,22,1.0,86.4
2025-08-11,23,0.0,82.7
2025-08-11,24,0.0,79.0
2025-08-12,1,0.0,76.4
2025-08-12,2,0.0,74.2
2025-08-12,3,0.0,71.2
2025-08-12,4,0.0,69.1
2025-08-12,5,0.0,67.9
2025-08-12,6,0.0,66.1
2025-08-12,7,0.0,64.7
2025-08-12,8,7.0,64.0
2025-08-12,9,127.0,69.0
2025-08-12,10,329.0,75.0
2025-08-12,11,532.0,79.4
2025-08-12,12,712.0,83.9
2025-08-12,13,851.0,87.4
2025-08-12,14,938.0,90.1
2025-08-12,15,964.0,92.4
2025-08-12,16,934.0,94.7
2025-08-12,17,830.0,95.5
2025-08-12,18,677.0,95.4
2025-08-12,19,487.0,95.5
2025-08-12,20,284.0,95.0
2025-08-12,21,88.0,91.4
2025-08-12,22,1.0,87.9
2025-08-12,23,0.0,84.9
2025-08-12,24,0.0,83.9
2025-08-13,1,0.0,78.4
2025-08-13,2,0.0,75.0
2025-08-13,3,0.0,72.7
2025-08-13,4,0.0,71.0
2025-08-13,5,0.0,69.9
2025-08-13,6,0.0,68.9
2025-08-13,7,0.0,68.6
2025-08-13,8,6.0,67.9
2025-08-13,9,124.0,71.7
2025-08-13,10,325.0,77.4
2025-08-13,11,529.0,82.4
2025-08-13,12,710.0,87.4
2025-08-13,13,850.0,90.0
2025-08-13,14,940.0,92.5
2025-08-13,15,972.0,94.9
2025-08-13,16,929.0,96.4
2025-08-13,17,829.0,97.3
2025-08-13,18,681.0,97.7
2025-08-13,19,489.0,97.6
2025-08-13,20,283.0,96.8
2025-08-13,21,86.0,93.7
2025-08-13,22,1.0,90.6
2025-08-13,23,0.0,87.8
2025-08-13,24,0.0,86.6
2025-08-14,1,0.0,82.9
2025-08-14,2,0.0,78.5
2025-08-14,3,0.0,77.6
2025-08-14,4,0.0,75.7
2025-08-14,5,0.0,74.7
2025-08-14,6,0.0,74.9
2025-08-14,7,0.0,73.2
2025-08-14,8,5.0,72.2
2025-08-14,9,117.0,74.0
2025-08-14,10,315.0,78.3
2025-08-14,11,513.0,83.7
2025-08-14,12,684.0,88.0
2025-08-14,13,828.0,91.6
2025-08-14,14,933.0,96.3
2025-08-14,15,942.0,98.1
2025-08-14,16,890.0,98.4
2025-08-14,17,802.0,97.7
2025-08-14,18,670.0,98.4
2025-08-14,19,437.0,95.3
2025-08-14,20,273.0,94.2
2025-08-14,21,79.0,90.4
2025-08-14,22,0.0,88.1
2025-08-14,23,0.0,84.9
2025-08-14,24,0.0,83.5
2025-08-15,1,0.0,80.7
2025-08-15,2,0.0,79.0
2025-08-15,3,0.0,78.2
2025-08-15,4,0.0,77.6
2025-08-15,5,0.0,76.3
2025-08-15,6,0.0,75.8
2025-08-15,7,0.0,72.5
2025-08-15,8,4.0,72.0
2025-08-15,9,78.0,71.5
2025-08-15,10,229.0,72.5
2025-08-15,11,389.0,75.3
2025-08-15,12,520.0,75.9
2025-08-15,13,663.0,78.6
2025-08-15,14,839.0,80.4
2025-08-15,15,546.0,77.2
2025-08-15,16,307.0,74.3
2025-08-15,17,358.0,75.7
2025-08-15,18,393.0,77.7
2025-08-15,19,347.0,79.3
2025-08-15,20,251.0,78.8
2025-08-15,21,70.0,76.3
2025-08-15,22,0.0,73.3
2025-08-15,23,0.0,71.2
2025-08-15,24,0.0,69.7
2025-08-16,1,0.0,67.7
2025-08-16,2,0.0,66.1
2025-08-16,3,0.0,64.3
2025-08-16,4,0.0,62.7
2025-08-16,5,0.0,61.8
2025-08-16,6,0.0,61.0
2025-08-16,7,0.0,60.3
2025-08-16,8,5.0,60.1
2025-08-16,9,112.0,63.1
2025-08-16,10,306.0,66.3
2025-08-16,11,508.0,69.9
2025-08-16,12,687.0,74.7
2025-08-16,13,824.0,79.3
2025-08-16,14,909.0,83.2
2025-08-16,15,936.0,85.7
2025-08-16,16,903.0,88.1
2025-08-16,17,801.0,89.1
2025-08-16,18,632.0,89.5
2025-08-16,19,430.0,89.2
2025-08-16,20,255.0,87.7
2025-08-16,21,73.0,85.0
2025-08-16,22,0.0,82.0
2025-08-16,23,0.0,79.3
2025-08-16,24,0.0,77.4
2025-08-17,1,0.0,73.4
2025-08-17,2,0.0,69.8
2025-08-17,3,0.0,68.2
2025-08-17,4,0.0,67.0
2025-08-17,5,0.0,64.9
2025-08-17,6,0.0,63.1
2025-08-17,7,0.0,61.6
2025-08-17,8,4.0,60.9
2025-08-17,9,114.0,64.7
2025-08-17,10,313.0,68.8
2025-08-17,11,515.0,72.7
2025-08-17,12,690.0,77.7
2025-08-17,13,837.0,83.5
2025-08-17,14,929.0,87.4
2025-08-17,15,954.0,89.9
2025-08-17,16,917.0,90.8
2025-08-17,17,816.0,91.4
2025-08-17,18,668.0,91.9
2025-08-17,19,475.0,91.9
2025-08-17,20,262.0,90.7
2025-08-17,21,72.0,88.2
2025-08-17,22,0.0,86.5
2025-08-17,23,0.0,83.2
2025-08-17,24,0.0,79.2
2025-08-18,1,0.0,75.0
2025-08-18,2,0.0,72.7
2025-08-18,3,0.0,69.8
2025-08-18,4,0.0,67.2
2025-08-18,5,0.0,65.5
2025-08-18,6,0.0,64.7
2025-08-18,7,0.0,63.2
2025-08-18,8,4.0,61.9
2025-08-18,9,114.0,65.8
2025-08-18,10,315.0,70.4
2025-08-18,11,522.0,75.4
2025-08-18,12,704.0,80.2
2025-08-18,13,845.0,85.3
2025-08-18,14,931.0,89.7
2025-08-18,15,956.0,92.6
2025-08-18,16,917.0,94.3
2025-08-18,17,816.0,95.4
2025-08-18,18,665.0,96.2
2025-08-18,19,476.0,95.9
2025-08-18,20,265.0,95.5
2025-08-18,21,70.0,91.4
2025-08-18,22,0.0,87.5
2025-08-18,23,0.0,84.7
2025-08-18,24,0.0,79.7
2025-08-19,1,0.0,76.1
2025-08-19,2,0.0,73.9
2025-08-19,3,0.0,73.2
2025-08-19,4,0.0,72.5
2025-08-19,5,0.0,69.9
2025-08-19,6,0.0,67.9
2025-08-19,7,0.0,65.5
2025-08-19,8,4.0,63.8
2025-08-19,9,112.0,68.3
2025-08-19,10,310.0,75.7
2025-08-19,11,515.0,80.7
2025-08-19,12,695.0,85.6
2025-08-19,13,832.0,89.4
2025-08-19,14,918.0,92.5
2025-08-19,15,945.0,95.3
2025-08-19,16,888.0,97.3
2025-08-19,17,784.0,98.3
2025-08-19,18,649.0,98.2
2025-08-19,19,463.0,97.8
2025-08-19,20,257.0,98.1
2025-08-19,21,63.0,93.8
2025-08-19,22,0.0,90.1
2025-08-19,23,0.0,86.6
2025-08-19,24,0.0,82.8
2025-08-20,1,0.0,79.3
2025-08-20,2,0.0,76.5
2025-08-20,3,0.0,75.7
2025-08-20,4,0.0,74.3
2025-08-20,5,0.0,73.4
2025-08-20,6,0.0,72.8
2025-08-20,7,0.0,71.6
2025-08-20,8,3.0,70.2
2025-08-20,9,104.0,74.8
2025-08-20,10,298.0,79.8
2025-08-20,11,500.0,84.6
2025-08-20,12,678.0,88.3
2025-08-20,13,817.0,91.0
2025-08-20,14,905.0,93.3
2025-08-20,15,928.0,95.2
2025-08-20,16,777.0,95.5
2025-08-20,17,778.0,96.6
2025-08-20,18,631.0,97.3
2025-08-20,19,448.0,97.6
2025-08-20,20,248.0,97.2
2025-08-20,21,62.0,94.2
2025-08-20,22,0.0,91.2
2025-08-20,23,0.0,89.3
2025-08-20,24,0.0,88.0
2025-08-21,1,0.0,82.5
2025-08-21,2,0.0,79.1
2025-08-21,3,0.0,77.1
2025-08-21,4,0.0,74.8
2025-08-21,5,0.0,73.0
2025-08-21,6,0.0,72.1
2025-08-21,7,0.0,70.6
2025-08-21,8,3.0,70.9
2025-08-21,9,103.0,75.8
2025-08-21,10,297.0,79.9
2025-08-21,11,499.0,84.9
2025-08-21,12,678.0,88.8
2025-08-21,13,815.0,91.4
2025-08-21,14,902.0,94.0
2025-08-21,15,933.0,96.6
2025-08-21,16,872.0,98.6
2025-08-21,17,773.0,99.5
2025-08-21,18,645.0,100.0
2025-08-21,19,457.0,99.5
2025-08-21,20,230.0,97.5
2025-08-21,21,56.0,93.3
2025-08-21,22,0.0,91.2
2025-08-21,23,0.0,88.5
2025-08-21,24,0.0,87.6
2025-08-22,1,0.0,84.7
2025-08-22,2,0.0,81.7
2025-08-22,3,0.0,81.6
2025-08-22,4,0.0,79.4
2025-08-22,5,0.0,77.8
2025-08-22,6,0.0,75.7
2025-08-22,7,0.0,74.8
2025-08-22,8,2.0,74.3
2025-08-22,9,79.0,76.7
2025-08-22,10,237.0,81.3
2025-08-22,11,423.0,85.0
2025-08-22,12,598.0,89.4
2025-08-22,13,800.0,92.8
2025-08-22,14,898.0,95.0
2025-08-22,15,919.0,97.3
2025-08-22,16,886.0,99.1
2025-08-22,17,797.0,101.2
2025-08-22,18,594.0,97.0
2025-08-22,19,354.0,97.6
2025-08-22,20,130.0,98.0
2025-08-22,21,34.0,87.4
2025-08-22,22,0.0,90.9
2025-08-22,23,0.0,83.1
2025-08-22,24,0.0,83.8
2025-08-23,1,0.0,82.3
2025-08-23,2,0.0,80.2
2025-08-23,3,0.0,80.1
2025-08-23,4,0.0,77.2
2025-08-23,5,0.0,75.7
2025-08-23,6,0.0,75.3
2025-08-23,7,0.0,73.5
2025-08-23,8,2.0,75.8
2025-08-23,9,88.0,77.6
2025-08-23,10,287.0,81.2
2025-08-23,11,488.0,84.7
2025-08-23,12,665.0,88.4
2025-08-23,13,804.0,91.2
2025-08-23,14,886.0,93.5
2025-08-23,15,909.0,95.6
2025-08-23,16,811.0,97.3
2025-08-23,17,533.0,88.1
2025-08-23,18,282.0,94.3
2025-08-23,19,353.0,93.4
2025-08-23,20,192.0,93.7
2025-08-23,21,47.0,88.3
2025-08-23,22,0.0,86.8
2025-08-23,23,0.0,85.5
2025-08-23,24,0.0,83.4
2025-08-24,1,0.0,82.4
2025-08-24,2,0.0,80.7
2025-08-24,3,0.0,79.3
2025-08-24,4,0.0,77.9
2025-08-24,5,0.0,76.1
2025-08-24,6,0.0,74.8
2025-08-24,7,0.0,73.8
2025-08-24,8,2.0,71.2
2025-08-24,9,68.0,72.5
2025-08-24,10,136.0,73.8
2025-08-24,11,355.0,76.8
2025-08-24,12,497.0,79.3
2025-08-24,13,736.0,83.1
2025-08-24,14,823.0,85.4
2025-08-24,15,853.0,87.8
2025-08-24,16,778.0,89.2
2025-08-24,17,524.0,89.5
2025-08-24,18,409.0,89.1
2025-08-24,19,338.0,88.7
2025-08-24,20,105.0,85.9
2025-08-24,21,38.0,84.7
2025-08-24,22,0.0,83.7
2025-08-24,23,0.0,82.3
2025-08-24,24,0.0,79.7
2025-08-25,1,0.0,76.6
2025-08-25,2,0.0,73.9
2025-08-25,3,0.0,72.1
2025-08-25,4,0.0,70.6
2025-08-25,5,0.0,69.7
2025-08-25,6,0.0,69.1
2025-08-25,7,0.0,68.1
2025-08-25,8,2.0,67.3
2025-08-25,9,90.0,69.8
2025-08-25,10,277.0,73.2
2025-08-25,11,480.0,77.3
2025-08-25,12,657.0,81.0
2025-08-25,13,785.0,84.4
2025-08-25,14,868.0,86.6
2025-08-25,15,855.0,89.8
2025-08-25,16,780.0,90.6
2025-08-25,17,552.0,89.3
2025-08-25,18,518.0,87.9
2025-08-25,19,292.0,83.6
2025-08-25,20,200.0,90.0
2025-08-25,21,43.0,87.5
2025-08-25,22,0.0,84.8
2025-08-25,23,0.0,82.6
2025-08-25,24,0.0,81.1
2025-08-26,1,0.0,78.7
2025-08-26,2,0.0,75.8
2025-08-26,3,0.0,73.6
2025-08-26,4,0.0,71.8
2025-08-26,5,0.0,70.4
2025-08-26,6,0.0,68.8
2025-08-26,7,0.0,68.5
2025-08-26,8,1.0,67.6
2025-08-26,9,64.0,68.4
2025-08-26,10,190.0,71.3
2025-08-26,11,465.0,76.0
2025-08-26,12,637.0,78.9
2025-08-26,13,779.0,81.5
2025-08-26,14,874.0,83.1
2025-08-26,15,902.0,86.5
2025-08-26,16,752.0,87.9
2025-08-26,17,705.0,87.5
2025-08-26,18,522.0,82.2
2025-08-26,19,299.0,81.8
2025-08-26,20,30.0,67.2
2025-08-26,21,5.0,67.6
2025-08-26,22,0.0,68.5
2025-08-26,23,0.0,69.1
2025-08-26,24,0.0,69.0
2025-08-27,1,0.0,68.3
2025-08-27,2,0.0,65.0
2025-08-27,3,0.0,63.7
2025-08-27,4,0.0,63.2
2025-08-27,5,0.0,63.2
2025-08-27,6,0.0,63.2
2025-08-27,7,0.0,62.1
2025-08-27,8,1.0,62.8
2025-08-27,9,87.0,64.1
2025-08-27,10,269.0,66.3
2025-08-27,11,474.0,69.4
2025-08-27,12,643.0,72.4
2025-08-27,13,741.0,74.7
2025-08-27,14,793.0,77.3
2025-08-27,15,836.0,79.1
2025-08-27,16,837.0,80.6
2025-08-27,17,703.0,81.6
2025-08-27,18,548.0,82.3
2025-08-27,19,397.0,82.2
2025-08-27,20,200.0,82.6
2025-08-27,21,39.0,78.6
2025-08-27,22,0.0,75.7
2025-08-27,23,0.0,72.5
2025-08-27,24,0.0,69.3
2025-08-28,1,0.0,66.7
2025-08-28,2,0.0,65.6
2025-08-28,3,0.0,64.7
2025-08-28,4,0.0,63.6
2025-08-28,5,0.0,62.2
2025-08-28,6,0.0,60.7
2025-08-28,7,0.0,59.6
2025-08-28,8,1.0,59.0
2025-08-28,9,86.0,61.9
2025-08-28,10,279.0,66.0
2025-08-28,11,485.0,70.0
2025-08-28,12,664.0,74.2
2025-08-28,13,803.0,77.7
2025-08-28,14,864.0,81.1
2025-08-28,15,892.0,83.4
2025-08-28,16,832.0,84.9
2025-08-28,17,715.0,86.3
2025-08-28,18,600.0,86.7
2025-08-28,19,394.0,86.3
2025-08-28,20,180.0,85.8
2025-08-28,21,25.0,84.5
2025-08-28,22,0.0,83.7
2025-08-28,23,0.0,80.3
2025-08-28,24,0.0,76.6
2025-08-29,1,0.0,75.7
2025-08-29,2,0.0,73.9
2025-08-29,3,0.0,73.5
2025-08-29,4,0.0,71.6
2025-08-29,5,0.0,69.5
2025-08-29,6,0.0,68.6
2025-08-29,7,0.0,67.8
2025-08-29,8,1.0,67.6
2025-08-29,9,71.0,68.2
2025-08-29,10,173.0,70.0
2025-08-29,11,359.0,72.6
2025-08-29,12,654.0,77.5
2025-08-29,13,791.0,80.6
2025-08-29,14,869.0,82.8
2025-08-29,15,833.0,82.7
2025-08-29,16,789.0,84.7
2025-08-29,17,656.0,85.1
2025-08-29,18,570.0,85.9
2025-08-29,19,378.0,85.0
2025-08-29,20,195.0,81.8
2025-08-29,21,35.0,79.5
2025-08-29,22,0.0,77.0
2025-08-29,23,0.0,73.9
2025-08-29,24,0.0,71.5
2025-08-30,1,0.0,69.7
2025-08-30,2,0.0,67.6
2025-08-30,3,0.0,65.7
2025-08-30,4,0.0,63.8
2025-08-30,5,0.0,61.7
2025-08-30,6,0.0,60.0
2025-08-30,7,0.0,58.6
2025-08-30,8,1.0,57.6
2025-08-30,9,86.0,60.1
2025-08-30,10,280.0,64.2
2025-08-30,11,486.0,68.8
2025-08-30,12,668.0,74.0
2025-08-30,13,806.0,78.3
2025-08-30,14,859.0,81.7
2025-08-30,15,843.0,83.8
2025-08-30,16,814.0,85.4
2025-08-30,17,713.0,86.4
2025-08-30,18,570.0,87.1
2025-08-30,19,342.0,86.5
2025-08-30,20,181.0,86.4
2025-08-30,21,33.0,83.1
2025-08-30,22,0.0,79.9
2025-08-30,23,0.0,77.8
2025-08-30,24,0.0,74.6
2025-08-31,1,0.0,72.0
2025-08-31,2,0.0,69.5
2025-08-31,3,0.0,67.6
2025-08-31,4,0.0,65.8
2025-08-31,5,0.0,63.8
2025-08-31,6,0.0,62.2
2025-08-31,7,0.0,61.4
2025-08-31,8,1.0,60.7
2025-08-31,9,86.0,63.7
2025-08-31,10,282.0,67.6
2025-08-31,11,489.0,70.8
2025-08-31,12,670.0,74.8
2025-08-31,13,809.0,78.8
2025-08-31,14,892.0,82.0
2025-08-31,15,915.0,84.8
2025-08-31,16,874.0,87.2
2025-08-31,17,777.0,88.4
2025-08-31,18,610.0,88.6
2025-08-31,19,413.0,88.7
2025-08-31,20,201.0,88.9
2025-08-31,21,32.0,84.9
2025-08-31,22,0.0,82.5
2025-08-31,23,0.0,79.6
2025-08-31,24,0.0,76.6
2025-09-01,1,0.0,73.0
2025-09-01,2,0.0,70.8
2025-09-01,3,0.0,68.2
2025-09-01,4,0.0,66.7
2025-09-01,5,0.0,65.7
2025-09-01,6,0.0,65.6
2025-09-01,7,0.0,64.2
2025-09-01,8,0.0,63.1
2025-09-01,9,83.0,66.4
2025-09-01,10,277.0,70.7
2025-09-01,11,481.0,75.0
2025-09-01,12,662.0,79.8
2025-09-01,13,801.0,83.3
2025-09-01,14,891.0,85.7
2025-09-01,15,906.0,87.9
2025-09-01,16,845.0,89.6
2025-09-01,17,760.0,90.8
2025-09-01,18,608.0,91.0
2025-09-01,19,407.0,90.7
2025-09-01,20,197.0,89.9
2025-09-01,21,30.0,86.7
2025-09-01,22,0.0,82.8
2025-09-01,23,0.0,80.2
2025-09-01,24,0.0,77.5
2025-09-02,1,0.0,74.3
2025-09-02,2,0.0,70.5
2025-09-02,3,0.0,68.9
2025-09-02,4,0.0,68.0
2025-09-02,5,0.0,67.1
2025-09-02,6,0.0,64.9
2025-09-02,7,0.0,63.0
2025-09-02,8,0.0,62.8
2025-09-02,9,76.0,66.5
2025-09-02,10,255.0,71.7
2025-09-02,11,475.0,76.6
2025-09-02,12,644.0,82.0
2025-09-02,13,768.0,85.1
2025-09-02,14,853.0,87.3
2025-09-02,15,883.0,89.6
2025-09-02,16,803.0,90.6
2025-09-02,17,740.0,91.0
2025-09-02,18,595.0,91.8
2025-09-02,19,403.0,91.5
2025-09-02,20,195.0,90.8
2025-09-02,21,26.0,87.4
2025-09-02,22,0.0,85.2
2025-09-02,23,0.0,82.9
2025-09-02,24,0.0,80.9
2025-09-03,1,0.0,78.4
2025-09-03,2,0.0,75.8
2025-09-03,3,0.0,74.6
2025-09-03,4,0.0,72.5
2025-09-03,5,0.0,71.2
2025-09-03,6,0.0,69.2
2025-09-03,7,0.0,67.6
2025-09-03,8,0.0,64.9
2025-09-03,9,74.0,66.9
2025-09-03,10,250.0,70.8
2025-09-03,11,449.0,74.9
2025-09-03,12,636.0,79.2
2025-09-03,13,758.0,82.7
2025-09-03,14,852.0,86.3
2025-09-03,15,896.0,88.9
2025-09-03,16,731.0,89.9
2025-09-03,17,621.0,90.3
2025-09-03,18,421.0,90.4
2025-09-03,19,290.0,89.8
2025-09-03,20,129.0,87.9
2025-09-03,21,16.0,85.7
2025-09-03,22,0.0,83.1
2025-09-03,23,0.0,80.3
2025-09-03,24,0.0,78.9
2025-09-04,1,0.0,78.4
2025-09-04,2,0.0,76.4
2025-09-04,3,0.0,74.6
2025-09-04,4,0.0,72.9
2025-09-04,5,0.0,71.5
2025-09-04,6,0.0,70.3
2025-09-04,7,0.0,69.3
2025-09-04,8,0.0,66.9
2025-09-04,9,55.0,68.4
2025-09-04,10,169.0,70.2
2025-09-04,11,242.0,72.2
2025-09-04,12,420.0,75.6
2025-09-04,13,570.0,78.5
2025-09-04,14,708.0,81.5
2025-09-04,15,877.0,85.3
2025-09-04,16,727.0,86.0
2025-09-04,17,615.0,85.9
2025-09-04,18,398.0,80.4
2025-09-04,19,202.0,79.5
2025-09-04,20,126.0,81.9
2025-09-04,21,20.0,80.7
2025-09-04,22,0.0,77.2
2025-09-04,23,0.0,73.6
2025-09-04,24,0.0,73.2
2025-09-05,1,0.0,71.2
2025-09-05,2,0.0,70.2
2025-09-05,3,0.0,68.8
2025-09-05,4,0.0,65.7
2025-09-05,5,0.0,65.2
2025-09-05,6,0.0,63.5
2025-09-05,7,0.0,62.6
2025-09-05,8,0.0,61.9
2025-09-05,9,63.0,64.0
2025-09-05,10,246.0,67.2
2025-09-05,11,456.0,70.5
2025-09-05,12,636.0,74.1
2025-09-05,13,767.0,77.1
2025-09-05,14,860.0,78.8
2025-09-05,15,723.0,80.2
2025-09-05,16,634.0,82.2
2025-09-05,17,529.0,76.9
2025-09-05,18,439.0,81.2
2025-09-05,19,348.0,80.3
2025-09-05,20,146.0,81.0
2025-09-05,21,20.0,78.3
2025-09-05,22,0.0,73.3
2025-09-05,23,0.0,72.5
2025-09-05,24,0.0,70.6
2025-09-06,1,0.0,68.5
2025-09-06,2,0.0,67.1
2025-09-06,3,0.0,66.1
2025-09-06,4,0.0,66.0
2025-09-06,5,0.0,65.4
2025-09-06,6,0.0,64.8
2025-09-06,7,0.0,64.0
2025-09-06,8,0.0,63.8
2025-09-06,9,67.0,65.9
2025-09-06,10,255.0,69.2
2025-09-06,11,456.0,73.0
2025-09-06,12,634.0,76.7
2025-09-06,13,770.0,79.6
2025-09-06,14,850.0,82.1
2025-09-06,15,863.0,85.0
2025-09-06,16,816.0,85.8
2025-09-06,17,718.0,87.2
2025-09-06,18,495.0,87.8
2025-09-06,19,348.0,86.1
2025-09-06,20,151.0,82.8
2025-09-06,21,15.0,74.7
2025-09-06,22,0.0,74.2
2025-09-06,23,0.0,73.4
2025-09-06,24,0.0,71.8
2025-09-07,1,0.0,69.6
2025-09-07,2,0.0,67.4
2025-09-07,3,0.0,65.7
2025-09-07,4,0.0,64.0
2025-09-07,5,0.0,62.5
2025-09-07,6,0.0,61.4
2025-09-07,7,0.0,60.6
2025-09-07,8,0.0,58.9
2025-09-07,9,68.0,61.3
2025-09-07,10,255.0,65.2
2025-09-07,11,459.0,68.9
2025-09-07,12,639.0,72.8
2025-09-07,13,782.0,77.2
2025-09-07,14,848.0,81.0
2025-09-07,15,853.0,84.1
2025-09-07,16,800.0,86.7
2025-09-07,17,717.0,88.5
2025-09-07,18,557.0,88.8
2025-09-07,19,360.0,87.5
2025-09-07,20,164.0,86.3
2025-09-07,21,17.0,82.9
2025-09-07,22,0.0,80.3
2025-09-07,23,0.0,78.2
2025-09-07,24,0.0,76.0
2025-09-08,1,0.0,71.2
2025-09-08,2,0.0,67.7
2025-09-08,3,0.0,66.5
2025-09-08,4,0.0,64.3
2025-09-08,5,0.0,63.0
2025-09-08,6,0.0,61.7
2025-09-08,7,0.0,60.6
2025-09-08,8,0.0,59.6
2025-09-08,9,67.0,62.2
2025-09-08,10,256.0,66.7
2025-09-08,11,461.0,71.0
2025-09-08,12,640.0,75.5
2025-09-08,13,777.0,80.2
2025-09-08,14,859.0,84.4
2025-09-08,15,878.0,87.5
2025-09-08,16,820.0,88.7
2025-09-08,17,703.0,89.4
2025-09-08,18,554.0,90.0
2025-09-08,19,361.0,90.1
2025-09-08,20,136.0,89.8
2025-09-08,21,14.0,85.6
2025-09-08,22,0.0,82.2
2025-09-08,23,0.0,78.5
2025-09-08,24,0.0,75.5
2025-09-09,1,0.0,72.3
2025-09-09,2,0.0,69.6
2025-09-09,3,0.0,68.0
2025-09-09,4,0.0,66.9
2025-09-09,5,0.0,65.0
2025-09-09,6,0.0,63.6
2025-09-09,7,0.0,62.3
2025-09-09,8,0.0,61.5
2025-09-09,9,61.0,64.0
2025-09-09,10,250.0,68.2
2025-09-09,11,458.0,72.2
2025-09-09,12,637.0,76.6
2025-09-09,13,774.0,80.6
2025-09-09,14,796.0,85.0
2025-09-09,15,832.0,88.2
2025-09-09,16,697.0,89.2
2025-09-09,17,606.0,90.3
2025-09-09,18,529.0,90.6
2025-09-09,19,353.0,90.1
2025-09-09,20,146.0,89.0
2025-09-09,21,13.0,85.8
2025-09-09,22,0.0,82.7
2025-09-09,23,0.0,81.4
2025-09-09,24,0.0,77.7
2025-09-10,1,0.0,75.8
2025-09-10,2,0.0,73.7
2025-09-10,3,0.0,72.4
2025-09-10,4,0.0,70.9
2025-09-10,5,0.0,68.6
2025-09-10,6,0.0,66.9
2025-09-10,7,0.0,66.3
2025-09-10,8,0.0,64.7
2025-09-10,9,64.0,65.0
2025-09-10,10,253.0,71.3
2025-09-10,11,460.0,76.3
2025-09-10,12,640.0,82.1
2025-09-10,13,728.0,88.1
2025-09-10,14,737.0,88.6
2025-09-10,15,767.0,91.1
2025-09-10,16,724.0,92.5
2025-09-10,17,647.0,92.6
2025-09-10,18,483.0,92.7
2025-09-10,19,324.0,91.7
2025-09-10,20,135.0,89.2
2025-09-10,21,12.0,85.8
2025-09-10,22,0.0,83.7
2025-09-10,23,0.0,79.8
2025-09-10,24,0.0,75.4
2025-09-11,1,0.0,75.2
2025-09-11,2,0.0,73.7
2025-09-11,3,0.0,70.5
2025-09-11,4,0.0,66.9
2025-09-11,5,0.0,67.7
2025-09-11,6,0.0,66.2
2025-09-11,7,0.0,64.6
2025-09-11,8,0.0,63.9
2025-09-11,9,55.0,66.4
2025-09-11,10,238.0,69.1
2025-09-11,11,447.0,74.7
2025-09-11,12,625.0,80.2
2025-09-11,13,668.0,83.8
2025-09-11,14,778.0,86.8
2025-09-11,15,815.0,88.9
2025-09-11,16,766.0,90.3
2025-09-11,17,665.0,90.5
2025-09-11,18,501.0,89.4
2025-09-11,19,328.0,88.3
2025-09-11,20,136.0,87.2
2025-09-11,21,9.0,84.5
2025-09-11,22,0.0,78.2
2025-09-11,23,0.0,74.2
2025-09-11,24,0.0,72.2
2025-09-12,1,0.0,71.1
2025-09-12,2,0.0,69.6
2025-09-12,3,0.0,68.5
2025-09-12,4,0.0,66.0
2025-09-12,5,0.0,64.2
2025-09-12,6,0.0,62.6
2025-09-12,7,0.0,62.8
2025-09-12,8,0.0,63.1
2025-09-12,9,52.0,63.5
2025-09-12,10,218.0,66.7
2025-09-12,11,397.0,69.5
2025-09-12,12,519.0,73.6
2025-09-12,13,662.0,73.5
2025-09-12,14,815.0,72.8
2025-09-12,15,294.0,72.4
2025-09-12,16,738.0,77.4
2025-09-12,17,609.0,79.3
2025-09-12,18,420.0,80.2
2025-09-12,19,282.0,72.1
2025-09-12,20,119.0,70.8
2025-09-12,21,9.0,68.5
2025-09-12,22,0.0,68.3
2025-09-12,23,0.0,66.2
2025-09-12,24,0.0,65.3
2025-09-13,1,0.0,64.7
2025-09-13,2,0.0,63.3
2025-09-13,3,0.0,62.2
2025-09-13,4,0.0,60.8
2025-09-13,5,0.0,59.0
2025-09-13,6,0.0,57.8
2025-09-13,7,0.0,57.6
2025-09-13,8,0.0,57.7
2025-09-13,9,56.0,58.6
2025-09-13,10,236.0,62.0
2025-09-13,11,398.0,62.2
2025-09-13,12,563.0,67.3
2025-09-13,13,709.0,71.5
2025-09-13,14,759.0,66.9
2025-09-13,15,682.0,68.2
2025-09-13,16,659.0,69.8
2025-09-13,17,541.0,71.7
2025-09-13,18,514.0,73.1
2025-09-13,19,314.0,73.0
2025-09-13,20,135.0,68.0
2025-09-13,21,8.0,65.2
2025-09-13,22,0.0,62.2
2025-09-13,23,0.0,60.0
2025-09-13,24,0.0,57.7
2025-09-14,1,0.0,55.8
2025-09-14,2,0.0,54.1
2025-09-14,3,0.0,52.4
2025-09-14,4,0.0,51.2
2025-09-14,5,0.0,49.9
2025-09-14,6,0.0,48.8
2025-09-14,7,0.0,48.3
2025-09-14,8,0.0,47.8
2025-09-14,9,57.0,49.4
2025-09-14,10,244.0,52.3
2025-09-14,11,450.0,56.8
2025-09-14,12,631.0,62.0
2025-09-14,13,767.0,66.7
2025-09-14,14,848.0,70.2
2025-09-14,15,866.0,73.5
2025-09-14,16,814.0,76.5
2025-09-14,17,709.0,78.3
2025-09-14,18,545.0,79.0
2025-09-14,19,345.0,79.0
2025-09-14,20,138.0,76.8
2025-09-14,21,7.0,71.5
2025-09-14,22,0.0,68.9
2025-09-14,23,0.0,65.0
2025-09-14,24,0.0,60.8
2025-09-15,1,0.0,58.1
2025-09-15,2,0.0,56.7
2025-09-15,3,0.0,55.6
2025-09-15,4,0.0,54.3
2025-09-15,5,0.0,53.2
2025-09-15,6,0.0,52.3
2025-09-15,7,0.0,51.4
2025-09-15,8,0.0,51.0
2025-09-15,9,55.0,54.2
2025-09-15,10,242.0,59.1
2025-09-15,11,449.0,63.4
2025-09-15,12,631.0,68.1
2025-09-15,13,767.0,73.9
2025-09-15,14,846.0,78.4
2025-09-15,15,861.0,81.4
2025-09-15,16,812.0,83.2
2025-09-15,17,700.0,84.2
2025-09-15,18,536.0,84.6
2025-09-15,19,337.0,84.0
2025-09-15,20,133.0,83.3
2025-09-15,21,6.0,78.4
2025-09-15,22,0.0,75.7
2025-09-15,23,0.0,70.5
2025-09-15,24,0.0,67.1
2025-09-16,1,0.0,63.9
2025-09-16,2,0.0,61.9
2025-09-16,3,0.0,59.9
2025-09-16,4,0.0,58.1
2025-09-16,5,0.0,56.8
2025-09-16,6,0.0,56.3
2025-09-16,7,0.0,55.9
2025-09-16,8,0.0,56.4
2025-09-16,9,51.0,57.8
2025-09-16,10,232.0,62.3
2025-09-16,11,443.0,66.7
2025-09-16,12,626.0,71.6
2025-09-16,13,765.0,75.8
2025-09-16,14,844.0,80.9
2025-09-16,15,861.0,84.1
2025-09-16,16,811.0,86.5
2025-09-16,17,699.0,87.9
2025-09-16,18,536.0,87.8
2025-09-16,19,338.0,86.6
2025-09-16,20,130.0,84.2
2025-09-16,21,6.0,79.3
2025-09-16,22,0.0,76.6
2025-09-16,23,0.0,71.8
2025-09-16,24,0.0,66.3
2025-09-17,1,0.0,63.7
2025-09-17,2,0.0,62.9
2025-09-17,3,0.0,61.2
2025-09-17,4,0.0,59.8
2025-09-17,5,0.0,57.9
2025-09-17,6,0.0,56.2
2025-09-17,7,0.0,54.4
2025-09-17,8,0.0,52.3
2025-09-17,9,53.0,53.7
2025-09-17,10,242.0,58.6
2025-09-17,11,452.0,63.4
2025-09-17,12,635.0,68.3
2025-09-17,13,773.0,73.4
2025-09-17,14,853.0,78.4
2025-09-17,15,868.0,81.9
2025-09-17,16,817.0,85.0
2025-09-17,17,704.0,87.1
2025-09-17,18,538.0,87.4
2025-09-17,19,336.0,86.2
2025-09-17,20,126.0,82.4
2025-09-17,21,5.0,77.7
2025-09-17,22,0.0,75.4
2025-09-17,23,0.0,71.2
2025-09-17,24,0.0,66.7
2025-09-18,1,0.0,64.0
2025-09-18,2,0.0,61.8
2025-09-18,3,0.0,60.4
2025-09-18,4,0.0,58.8
2025-09-18,5,0.0,57.3
2025-09-18,6,0.0,56.6
2025-09-18,7,0.0,55.1
2025-09-18,8,0.0,55.0
2025-09-18,9,51.0,55.7
2025-09-18,10,238.0,59.5
2025-09-18,11,446.0,64.2
2025-09-18,12,629.0,69.8
2025-09-18,13,767.0,74.7
2025-09-18,14,847.0,78.7
2025-09-18,15,859.0,80.9
2025-09-18,16,776.0,82.8
2025-09-18,17,637.0,84.1
2025-09-18,18,454.0,84.8
2025-09-18,19,312.0,84.7
2025-09-18,20,119.0,81.0
2025-09-18,21,3.0,78.4
2025-09-18,22,0.0,75.7
2025-09-18,23,0.0,72.7
2025-09-18,24,0.0,69.0
2025-09-19,1,0.0,66.3
2025-09-19,2,0.0,63.7
2025-09-19,3,0.0,61.5
2025-09-19,4,0.0,60.9
2025-09-19,5,0.0,60.7
2025-09-19,6,0.0,60.9
2025-09-19,7,0.0,60.2
2025-09-19,8,0.0,58.9
2025-09-19,9,33.0,60.8
2025-09-19,10,69.0,61.7
2025-09-19,11,56.0,59.8
2025-09-19,12,106.0,61.7
2025-09-19,13,370.0,67.6
2025-09-19,14,551.0,72.2
2025-09-19,15,704.0,76.0
2025-09-19,16,652.0,78.4
2025-09-19,17,628.0,79.8
2025-09-19,18,492.0,80.2
2025-09-19,19,300.0,80.1
2025-09-19,20,78.0,81.0
2025-09-19,21,2.0,77.5
2025-09-19,22,0.0,74.8
2025-09-19,23,0.0,71.9
2025-09-19,24,0.0,70.4
2025-09-20,1,0.0,68.2
2025-09-20,2,0.0,66.7
2025-09-20,3,0.0,65.2
2025-09-20,4,0.0,62.9
2025-09-20,5,0.0,62.0
2025-09-20,6,0.0,61.3
2025-09-20,7,0.0,60.3
2025-09-20,8,0.0,59.1
2025-09-20,9,42.0,60.9
2025-09-20,10,217.0,64.0
2025-09-20,11,415.0,67.8
2025-09-20,12,591.0,71.9
2025-09-20,13,720.0,75.3
2025-09-20,14,779.0,79.2
2025-09-20,15,745.0,81.6
2025-09-20,16,726.0,82.5
2025-09-20,17,621.0,82.9
2025-09-20,18,494.0,83.8
2025-09-20,19,306.0,83.5
2025-09-20,20,106.0,81.8
2025-09-20,21,2.0,78.4
2025-09-20,22,0.0,75.7
2025-09-20,23,0.0,72.7
2025-09-20,24,0.0,69.6
2025-09-21,1,0.0,66.7
2025-09-21,2,0.0,64.5
2025-09-21,3,0.0,62.8
2025-09-21,4,0.0,60.6
2025-09-21,5,0.0,58.8
2025-09-21,6,0.0,57.2
2025-09-21,7,0.0,56.1
2025-09-21,8,0.0,55.0
2025-09-21,9,44.0,56.6
2025-09-21,10,222.0,61.4
2025-09-21,11,424.0,65.6
2025-09-21,12,602.0,70.2
2025-09-21,13,736.0,75.2
2025-09-21,14,814.0,79.5
2025-09-21,15,829.0,82.0
2025-09-21,16,775.0,83.9
2025-09-21,17,658.0,84.1
2025-09-21,18,491.0,83.7
2025-09-21,19,297.0,83.8
2025-09-21,20,101.0,83.7
2025-09-21,21,2.0,80.9
2025-09-21,22,0.0,78.4
2025-09-21,23,0.0,75.1
2025-09-21,24,0.0,73.3
2025-09-22,1,0.0,73.3
2025-09-22,2,0.0,71.4
2025-09-22,3,0.0,70.3
2025-09-22,4,0.0,68.1
2025-09-22,5,0.0,66.8
2025-09-22,6,0.0,64.9
2025-09-22,7,0.0,63.1
2025-09-22,8,0.0,60.8
2025-09-22,9,22.0,61.6
2025-09-22,10,124.0,65.7
2025-09-22,11,298.0,70.4
2025-09-22,12,339.0,74.9
2025-09-22,13,515.0,78.3
2025-09-22,14,732.0,80.6
2025-09-22,15,754.0,82.1
2025-09-22,16,672.0,83.2
2025-09-22,17,470.0,82.9
2025-09-22,18,400.0,83.0
2025-09-22,19,250.0,82.1
2025-09-22,20,89.0,79.0
2025-09-22,21,1.0,75.3
2025-09-22,22,0.0,71.4
2025-09-22,23,0.0,70.5
2025-09-22,24,0.0,67.4
2025-09-23,1,0.0,66.5
2025-09-23,2,0.0,64.5
2025-09-23,3,0.0,63.4
2025-09-23,4,0.0,62.0
2025-09-23,5,0.0,59.8
2025-09-23,6,0.0,58.4
2025-09-23,7,0.0,56.6
2025-09-23,8,0.0,55.3
2025-09-23,9,41.0,56.4
2025-09-23,10,221.0,60.1
2025-09-23,11,428.0,65.1
2025-09-23,12,611.0,69.4
2025-09-23,13,747.0,72.7
2025-09-23,14,824.0,74.8
2025-09-23,15,840.0,76.3
2025-09-23,16,784.0,76.9
2025-09-23,17,665.0,76.4
2025-09-23,18,496.0,75.5
2025-09-23,19,293.0,74.3
2025-09-23,20,94.0,71.5
2025-09-23,21,1.0,68.2
2025-09-23,22,0.0,66.3
2025-09-23,23,0.0,64.5
2025-09-23,24,0.0,62.7
2025-09-24,1,0.0,61.0
2025-09-24,2,0.0,59.0
2025-09-24,3,0.0,57.2
2025-09-24,4,0.0,55.7
2025-09-24,5,0.0,54.2
2025-09-24,6,0.0,52.8
2025-09-24,7,0.0,51.6
2025-09-24,8,0.0,50.3
2025-09-24,9,40.0,51.6
2025-09-24,10,216.0,56.3
2025-09-24,11,419.0,60.7
2025-09-24,12,599.0,64.8
2025-09-24,13,733.0,68.1
2025-09-24,14,810.0,71.1
2025-09-24,15,821.0,73.6
2025-09-24,16,767.0,75.7
2025-09-24,17,653.0,77.3
2025-09-24,18,487.0,77.5
2025-09-24,19,288.0,77.0
2025-09-24,20,89.0,74.8
2025-09-24,21,1.0,72.5
2025-09-24,22,0.0,71.1
2025-09-24,23,0.0,69.1
2025-09-24,24,0.0,65.2
2025-09-25,1,0.0,62.2
2025-09-25,2,0.0,59.3
2025-09-25,3,0.0,57.4
2025-09-25,4,0.0,55.9
2025-09-25,5,0.0,54.3
2025-09-25,6,0.0,52.6
2025-09-25,7,0.0,51.1
2025-09-25,8,0.0,50.2
2025-09-25,9,39.0,51.3
2025-09-25,10,217.0,56.6
2025-09-25,11,423.0,61.5
2025-09-25,12,603.0,66.0
2025-09-25,13,736.0,70.8
2025-09-25,14,813.0,75.1
2025-09-25,15,824.0,78.4
2025-09-25,16,769.0,80.8
2025-09-25,17,653.0,82.1
2025-09-25,18,485.0,82.6
2025-09-25,19,283.0,82.5
2025-09-25,20,86.0,79.7
2025-09-25,21,0.0,77.4
2025-09-25,22,0.0,74.8
2025-09-25,23,0.0,73.9
2025-09-25,24,0.0,71.9
2025-09-26,1,0.0,69.3
2025-09-26,2,0.0,69.4
2025-09-26,3,0.0,68.5
2025-09-26,4,0.0,67.4
2025-09-26,5,0.0,65.7
2025-09-26,6,0.0,63.1
2025-09-26,7,0.0,61.4
2025-09-26,8,0.0,59.0
2025-09-26,9,34.0,60.2
2025-09-26,10,193.0,64.9
2025-09-26,11,396.0,68.5
2025-09-26,12,564.0,71.9
2025-09-26,13,682.0,75.6
2025-09-26,14,787.0,78.0
2025-09-26,15,753.0,79.7
2025-09-26,16,711.0,80.0
2025-09-26,17,580.0,80.3
2025-09-26,18,442.0,80.2
2025-09-26,19,262.0,79.6
2025-09-26,20,77.0,76.9
2025-09-26,21,0.0,74.8
2025-09-26,22,0.0,73.2
2025-09-26,23,0.0,71.1
2025-09-26,24,0.0,68.8
2025-09-27,1,0.0,66.8
2025-09-27,2,0.0,65.2
2025-09-27,3,0.0,64.2
2025-09-27,4,0.0,62.8
2025-09-27,5,0.0,62.1
2025-09-27,6,0.0,60.8
2025-09-27,7,0.0,58.7
2025-09-27,8,0.0,58.6
2025-09-27,9,23.0,59.5
2025-09-27,10,156.0,63.0
2025-09-27,11,390.0,67.0
2025-09-27,12,502.0,70.5
2025-09-27,13,617.0,73.6
2025-09-27,14,715.0,77.3
2025-09-27,15,607.0,78.1
2025-09-27,16,629.0,80.3
2025-09-27,17,495.0,79.0
2025-09-27,18,297.0,72.2
2025-09-27,19,169.0,72.6
2025-09-27,20,38.0,70.3
2025-09-27,21,0.0,69.6
2025-09-27,22,0.0,67.8
2025-09-27,23,0.0,65.7
2025-09-27,24,0.0,63.6
2025-09-28,1,0.0,62.7
2025-09-28,2,0.0,62.9
2025-09-28,3,0.0,61.6
2025-09-28,4,0.0,60.2
2025-09-28,5,0.0,59.8
2025-09-28,6,0.0,59.1
2025-09-28,7,0.0,57.8
2025-09-28,8,0.0,57.1
2025-09-28,9,29.0,57.9
2025-09-28,10,193.0,61.9
2025-09-28,11,390.0,66.2
2025-09-28,12,578.0,70.5
2025-09-28,13,642.0,68.4
2025-09-28,14,598.0,71.3
2025-09-28,15,699.0,73.3
2025-09-28,16,673.0,74.1
2025-09-28,17,530.0,74.5
2025-09-28,18,414.0,74.8
2025-09-28,19,194.0,70.3
2025-09-28,20,63.0,71.3
2025-09-28,21,0.0,68.5
2025-09-28,22,0.0,67.8
2025-09-28,23,0.0,65.4
2025-09-28,24,0.0,62.9
2025-09-29,1,0.0,60.5
2025-09-29,2,0.0,58.8
2025-09-29,3,0.0,57.2
2025-09-29,4,0.0,56.0
2025-09-29,5,0.0,55.4
2025-09-29,6,0.0,54.2
2025-09-29,7,0.0,53.6
2025-09-29,8,0.0,53.5
2025-09-29,9,30.0,55.0
2025-09-29,10,193.0,59.0
2025-09-29,11,389.0,62.5
2025-09-29,12,564.0,66.5
2025-09-29,13,697.0,70.5
2025-09-29,14,779.0,73.2
2025-09-29,15,760.0,75.0
2025-09-29,16,707.0,76.3
2025-09-29,17,583.0,76.5
2025-09-29,18,431.0,76.5
2025-09-29,19,196.0,75.5
2025-09-29,20,61.0,74.4
2025-09-29,21,0.0,72.0
2025-09-29,22,0.0,69.0
2025-09-29,23,0.0,67.2
2025-09-29,24,0.0,64.8
2025-09-30,1,0.0,62.8
2025-09-30,2,0.0,61.1
2025-09-30,3,0.0,59.7
2025-09-30,4,0.0,58.5
2025-09-30,5,0.0,58.2
2025-09-30,6,0.0,56.6
2025-09-30,7,0.0,56.0
2025-09-30,8,0.0,54.7
2025-09-30,9,29.0,55.4
2025-09-30,10,193.0,59.1
2025-09-30,11,389.0,63.3
2025-09-30,12,545.0,67.3
2025-09-30,13,559.0,71.0
2025-09-30,14,708.0,75.9
2025-09-30,15,737.0,78.6
2025-09-30,16,660.0,79.7
2025-09-30,17,582.0,80.1
2025-09-30,18,433.0,79.8
2025-09-30,19,242.0,79.3
2025-09-30,20,60.0,76.8
2025-09-30,21,0.0,74.0
2025-09-30,22,0.0,71.1
2025-09-30,23,0.0,66.9
2025-09-30,24,0.0,64.0
2025-10-01,1,0.0,61.1
2025-10-01,2,0.0,59.6
2025-10-01,3,0.0,58.6
2025-10-01,4,0.0,57.7
2025-10-01,5,0.0,57.1
2025-10-01,6,0.0,55.7
2025-10-01,7,0.0,54.8
2025-10-01,8,0.0,53.4
2025-10-01,9,28.0,54.3
2025-10-01,10,190.0,59.2
2025-10-01,11,389.0,63.0
2025-10-01,12,565.0,66.9
2025-10-01,13,695.0,72.2
2025-10-01,14,773.0,75.8
2025-10-01,15,778.0,78.3
2025-10-01,16,725.0,79.7
2025-10-01,17,611.0,79.8
2025-10-01,18,444.0,79.6
2025-10-01,19,247.0,79.8
2025-10-01,20,60.0,77.2
2025-10-01,21,0.0,74.0
2025-10-01,22,0.0,71.3
2025-10-01,23,0.0,69.1
2025-10-01,24,0.0,66.1
2025-10-02,1,0.0,62.6
2025-10-02,2,0.0,60.4
2025-10-02,3,0.0,58.6
2025-10-02,4,0.0,57.1
2025-10-02,5,0.0,56.1
2025-10-02,6,0.0,55.0
2025-10-02,7,0.0,53.7
2025-10-02,8,0.0,53.4
2025-10-02,9,28.0,55.2
2025-10-02,10,191.0,59.1
2025-10-02,11,392.0,62.7
2025-10-02,12,569.0,67.5
2025-10-02,13,702.0,73.5
2025-10-02,14,778.0,77.3
2025-10-02,15,788.0,80.2
2025-10-02,16,731.0,82.4
2025-10-02,17,612.0,83.8
2025-10-02,18,444.0,84.6
2025-10-02,19,244.0,84.3
2025-10-02,20,57.0,80.5
2025-10-02,21,0.0,77.0
2025-10-02,22,0.0,74.6
2025-10-02,23,0.0,71.7
2025-10-02,24,0.0,70.0
2025-10-03,1,0.0,67.5
2025-10-03,2,0.0,64.8
2025-10-03,3,0.0,62.8
2025-10-03,4,0.0,61.3
2025-10-03,5,0.0,59.4
2025-10-03,6,0.0,57.6
2025-10-03,7,0.0,57.4
2025-10-03,8,0.0,55.9
2025-10-03,9,27.0,56.1
2025-10-03,10,189.0,61.0
2025-10-03,11,388.0,66.2
2025-10-03,12,552.0,71.5
2025-10-03,13,555.0,81.1
2025-10-03,14,702.0,85.2
2025-10-03,15,728.0,86.9
2025-10-03,16,649.0,85.4
2025-10-03,17,512.0,86.2
2025-10-03,18,351.0,86.0
2025-10-03,19,144.0,85.9
2025-10-03,20,49.0,81.7
2025-10-03,21,0.0,79.9
2025-10-03,22,0.0,77.5
2025-10-03,23,0.0,76.2
2025-10-03,24,0.0,71.1
2025-10-04,1,0.0,68.2
2025-10-04,2,0.0,65.3
2025-10-04,3,0.0,62.8
2025-10-04,4,0.0,62.4
2025-10-04,5,0.0,62.5
2025-10-04,6,0.0,61.6
2025-10-04,7,0.0,64.2
2025-10-04,8,0.0,64.1
2025-10-04,9,25.0,62.7
2025-10-04,10,185.0,64.5
2025-10-04,11,371.0,67.8
2025-10-04,12,530.0,69.0
2025-10-04,13,684.0,70.6
2025-10-04,14,781.0,71.5
2025-10-04,15,786.0,71.5
2025-10-04,16,724.0,70.4
2025-10-04,17,606.0,70.8
2025-10-04,18,439.0,69.5
2025-10-04,19,238.0,68.5
2025-10-04,20,52.0,65.9
2025-10-04,21,0.0,63.7
2025-10-04,22,0.0,61.4
2025-10-04,23,0.0,58.8
2025-10-04,24,0.0,55.9
2025-10-05,1,0.0,52.5
2025-10-05,2,0.0,51.0
2025-10-05,3,0.0,49.6
2025-10-05,4,0.0,48.2
2025-10-05,5,0.0,46.8
2025-10-05,6,0.0,45.5
2025-10-05,7,0.0,44.2
2025-10-05,8,0.0,43.1
2025-10-05,9,24.0,44.2
2025-10-05,10,185.0,48.9
2025-10-05,11,386.0,53.3
2025-10-05,12,563.0,57.7
2025-10-05,13,694.0,63.1
2025-10-05,14,767.0,67.0
2025-10-05,15,775.0,69.6
2025-10-05,16,717.0,71.1
2025-10-05,17,597.0,71.8
2025-10-05,18,428.0,71.6
2025-10-05,19,229.0,71.4
2025-10-05,20,47.0,69.0
2025-10-05,21,0.0,67.4
2025-10-05,22,0.0,64.5
2025-10-05,23,0.0,61.3
2025-10-05,24,0.0,58.5
2025-10-06,1,0.0,55.1
2025-10-06,2,0.0,52.8
2025-10-06,3,0.0,50.5
2025-10-06,4,0.0,49.1
2025-10-06,5,0.0,47.9
2025-10-06,6,0.0,47.2
2025-10-06,7,0.0,46.1
2025-10-06,8,0.0,45.1
2025-10-06,9,23.0,45.8
2025-10-06,10,182.0,50.6
2025-10-06,11,382.0,55.3
2025-10-06,12,559.0,59.9
2025-10-06,13,690.0,63.9
2025-10-06,14,762.0,68.8
2025-10-06,15,770.0,72.1
2025-10-06,16,713.0,74.2
2025-10-06,17,597.0,75.3
2025-10-06,18,426.0,75.2
2025-10-06,19,226.0,74.4
2025-10-06,20,45.0,71.5
2025-10-06,21,0.0,69.8
2025-10-06,22,0.0,66.2
2025-10-06,23,0.0,61.9
2025-10-06,24,0.0,59.1
2025-10-07,1,0.0,57.2
2025-10-07,2,0.0,55.5
2025-10-07,3,0.0,53.5
2025-10-07,4,0.0,51.8
2025-10-07,5,0.0,50.6
2025-10-07,6,0.0,49.3
2025-10-07,7,0.0,47.8
2025-10-07,8,0.0,46.3
2025-10-07,9,22.0,47.1
2025-10-07,10,181.0,52.4
2025-10-07,11,383.0,57.3
2025-10-07,12,561.0,62.2
2025-10-07,13,693.0,67.3
2025-10-07,14,766.0,72.0
2025-10-07,15,773.0,75.6
2025-10-07,16,714.0,78.2
2025-10-07,17,594.0,79.5
2025-10-07,18,423.0,79.9
2025-10-07,19,223.0,79.9
2025-10-07,20,42.0,73.9
2025-10-07,21,0.0,70.3
2025-10-07,22,0.0,67.3
2025-10-07,23,0.0,63.1
2025-10-07,24,0.0,59.7
2025-10-08,1,0.0,57.3
2025-10-08,2,0.0,55.8
2025-10-08,3,0.0,54.8
2025-10-08,4,0.0,55.0
2025-10-08,5,0.0,55.3
2025-10-08,6,0.0,54.7
2025-10-08,7,0.0,51.4
2025-10-08,8,0.0,51.4
2025-10-08,9,21.0,53.5
2025-10-08,10,175.0,58.7
2025-10-08,11,372.0,63.8
2025-10-08,12,545.0,69.4
2025-10-08,13,676.0,74.5
2025-10-08,14,745.0,77.1
2025-10-08,15,751.0,79.1
2025-10-08,16,692.0,81.1
2025-10-08,17,573.0,82.7
2025-10-08,18,405.0,83.4
2025-10-08,19,194.0,83.9
2025-10-08,20,32.0,80.4
2025-10-08,21,0.0,76.1
2025-10-08,22,0.0,74.8
2025-10-08,23,0.0,73.2
2025-10-08,24,0.0,71.2
2025-10-09,1,0.0,68.0
2025-10-09,2,0.0,67.2
2025-10-09,3,0.0,66.7
2025-10-09,4,0.0,65.4
2025-10-09,5,0.0,62.7
2025-10-09,6,0.0,60.6
2025-10-09,7,0.0,59.1
2025-10-09,8,0.0,58.1
2025-10-09,9,14.0,58.8
2025-10-09,10,158.0,62.1
2025-10-09,11,317.0,66.1
2025-10-09,12,490.0,69.5
2025-10-09,13,644.0,71.8
2025-10-09,14,705.0,76.1
2025-10-09,15,702.0,78.2
2025-10-09,16,647.0,79.7
2025-10-09,17,530.0,80.1
2025-10-09,18,368.0,80.1
2025-10-09,19,172.0,78.8
2025-10-09,20,30.0,76.2
2025-10-09,21,0.0,73.9
2025-10-09,22,0.0,72.9
2025-10-09,23,0.0,70.8
2025-10-09,24,0.0,66.5
2025-10-10,1,0.0,61.7
2025-10-10,2,0.0,61.3
2025-10-10,3,0.0,62.2
2025-10-10,4,0.0,61.9
2025-10-10,5,0.0,60.3
2025-10-10,6,0.0,60.4
2025-10-10,7,0.0,62.6
2025-10-10,8,0.0,61.9
2025-10-10,9,8.0,61.4
2025-10-10,10,42.0,62.2
2025-10-10,11,65.0,62.9
2025-10-10,12,114.0,63.5
2025-10-10,13,231.0,65.2
2025-10-10,14,426.0,67.5
2025-10-10,15,401.0,68.5
2025-10-10,16,353.0,70.0
2025-10-10,17,257.0,70.6
2025-10-10,18,171.0,70.3
2025-10-10,19,43.0,66.9
2025-10-10,20,8.0,64.8
2025-10-10,21,0.0,64.1
2025-10-10,22,0.0,64.0
2025-10-10,23,0.0,63.8
2025-10-10,24,0.0,63.4
2025-10-11,1,0.0,62.7
2025-10-11,2,0.0,62.2
2025-10-11,3,0.0,61.3
2025-10-11,4,0.0,61.3
2025-10-11,5,0.0,61.2
2025-10-11,6,0.0,61.2
2025-10-11,7,0.0,61.2
2025-10-11,8,0.0,60.7
2025-10-11,9,2.0,60.6
2025-10-11,10,17.0,60.7
2025-10-11,11,34.0,61.1
2025-10-11,12,199.0,63.2
2025-10-11,13,213.0,64.9
2025-10-11,14,623.0,68.2
2025-10-11,15,584.0,69.4
2025-10-11,16,478.0,71.2
2025-10-11,17,458.0,71.8
2025-10-11,18,330.0,72.8
2025-10-11,19,171.0,70.4
2025-10-11,20,25.0,65.2
2025-10-11,21,0.0,63.9
2025-10-11,22,0.0,62.0
2025-10-11,23,0.0,60.4
2025-10-11,24,0.0,58.7
2025-10-12,1,0.0,57.9
2025-10-12,2,0.0,58.0
2025-10-12,3,0.0,55.3
2025-10-12,4,0.0,54.2
2025-10-12,5,0.0,54.9
2025-10-12,6,0.0,54.2
2025-10-12,7,0.0,54.6
2025-10-12,8,0.0,53.8
2025-10-12,9,14.0,54.3
2025-10-12,10,158.0,57.0
2025-10-12,11,332.0,59.5
2025-10-12,12,505.0,61.2
2025-10-12,13,634.0,62.7
2025-10-12,14,660.0,64.0
2025-10-12,15,692.0,64.9
2025-10-12,16,646.0,65.1
2025-10-12,17,544.0,65.9
2025-10-12,18,385.0,66.3
2025-10-12,19,191.0,64.8
2025-10-12,20,28.0,59.9
2025-10-12,21,0.0,57.0
2025-10-12,22,0.0,55.5
2025-10-12,23,0.0,53.1
2025-10-12,24,0.0,50.6
2025-10-13,1,0.0,50.0
2025-10-13,2,0.0,49.8
2025-10-13,3,0.0,49.6
2025-10-13,4,0.0,50.4
2025-10-13,5,0.0,50.5
2025-10-13,6,0.0,52.2
2025-10-13,7,0.0,52.5
2025-10-13,8,0.0,53.0
2025-10-13,9,7.0,53.3
2025-10-13,10,83.0,54.6
2025-10-13,11,157.0,56.2
2025-10-13,12,316.0,59.4
2025-10-13,13,496.0,60.4
2025-10-13,14,516.0,65.2
2025-10-13,15,520.0,62.5
2025-10-13,16,372.0,61.3
2025-10-13,17,489.0,65.4
2025-10-13,18,334.0,66.4
2025-10-13,19,152.0,65.5
2025-10-13,20,13.0,64.0
2025-10-13,21,0.0,62.8
2025-10-13,22,0.0,59.2
2025-10-13,23,0.0,59.8
2025-10-13,24,0.0,57.5
2025-10-14,1,0.0,56.8
2025-10-14,2,0.0,55.5
2025-10-14,3,0.0,56.6
2025-10-14,4,0.0,56.5
2025-10-14,5,0.0,55.8
2025-10-14,6,0.0,55.3
2025-10-14,7,0.0,56.0
2025-10-14,8,0.0,55.2
2025-10-14,9,11.0,55.8
2025-10-14,10,129.0,58.3
2025-10-14,11,342.0,63.0
2025-10-14,12,496.0,65.5
2025-10-14,13,599.0,69.2
2025-10-14,14,598.0,70.3
2025-10-14,15,477.0,70.6
2025-10-14,16,575.0,72.1
2025-10-14,17,505.0,72.8
2025-10-14,18,359.0,72.1
2025-10-14,19,177.0,67.9
2025-10-14,20,22.0,63.3
2025-10-14,21,0.0,59.6
2025-10-14,22,0.0,57.7
2025-10-14,23,0.0,58.6
2025-10-14,24,0.0,59.9
2025-10-15,1,0.0,57.4
2025-10-15,2,0.0,56.5
2025-10-15,3,0.0,54.7
2025-10-15,4,0.0,54.5
2025-10-15,5,0.0,54.1
2025-10-15,6,0.0,53.0
2025-10-15,7,0.0,55.7
2025-10-15,8,0.0,54.2
2025-10-15,9,10.0,54.4
2025-10-15,10,115.0,56.1
2025-10-15,11,309.0,59.4
2025-10-15,12,490.0,63.2
2025-10-15,13,626.0,68.2
2025-10-15,14,643.0,69.5
2025-10-15,15,620.0,70.5
2025-10-15,16,525.0,71.0
2025-10-15,17,344.0,69.1
2025-10-15,18,244.0,67.5
2025-10-15,19,155.0,65.8
2025-10-15,20,22.0,61.6
2025-10-15,21,0.0,59.3
2025-10-15,22,0.0,57.3
2025-10-15,23,0.0,55.1
2025-10-15,24,0.0,52.9
2025-10-16,1,0.0,50.7
2025-10-16,2,0.0,49.0
2025-10-16,3,0.0,47.0
2025-10-16,4,0.0,45.3
2025-10-16,5,0.0,43.9
2025-10-16,6,0.0,42.7
2025-10-16,7,0.0,41.7
2025-10-16,8,0.0,40.8
2025-10-16,9,12.0,40.6
2025-10-16,10,154.0,44.0
2025-10-16,11,351.0,47.2
2025-10-16,12,525.0,50.0
2025-10-16,13,652.0,53.8
2025-10-16,14,721.0,55.7
2025-10-16,15,725.0,56.8
2025-10-16,16,664.0,57.7
2025-10-16,17,541.0,58.4
2025-10-16,18,372.0,58.5
2025-10-16,19,176.0,56.7
2025-10-16,20,21.0,53.0
2025-10-16,21,0.0,51.4
2025-10-16,22,0.0,49.0
2025-10-16,23,0.0,45.9
2025-10-16,24,0.0,43.6
2025-10-17,1,0.0,42.2
2025-10-17,2,0.0,41.1
2025-10-17,3,0.0,40.2
2025-10-17,4,0.0,39.7
2025-10-17,5,0.0,38.9
2025-10-17,6,0.0,37.9
2025-10-17,7,0.0,37.5
2025-10-17,8,0.0,37.0
2025-10-17,9,11.0,37.9
2025-10-17,10,148.0,41.5
2025-10-17,11,343.0,45.1
2025-10-17,12,517.0,48.7
2025-10-17,13,646.0,53.4
2025-10-17,14,714.0,57.2
2025-10-17,15,718.0,59.5
2025-10-17,16,662.0,61.0
2025-10-17,17,538.0,61.8
2025-10-17,18,366.0,61.4
2025-10-17,19,168.0,58.3
2025-10-17,20,18.0,53.4
2025-10-17,21,0.0,51.5
2025-10-17,22,0.0,49.3
2025-10-17,23,0.0,45.7
2025-10-17,24,0.0,43.3
2025-10-18,1,0.0,41.8
2025-10-18,2,0.0,40.6
2025-10-18,3,0.0,39.4
2025-10-18,4,0.0,38.7
2025-10-18,5,0.0,38.5
2025-10-18,6,0.0,38.4
2025-10-18,7,0.0,37.9
2025-10-18,8,0.0,37.5
2025-10-18,9,10.0,37.9
2025-10-18,10,144.0,40.8
2025-10-18,11,336.0,44.7
2025-10-18,12,508.0,48.6
2025-10-18,13,636.0,52.6
2025-10-18,14,704.0,56.7
2025-10-18,15,707.0,60.8
2025-10-18,16,644.0,63.7
2025-10-18,17,522.0,65.1
2025-10-18,18,355.0,65.1
2025-10-18,19,163.0,61.6
2025-10-18,20,17.0,57.1
2025-10-18,21,0.0,54.9
2025-10-18,22,0.0,51.5
2025-10-18,23,0.0,48.5
2025-10-18,24,0.0,45.8
2025-10-19,1,0.0,44.2
2025-10-19,2,0.0,43.3
2025-10-19,3,0.0,42.3
2025-10-19,4,0.0,41.1
2025-10-19,5,0.0,40.0
2025-10-19,6,0.0,39.3
2025-10-19,7,0.0,38.7
2025-10-19,8,0.0,38.5
2025-10-19,9,9.0,38.6
2025-10-19,10,140.0,43.6
2025-10-19,11,332.0,48.3
2025-10-19,12,504.0,51.9
2025-10-19,13,631.0,56.1
2025-10-19,14,700.0,59.5
2025-10-19,15,703.0,62.2
2025-10-19,16,644.0,64.0
2025-10-19,17,520.0,65.5
2025-10-19,18,334.0,66.0
2025-10-19,19,139.0,63.2
2025-10-19,20,13.0,59.3
2025-10-19,21,0.0,55.7
2025-10-19,22,0.0,52.7
2025-10-19,23,0.0,51.4
2025-10-19,24,0.0,48.7
2025-10-20,1,0.0,47.4
2025-10-20,2,0.0,46.9
2025-10-20,3,0.0,46.0
2025-10-20,4,0.0,45.0
2025-10-20,5,0.0,43.5
2025-10-20,6,0.0,42.5
2025-10-20,7,0.0,43.4
2025-10-20,8,0.0,42.9
2025-10-20,9,9.0,43.4
2025-10-20,10,139.0,46.8
2025-10-20,11,331.0,50.9
2025-10-20,12,503.0,54.5
2025-10-20,13,629.0,60.5
2025-10-20,14,696.0,64.9
2025-10-20,15,698.0,68.3
2025-10-20,16,635.0,70.4
2025-10-20,17,512.0,71.2
2025-10-20,18,344.0,70.3
2025-10-20,19,154.0,64.7
2025-10-20,20,14.0,60.2
2025-10-20,21,0.0,56.5
2025-10-20,22,0.0,53.2
2025-10-20,23,0.0,50.3
2025-10-20,24,0.0,48.5
2025-10-21,1,0.0,46.7
2025-10-21,2,0.0,45.2
2025-10-21,3,0.0,43.3
2025-10-21,4,0.0,42.2
2025-10-21,5,0.0,41.2
2025-10-21,6,0.0,39.9
2025-10-21,7,0.0,38.4
2025-10-21,8,0.0,37.3
2025-10-21,9,8.0,37.6
2025-10-21,10,135.0,41.5
2025-10-21,11,328.0,45.9
2025-10-21,12,500.0,50.0
2025-10-21,13,625.0,54.1
2025-10-21,14,692.0,57.7
2025-10-21,15,695.0,60.4
2025-10-21,16,634.0,62.9
2025-10-21,17,513.0,64.5
2025-10-21,18,345.0,64.6
2025-10-21,19,152.0,61.8
2025-10-21,20,13.0,56.5
2025-10-21,21,0.0,52.9
2025-10-21,22,0.0,49.3
2025-10-21,23,0.0,46.3
2025-10-21,24,0.0,44.6
2025-10-22,1,0.0,43.6
2025-10-22,2,0.0,42.8
2025-10-22,3,0.0,41.5
2025-10-22,4,0.0,40.6
2025-10-22,5,0.0,39.6
2025-10-22,6,0.0,38.8
2025-10-22,7,0.0,38.8
2025-10-22,8,0.0,38.1
2025-10-22,9,7.0,38.1
2025-10-22,10,128.0,42.8
2025-10-22,11,315.0,49.2
2025-10-22,12,482.0,54.2
2025-10-22,13,610.0,58.0
2025-10-22,14,640.0,61.6
2025-10-22,15,649.0,64.9
2025-10-22,16,584.0,67.1
2025-10-22,17,492.0,68.5
2025-10-22,18,332.0,68.9
2025-10-22,19,143.0,65.0
2025-10-22,20,11.0,60.6
2025-10-22,21,0.0,58.6
2025-10-22,22,0.0,56.9
2025-10-22,23,0.0,53.7
2025-10-22,24,0.0,52.0
2025-10-23,1,0.0,51.4
2025-10-23,2,0.0,49.8
2025-10-23,3,0.0,50.2
2025-10-23,4,0.0,49.6
2025-10-23,5,0.0,47.5
2025-10-23,6,0.0,46.2
2025-10-23,7,0.0,47.9
2025-10-23,8,0.0,47.0
2025-10-23,9,6.0,46.8
2025-10-23,10,111.0,50.7
2025-10-23,11,290.0,54.7
2025-10-23,12,460.0,57.5
2025-10-23,13,538.0,61.1
2025-10-23,14,581.0,59.8
2025-10-23,15,449.0,59.2
2025-10-23,16,540.0,60.8
2025-10-23,17,459.0,61.5
2025-10-23,18,271.0,60.4
2025-10-23,19,124.0,57.1
2025-10-23,20,9.0,54.4
2025-10-23,21,0.0,52.6
2025-10-23,22,0.0,50.0
2025-10-23,23,0.0,48.1
2025-10-23,24,0.0,46.1
2025-10-24,1,0.0,44.8
2025-10-24,2,0.0,44.4
2025-10-24,3,0.0,43.4
2025-10-24,4,0.0,42.6
2025-10-24,5,0.0,42.2
2025-10-24,6,0.0,42.0
2025-10-24,7,0.0,41.0
2025-10-24,8,0.0,40.7
2025-10-24,9,5.0,41.5
2025-10-24,10,101.0,43.8
2025-10-24,11,263.0,46.9
2025-10-24,12,450.0,50.6
2025-10-24,13,579.0,54.6
2025-10-24,14,614.0,58.4
2025-10-24,15,651.0,61.4
2025-10-24,16,586.0,63.4
2025-10-24,17,455.0,64.4
2025-10-24,18,307.0,64.8
2025-10-24,19,129.0,61.0
2025-10-24,20,8.0,57.8
2025-10-24,21,0.0,54.9
2025-10-24,22,0.0,52.0
2025-10-24,23,0.0,48.7
2025-10-24,24,0.0,47.8
2025-10-25,1,0.0,46.0
2025-10-25,2,0.0,44.5
2025-10-25,3,0.0,42.6
2025-10-25,4,0.0,41.1
2025-10-25,5,0.0,40.4
2025-10-25,6,0.0,40.1
2025-10-25,7,0.0,38.8
2025-10-25,8,0.0,38.7
2025-10-25,9,5.0,38.8
2025-10-25,10,119.0,42.5
2025-10-25,11,304.0,46.0
2025-10-25,12,472.0,49.6
2025-10-25,13,597.0,53.3
2025-10-25,14,665.0,56.6
2025-10-25,15,657.0,59.1
2025-10-25,16,587.0,61.3
2025-10-25,17,457.0,62.9
2025-10-25,18,259.0,63.1
2025-10-25,19,99.0,61.2
2025-10-25,20,7.0,57.1
2025-10-25,21,0.0,53.6
2025-10-25,22,0.0,51.4
2025-10-25,23,0.0,49.5
2025-10-25,24,0.0,48.5
2025-10-26,1,0.0,46.5
2025-10-26,2,0.0,44.2
2025-10-26,3,0.0,45.1
2025-10-26,4,0.0,44.4
2025-10-26,5,0.0,42.7
2025-10-26,6,0.0,42.2
2025-10-26,7,0.0,41.6
2025-10-26,8,0.0,39.7
2025-10-26,9,4.0,39.2
2025-10-26,10,115.0,43.5
2025-10-26,11,294.0,48.7
2025-10-26,12,466.0,52.4
2025-10-26,13,589.0,56.1
2025-10-26,14,656.0,59.4
2025-10-26,15,658.0,62.3
2025-10-26,16,598.0,64.8
2025-10-26,17,477.0,66.5
2025-10-26,18,313.0,67.1
2025-10-26,19,128.0,63.7
2025-10-26,20,7.0,59.3
2025-10-26,21,0.0,57.6
2025-10-26,22,0.0,54.6
2025-10-26,23,0.0,50.5
2025-10-26,24,0.0,48.7
2025-10-27,1,0.0,47.7
2025-10-27,2,0.0,47.3
2025-10-27,3,0.0,46.6
2025-10-27,4,0.0,44.8
2025-10-27,5,0.0,43.8
2025-10-27,6,0.0,42.5
2025-10-27,7,0.0,42.4
2025-10-27,8,0.0,41.7
2025-10-27,9,4.0,41.4
2025-10-27,10,114.0,45.1
2025-10-27,11,298.0,50.2
2025-10-27,12,440.0,53.9
2025-10-27,13,590.0,59.9
2025-10-27,14,656.0,64.0
2025-10-27,15,649.0,66.5
2025-10-27,16,597.0,70.2
2025-10-27,17,479.0,71.4
2025-10-27,18,314.0,69.5
2025-10-27,19,126.0,64.9
2025-10-27,20,6.0,61.1
2025-10-27,21,0.0,58.3
2025-10-27,22,0.0,54.9
2025-10-27,23,0.0,53.2
2025-10-27,24,0.0,50.4
2025-10-28,1,0.0,49.0
2025-10-28,2,0.0,47.5
2025-10-28,3,0.0,45.8
2025-10-28,4,0.0,44.4
2025-10-28,5,0.0,42.9
2025-10-28,6,0.0,39.2
2025-10-28,7,0.0,35.1
2025-10-28,8,0.0,33.2
2025-10-28,9,4.0,32.4
2025-10-28,10,117.0,35.3
2025-10-28,11,309.0,39.7
2025-10-28,12,482.0,45.4
2025-10-28,13,609.0,51.1
2025-10-28,14,676.0,54.3
2025-10-28,15,678.0,56.3
2025-10-28,16,612.0,58.3
2025-10-28,17,488.0,60.3
2025-10-28,18,319.0,60.5
2025-10-28,19,128.0,55.9
2025-10-28,20,6.0,51.9
2025-10-28,21,0.0,48.0
2025-10-28,22,0.0,44.8
2025-10-28,23,0.0,41.8
2025-10-28,24,0.0,40.0
2025-10-29,1,0.0,38.7
2025-10-29,2,0.0,37.4
2025-10-29,3,0.0,36.1
2025-10-29,4,0.0,34.0
2025-10-29,5,0.0,32.6
2025-10-29,6,0.0,32.2
2025-10-29,7,0.0,31.3
2025-10-29,8,0.0,30.5
2025-10-29,9,3.0,30.3
2025-10-29,10,112.0,34.5
2025-10-29,11,301.0,39.2
2025-10-29,12,472.0,43.4
2025-10-29,13,598.0,47.3
2025-10-29,14,664.0,50.3
2025-10-29,15,666.0,52.8
2025-10-29,16,603.0,55.4
2025-10-29,17,480.0,57.0
2025-10-29,18,311.0,57.3
2025-10-29,19,122.0,54.0
2025-10-29,20,5.0,50.7
2025-10-29,21,0.0,48.7
2025-10-29,22,0.0,45.6
2025-10-29,23,0.0,42.3
2025-10-29,24,0.0,39.7
2025-10-30,1,0.0,37.0
2025-10-30,2,0.0,35.4
2025-10-30,3,0.0,34.1
2025-10-30,4,0.0,34.0
2025-10-30,5,0.0,33.8
2025-10-30,6,0.0,34.9
2025-10-30,7,0.0,33.9
2025-10-30,8,0.0,33.2
2025-10-30,9,3.0,32.3
2025-10-30,10,107.0,35.8
2025-10-30,11,292.0,40.1
2025-10-30,12,462.0,44.5
2025-10-30,13,586.0,49.2
2025-10-30,14,652.0,53.6
2025-10-30,15,654.0,57.7
2025-10-30,16,592.0,61.0
2025-10-30,17,471.0,63.1
2025-10-30,18,304.0,63.3
2025-10-30,19,117.0,59.6
2025-10-30,20,4.0,55.6
2025-10-30,21,0.0,52.9
2025-10-30,22,0.0,48.7
2025-10-30,23,0.0,45.0
2025-10-30,24,0.0,42.1
2025-10-31,1,0.0,39.7
2025-10-31,2,0.0,38.0
2025-10-31,3,0.0,36.2
2025-10-31,4,0.0,35.4
2025-10-31,5,0.0,35.0
2025-10-31,6,0.0,34.9
2025-10-31,7,0.0,36.1
2025-10-31,8,0.0,35.0
2025-10-31,9,2.0,34.8
2025-10-31,10,70.0,37.6
2025-10-31,11,192.0,41.5
2025-10-31,12,300.0,44.8
2025-10-31,13,439.0,49.0
2025-10-31,14,539.0,53.9
2025-10-31,15,597.0,57.5
2025-10-31,16,586.0,60.5
2025-10-31,17,465.0,63.7
2025-10-31,18,299.0,65.2
2025-10-31,19,114.0,63.6
2025-10-31,20,4.0,57.0
2025-10-31,21,0.0,51.9
2025-10-31,22,0.0,47.6
2025-10-31,23,0.0,44.5
2025-10-31,24,0.0,42.8
2025-11-01,1,0.0,41.4
2025-11-01,2,0.0,39.9
2025-11-01,3,0.0,39.2
2025-11-01,4,0.0,38.7
2025-11-01,5,0.0,37.2
2025-11-01,6,0.0,35.8
2025-11-01,7,0.0,34.7
2025-11-01,8,0.0,33.1
2025-11-01,9,2.0,32.5
2025-11-01,10,99.0,37.2
2025-11-01,11,282.0,41.9
2025-11-01,12,449.0,47.3
2025-11-01,13,571.0,52.6
2025-11-01,14,635.0,58.5
2025-11-01,15,635.0,63.0
2025-11-01,16,572.0,66.4
2025-11-01,17,451.0,68.2
2025-11-01,18,287.0,68.2
2025-11-01,19,106.0,63.1
2025-11-01,20,3.0,60.9
2025-11-01,21,0.0,59.5
2025-11-01,22,0.0,54.1
2025-11-01,23,0.0,50.0
2025-11-01,24,0.0,47.0
2025-11-02,1,0.0,44.6
2025-11-02,2,0.0,43.0
2025-11-02,3,0.0,41.4
2025-11-02,4,0.0,40.6
2025-11-02,5,0.0,39.6
2025-11-02,6,0.0,38.8
2025-11-02,7,0.0,37.5
2025-11-02,8,0.0,36.1
2025-11-02,9,2.0,34.6
2025-11-02,10,97.0,38.1
2025-11-02,11,279.0,43.6
2025-11-02,12,446.0,48.8
2025-11-02,13,570.0,54.6
2025-11-02,14,636.0,59.5
2025-11-02,15,639.0,62.9
2025-11-02,16,577.0,65.5
2025-11-02,17,457.0,67.4
2025-11-02,18,291.0,67.6
2025-11-02,19,107.0,64.4
2025-11-02,20,3.0,60.5
2025-11-02,21,0.0,58.4
2025-11-02,22,0.0,53.3
2025-11-02,23,0.0,48.9
2025-11-02,24,0.0,46.6
2025-11-03,1,0.0,44.9
2025-11-03,2,0.0,43.6
2025-11-03,3,0.0,41.3
2025-11-03,4,0.0,39.7
2025-11-03,5,0.0,38.7
2025-11-03,6,0.0,38.1
2025-11-03,7,0.0,39.5
2025-11-03,8,0.0,38.8
2025-11-03,9,1.0,38.2
2025-11-03,10,76.0,42.5
2025-11-03,11,237.0,48.0
2025-11-03,12,343.0,52.2
2025-11-03,13,539.0,56.5
2025-11-03,14,622.0,61.0
2025-11-03,15,599.0,64.5
2025-11-03,16,534.0,66.6
2025-11-03,17,436.0,68.4
2025-11-03,18,276.0,68.8
2025-11-03,19,101.0,65.0
2025-11-03,20,2.0,60.8
2025-11-03,21,0.0,58.4
2025-11-03,22,0.0,54.8
2025-11-03,23,0.0,51.1
2025-11-03,24,0.0,47.8
2025-11-04,1,0.0,46.1
2025-11-04,2,0.0,44.2
2025-11-04,3,0.0,42.4
2025-11-04,4,0.0,41.4
2025-11-04,5,0.0,41.4
2025-11-04,6,0.0,41.8
2025-11-04,7,0.0,40.7
2025-11-04,8,0.0,39.6
2025-11-04,9,1.0,39.4
2025-11-04,10,78.0,42.8
2025-11-04,11,247.0,46.5
2025-11-04,12,416.0,50.8
2025-11-04,13,554.0,56.3
2025-11-04,14,625.0,60.6
2025-11-04,15,628.0,63.5
2025-11-04,16,566.0,66.1
2025-11-04,17,446.0,67.7
2025-11-04,18,281.0,67.7
2025-11-04,19,100.0,64.0
2025-11-04,20,2.0,61.3
2025-11-04,21,0.0,59.0
2025-11-04,22,0.0,53.9
2025-11-04,23,0.0,50.1
2025-11-04,24,0.0,47.6
2025-11-05,1,0.0,46.0
2025-11-05,2,0.0,44.1
2025-11-05,3,0.0,41.4
2025-11-05,4,0.0,40.2
2025-11-05,5,0.0,39.4
2025-11-05,6,0.0,38.4
2025-11-05,7,0.0,38.2
2025-11-05,8,0.0,37.5
2025-11-05,9,1.0,37.0
2025-11-05,10,88.0,41.1
2025-11-05,11,267.0,45.0
2025-11-05,12,433.0,49.9
2025-11-05,13,555.0,55.2
2025-11-05,14,620.0,60.5
2025-11-05,15,622.0,63.8
2025-11-05,16,561.0,65.6
2025-11-05,17,440.0,67.4
2025-11-05,18,278.0,68.4
2025-11-05,19,98.0,64.7
2025-11-05,20,2.0,62.2
2025-11-05,21,0.0,59.2
2025-11-05,22,0.0,57.1
2025-11-05,23,0.0,54.4
2025-11-05,24,0.0,53.0
2025-11-06,1,0.0,50.5
2025-11-06,2,0.0,48.5
2025-11-06,3,0.0,47.5
2025-11-06,4,0.0,47.4
2025-11-06,5,0.0,48.1
2025-11-06,6,0.0,46.7
2025-11-06,7,0.0,45.3
2025-11-06,8,0.0,44.2
2025-11-06,9,1.0,42.7
2025-11-06,10,78.0,44.8
2025-11-06,11,258.0,48.0
2025-11-06,12,416.0,51.7
2025-11-06,13,523.0,56.6
2025-11-06,14,597.0,60.9
2025-11-06,15,598.0,64.1
2025-11-06,16,539.0,66.6
2025-11-06,17,394.0,68.5
2025-11-06,18,263.0,69.0
2025-11-06,19,92.0,64.1
2025-11-06,20,1.0,61.4
2025-11-06,21,0.0,59.1
2025-11-06,22,0.0,54.9
2025-11-06,23,0.0,50.5
2025-11-06,24,0.0,48.6
2025-11-07,1,0.0,45.5
2025-11-07,2,0.0,44.4
2025-11-07,3,0.0,43.0
2025-11-07,4,0.0,41.4
2025-11-07,5,0.0,40.1
2025-11-07,6,0.0,38.7
2025-11-07,7,0.0,37.8
2025-11-07,8,0.0,36.7
2025-11-07,9,0.0,36.2
2025-11-07,10,81.0,39.3
2025-11-07,11,259.0,44.0
2025-11-07,12,423.0,48.3
2025-11-07,13,544.0,52.7
2025-11-07,14,608.0,56.9
2025-11-07,15,609.0,60.8
2025-11-07,16,547.0,63.5
2025-11-07,17,429.0,64.6
2025-11-07,18,267.0,65.0
2025-11-07,19,90.0,61.8
2025-11-07,20,1.0,59.3
2025-11-07,21,0.0,57.0
2025-11-07,22,0.0,54.1
2025-11-07,23,0.0,50.2
2025-11-07,24,0.0,46.8
2025-11-08,1,0.0,44.2
2025-11-08,2,0.0,42.7
2025-11-08,3,0.0,41.2
2025-11-08,4,0.0,40.3
2025-11-08,5,0.0,40.0
2025-11-08,6,0.0,40.2
2025-11-08,7,0.0,38.1
2025-11-08,8,0.0,36.9
2025-11-08,9,0.0,36.1
2025-11-08,10,78.0,38.9
2025-11-08,11,248.0,42.9
2025-11-08,12,412.0,47.6
2025-11-08,13,536.0,52.4
2025-11-08,14,602.0,57.9
2025-11-08,15,605.0,62.6
2025-11-08,16,542.0,65.1
2025-11-08,17,424.0,66.2
2025-11-08,18,263.0,65.9
2025-11-08,19,87.0,61.7
2025-11-08,20,1.0,59.7
2025-11-08,21,0.0,56.4
2025-11-08,22,0.0,52.9
2025-11-08,23,0.0,49.6
2025-11-08,24,0.0,48.6
2025-11-09,1,0.0,46.5
2025-11-09,2,0.0,45.9
2025-11-09,3,0.0,44.9
2025-11-09,4,0.0,43.1
2025-11-09,5,0.0,41.2
2025-11-09,6,0.0,39.1
2025-11-09,7,0.0,36.4
2025-11-09,8,0.0,34.7
2025-11-09,9,0.0,34.0
2025-11-09,10,76.0,37.1
2025-11-09,11,251.0,42.9
2025-11-09,12,417.0,47.2
2025-11-09,13,538.0,52.3
2025-11-09,14,603.0,57.0
2025-11-09,15,605.0,61.3
2025-11-09,16,543.0,64.0
2025-11-09,17,422.0,64.9
2025-11-09,18,262.0,64.7
2025-11-09,19,85.0,60.3
2025-11-09,20,1.0,56.8
2025-11-09,21,0.0,55.2
2025-11-09,22,0.0,50.5
2025-11-09,23,0.0,46.9
2025-11-09,24,0.0,44.1
2025-11-10,1,0.0,42.4
2025-11-10,2,0.0,40.9
2025-11-10,3,0.0,39.8
2025-11-10,4,0.0,38.6
2025-11-10,5,0.0,38.0
2025-11-10,6,0.0,37.6
2025-11-10,7,0.0,35.7
2025-11-10,8,0.0,35.5
2025-11-10,9,0.0,34.7
2025-11-10,10,72.0,37.0
2025-11-10,11,246.0,40.2
2025-11-10,12,411.0,43.7
2025-11-10,13,533.0,48.3
2025-11-10,14,599.0,52.5
2025-11-10,15,601.0,55.9
2025-11-10,16,541.0,58.5
2025-11-10,17,423.0,60.0
2025-11-10,18,260.0,60.2
2025-11-10,19,84.0,58.1
2025-11-10,20,1.0,55.8
2025-11-10,21,0.0,53.1
2025-11-10,22,0.0,51.1
2025-11-10,23,0.0,48.5
2025-11-10,24,0.0,45.0
2025-11-11,1,0.0,42.4
2025-11-11,2,0.0,39.4
2025-11-11,3,0.0,37.1
2025-11-11,4,0.0,36.0
2025-11-11,5,0.0,35.4
2025-11-11,6,0.0,34.9
2025-11-11,7,0.0,35.2
2025-11-11,8,0.0,33.3
2025-11-11,9,0.0,30.7
2025-11-11,10,70.0,33.4
2025-11-11,11,242.0,38.3
2025-11-11,12,401.0,42.9
2025-11-11,13,508.0,47.8
2025-11-11,14,572.0,52.9
2025-11-11,15,594.0,56.8
2025-11-11,16,536.0,59.6
2025-11-11,17,418.0,61.3
2025-11-11,18,256.0,61.3
2025-11-11,19,81.0,59.1
2025-11-11,20,0.0,55.9
2025-11-11,21,0.0,52.4
2025-11-11,22,0.0,48.5
2025-11-11,23,0.0,45.4
2025-11-11,24,0.0,43.4
2025-11-12,1,0.0,41.5
2025-11-12,2,0.0,39.0
2025-11-12,3,0.0,36.5
2025-11-12,4,0.0,35.7
2025-11-12,5,0.0,35.2
2025-11-12,6,0.0,35.1
2025-11-12,7,0.0,34.8
2025-11-12,8,0.0,33.4
2025-11-12,9,0.0,32.5
2025-11-12,10,64.0,35.6
2025-11-12,11,238.0,40.7
2025-11-12,12,398.0,46.5
2025-11-12,13,514.0,51.8
2025-11-12,14,566.0,56.4
2025-11-12,15,591.0,60.0
2025-11-12,16,523.0,62.2
2025-11-12,17,413.0,63.2
2025-11-12,18,224.0,63.0
2025-11-12,19,56.0,60.5
2025-11-12,20,0.0,58.5
2025-11-12,21,0.0,56.4
2025-11-12,22,0.0,55.9
2025-11-12,23,0.0,54.1
2025-11-12,24,0.0,50.8
2025-11-13,1,0.0,46.5
2025-11-13,2,0.0,45.6
2025-11-13,3,0.0,43.6
2025-11-13,4,0.0,41.5
2025-11-13,5,0.0,40.6
2025-11-13,6,0.0,40.0
2025-11-13,7,0.0,39.6
2025-11-13,8,0.0,38.7
2025-11-13,9,0.0,37.5
2025-11-13,10,63.0,40.1
2025-11-13,11,230.0,45.1
2025-11-13,12,393.0,50.2
2025-11-13,13,514.0,54.6
2025-11-13,14,579.0,59.1
2025-11-13,15,582.0,62.6
2025-11-13,16,522.0,65.0
2025-11-13,17,406.0,66.7
2025-11-13,18,246.0,66.8
2025-11-13,19,75.0,63.8
2025-11-13,20,0.0,59.7
2025-11-13,21,0.0,55.7
2025-11-13,22,0.0,52.2
2025-11-13,23,0.0,49.5
2025-11-13,24,0.0,47.0
2025-11-14,1,0.0,45.8
2025-11-14,2,0.0,44.2
2025-11-14,3,0.0,42.5
2025-11-14,4,0.0,41.3
2025-11-14,5,0.0,40.1
2025-11-14,6,0.0,39.2
2025-11-14,7,0.0,39.0
2025-11-14,8,0.0,38.2
2025-11-14,9,0.0,37.1
2025-11-14,10,61.0,40.6
2025-11-14,11,229.0,45.0
2025-11-14,12,388.0,49.2
2025-11-14,13,505.0,54.2
2025-11-14,14,573.0,58.7
2025-11-14,15,574.0,62.7
2025-11-14,16,513.0,65.3
2025-11-14,17,399.0,66.5
2025-11-14,18,242.0,66.5
2025-11-14,19,73.0,61.9
2025-11-14,20,0.0,58.6
2025-11-14,21,0.0,54.7
2025-11-14,22,0.0,51.6
2025-11-14,23,0.0,49.1
2025-11-14,24,0.0,47.5
2025-11-15,1,0.0,46.6
2025-11-15,2,0.0,44.7
2025-11-15,3,0.0,42.6
2025-11-15,4,0.0,41.5
2025-11-15,5,0.0,40.6
2025-11-15,6,0.0,40.1
2025-11-15,7,0.0,39.9
2025-11-15,8,0.0,38.7
2025-11-15,9,0.0,36.7
2025-11-15,10,58.0,38.7
2025-11-15,11,223.0,43.7
2025-11-15,12,384.0,48.5
2025-11-15,13,504.0,53.8
2025-11-15,14,567.0,58.5
2025-11-15,15,568.0,62.0
2025-11-15,16,502.0,64.1
2025-11-15,17,362.0,65.3
2025-11-15,18,221.0,65.7
2025-11-15,19,65.0,62.9
2025-11-15,20,0.0,60.7
2025-11-15,21,0.0,59.4
2025-11-15,22,0.0,55.4
2025-11-15,23,0.0,51.2
2025-11-15,24,0.0,47.7
2025-11-16,1,0.0,46.7
2025-11-16,2,0.0,45.8
2025-11-16,3,0.0,44.5
2025-11-16,4,0.0,47.3
2025-11-16,5,0.0,47.1
2025-11-16,6,0.0,46.8
2025-11-16,7,0.0,46.7
2025-11-16,8,0.0,45.6
2025-11-16,9,0.0,45.7
2025-11-16,10,39.0,47.0
2025-11-16,11,120.0,47.7
2025-11-16,12,179.0,49.7
2025-11-16,13,187.0,56.8
2025-11-16,14,270.0,57.4
2025-11-16,15,134.0,55.6
2025-11-16,16,128.0,53.8
2025-11-16,17,76.0,52.7
2025-11-16,18,131.0,52.8
2025-11-16,19,56.0,49.8
2025-11-16,20,0.0,45.1
2025-11-16,21,0.0,44.1
2025-11-16,22,0.0,43.8
2025-11-16,23,0.0,42.3
2025-11-16,24,0.0,41.5
2025-11-17,1,0.0,41.6
2025-11-17,2,0.0,40.6
2025-11-17,3,0.0,39.7
2025-11-17,4,0.0,38.6
2025-11-17,5,0.0,38.2
2025-11-17,6,0.0,38.3
2025-11-17,7,0.0,40.8
2025-11-17,8,0.0,40.1
2025-11-17,9,0.0,41.5
2025-11-17,10,40.0,42.4
2025-11-17,11,198.0,45.5
2025-11-17,12,281.0,48.0
2025-11-17,13,431.0,51.0
2025-11-17,14,371.0,52.8
2025-11-17,15,277.0,54.0
2025-11-17,16,243.0,55.0
2025-11-17,17,163.0,55.1
2025-11-17,18,104.0,55.4
2025-11-17,19,36.0,52.0
2025-11-17,20,0.0,50.4
2025-11-17,21,0.0,48.1
2025-11-17,22,0.0,46.9
2025-11-17,23,0.0,44.5
2025-11-17,24,0.0,41.8
2025-11-18,1,0.0,41.4
2025-11-18,2,0.0,41.3
2025-11-18,3,0.0,41.1
2025-11-18,4,0.0,40.2
2025-11-18,5,0.0,38.9
2025-11-18,6,0.0,38.6
2025-11-18,7,0.0,38.4
2025-11-18,8,0.0,40.3
2025-11-18,9,0.0,40.4
2025-11-18,10,38.0,41.7
2025-11-18,11,179.0,44.4
2025-11-18,12,193.0,46.8
2025-11-18,13,233.0,49.8
2025-11-18,14,393.0,53.2
2025-11-18,15,377.0,55.6
2025-11-18,16,382.0,57.3
2025-11-18,17,251.0,57.0
2025-11-18,18,94.0,55.6
2025-11-18,19,38.0,52.6
2025-11-18,20,0.0,50.5
2025-11-18,21,0.0,47.2
2025-11-18,22,0.0,45.5
2025-11-18,23,0.0,44.1
2025-11-18,24,0.0,42.0
2025-11-19,1,0.0,42.4
2025-11-19,2,0.0,41.3
2025-11-19,3,0.0,40.1
2025-11-19,4,0.0,38.6
2025-11-19,5,0.0,37.4
2025-11-19,6,0.0,36.7
2025-11-19,7,0.0,36.4
2025-11-19,8,0.0,37.2
2025-11-19,9,0.0,36.8
2025-11-19,10,37.0,39.5
2025-11-19,11,178.0,44.3
2025-11-19,12,290.0,47.4
2025-11-19,13,359.0,50.7
2025-11-19,14,345.0,54.0
2025-11-19,15,428.0,54.8
2025-11-19,16,465.0,55.0
2025-11-19,17,257.0,54.5
2025-11-19,18,141.0,53.9
2025-11-19,19,52.0,50.4
2025-11-19,20,0.0,49.1
2025-11-19,21,0.0,47.3
2025-11-19,22,0.0,45.3
2025-11-19,23,0.0,44.9
2025-11-19,24,0.0,44.0
2025-11-20,1,0.0,43.6
2025-11-20,2,0.0,41.4
2025-11-20,3,0.0,41.6
2025-11-20,4,0.0,40.4
2025-11-20,5,0.0,38.8
2025-11-20,6,0.0,39.0
2025-11-20,7,0.0,39.0
2025-11-20,8,0.0,39.1
2025-11-20,9,0.0,38.8
2025-11-20,10,29.0,39.7
2025-11-20,11,58.0,41.7
2025-11-20,12,214.0,45.1
2025-11-20,13,344.0,47.3
2025-11-20,14,401.0,48.5
2025-11-20,15,307.0,48.2
2025-11-20,16,361.0,50.1
2025-11-20,17,235.0,50.3
2025-11-20,18,127.0,49.3
2025-11-20,19,38.0,47.4
2025-11-20,20,0.0,46.9
2025-11-20,21,0.0,45.1
2025-11-20,22,0.0,43.9
2025-11-20,23,0.0,42.6
2025-11-20,24,0.0,41.2
2025-11-21,1,0.0,42.4
2025-11-21,2,0.0,41.2
2025-11-21,3,0.0,40.6
2025-11-21,4,0.0,40.0
2025-11-21,5,0.0,38.7
2025-11-21,6,0.0,38.8
2025-11-21,7,0.0,39.1
2025-11-21,8,0.0,39.0
2025-11-21,9,0.0,37.9
2025-11-21,10,30.0,38.9
2025-11-21,11,157.0,41.3
2025-11-21,12,248.0,43.7
2025-11-21,13,368.0,47.4
2025-11-21,14,457.0,49.5
2025-11-21,15,407.0,51.1
2025-11-21,16,304.0,51.8
2025-11-21,17,340.0,52.3
2025-11-21,18,214.0,51.6
2025-11-21,19,56.0,48.0
2025-11-21,20,0.0,45.6
2025-11-21,21,0.0,44.5
2025-11-21,22,0.0,41.8
2025-11-21,23,0.0,39.2
2025-11-21,24,0.0,38.1
2025-11-22,1,0.0,37.2
2025-11-22,2,0.0,36.5
2025-11-22,3,0.0,35.9
2025-11-22,4,0.0,35.0
2025-11-22,5,0.0,34.3
2025-11-22,6,0.0,33.6
2025-11-22,7,0.0,33.4
2025-11-22,8,0.0,34.1
2025-11-22,9,0.0,33.3
2025-11-22,10,36.0,36.0
2025-11-22,11,170.0,40.9
2025-11-22,12,336.0,44.8
2025-11-22,13,450.0,49.0
2025-11-22,14,475.0,51.6
2025-11-22,15,522.0,53.3
2025-11-22,16,466.0,54.3
2025-11-22,17,341.0,55.0
2025-11-22,18,203.0,54.1
2025-11-22,19,53.0,51.0
2025-11-22,20,0.0,50.2
2025-11-22,21,0.0,48.7
2025-11-22,22,0.0,47.7
2025-11-22,23,0.0,47.1
2025-11-22,24,0.0,45.9
2025-11-23,1,0.0,44.1
2025-11-23,2,0.0,44.1
2025-11-23,3,0.0,42.4
2025-11-23,4,0.0,41.9
2025-11-23,5,0.0,41.3
2025-11-23,6,0.0,41.0
2025-11-23,7,0.0,41.7
2025-11-23,8,0.0,42.3
2025-11-23,9,0.0,42.7
2025-11-23,10,17.0,43.4
2025-11-23,11,74.0,44.9
2025-11-23,12,49.0,45.5
2025-11-23,13,100.0,46.3
2025-11-23,14,97.0,46.0
2025-11-23,15,67.0,45.7
2025-11-23,16,95.0,45.6
2025-11-23,17,125.0,45.7
2025-11-23,18,82.0,45.6
2025-11-23,19,34.0,45.1
2025-11-23,20,0.0,43.5
2025-11-23,21,0.0,41.3
2025-11-23,22,0.0,40.2
2025-11-23,23,0.0,38.7
2025-11-23,24,0.0,37.5
2025-11-24,1,0.0,36.5
2025-11-24,2,0.0,35.3
2025-11-24,3,0.0,35.6
2025-11-24,4,0.0,37.3
2025-11-24,5,0.0,37.8
2025-11-24,6,0.0,38.2
2025-11-24,7,0.0,37.0
2025-11-24,8,0.0,37.0
2025-11-24,9,0.0,37.1
2025-11-24,10,14.0,37.2
2025-11-24,11,63.0,37.2
2025-11-24,12,136.0,37.9
2025-11-24,13,256.0,39.3
2025-11-24,14,283.0,42.2
2025-11-24,15,391.0,44.7
2025-11-24,16,462.0,46.9
2025-11-24,17,369.0,49.1
2025-11-24,18,215.0,50.4
2025-11-24,19,57.0,47.0
2025-11-24,20,0.0,44.6
2025-11-24,21,0.0,42.0
2025-11-24,22,0.0,39.2
2025-11-24,23,0.0,37.1
2025-11-24,24,0.0,35.2
2025-11-25,1,0.0,34.0
2025-11-25,2,0.0,32.5
2025-11-25,3,0.0,31.6
2025-11-25,4,0.0,32.0
2025-11-25,5,0.0,32.1
2025-11-25,6,0.0,31.8
2025-11-25,7,0.0,31.4
2025-11-25,8,0.0,31.6
2025-11-25,9,0.0,31.5
2025-11-25,10,19.0,31.8
2025-11-25,11,108.0,32.0
2025-11-25,12,223.0,33.5
2025-11-25,13,324.0,37.1
2025-11-25,14,398.0,41.2
2025-11-25,15,439.0,43.9
2025-11-25,16,463.0,46.9
2025-11-25,17,362.0,49.1
2025-11-25,18,212.0,50.2
2025-11-25,19,55.0,47.4
2025-11-25,20,0.0,46.2
2025-11-25,21,0.0,42.5
2025-11-25,22,0.0,39.0
2025-11-25,23,0.0,37.0
2025-11-25,24,0.0,34.6
2025-11-26,1,0.0,32.6
2025-11-26,2,0.0,32.1
2025-11-26,3,0.0,30.9
2025-11-26,4,0.0,30.0
2025-11-26,5,0.0,29.3
2025-11-26,6,0.0,28.9
2025-11-26,7,0.0,29.2
2025-11-26,8,0.0,28.9
2025-11-26,9,0.0,28.5
2025-11-26,10,20.0,29.1
2025-11-26,11,118.0,30.9
2025-11-26,12,234.0,33.4
2025-11-26,13,382.0,36.8
2025-11-26,14,502.0,41.1
2025-11-26,15,524.0,44.0
2025-11-26,16,475.0,46.1
2025-11-26,17,365.0,47.2
2025-11-26,18,213.0,46.9
2025-11-26,19,54.0,44.1
2025-11-26,20,0.0,42.5
2025-11-26,21,0.0,39.8
2025-11-26,22,0.0,37.2
2025-11-26,23,0.0,34.9
2025-11-26,24,0.0,33.3
2025-11-27,1,0.0,33.4
2025-11-27,2,0.0,33.3
2025-11-27,3,0.0,31.6
2025-11-27,4,0.0,30.7
2025-11-27,5,0.0,29.8
2025-11-27,6,0.0,29.8
2025-11-27,7,0.0,29.1
2025-11-27,8,0.0,29.1
2025-11-27,9,0.0,28.7
2025-11-27,10,31.0,29.2
2025-11-27,11,176.0,33.3
2025-11-27,12,336.0,37.6
2025-11-27,13,457.0,41.7
2025-11-27,14,524.0,44.7
2025-11-27,15,531.0,46.6
2025-11-27,16,477.0,47.8
2025-11-27,17,366.0,48.1
2025-11-27,18,214.0,47.2
2025-11-27,19,54.0,43.6
2025-11-27,20,0.0,41.7
2025-11-27,21,0.0,40.8
2025-11-27,22,0.0,39.3
2025-11-27,23,0.0,36.9
2025-11-27,24,0.0,34.5
2025-11-28,1,0.0,33.4
2025-11-28,2,0.0,31.6
2025-11-28,3,0.0,30.6
2025-11-28,4,0.0,30.7
2025-11-28,5,0.0,31.1
2025-11-28,6,0.0,31.2
2025-11-28,7,0.0,30.8
2025-11-28,8,0.0,30.2
2025-11-28,9,0.0,30.7
2025-11-28,10,22.0,31.8
2025-11-28,11,144.0,34.1
2025-11-28,12,288.0,37.0
2025-11-28,13,452.0,40.0
2025-11-28,14,520.0,43.3
2025-11-28,15,524.0,45.7
2025-11-28,16,475.0,47.6
2025-11-28,17,365.0,48.8
2025-11-28,18,213.0,48.6
2025-11-28,19,54.0,46.9
2025-11-28,20,0.0,43.7
2025-11-28,21,0.0,41.5
2025-11-28,22,0.0,38.8
2025-11-28,23,0.0,35.8
2025-11-28,24,0.0,34.5
2025-11-29,1,0.0,33.4
2025-11-29,2,0.0,32.0
2025-11-29,3,0.0,31.0
2025-11-29,4,0.0,30.6
2025-11-29,5,0.0,31.3
2025-11-29,6,0.0,30.6
2025-11-29,7,0.0,28.9
2025-11-29,8,0.0,28.7
2025-11-29,9,0.0,28.9
2025-11-29,10,31.0,31.0
2025-11-29,11,181.0,34.4
2025-11-29,12,342.0,37.6
2025-11-29,13,464.0,42.4
2025-11-29,14,526.0,47.9
2025-11-29,15,536.0,51.4
2025-11-29,16,478.0,53.1
2025-11-29,17,367.0,53.2
2025-11-29,18,211.0,50.9
2025-11-29,19,51.0,46.4
2025-11-29,20,0.0,45.0
2025-11-29,21,0.0,41.6
2025-11-29,22,0.0,38.6
2025-11-29,23,0.0,35.8
2025-11-29,24,0.0,33.9
2025-11-30,1,0.0,32.7
2025-11-30,2,0.0,32.4
2025-11-30,3,0.0,31.5
2025-11-30,4,0.0,30.6
2025-11-30,5,0.0,30.7
2025-11-30,6,0.0,30.5
2025-11-30,7,0.0,30.6
2025-11-30,8,0.0,30.8
2025-11-30,9,0.0,30.3
2025-11-30,10,13.0,31.6
2025-11-30,11,60.0,33.6
2025-11-30,12,67.0,34.6
2025-11-30,13,130.0,37.2
2025-11-30,14,214.0,39.7
2025-11-30,15,332.0,43.3
2025-11-30,16,262.0,44.9
2025-11-30,17,226.0,45.8
2025-11-30,18,82.0,45.1
2025-11-30,19,17.0,43.0
2025-11-30,20,0.0,41.8
2025-11-30,21,0.0,40.2
2025-11-30,22,0.0,39.4
2025-11-30,23,0.0,38.8
2025-11-30,24,0.0,36.0
2025-12-01,1,0.0,33.3
2025-12-01,2,0.0,32.2
2025-12-01,3,0.0,30.8
2025-12-01,4,0.0,30.6
2025-12-01,5,0.0,30.5
2025-12-01,6,0.0,30.7
2025-12-01,7,0.0,29.6
2025-12-01,8,0.0,28.1
2025-12-01,9,0.0,28.0
2025-12-01,10,27.0,28.6
2025-12-01,11,171.0,31.2
2025-12-01,12,331.0,34.3
2025-12-01,13,455.0,38.4
2025-12-01,14,523.0,41.0
2025-12-01,15,531.0,42.9
2025-12-01,16,475.0,44.1
2025-12-01,17,364.0,44.2
2025-12-01,18,211.0,43.1
2025-12-01,19,53.0,38.7
2025-12-01,20,0.0,36.1
2025-12-01,21,0.0,34.0
2025-12-01,22,0.0,32.5
2025-12-01,23,0.0,30.3
2025-12-01,24,0.0,28.4
2025-12-02,1,0.0,27.3
2025-12-02,2,0.0,26.2
2025-12-02,3,0.0,25.5
2025-12-02,4,0.0,25.9
2025-12-02,5,0.0,25.8
2025-12-02,6,0.0,25.6
2025-12-02,7,0.0,24.9
2025-12-02,8,0.0,24.4
2025-12-02,9,0.0,24.4
2025-12-02,10,25.0,25.7
2025-12-02,11,165.0,28.4
2025-12-02,12,256.0,31.0
2025-12-02,13,288.0,33.1
2025-12-02,14,316.0,35.8
2025-12-02,15,267.0,36.9
2025-12-02,16,111.0,35.7
2025-12-02,17,68.0,35.4
2025-12-02,18,86.0,35.0
2025-12-02,19,27.0,33.6
2025-12-02,20,0.0,32.1
2025-12-02,21,0.0,30.3
2025-12-02,22,0.0,28.5
2025-12-02,23,0.0,28.4
2025-12-02,24,0.0,28.7
2025-12-03,1,0.0,29.7
2025-12-03,2,0.0,29.6
2025-12-03,3,0.0,29.7
2025-12-03,4,0.0,29.5
2025-12-03,5,0.0,30.4
2025-12-03,6,0.0,30.5
2025-12-03,7,0.0,31.7
2025-12-03,8,0.0,31.2
2025-12-03,9,0.0,30.5
2025-12-03,10,14.0,30.8
2025-12-03,11,90.0,33.3
2025-12-03,12,119.0,34.9
2025-12-03,13,194.0,36.1
2025-12-03,14,293.0,38.0
2025-12-03,15,390.0,39.6
2025-12-03,16,306.0,40.3
2025-12-03,17,246.0,40.6
2025-12-03,18,130.0,40.6
2025-12-03,19,35.0,38.1
2025-12-03,20,0.0,35.6
2025-12-03,21,0.0,33.6
2025-12-03,22,0.0,32.4
2025-12-03,23,0.0,31.5
2025-12-03,24,0.0,31.0
2025-12-04,1,0.0,30.5
2025-12-04,2,0.0,29.8
2025-12-04,3,0.0,28.9
2025-12-04,4,0.0,28.2
2025-12-04,5,0.0,27.7
2025-12-04,6,0.0,26.7
2025-12-04,7,0.0,26.4
2025-12-04,8,0.0,25.9
2025-12-04,9,0.0,25.6
2025-12-04,10,23.0,26.5
2025-12-04,11,164.0,29.4
2025-12-04,12,324.0,32.2
2025-12-04,13,449.0,34.8
2025-12-04,14,518.0,37.2
2025-12-04,15,527.0,39.2
2025-12-04,16,474.0,40.6
2025-12-04,17,364.0,41.3
2025-12-04,18,212.0,40.2
2025-12-04,19,53.0,34.4
2025-12-04,20,0.0,32.0
2025-12-04,21,0.0,30.0
2025-12-04,22,0.0,29.3
2025-12-04,23,0.0,28.8
2025-12-04,24,0.0,28.0
2025-12-05,1,0.0,27.7
2025-12-05,2,0.0,27.4
2025-12-05,3,0.0,26.8
2025-12-05,4,0.0,26.4
2025-12-05,5,0.0,26.5
2025-12-05,6,0.0,27.7
2025-12-05,7,0.0,27.8
2025-12-05,8,0.0,26.0
2025-12-05,9,0.0,26.0
2025-12-05,10,21.0,27.0
2025-12-05,11,154.0,29.7
2025-12-05,12,310.0,32.3
2025-12-05,13,418.0,34.9
2025-12-05,14,502.0,37.1
2025-12-05,15,512.0,39.1
2025-12-05,16,462.0,40.8
2025-12-05,17,343.0,41.8
2025-12-05,18,203.0,41.3
2025-12-05,19,51.0,38.8
2025-12-05,20,0.0,36.8
2025-12-05,21,0.0,34.5
2025-12-05,22,0.0,31.3
2025-12-05,23,0.0,29.6
2025-12-05,24,0.0,28.5
2025-12-06,1,0.0,28.7
2025-12-06,2,0.0,28.3
2025-12-06,3,0.0,28.5
2025-12-06,4,0.0,28.5
2025-12-06,5,0.0,28.3
2025-12-06,6,0.0,28.1
2025-12-06,7,0.0,27.6
2025-12-06,8,0.0,27.5
2025-12-06,9,0.0,27.0
2025-12-06,10,20.0,27.8
2025-12-06,11,152.0,30.4
2025-12-06,12,307.0,33.0
2025-12-06,13,426.0,37.0
2025-12-06,14,488.0,39.7
2025-12-06,15,510.0,41.9
2025-12-06,16,460.0,44.2
2025-12-06,17,313.0,45.3
2025-12-06,18,163.0,44.8
2025-12-06,19,47.0,42.4
2025-12-06,20,0.0,41.7
2025-12-06,21,0.0,38.8
2025-12-06,22,0.0,35.6
2025-12-06,23,0.0,34.1
2025-12-06,24,0.0,32.6
2025-12-07,1,0.0,32.0
2025-12-07,2,0.0,31.6
2025-12-07,3,0.0,30.6
2025-12-07,4,0.0,29.5
2025-12-07,5,0.0,28.6
2025-12-07,6,0.0,27.8
2025-12-07,7,0.0,28.2
2025-12-07,8,0.0,27.4
2025-12-07,9,0.0,27.4
2025-12-07,10,20.0,28.4
2025-12-07,11,154.0,31.6
2025-12-07,12,312.0,35.1
2025-12-07,13,435.0,38.8
2025-12-07,14,506.0,42.8
2025-12-07,15,515.0,46.2
2025-12-07,16,465.0,48.7
2025-12-07,17,356.0,49.9
2025-12-07,18,207.0,48.4
2025-12-07,19,51.0,43.2
2025-12-07,20,0.0,40.9
2025-12-07,21,0.0,38.8
2025-12-07,22,0.0,34.6
2025-12-07,23,0.0,31.8
2025-12-07,24,0.0,29.9
2025-12-08,1,0.0,29.5
2025-12-08,2,0.0,28.5
2025-12-08,3,0.0,27.7
2025-12-08,4,0.0,27.6
2025-12-08,5,0.0,27.6
2025-12-08,6,0.0,27.7
2025-12-08,7,0.0,27.8
2025-12-08,8,0.0,27.2
2025-12-08,9,0.0,27.1
2025-12-08,10,18.0,28.3
2025-12-08,11,148.0,31.5
2025-12-08,12,306.0,34.9
2025-12-08,13,429.0,38.1
2025-12-08,14,500.0,40.7
2025-12-08,15,512.0,42.9
2025-12-08,16,463.0,44.5
2025-12-08,17,357.0,45.2
2025-12-08,18,207.0,44.3
2025-12-08,19,52.0,42.4
2025-12-08,20,0.0,38.9
2025-12-08,21,0.0,35.2
2025-12-08,22,0.0,32.3
2025-12-08,23,0.0,30.4
2025-12-08,24,0.0,29.1
2025-12-09,1,0.0,28.6
2025-12-09,2,0.0,28.6
2025-12-09,3,0.0,28.6
2025-12-09,4,0.0,28.6
2025-12-09,5,0.0,28.3
2025-12-09,6,0.0,28.0
2025-12-09,7,0.0,27.6
2025-12-09,8,0.0,27.9
2025-12-09,9,0.0,28.0
2025-12-09,10,17.0,28.9
2025-12-09,11,145.0,32.0
2025-12-09,12,299.0,35.5
2025-12-09,13,421.0,38.4
2025-12-09,14,491.0,41.5
2025-12-09,15,502.0,44.2
2025-12-09,16,453.0,46.1
2025-12-09,17,349.0,47.4
2025-12-09,18,203.0,47.1
2025-12-09,19,50.0,45.1
2025-12-09,20,0.0,41.0
2025-12-09,21,0.0,37.5
2025-12-09,22,0.0,34.8
2025-12-09,23,0.0,32.5
2025-12-09,24,0.0,31.2
2025-12-10,1,0.0,30.7
2025-12-10,2,0.0,31.4
2025-12-10,3,0.0,31.9
2025-12-10,4,0.0,31.6
2025-12-10,5,0.0,31.2
2025-12-10,6,0.0,30.5
2025-12-10,7,0.0,28.4
2025-12-10,8,0.0,28.4
2025-12-10,9,0.0,29.4
2025-12-10,10,16.0,30.9
2025-12-10,11,140.0,33.9
2025-12-10,12,294.0,37.5
2025-12-10,13,415.0,40.2
2025-12-10,14,485.0,43.2
2025-12-10,15,497.0,45.7
2025-12-10,16,449.0,47.5
2025-12-10,17,346.0,48.5
2025-12-10,18,200.0,47.7
2025-12-10,19,50.0,44.7
2025-12-10,20,0.0,42.5
2025-12-10,21,0.0,41.2
2025-12-10,22,0.0,38.8
2025-12-10,23,0.0,36.2
2025-12-10,24,0.0,34.4
2025-12-11,1,0.0,35.3
2025-12-11,2,0.0,34.3
2025-12-11,3,0.0,33.5
2025-12-11,4,0.0,33.6
2025-12-11,5,0.0,33.5
2025-12-11,6,0.0,33.2
2025-12-11,7,0.0,31.6
2025-12-11,8,0.0,30.7
2025-12-11,9,0.0,30.1
2025-12-11,10,15.0,31.0
2025-12-11,11,141.0,34.3
2025-12-11,12,297.0,37.9
2025-12-11,13,419.0,41.4
2025-12-11,14,490.0,44.4
2025-12-11,15,502.0,46.5
2025-12-11,16,454.0,48.1
2025-12-11,17,351.0,49.1
2025-12-11,18,205.0,48.0
2025-12-11,19,52.0,48.6
2025-12-11,20,0.0,43.9
2025-12-11,21,0.0,40.6
2025-12-11,22,0.0,37.7
2025-12-11,23,0.0,35.7
2025-12-11,24,0.0,34.2
2025-12-12,1,0.0,34.3
2025-12-12,2,0.0,33.4
2025-12-12,3,0.0,32.6
2025-12-12,4,0.0,32.6
2025-12-12,5,0.0,32.5
2025-12-12,6,0.0,32.0
2025-12-12,7,0.0,30.6
2025-12-12,8,0.0,30.0
2025-12-12,9,0.0,30.5
2025-12-12,10,15.0,29.9
2025-12-12,11,139.0,33.4
2025-12-12,12,289.0,35.7
2025-12-12,13,421.0,38.8
2025-12-12,14,497.0,41.9
2025-12-12,15,511.0,43.8
2025-12-12,16,463.0,45.1
2025-12-12,17,358.0,45.5
2025-12-12,18,210.0,44.4
2025-12-12,19,53.0,42.5
2025-12-12,20,0.0,40.0
2025-12-12,21,0.0,38.1
2025-12-12,22,0.0,37.0
2025-12-12,23,0.0,34.8
2025-12-12,24,0.0,32.5
2025-12-13,1,0.0,31.8
2025-12-13,2,0.0,29.6
2025-12-13,3,0.0,28.1
2025-12-13,4,0.0,27.7
2025-12-13,5,0.0,27.6
2025-12-13,6,0.0,27.6
2025-12-13,7,0.0,28.0
2025-12-13,8,0.0,28.4
2025-12-13,9,0.0,28.0
2025-12-13,10,9.0,28.8
2025-12-13,11,98.0,29.8
2025-12-13,12,216.0,30.7
2025-12-13,13,337.0,33.4
2025-12-13,14,467.0,37.6
2025-12-13,15,500.0,40.8
2025-12-13,16,461.0,42.6
2025-12-13,17,357.0,43.2
2025-12-13,18,209.0,41.5
2025-12-13,19,53.0,39.1
2025-12-13,20,0.0,38.0
2025-12-13,21,0.0,37.2
2025-12-13,22,0.0,35.7
2025-12-13,23,0.0,33.6
2025-12-13,24,0.0,31.6
2025-12-14,1,0.0,30.6
2025-12-14,2,0.0,28.8
2025-12-14,3,0.0,27.4
2025-12-14,4,0.0,26.9
2025-12-14,5,0.0,26.7
2025-12-14,6,0.0,26.5
2025-12-14,7,0.0,25.7
2025-12-14,8,0.0,24.5
2025-12-14,9,0.0,24.5
2025-12-14,10,10.0,25.3
2025-12-14,11,107.0,28.1
2025-12-14,12,232.0,29.8
2025-12-14,13,408.0,34.5
2025-12-14,14,489.0,40.0
2025-12-14,15,492.0,43.3
2025-12-14,16,452.0,45.3
2025-12-14,17,357.0,46.0
2025-12-14,18,209.0,43.4
2025-12-14,19,55.0,39.0
2025-12-14,20,0.0,36.7
2025-12-14,21,0.0,35.2
2025-12-14,22,0.0,34.3
2025-12-14,23,0.0,33.1
2025-12-14,24,0.0,31.7
2025-12-15,1,0.0,30.9
2025-12-15,2,0.0,30.7
2025-12-15,3,0.0,29.9
2025-12-15,4,0.0,29.5
2025-12-15,5,0.0,29.4
2025-12-15,6,0.0,29.0
2025-12-15,7,0.0,27.8
2025-12-15,8,0.0,27.4
2025-12-15,9,0.0,26.8
2025-12-15,10,10.0,27.1
2025-12-15,11,109.0,30.4
2025-12-15,12,253.0,33.7
2025-12-15,13,360.0,36.9
2025-12-15,14,473.0,39.6
2025-12-15,15,503.0,41.2
2025-12-15,16,463.0,42.4
2025-12-15,17,360.0,42.8
2025-12-15,18,212.0,40.6
2025-12-15,19,55.0,36.6
2025-12-15,20,0.0,33.7
2025-12-15,21,0.0,31.8
2025-12-15,22,0.0,30.7
2025-12-15,23,0.0,30.7
2025-12-15,24,0.0,30.5
2025-12-16,1,0.0,29.8
2025-12-16,2,0.0,28.9
2025-12-16,3,0.0,28.4
2025-12-16,4,0.0,27.8
2025-12-16,5,0.0,27.2
2025-12-16,6,0.0,27.5
2025-12-16,7,0.0,25.2
2025-12-16,8,0.0,24.0
2025-12-16,9,0.0,24.2
2025-12-16,10,12.0,24.4
2025-12-16,11,134.0,28.3
2025-12-16,12,292.0,32.4
2025-12-16,13,417.0,35.5
2025-12-16,14,490.0,38.8
2025-12-16,15,504.0,40.7
2025-12-16,16,457.0,42.5
2025-12-16,17,347.0,43.4
2025-12-16,18,206.0,40.7
2025-12-16,19,54.0,39.4
2025-12-16,20,0.0,37.8
2025-12-16,21,0.0,36.1
2025-12-16,22,0.0,34.4
2025-12-16,23,0.0,33.1
2025-12-16,24,0.0,32.1
2025-12-17,1,0.0,31.3
2025-12-17,2,0.0,31.3
2025-12-17,3,0.0,30.7
2025-12-17,4,0.0,30.4
2025-12-17,5,0.0,29.4
2025-12-17,6,0.0,28.3
2025-12-17,7,0.0,27.3
2025-12-17,8,0.0,26.0
2025-12-17,9,0.0,25.5
2025-12-17,10,11.0,27.0
2025-12-17,11,130.0,32.5
2025-12-17,12,284.0,36.0
2025-12-17,13,410.0,39.0
2025-12-17,14,482.0,42.0
2025-12-17,15,498.0,43.9
2025-12-17,16,453.0,45.2
2025-12-17,17,354.0,45.7
2025-12-17,18,210.0,43.4
2025-12-17,19,56.0,41.5
2025-12-17,20,0.0,37.7
2025-12-17,21,0.0,35.5
2025-12-17,22,0.0,35.1
2025-12-17,23,0.0,33.6
2025-12-17,24,0.0,32.4
2025-12-18,1,0.0,33.4
2025-12-18,2,0.0,32.2
2025-12-18,3,0.0,32.5
2025-12-18,4,0.0,33.5
2025-12-18,5,0.0,33.9
2025-12-18,6,0.0,33.1
2025-12-18,7,0.0,31.5
2025-12-18,8,0.0,32.1
2025-12-18,9,0.0,32.6
2025-12-18,10,11.0,32.7
2025-12-18,11,128.0,36.3
2025-12-18,12,283.0,40.0
2025-12-18,13,408.0,43.3
2025-12-18,14,477.0,45.5
2025-12-18,15,492.0,47.8
2025-12-18,16,452.0,49.5
2025-12-18,17,349.0,50.0
2025-12-18,18,197.0,47.9
2025-12-18,19,50.0,44.8
2025-12-18,20,0.0,43.2
2025-12-18,21,0.0,42.0
2025-12-18,22,0.0,39.2
2025-12-18,23,0.0,35.5
2025-12-18,24,0.0,32.0
2025-12-19,1,0.0,29.8
2025-12-19,2,0.0,29.3
2025-12-19,3,0.0,29.0
2025-12-19,4,0.0,29.0
2025-12-19,5,0.0,29.2
2025-12-19,6,0.0,29.5
2025-12-19,7,0.0,29.6
2025-12-19,8,0.0,29.0
2025-12-19,9,0.0,28.9
2025-12-19,10,10.0,29.6
2025-12-19,11,126.0,33.2
2025-12-19,12,286.0,36.6
2025-12-19,13,412.0,39.9
2025-12-19,14,489.0,43.7
2025-12-19,15,506.0,46.7
2025-12-19,16,460.0,48.7
2025-12-19,17,349.0,49.4
2025-12-19,18,188.0,47.4
2025-12-19,19,48.0,44.3
2025-12-19,20,0.0,43.4
2025-12-19,21,0.0,41.4
2025-12-19,22,0.0,38.0
2025-12-19,23,0.0,35.0
2025-12-19,24,0.0,33.7
2025-12-20,1,0.0,32.7
2025-12-20,2,0.0,31.9
2025-12-20,3,0.0,30.7
2025-12-20,4,0.0,30.4
2025-12-20,5,0.0,31.2
2025-12-20,6,0.0,31.4
2025-12-20,7,0.0,32.6
2025-12-20,8,0.0,32.3
2025-12-20,9,0.0,32.4
2025-12-20,10,9.0,33.2
2025-12-20,11,119.0,36.6
2025-12-20,12,273.0,40.3
2025-12-20,13,396.0,44.4
2025-12-20,14,467.0,47.1
2025-12-20,15,473.0,49.4
2025-12-20,16,402.0,51.4
2025-12-20,17,238.0,51.6
2025-12-20,18,170.0,50.1
2025-12-20,19,36.0,46.6
2025-12-20,20,0.0,44.6
2025-12-20,21,0.0,40.6
2025-12-20,22,0.0,38.5
2025-12-20,23,0.0,37.0
2025-12-20,24,0.0,35.5
2025-12-21,1,0.0,34.8
2025-12-21,2,0.0,33.0
2025-12-21,3,0.0,31.7
2025-12-21,4,0.0,31.7
2025-12-21,5,0.0,32.4
2025-12-21,6,0.0,31.9
2025-12-21,7,0.0,32.1
2025-12-21,8,0.0,31.5
2025-12-21,9,0.0,31.6
2025-12-21,10,8.0,32.7
2025-12-21,11,110.0,36.1
2025-12-21,12,271.0,39.7
2025-12-21,13,396.0,43.2
2025-12-21,14,468.0,46.5
2025-12-21,15,453.0,49.2
2025-12-21,16,427.0,51.3
2025-12-21,17,346.0,52.3
2025-12-21,18,202.0,51.2
2025-12-21,19,55.0,48.7
2025-12-21,20,0.0,46.5
2025-12-21,21,0.0,44.2
2025-12-21,22,0.0,40.9
2025-12-21,23,0.0,39.7
2025-12-21,24,0.0,40.0
2025-12-22,1,0.0,40.1
2025-12-22,2,0.0,39.1
2025-12-22,3,0.0,38.4
2025-12-22,4,0.0,37.4
2025-12-22,5,0.0,36.1
2025-12-22,6,0.0,35.0
2025-12-22,7,0.0,33.8
2025-12-22,8,0.0,33.0
2025-12-22,9,0.0,32.5
2025-12-22,10,8.0,32.5
2025-12-22,11,118.0,36.3
2025-12-22,12,277.0,40.3
2025-12-22,13,406.0,44.7
2025-12-22,14,479.0,48.7
2025-12-22,15,485.0,52.5
2025-12-22,16,443.0,55.5
2025-12-22,17,355.0,56.8
2025-12-22,18,216.0,55.8
2025-12-22,19,61.0,51.7
2025-12-22,20,0.0,46.8
2025-12-22,21,0.0,42.9
2025-12-22,22,0.0,39.7
2025-12-22,23,0.0,37.9
2025-12-22,24,0.0,36.2
2025-12-23,1,0.0,35.9
2025-12-23,2,0.0,34.6
2025-12-23,3,0.0,34.0
2025-12-23,4,0.0,33.4
2025-12-23,5,0.0,34.6
2025-12-23,6,0.0,35.2
2025-12-23,7,0.0,34.9
2025-12-23,8,0.0,33.6
2025-12-23,9,0.0,32.8
2025-12-23,10,9.0,32.5
2025-12-23,11,125.0,37.0
2025-12-23,12,275.0,41.6
2025-12-23,13,400.0,45.6
2025-12-23,14,474.0,49.5
2025-12-23,15,426.0,52.6
2025-12-23,16,344.0,55.0
2025-12-23,17,264.0,56.4
2025-12-23,18,142.0,54.5
2025-12-23,19,45.0,51.4
2025-12-23,20,0.0,47.8
2025-12-23,21,0.0,46.2
2025-12-23,22,0.0,43.9
2025-12-23,23,0.0,43.0
2025-12-23,24,0.0,42.0
2025-12-24,1,0.0,42.4
2025-12-24,2,0.0,42.7
2025-12-24,3,0.0,43.2
2025-12-24,4,0.0,43.6
2025-12-24,5,0.0,45.1
2025-12-24,6,0.0,45.5
2025-12-24,7,0.0,45.2
2025-12-24,8,0.0,44.3
2025-12-24,9,0.0,44.3
2025-12-24,10,5.0,43.3
2025-12-24,11,104.0,45.0
2025-12-24,12,216.0,48.7
2025-12-24,13,320.0,52.0
2025-12-24,14,391.0,55.7
2025-12-24,15,434.0,60.4
2025-12-24,16,325.0,64.1
2025-12-24,17,260.0,65.5
2025-12-24,18,137.0,62.6
2025-12-24,19,33.0,59.5
2025-12-24,20,0.0,58.2
2025-12-24,21,0.0,59.3
2025-12-24,22,0.0,56.4
2025-12-24,23,0.0,54.5
2025-12-24,24,0.0,55.2
2025-12-25,1,0.0,56.4
2025-12-25,2,0.0,55.6
2025-12-25,3,0.0,55.7
2025-12-25,4,0.0,55.0
2025-12-25,5,0.0,54.6
2025-12-25,6,0.0,53.8
2025-12-25,7,0.0,55.9
2025-12-25,8,0.0,54.5
2025-12-25,9,0.0,52.5
2025-12-25,10,3.0,50.9
2025-12-25,11,21.0,50.0
2025-12-25,12,52.0,50.5
2025-12-25,13,228.0,56.0
2025-12-25,14,451.0,59.5
2025-12-25,15,420.0,60.3
2025-12-25,16,394.0,63.1
2025-12-25,17,328.0,63.6
2025-12-25,18,203.0,61.6
2025-12-25,19,63.0,56.1
2025-12-25,20,0.0,53.8
2025-12-25,21,0.0,50.5
2025-12-25,22,0.0,47.7
2025-12-25,23,0.0,48.1
2025-12-25,24,0.0,46.9
2025-12-26,1,0.0,46.3
2025-12-26,2,0.0,44.3
2025-12-26,3,0.0,43.2
2025-12-26,4,0.0,43.0
2025-12-26,5,0.0,42.1
2025-12-26,6,0.0,41.5
2025-12-26,7,0.0,41.7
2025-12-26,8,0.0,39.3
2025-12-26,9,0.0,37.1
2025-12-26,10,7.0,36.7
2025-12-26,11,73.0,40.0
2025-12-26,12,239.0,43.9
2025-12-26,13,369.0,50.1
2025-12-26,14,425.0,54.3
2025-12-26,15,410.0,56.7
2025-12-26,16,293.0,58.2
2025-12-26,17,342.0,59.5
2025-12-26,18,182.0,57.8
2025-12-26,19,43.0,52.0
2025-12-26,20,0.0,49.8
2025-12-26,21,0.0,47.8
2025-12-26,22,0.0,46.4
2025-12-26,23,0.0,45.8
2025-12-26,24,0.0,46.0
2025-12-27,1,0.0,46.3
2025-12-27,2,0.0,45.1
2025-12-27,3,0.0,44.0
2025-12-27,4,0.0,43.4
2025-12-27,5,0.0,42.8
2025-12-27,6,0.0,42.4
2025-12-27,7,0.0,41.9
2025-12-27,8,0.0,40.8
2025-12-27,9,0.0,40.5
2025-12-27,10,6.0,40.4
2025-12-27,11,86.0,43.8
2025-12-27,12,181.0,47.6
2025-12-27,13,330.0,52.9
2025-12-27,14,466.0,54.1
2025-12-27,15,265.0,53.2
2025-12-27,16,214.0,51.4
2025-12-27,17,267.0,49.6
2025-12-27,18,124.0,48.0
2025-12-27,19,63.0,45.4
2025-12-27,20,0.0,42.5
2025-12-27,21,0.0,41.0
2025-12-27,22,0.0,39.7
2025-12-27,23,0.0,37.6
2025-12-27,24,0.0,35.2
2025-12-28,1,0.0,34.3
2025-12-28,2,0.0,34.0
2025-12-28,3,0.0,33.0
2025-12-28,4,0.0,31.1
2025-12-28,5,0.0,29.3
2025-12-28,6,0.0,28.7
2025-12-28,7,0.0,29.4
2025-12-28,8,0.0,29.6
2025-12-28,9,0.0,29.5
2025-12-28,10,8.0,29.9
2025-12-28,11,122.0,34.1
2025-12-28,12,285.0,37.8
2025-12-28,13,418.0,40.6
2025-12-28,14,498.0,43.0
2025-12-28,15,519.0,44.6
2025-12-28,16,479.0,45.6
2025-12-28,17,380.0,45.7
2025-12-28,18,234.0,44.8
2025-12-28,19,72.0,40.3
2025-12-28,20,0.0,39.5
2025-12-28,21,0.0,36.0
2025-12-28,22,0.0,32.5
2025-12-28,23,0.0,30.6
2025-12-28,24,0.0,28.8
2025-12-29,1,0.0,28.4
2025-12-29,2,0.0,27.8
2025-12-29,3,0.0,27.2
2025-12-29,4,0.0,27.1
2025-12-29,5,0.0,27.1
2025-12-29,6,0.0,26.3
2025-12-29,7,0.0,24.4
2025-12-29,8,0.0,24.8
2025-12-29,9,0.0,24.4
2025-12-29,10,8.0,24.8
2025-12-29,11,125.0,28.0
2025-12-29,12,289.0,31.4
2025-12-29,13,423.0,34.2
2025-12-29,14,504.0,37.2
2025-12-29,15,525.0,39.5
2025-12-29,16,483.0,40.7
2025-12-29,17,383.0,41.6
2025-12-29,18,237.0,40.8
2025-12-29,19,74.0,36.2
2025-12-29,20,0.0,34.8
2025-12-29,21,0.0,32.8
2025-12-29,22,0.0,30.4
2025-12-29,23,0.0,28.8
2025-12-29,24,0.0,28.0
2025-12-30,1,0.0,27.4
2025-12-30,2,0.0,27.1
2025-12-30,3,0.0,26.6
2025-12-30,4,0.0,26.9
2025-12-30,5,0.0,26.7
2025-12-30,6,0.0,26.5
2025-12-30,7,0.0,25.2
2025-12-30,8,0.0,24.2
2025-12-30,9,0.0,23.5
2025-12-30,10,7.0,23.0
2025-12-30,11,122.0,26.3
2025-12-30,12,284.0,29.8
2025-12-30,13,417.0,31.8
2025-12-30,14,499.0,34.4
2025-12-30,15,521.0,36.7
2025-12-30,16,480.0,38.4
2025-12-30,17,378.0,40.1
2025-12-30,18,235.0,38.5
2025-12-30,19,68.0,35.0
2025-12-30,20,0.0,31.8
2025-12-30,21,0.0,29.4
2025-12-30,22,0.0,28.3
2025-12-30,23,0.0,28.0
2025-12-30,24,0.0,28.7
2025-12-31,1,0.0,27.1
2025-12-31,2,0.0,25.8
2025-12-31,3,0.0,25.3
2025-12-31,4,0.0,25.7
2025-12-31,5,0.0,26.5
2025-12-31,6,0.0,26.3
2025-12-31,7,0.0,25.5
2025-12-31,8,0.0,24.2
2025-12-31,9,0.0,22.8
2025-12-31,10,7.0,22.2
2025-12-31,11,119.0,25.3
2025-12-31,12,281.0,29.5
2025-12-31,13,413.0,32.3
2025-12-31,14,494.0,35.4
2025-12-31,15,514.0,37.8
2025-12-31,16,449.0,38.9
2025-12-31,17,372.0,39.7
2025-12-31,18,203.0,37.9
2025-12-31,19,56.0,36.0
2025-12-31,20,0.0,35.1
2025-12-31,21,0.0,33.9
2025-12-31,22,0.0,33.8
2025-12-31,23,0.0,33.4
2025-12-31,24,0.0,34.1
2026-01-01,1,0.0,33.4
2026-01-01,2,0.0,33.2
2026-01-01,3,0.0,33.0
2026-01-01,4,0.0,33.4
2026-01-01,5,0.0,33.0
2026-01-01,6,0.0,32.5
2026-01-01,7,0.0,32.9
2026-01-01,8,0.0,33.2
2026-01-01,9,0.0,33.5
2026-01-01,10,1.0,34.2
2026-01-01,11,17.0,35.3
2026-01-01,12,65.0,37.4
2026-01-01,13,104.0,38.4
2026-01-01,14,135.0,39.9
2026-01-01,15,139.0,40.6
2026-01-01,16,157.0,41.8
2026-01-01,17,238.0,43.6
2026-01-01,18,60.0,43.1
2026-01-01,19,20.0,43.4
2026-01-01,20,0.0,42.8
2026-01-01,21,0.0,42.0
2026-01-01,22,0.0,41.5
2026-01-01,23,0.0,40.2
2026-01-01,24,0.0,40.4
2026-01-02,1,0.0,40.2
2026-01-02,2,0.0,40.0
2026-01-02,3,0.0,40.3
2026-01-02,4,0.0,39.6
2026-01-02,5,0.0,39.7
2026-01-02,6,0.0,37.6
2026-01-02,7,0.0,36.0
2026-01-02,8,0.0,35.4
2026-01-02,9,0.0,35.9
2026-01-02,10,6.0,34.6
2026-01-02,11,103.0,37.4
2026-01-02,12,259.0,42.9
2026-01-02,13,388.0,49.6
2026-01-02,14,475.0,52.1
2026-01-02,15,495.0,54.0
2026-01-02,16,444.0,55.0
2026-01-02,17,366.0,54.4
2026-01-02,18,227.0,52.4
2026-01-02,19,76.0,47.4
2026-01-02,20,1.0,44.5
2026-01-02,21,0.0,41.7
2026-01-02,22,0.0,39.2
2026-01-02,23,0.0,36.8
2026-01-02,24,0.0,35.0
2026-01-03,1,0.0,34.3
2026-01-03,2,0.0,32.6
2026-01-03,3,0.0,31.6
2026-01-03,4,0.0,31.3
2026-01-03,5,0.0,30.5
2026-01-03,6,0.0,29.7
2026-01-03,7,0.0,28.8
2026-01-03,8,0.0,29.2
2026-01-03,9,0.0,29.7
2026-01-03,10,5.0,29.9
2026-01-03,11,76.0,33.1
2026-01-03,12,207.0,37.0
2026-01-03,13,327.0,40.5
2026-01-03,14,341.0,44.0
2026-01-03,15,301.0,46.1
2026-01-03,16,331.0,48.0
2026-01-03,17,261.0,49.0
2026-01-03,18,168.0,48.9
2026-01-03,19,42.0,45.2
2026-01-03,20,1.0,43.3
2026-01-03,21,0.0,42.5
2026-01-03,22,0.0,41.6
2026-01-03,23,0.0,41.2
2026-01-03,24,0.0,40.7
2026-01-04,1,0.0,39.8
2026-01-04,2,0.0,39.5
2026-01-04,3,0.0,39.0
2026-01-04,4,0.0,38.1
2026-01-04,5,0.0,35.6
2026-01-04,6,0.0,34.6
2026-01-04,7,0.0,34.0
2026-01-04,8,0.0,32.6
2026-01-04,9,0.0,31.4
2026-01-04,10,6.0,31.1
2026-01-04,11,84.0,34.1
2026-01-04,12,208.0,36.8
2026-01-04,13,336.0,40.2
2026-01-04,14,471.0,44.7
2026-01-04,15,510.0,48.3
2026-01-04,16,473.0,50.5
2026-01-04,17,381.0,52.0
2026-01-04,18,240.0,52.5
2026-01-04,19,81.0,49.8
2026-01-04,20,1.0,46.8
2026-01-04,21,0.0,44.6
2026-01-04,22,0.0,42.8
2026-01-04,23,0.0,40.8
2026-01-04,24,0.0,39.9
2026-01-05,1,0.0,40.1
2026-01-05,2,0.0,40.0
2026-01-05,3,0.0,39.8
2026-01-05,4,0.0,38.8
2026-01-05,5,0.0,38.2
2026-01-05,6,0.0,38.6
2026-01-05,7,0.0,41.0
2026-01-05,8,0.0,39.8
2026-01-05,9,0.0,38.4
2026-01-05,10,6.0,37.3
2026-01-05,11,106.0,40.7
2026-01-05,12,232.0,43.9
2026-01-05,13,399.0,50.8
2026-01-05,14,461.0,52.5
2026-01-05,15,481.0,54.3
2026-01-05,16,397.0,55.1
2026-01-05,17,314.0,54.7
2026-01-05,18,218.0,53.1
2026-01-05,19,83.0,47.9
2026-01-05,20,1.0,44.2
2026-01-05,21,0.0,42.6
2026-01-05,22,0.0,41.1
2026-01-05,23,0.0,39.7
2026-01-05,24,0.0,38.5
2026-01-06,1,0.0,36.9
2026-01-06,2,0.0,35.7
2026-01-06,3,0.0,34.1
2026-01-06,4,0.0,32.3
2026-01-06,5,0.0,31.1
2026-01-06,6,0.0,30.7
2026-01-06,7,0.0,30.2
2026-01-06,8,0.0,29.5
2026-01-06,9,0.0,28.9
2026-01-06,10,6.0,29.2
2026-01-06,11,99.0,32.1
2026-01-06,12,262.0,35.6
2026-01-06,13,401.0,39.8
2026-01-06,14,489.0,43.7
2026-01-06,15,514.0,46.1
2026-01-06,16,479.0,47.7
2026-01-06,17,367.0,48.3
2026-01-06,18,218.0,47.8
2026-01-06,19,85.0,44.4
2026-01-06,20,1.0,41.8
2026-01-06,21,0.0,40.1
2026-01-06,22,0.0,37.9
2026-01-06,23,0.0,36.1
2026-01-06,24,0.0,34.3
2026-01-07,1,0.0,33.5
2026-01-07,2,0.0,33.7
2026-01-07,3,0.0,33.8
2026-01-07,4,0.0,32.8
2026-01-07,5,0.0,31.4
2026-01-07,6,0.0,30.4
2026-01-07,7,0.0,29.9
2026-01-07,8,0.0,29.3
2026-01-07,9,0.0,28.7
2026-01-07,10,6.0,29.4
2026-01-07,11,112.0,33.4
2026-01-07,12,268.0,37.0
2026-01-07,13,392.0,40.3
2026-01-07,14,428.0,42.4
2026-01-07,15,448.0,44.3
2026-01-07,16,419.0,46.0
2026-01-07,17,316.0,46.9
2026-01-07,18,115.0,46.1
2026-01-07,19,43.0,45.1
2026-01-07,20,1.0,43.6
2026-01-07,21,0.0,43.4
2026-01-07,22,0.0,41.0
2026-01-07,23,0.0,38.1
2026-01-07,24,0.0,36.0
2026-01-08,1,0.0,35.3
2026-01-08,2,0.0,35.3
2026-01-08,3,0.0,34.4
2026-01-08,4,0.0,34.6
2026-01-08,5,0.0,34.1
2026-01-08,6,0.0,34.3
2026-01-08,7,0.0,34.6
2026-01-08,8,0.0,32.9
2026-01-08,9,0.0,32.3
2026-01-08,10,6.0,32.4
2026-01-08,11,89.0,35.1
2026-01-08,12,231.0,39.3
2026-01-08,13,319.0,43.3
2026-01-08,14,458.0,45.0
2026-01-08,15,458.0,46.0
2026-01-08,16,359.0,44.2
2026-01-08,17,228.0,41.9
2026-01-08,18,165.0,40.6
2026-01-08,19,62.0,41.4
2026-01-08,20,1.0,38.6
2026-01-08,21,0.0,36.5
2026-01-08,22,0.0,35.2
2026-01-08,23,0.0,34.2
2026-01-08,24,0.0,35.8
2026-01-09,1,0.0,36.1
2026-01-09,2,0.0,34.1
2026-01-09,3,0.0,32.8
2026-01-09,4,0.0,30.9
2026-01-09,5,0.0,28.8
2026-01-09,6,0.0,27.7
2026-01-09,7,0.0,27.9
2026-01-09,8,0.0,27.5
2026-01-09,9,0.0,28.0
2026-01-09,10,7.0,28.7
2026-01-09,11,114.0,31.4
2026-01-09,12,284.0,33.2
2026-01-09,13,425.0,35.7
2026-01-09,14,516.0,37.6
2026-01-09,15,547.0,38.3
2026-01-09,16,510.0,38.0
2026-01-09,17,409.0,37.3
2026-01-09,18,266.0,36.2
2026-01-09,19,97.0,33.0
2026-01-09,20,2.0,30.9
2026-01-09,21,0.0,30.1
2026-01-09,22,0.0,29.4
2026-01-09,23,0.0,28.2
2026-01-09,24,0.0,27.0
2026-01-10,1,0.0,26.2
2026-01-10,2,0.0,25.3
2026-01-10,3,0.0,24.5
2026-01-10,4,0.0,24.1
2026-01-10,5,0.0,23.7
2026-01-10,6,0.0,23.7
2026-01-10,7,0.0,23.4
2026-01-10,8,0.0,22.0
2026-01-10,9,0.0,20.8
2026-01-10,10,7.0,20.8
2026-01-10,11,120.0,24.0
2026-01-10,12,286.0,28.4
2026-01-10,13,425.0,32.6
2026-01-10,14,512.0,36.4
2026-01-10,15,540.0,39.0
2026-01-10,16,503.0,40.2
2026-01-10,17,404.0,40.5
2026-01-10,18,263.0,39.1
2026-01-10,19,98.0,34.9
2026-01-10,20,3.0,33.2
2026-01-10,21,0.0,30.7
2026-01-10,22,0.0,29.2
2026-01-10,23,0.0,28.3
2026-01-10,24,0.0,27.5
2026-01-11,1,0.0,26.0
2026-01-11,2,0.0,25.3
2026-01-11,3,0.0,24.2
2026-01-11,4,0.0,23.7
2026-01-11,5,0.0,24.2
2026-01-11,6,0.0,23.9
2026-01-11,7,0.0,21.5
2026-01-11,8,0.0,20.3
2026-01-11,9,0.0,19.8
2026-01-11,10,7.0,20.0
2026-01-11,11,120.0,24.3
2026-01-11,12,286.0,28.3
2026-01-11,13,425.0,31.4
2026-01-11,14,513.0,34.5
2026-01-11,15,541.0,37.2
2026-01-11,16,505.0,39.2
2026-01-11,17,409.0,39.7
2026-01-11,18,266.0,38.9
2026-01-11,19,96.0,35.6
2026-01-11,20,3.0,33.6
2026-01-11,21,0.0,32.7
2026-01-11,22,0.0,31.2
2026-01-11,23,0.0,29.1
2026-01-11,24,0.0,27.8
2026-01-12,1,0.0,27.1
2026-01-12,2,0.0,27.0
2026-01-12,3,0.0,27.0
2026-01-12,4,0.0,26.1
2026-01-12,5,0.0,25.2
2026-01-12,6,0.0,24.8
2026-01-12,7,0.0,23.5
2026-01-12,8,0.0,21.7
2026-01-12,9,0.0,21.2
2026-01-12,10,7.0,20.8
2026-01-12,11,122.0,24.1
2026-01-12,12,288.0,28.2
2026-01-12,13,426.0,32.0
2026-01-12,14,514.0,35.1
2026-01-12,15,542.0,37.5
2026-01-12,16,507.0,39.7
2026-01-12,17,413.0,41.5
2026-01-12,18,270.0,41.1
2026-01-12,19,104.0,38.1
2026-01-12,20,4.0,34.9
2026-01-12,21,0.0,32.1
2026-01-12,22,0.0,31.3
2026-01-12,23,0.0,31.0
2026-01-12,24,0.0,30.4
2026-01-13,1,0.0,29.9
2026-01-13,2,0.0,28.9
2026-01-13,3,0.0,28.0
2026-01-13,4,0.0,27.5
2026-01-13,5,0.0,27.6
2026-01-13,6,0.0,27.8
2026-01-13,7,0.0,26.1
2026-01-13,8,0.0,25.1
2026-01-13,9,0.0,24.3
2026-01-13,10,7.0,24.4
2026-01-13,11,122.0,27.6
2026-01-13,12,267.0,31.4
2026-01-13,13,395.0,35.1
2026-01-13,14,474.0,38.6
2026-01-13,15,539.0,42.5
2026-01-13,16,504.0,45.8
2026-01-13,17,401.0,47.8
2026-01-13,18,244.0,45.3
2026-01-13,19,73.0,40.8
2026-01-13,20,3.0,38.4
2026-01-13,21,0.0,35.4
2026-01-13,22,0.0,33.0
2026-01-13,23,0.0,33.2
2026-01-13,24,0.0,33.4
2026-01-14,1,0.0,31.5
2026-01-14,2,0.0,31.6
2026-01-14,3,0.0,33.1
2026-01-14,4,0.0,34.3
2026-01-14,5,0.0,35.2
2026-01-14,6,0.0,34.6
2026-01-14,7,0.0,29.7
2026-01-14,8,0.0,28.0
2026-01-14,9,0.0,27.5
2026-01-14,10,8.0,28.6
2026-01-14,11,121.0,33.1
2026-01-14,12,286.0,38.9
2026-01-14,13,425.0,42.0
2026-01-14,14,510.0,45.5
2026-01-14,15,541.0,48.8
2026-01-14,16,508.0,51.3
2026-01-14,17,416.0,52.3
2026-01-14,18,275.0,50.0
2026-01-14,19,110.0,47.0
2026-01-14,20,5.0,43.3
2026-01-14,21,0.0,40.2
2026-01-14,22,0.0,37.0
2026-01-14,23,0.0,34.5
2026-01-14,24,0.0,34.0
2026-01-15,1,0.0,33.6
2026-01-15,2,0.0,32.3
2026-01-15,3,0.0,31.6
2026-01-15,4,0.0,31.0
2026-01-15,5,0.0,30.3
2026-01-15,6,0.0,29.7
2026-01-15,7,0.0,28.7
2026-01-15,8,0.0,28.2
2026-01-15,9,0.0,27.9
2026-01-15,10,8.0,27.3
2026-01-15,11,126.0,30.8
2026-01-15,12,295.0,33.9
2026-01-15,13,435.0,38.7
2026-01-15,14,524.0,41.8
2026-01-15,15,555.0,43.8
2026-01-15,16,522.0,45.3
2026-01-15,17,428.0,46.5
2026-01-15,18,285.0,46.2
2026-01-15,19,116.0,44.6
2026-01-15,20,5.0,38.9
2026-01-15,21,0.0,34.5
2026-01-15,22,0.0,31.5
2026-01-15,23,0.0,29.8
2026-01-15,24,0.0,28.6
2026-01-16,1,0.0,29.6
2026-01-16,2,0.0,28.2
2026-01-16,3,0.0,28.0
2026-01-16,4,0.0,28.4
2026-01-16,5,0.0,28.5
2026-01-16,6,0.0,28.0
2026-01-16,7,0.0,27.9
2026-01-16,8,0.0,26.1
2026-01-16,9,0.0,25.4
2026-01-16,10,9.0,26.4
2026-01-16,11,131.0,30.1
2026-01-16,12,303.0,33.8
2026-01-16,13,440.0,39.3
2026-01-16,14,533.0,42.8
2026-01-16,15,562.0,45.5
2026-01-16,16,528.0,48.2
2026-01-16,17,434.0,51.1
2026-01-16,18,293.0,51.3
2026-01-16,19,121.0,48.7
2026-01-16,20,6.0,41.8
2026-01-16,21,0.0,37.7
2026-01-16,22,0.0,33.1
2026-01-16,23,0.0,29.0
2026-01-16,24,0.0,28.4
2026-01-17,1,0.0,29.3
2026-01-17,2,0.0,28.9
2026-01-17,3,0.0,29.8
2026-01-17,4,0.0,30.0
2026-01-17,5,0.0,29.6
2026-01-17,6,0.0,29.7
2026-01-17,7,0.0,29.7
2026-01-17,8,0.0,28.9
2026-01-17,9,0.0,28.4
2026-01-17,10,9.0,30.0
2026-01-17,11,130.0,34.4
2026-01-17,12,301.0,38.6
2026-01-17,13,443.0,43.0
2026-01-17,14,533.0,45.0
2026-01-17,15,562.0,47.0
2026-01-17,16,528.0,49.1
2026-01-17,17,434.0,49.6
2026-01-17,18,291.0,48.2
2026-01-17,19,121.0,45.1
2026-01-17,20,7.0,39.9
2026-01-17,21,0.0,38.3
2026-01-17,22,0.0,35.2
2026-01-17,23,0.0,32.0
2026-01-17,24,0.0,30.0
2026-01-18,1,0.0,28.0
2026-01-18,2,0.0,27.2
2026-01-18,3,0.0,26.7
2026-01-18,4,0.0,27.1
2026-01-18,5,0.0,27.5
2026-01-18,6,0.0,27.1
2026-01-18,7,0.0,25.3
2026-01-18,8,0.0,24.9
2026-01-18,9,0.0,25.0
2026-01-18,10,9.0,24.8
2026-01-18,11,130.0,28.1
2026-01-18,12,301.0,31.8
2026-01-18,13,442.0,35.4
2026-01-18,14,533.0,39.1
2026-01-18,15,564.0,41.1
2026-01-18,16,531.0,42.6
2026-01-18,17,438.0,43.3
2026-01-18,18,295.0,43.0
2026-01-18,19,119.0,41.3
2026-01-18,20,7.0,37.7
2026-01-18,21,0.0,34.7
2026-01-18,22,0.0,31.6
2026-01-18,23,0.0,29.3
2026-01-18,24,0.0,29.0
2026-01-19,1,0.0,29.9
2026-01-19,2,0.0,28.9
2026-01-19,3,0.0,27.3
2026-01-19,4,0.0,27.0
2026-01-19,5,0.0,26.2
2026-01-19,6,0.0,26.2
2026-01-19,7,0.0,26.2
2026-01-19,8,0.0,25.2
2026-01-19,9,0.0,25.1
2026-01-19,10,9.0,25.4
2026-01-19,11,132.0,28.6
2026-01-19,12,302.0,32.2
2026-01-19,13,444.0,36.6
2026-01-19,14,536.0,41.2
2026-01-19,15,568.0,45.1
2026-01-19,16,537.0,47.8
2026-01-19,17,446.0,49.1
2026-01-19,18,303.0,47.8
2026-01-19,19,131.0,43.7
2026-01-19,20,9.0,38.8
2026-01-19,21,0.0,35.2
2026-01-19,22,0.0,30.4
2026-01-19,23,0.0,28.4
2026-01-19,24,0.0,28.0
2026-01-20,1,0.0,28.0
2026-01-20,2,0.0,27.9
2026-01-20,3,0.0,26.2
2026-01-20,4,0.0,24.5
2026-01-20,5,0.0,24.4
2026-01-20,6,0.0,24.5
2026-01-20,7,0.0,23.8
2026-01-20,8,0.0,23.3
2026-01-20,9,0.0,22.3
2026-01-20,10,10.0,21.8
2026-01-20,11,139.0,25.2
2026-01-20,12,315.0,29.0
2026-01-20,13,462.0,33.1
2026-01-20,14,556.0,36.8
2026-01-20,15,588.0,39.2
2026-01-20,16,556.0,40.8
2026-01-20,17,461.0,41.9
2026-01-20,18,314.0,41.5
2026-01-20,19,137.0,39.3
2026-01-20,20,10.0,35.2
2026-01-20,21,0.0,32.7
2026-01-20,22,0.0,30.3
2026-01-20,23,0.0,28.0
2026-01-20,24,0.0,25.8
2026-01-21,1,0.0,26.0
2026-01-21,2,0.0,25.0
2026-01-21,3,0.0,24.6
2026-01-21,4,0.0,23.8
2026-01-21,5,0.0,23.8
2026-01-21,6,0.0,23.5
2026-01-21,7,0.0,25.1
2026-01-21,8,0.0,23.6
2026-01-21,9,0.0,21.7
2026-01-21,10,10.0,21.7
2026-01-21,11,135.0,25.3
2026-01-21,12,313.0,29.6
2026-01-21,13,457.0,33.5
2026-01-21,14,550.0,37.7
2026-01-21,15,576.0,40.5
2026-01-21,16,535.0,42.1
2026-01-21,17,423.0,42.8
2026-01-21,18,264.0,42.0
2026-01-21,19,117.0,38.1
2026-01-21,20,9.0,33.7
2026-01-21,21,0.0,31.5
2026-01-21,22,0.0,29.2
2026-01-21,23,0.0,27.8
2026-01-21,24,0.0,26.6
2026-01-22,1,0.0,27.3
2026-01-22,2,0.0,26.2
2026-01-22,3,0.0,25.5
2026-01-22,4,0.0,25.3
2026-01-22,5,0.0,25.2
2026-01-22,6,0.0,24.9
2026-01-22,7,0.0,24.6
2026-01-22,8,0.0,24.0
2026-01-22,9,0.0,23.6
2026-01-22,10,11.0,23.8
2026-01-22,11,121.0,26.7
2026-01-22,12,274.0,30.7
2026-01-22,13,401.0,33.8
2026-01-22,14,516.0,38.6
2026-01-22,15,560.0,41.8
2026-01-22,16,480.0,43.3
2026-01-22,17,320.0,43.6
2026-01-22,18,210.0,42.7
2026-01-22,19,105.0,40.2
2026-01-22,20,9.0,36.6
2026-01-22,21,0.0,35.2
2026-01-22,22,0.0,35.3
2026-01-22,23,0.0,34.6
2026-01-22,24,0.0,33.4
2026-01-23,1,0.0,32.5
2026-01-23,2,0.0,31.2
2026-01-23,3,0.0,29.8
2026-01-23,4,0.0,28.4
2026-01-23,5,0.0,28.5
2026-01-23,6,0.0,28.4
2026-01-23,7,0.0,30.0
2026-01-23,8,0.0,28.7
2026-01-23,9,0.0,29.3
2026-01-23,10,4.0,31.6
2026-01-23,11,51.0,33.7
2026-01-23,12,125.0,35.6
2026-01-23,13,179.0,36.6
2026-01-23,14,204.0,38.5
2026-01-23,15,194.0,39.2
2026-01-23,16,264.0,40.6
2026-01-23,17,312.0,41.6
2026-01-23,18,213.0,40.8
2026-01-23,19,89.0,39.9
2026-01-23,20,5.0,38.5
2026-01-23,21,0.0,38.3
2026-01-23,22,0.0,37.9
2026-01-23,23,0.0,35.9
2026-01-23,24,0.0,35.9
2026-01-24,1,0.0,35.2
2026-01-24,2,0.0,34.6
2026-01-24,3,0.0,34.7
2026-01-24,4,0.0,34.9
2026-01-24,5,0.0,34.6
2026-01-24,6,0.0,33.3
2026-01-24,7,0.0,32.7
2026-01-24,8,0.0,33.1
2026-01-24,9,0.0,33.1
2026-01-24,10,8.0,32.9
2026-01-24,11,82.0,34.4
2026-01-24,12,151.0,35.8
2026-01-24,13,220.0,37.4
2026-01-24,14,274.0,39.2
2026-01-24,15,365.0,41.3
2026-01-24,16,497.0,44.0
2026-01-24,17,367.0,45.8
2026-01-24,18,215.0,43.8
2026-01-24,19,88.0,40.8
2026-01-24,20,11.0,36.6
2026-01-24,21,0.0,33.4
2026-01-24,22,0.0,31.2
2026-01-24,23,0.0,29.9
2026-01-24,24,0.0,28.7
2026-01-25,1,0.0,28.1
2026-01-25,2,0.0,27.1
2026-01-25,3,0.0,26.2
2026-01-25,4,0.0,25.4
2026-01-25,5,0.0,26.2
2026-01-25,6,0.0,27.2
2026-01-25,7,0.0,27.0
2026-01-25,8,0.0,26.6
2026-01-25,9,0.0,26.1
2026-01-25,10,13.0,26.3
2026-01-25,11,149.0,29.4
2026-01-25,12,327.0,33.0
2026-01-25,13,476.0,37.4
2026-01-25,14,569.0,41.1
2026-01-25,15,601.0,41.0
2026-01-25,16,569.0,41.6
2026-01-25,17,477.0,42.8
2026-01-25,18,331.0,41.8
2026-01-25,19,153.0,38.0
2026-01-25,20,15.0,34.8
2026-01-25,21,0.0,32.6
2026-01-25,22,0.0,31.8
2026-01-25,23,0.0,28.8
2026-01-25,24,0.0,28.1
2026-01-26,1,0.0,28.0
2026-01-26,2,0.0,26.8
2026-01-26,3,0.0,24.9
2026-01-26,4,0.0,23.5
2026-01-26,5,0.0,22.7
2026-01-26,6,0.0,22.1
2026-01-26,7,0.0,21.7
2026-01-26,8,0.0,20.7
2026-01-26,9,0.0,19.2
2026-01-26,10,14.0,19.3
2026-01-26,11,154.0,22.6
2026-01-26,12,336.0,26.8
2026-01-26,13,486.0,29.9
2026-01-26,14,584.0,33.3
2026-01-26,15,617.0,35.3
2026-01-26,16,584.0,36.7
2026-01-26,17,488.0,37.4
2026-01-26,18,340.0,37.1
2026-01-26,19,160.0,35.2
2026-01-26,20,16.0,31.2
2026-01-26,21,0.0,28.3
2026-01-26,22,0.0,25.7
2026-01-26,23,0.0,23.9
2026-01-26,24,0.0,23.1
2026-01-27,1,0.0,23.4
2026-01-27,2,0.0,22.8
2026-01-27,3,0.0,22.5
2026-01-27,4,0.0,22.5
2026-01-27,5,0.0,22.3
2026-01-27,6,0.0,21.4
2026-01-27,7,0.0,20.1
2026-01-27,8,0.0,19.1
2026-01-27,9,0.0,18.9
2026-01-27,10,14.0,19.9
2026-01-27,11,152.0,24.2
2026-01-27,12,332.0,28.1
2026-01-27,13,479.0,31.9
2026-01-27,14,576.0,35.2
2026-01-27,15,611.0,37.6
2026-01-27,16,580.0,39.7
2026-01-27,17,486.0,41.3
2026-01-27,18,340.0,41.1
2026-01-27,19,161.0,37.2
2026-01-27,20,17.0,33.2
2026-01-27,21,0.0,32.0
2026-01-27,22,0.0,28.9
2026-01-27,23,0.0,26.8
2026-01-27,24,0.0,25.4
2026-01-28,1,0.0,25.2
2026-01-28,2,0.0,24.8
2026-01-28,3,0.0,24.3
2026-01-28,4,0.0,24.4
2026-01-28,5,0.0,24.6
2026-01-28,6,0.0,24.4
2026-01-28,7,0.0,23.7
2026-01-28,8,0.0,21.7
2026-01-28,9,0.0,21.3
2026-01-28,10,13.0,22.8
2026-01-28,11,131.0,28.0
2026-01-28,12,285.0,33.4
2026-01-28,13,431.0,36.6
2026-01-28,14,418.0,39.5
2026-01-28,15,447.0,41.7
2026-01-28,16,512.0,43.1
2026-01-28,17,437.0,43.5
2026-01-28,18,336.0,42.1
2026-01-28,19,164.0,38.0
2026-01-28,20,19.0,34.6
2026-01-28,21,0.0,31.7
2026-01-28,22,0.0,29.1
2026-01-28,23,0.0,26.8
2026-01-28,24,0.0,27.0
2026-01-29,1,0.0,27.1
2026-01-29,2,0.0,27.9
2026-01-29,3,0.0,28.2
2026-01-29,4,0.0,28.9
2026-01-29,5,0.0,29.2
2026-01-29,6,0.0,29.0
2026-01-29,7,0.0,27.8
2026-01-29,8,0.0,25.6
2026-01-29,9,0.0,24.5
2026-01-29,10,16.0,25.0
2026-01-29,11,156.0,28.8
2026-01-29,12,335.0,33.7
2026-01-29,13,483.0,38.3
2026-01-29,14,579.0,42.2
2026-01-29,15,613.0,45.1
2026-01-29,16,581.0,46.9
2026-01-29,17,487.0,47.6
2026-01-29,18,342.0,47.3
2026-01-29,19,164.0,43.4
2026-01-29,20,20.0,38.1
2026-01-29,21,0.0,34.3
2026-01-29,22,0.0,32.1
2026-01-29,23,0.0,28.8
2026-01-29,24,0.0,28.6
2026-01-30,1,0.0,28.4
2026-01-30,2,0.0,28.7
2026-01-30,3,0.0,27.9
2026-01-30,4,0.0,27.6
2026-01-30,5,0.0,27.0
2026-01-30,6,0.0,26.5
2026-01-30,7,0.0,25.8
2026-01-30,8,0.0,25.2
2026-01-30,9,0.0,25.1
2026-01-30,10,17.0,25.3
2026-01-30,11,158.0,28.8
2026-01-30,12,336.0,32.9
2026-01-30,13,484.0,38.6
2026-01-30,14,581.0,43.3
2026-01-30,15,616.0,46.9
2026-01-30,16,585.0,48.7
2026-01-30,17,491.0,49.1
2026-01-30,18,345.0,48.2
2026-01-30,19,168.0,44.2
2026-01-30,20,21.0,39.8
2026-01-30,21,0.0,35.4
2026-01-30,22,0.0,32.5
2026-01-30,23,0.0,29.9
2026-01-30,24,0.0,28.6
2026-01-31,1,0.0,28.9
2026-01-31,2,0.0,29.7
2026-01-31,3,0.0,30.0
2026-01-31,4,0.0,29.9
2026-01-31,5,0.0,29.4
2026-01-31,6,0.0,29.2
2026-01-31,7,0.0,27.9
2026-01-31,8,0.0,26.7
2026-01-31,9,0.0,27.0
2026-01-31,10,17.0,27.7
2026-01-31,11,155.0,30.9
2026-01-31,12,332.0,34.5
2026-01-31,13,481.0,38.8
2026-01-31,14,576.0,42.7
2026-01-31,15,612.0,45.2
2026-01-31,16,581.0,48.5
2026-01-31,17,488.0,51.3
2026-01-31,18,344.0,50.5
2026-01-31,19,169.0,47.6
2026-01-31,20,22.0,40.7
2026-01-31,21,0.0,35.9
2026-01-31,22,0.0,31.9
2026-01-31,23,0.0,29.7
2026-01-31,24,0.0,28.8
2026-02-01,1,0.0,29.8
2026-02-01,2,0.0,29.9
2026-02-01,3,0.0,29.5
2026-02-01,4,0.0,28.8
2026-02-01,5,0.0,28.1
2026-02-01,6,0.0,28.1
2026-02-01,7,0.0,28.0
2026-02-01,8,0.0,26.2
2026-02-01,9,0.0,25.8
2026-02-01,10,18.0,25.9
2026-02-01,11,163.0,29.9
2026-02-01,12,341.0,35.1
2026-02-01,13,492.0,40.2
2026-02-01,14,590.0,43.3
2026-02-01,15,625.0,45.1
2026-02-01,16,596.0,46.4
2026-02-01,17,503.0,47.2
2026-02-01,18,358.0,47.3
2026-02-01,19,178.0,45.8
2026-02-01,20,25.0,41.6
2026-02-01,21,0.0,39.7
2026-02-01,22,0.0,36.7
2026-02-01,23,0.0,32.4
2026-02-01,24,0.0,29.3
2026-02-02,1,0.0,28.2
2026-02-02,2,0.0,27.8
2026-02-02,3,0.0,27.8
2026-02-02,4,0.0,27.6
2026-02-02,5,0.0,28.1
2026-02-02,6,0.0,28.6
2026-02-02,7,0.0,28.4
2026-02-02,8,0.0,28.0
2026-02-02,9,0.0,28.9
2026-02-02,10,13.0,29.8
2026-02-02,11,119.0,32.3
2026-02-02,12,234.0,35.1
2026-02-02,13,389.0,39.6
2026-02-02,14,500.0,43.1
2026-02-02,15,495.0,44.8
2026-02-02,16,574.0,47.0
2026-02-02,17,357.0,48.0
2026-02-02,18,329.0,49.9
2026-02-02,19,179.0,50.2
2026-02-02,20,26.0,44.4
2026-02-02,21,0.0,40.6
2026-02-02,22,0.0,35.6
2026-02-02,23,0.0,32.2
2026-02-02,24,0.0,30.6
2026-02-03,1,0.0,29.8
2026-02-03,2,0.0,29.5
2026-02-03,3,0.0,29.2
2026-02-03,4,0.0,29.2
2026-02-03,5,0.0,29.3
2026-02-03,6,0.0,29.1
2026-02-03,7,0.0,28.5
2026-02-03,8,0.0,28.7
2026-02-03,9,0.0,28.0
2026-02-03,10,21.0,28.9
2026-02-03,11,170.0,31.4
2026-02-03,12,351.0,34.2
2026-02-03,13,500.0,38.8
2026-02-03,14,596.0,42.2
2026-02-03,15,630.0,45.0
2026-02-03,16,598.0,48.0
2026-02-03,17,505.0,51.5
2026-02-03,18,360.0,53.0
2026-02-03,19,182.0,52.6
2026-02-03,20,27.0,48.9
2026-02-03,21,0.0,43.3
2026-02-03,22,0.0,39.3
2026-02-03,23,0.0,36.0
2026-02-03,24,0.0,33.6
2026-02-04,1,0.0,30.9
2026-02-04,2,0.0,29.2
2026-02-04,3,0.0,28.2
2026-02-04,4,0.0,28.9
2026-02-04,5,0.0,29.1
2026-02-04,6,0.0,29.1
2026-02-04,7,0.0,29.3
2026-02-04,8,0.0,28.6
2026-02-04,9,0.0,28.2
2026-02-04,10,22.0,29.9
2026-02-04,11,174.0,34.3
2026-02-04,12,356.0,37.1
2026-02-04,13,506.0,41.7
2026-02-04,14,603.0,45.7
2026-02-04,15,638.0,48.9
2026-02-04,16,607.0,50.9
2026-02-04,17,513.0,52.4
2026-02-04,18,367.0,52.9
2026-02-04,19,186.0,50.4
2026-02-04,20,29.0,46.0
2026-02-04,21,0.0,42.9
2026-02-04,22,0.0,39.9
2026-02-04,23,0.0,35.7
2026-02-04,24,0.0,32.9
2026-02-05,1,0.0,30.5
2026-02-05,2,0.0,28.1
2026-02-05,3,0.0,27.4
2026-02-05,4,0.0,27.8
2026-02-05,5,0.0,27.8
2026-02-05,6,0.0,27.8
2026-02-05,7,0.0,27.3
2026-02-05,8,0.0,26.1
2026-02-05,9,0.0,25.7
2026-02-05,10,23.0,27.5
2026-02-05,11,174.0,32.4
2026-02-05,12,355.0,37.3
2026-02-05,13,505.0,42.2
2026-02-05,14,603.0,45.3
2026-02-05,15,638.0,48.3
2026-02-05,16,609.0,50.3
2026-02-05,17,517.0,51.1
2026-02-05,18,371.0,50.9
2026-02-05,19,191.0,50.2
2026-02-05,20,31.0,45.2
2026-02-05,21,0.0,43.4
2026-02-05,22,0.0,38.9
2026-02-05,23,0.0,34.8
2026-02-05,24,0.0,32.7
2026-02-06,1,0.0,32.6
2026-02-06,2,0.0,30.7
2026-02-06,3,0.0,28.1
2026-02-06,4,0.0,28.0
2026-02-06,5,0.0,28.0
2026-02-06,6,0.0,27.5
2026-02-06,7,0.0,28.0
2026-02-06,8,0.0,28.2
2026-02-06,9,0.0,28.7
2026-02-06,10,14.0,31.6
2026-02-06,11,174.0,34.1
2026-02-06,12,358.0,38.1
2026-02-06,13,509.0,42.9
2026-02-06,14,605.0,47.1
2026-02-06,15,634.0,50.5
2026-02-06,16,588.0,53.0
2026-02-06,17,493.0,54.5
2026-02-06,18,344.0,54.8
2026-02-06,19,179.0,54.0
2026-02-06,20,31.0,49.3
2026-02-06,21,0.0,46.4
2026-02-06,22,0.0,44.4
2026-02-06,23,0.0,41.5
2026-02-06,24,0.0,37.9
2026-02-07,1,0.0,33.9
2026-02-07,2,0.0,32.8
2026-02-07,3,0.0,32.3
2026-02-07,4,0.0,31.7
2026-02-07,5,0.0,30.7
2026-02-07,6,0.0,29.9
2026-02-07,7,0.0,30.8
2026-02-07,8,0.0,29.9
2026-02-07,9,0.0,29.4
2026-02-07,10,25.0,30.8
2026-02-07,11,178.0,34.4
2026-02-07,12,350.0,37.9
2026-02-07,13,513.0,41.6
2026-02-07,14,608.0,45.8
2026-02-07,15,644.0,49.0
2026-02-07,16,615.0,52.1
2026-02-07,17,525.0,54.9
2026-02-07,18,379.0,56.2
2026-02-07,19,199.0,56.8
2026-02-07,20,35.0,51.7
2026-02-07,21,0.0,48.8
2026-02-07,22,0.0,43.4
2026-02-07,23,0.0,38.5
2026-02-07,24,0.0,35.0
2026-02-08,1,0.0,33.1
2026-02-08,2,0.0,32.3
2026-02-08,3,0.0,31.5
2026-02-08,4,0.0,30.9
2026-02-08,5,0.0,31.0
2026-02-08,6,0.0,30.1
2026-02-08,7,0.0,29.9
2026-02-08,8,0.0,30.0
2026-02-08,9,0.0,30.4
2026-02-08,10,28.0,32.0
2026-02-08,11,185.0,35.2
2026-02-08,12,368.0,38.1
2026-02-08,13,517.0,42.8
2026-02-08,14,615.0,47.5
2026-02-08,15,649.0,51.2
2026-02-08,16,619.0,54.4
2026-02-08,17,525.0,57.2
2026-02-08,18,378.0,58.6
2026-02-08,19,198.0,57.3
2026-02-08,20,37.0,52.6
2026-02-08,21,0.0,49.5
2026-02-08,22,0.0,45.8
2026-02-08,23,0.0,40.9
2026-02-08,24,0.0,36.4
2026-02-09,1,0.0,34.8
2026-02-09,2,0.0,32.6
2026-02-09,3,0.0,31.1
2026-02-09,4,0.0,30.3
2026-02-09,5,0.0,30.0
2026-02-09,6,0.0,30.1
2026-02-09,7,0.0,30.7
2026-02-09,8,0.0,29.8
2026-02-09,9,0.0,29.9
2026-02-09,10,29.0,32.0
2026-02-09,11,189.0,36.1
2026-02-09,12,378.0,38.7
2026-02-09,13,532.0,43.3
2026-02-09,14,631.0,48.0
2026-02-09,15,668.0,51.9
2026-02-09,16,637.0,55.1
2026-02-09,17,543.0,57.7
2026-02-09,18,395.0,58.7
2026-02-09,19,211.0,58.4
2026-02-09,20,40.0,54.0
2026-02-09,21,0.0,50.5
2026-02-09,22,0.0,46.2
2026-02-09,23,0.0,41.1
2026-02-09,24,0.0,37.0
2026-02-10,1,0.0,34.8
2026-02-10,2,0.0,33.8
2026-02-10,3,0.0,33.1
2026-02-10,4,0.0,34.6
2026-02-10,5,0.0,34.9
2026-02-10,6,0.0,34.7
2026-02-10,7,0.0,34.6
2026-02-10,8,0.0,33.4
2026-02-10,9,0.0,32.5
2026-02-10,10,30.0,33.4
2026-02-10,11,175.0,37.0
2026-02-10,12,296.0,40.6
2026-02-10,13,455.0,45.0
2026-02-10,14,582.0,50.2
2026-02-10,15,617.0,53.5
2026-02-10,16,583.0,55.7
2026-02-10,17,468.0,57.6
2026-02-10,18,340.0,58.6
2026-02-10,19,156.0,56.8
2026-02-10,20,24.0,53.2
2026-02-10,21,0.0,50.5
2026-02-10,22,0.0,48.9
2026-02-10,23,0.0,47.2
2026-02-10,24,0.0,44.4
2026-02-11,1,0.0,43.0
2026-02-11,2,0.0,41.9
2026-02-11,3,0.0,41.2
2026-02-11,4,0.0,40.8
2026-02-11,5,0.0,41.4
2026-02-11,6,0.0,40.7
2026-02-11,7,0.0,41.2
2026-02-11,8,0.0,40.2
2026-02-11,9,0.0,39.1
2026-02-11,10,16.0,40.3
2026-02-11,11,87.0,43.3
2026-02-11,12,147.0,46.5
2026-02-11,13,228.0,50.6
2026-02-11,14,269.0,52.7
2026-02-11,15,367.0,55.5
2026-02-11,16,330.0,57.6
2026-02-11,17,389.0,60.7
2026-02-11,18,226.0,61.1
2026-02-11,19,99.0,60.3
2026-02-11,20,21.0,57.4
2026-02-11,21,0.0,55.8
2026-02-11,22,0.0,53.3
2026-02-11,23,0.0,52.1
2026-02-11,24,0.0,49.6
2026-02-12,1,0.0,49.4
2026-02-12,2,0.0,49.1
2026-02-12,3,0.0,46.7
2026-02-12,4,0.0,45.4
2026-02-12,5,0.0,42.9
2026-02-12,6,0.0,40.7
2026-02-12,7,0.0,40.7
2026-02-12,8,0.0,39.6
2026-02-12,9,0.0,38.4
2026-02-12,10,33.0,38.7
2026-02-12,11,194.0,42.0
2026-02-12,12,375.0,45.9
2026-02-12,13,525.0,50.5
2026-02-12,14,623.0,54.1
2026-02-12,15,597.0,56.8
2026-02-12,16,575.0,58.9
2026-02-12,17,421.0,60.4
2026-02-12,18,232.0,58.8
2026-02-12,19,183.0,59.2
2026-02-12,20,41.0,54.9
2026-02-12,21,0.0,52.2
2026-02-12,22,0.0,50.1
2026-02-12,23,0.0,49.9
2026-02-12,24,0.0,46.3
2026-02-13,1,0.0,43.6
2026-02-13,2,0.0,43.3
2026-02-13,3,0.0,44.1
2026-02-13,4,0.0,43.0
2026-02-13,5,0.0,42.1
2026-02-13,6,0.0,41.6
2026-02-13,7,0.0,42.3
2026-02-13,8,0.0,41.4
2026-02-13,9,0.0,41.0
2026-02-13,10,8.0,41.2
2026-02-13,11,66.0,42.7
2026-02-13,12,143.0,44.7
2026-02-13,13,152.0,45.1
2026-02-13,14,143.0,45.4
2026-02-13,15,195.0,45.2
2026-02-13,16,206.0,46.0
2026-02-13,17,151.0,46.0
2026-02-13,18,183.0,46.5
2026-02-13,19,118.0,46.1
2026-02-13,20,19.0,44.8
2026-02-13,21,0.0,43.5
2026-02-13,22,0.0,42.6
2026-02-13,23,0.0,42.1
2026-02-13,24,0.0,40.6
2026-02-14,1,0.0,39.6
2026-02-14,2,0.0,38.2
2026-02-14,3,0.0,36.2
2026-02-14,4,0.0,34.6
2026-02-14,5,0.0,34.5
2026-02-14,6,0.0,33.6
2026-02-14,7,0.0,32.0
2026-02-14,8,0.0,30.8
2026-02-14,9,0.0,30.7
2026-02-14,10,38.0,32.5
2026-02-14,11,208.0,35.0
2026-02-14,12,385.0,38.2
2026-02-14,13,542.0,42.6
2026-02-14,14,651.0,47.3
2026-02-14,15,686.0,51.9
2026-02-14,16,655.0,54.4
2026-02-14,17,561.0,55.3
2026-02-14,18,412.0,55.1
2026-02-14,19,223.0,53.3
2026-02-14,20,51.0,47.8
2026-02-14,21,0.0,45.0
2026-02-14,22,0.0,42.4
2026-02-14,23,0.0,39.9
2026-02-14,24,0.0,37.0
2026-02-15,1,0.0,35.4
2026-02-15,2,0.0,33.4
2026-02-15,3,0.0,31.5
2026-02-15,4,0.0,30.7
2026-02-15,5,0.0,30.1
2026-02-15,6,0.0,29.7
2026-02-15,7,0.0,29.4
2026-02-15,8,0.0,28.8
2026-02-15,9,0.0,28.7
2026-02-15,10,32.0,32.0
2026-02-15,11,157.0,36.6
2026-02-15,12,329.0,40.6
2026-02-15,13,486.0,45.2
2026-02-15,14,602.0,49.2
2026-02-15,15,646.0,52.9
2026-02-15,16,622.0,55.3
2026-02-15,17,515.0,56.5
2026-02-15,18,322.0,56.6
2026-02-15,19,139.0,55.3
2026-02-15,20,26.0,52.3
2026-02-15,21,0.0,48.7
2026-02-15,22,0.0,47.3
2026-02-15,23,0.0,46.0
2026-02-15,24,0.0,45.4
2026-02-16,1,0.0,45.9
2026-02-16,2,0.0,44.8
2026-02-16,3,0.0,43.5
2026-02-16,4,0.0,42.3
2026-02-16,5,0.0,42.0
2026-02-16,6,0.0,39.8
2026-02-16,7,0.0,38.7
2026-02-16,8,0.0,37.9
2026-02-16,9,0.0,36.4
2026-02-16,10,39.0,37.9
2026-02-16,11,187.0,42.4
2026-02-16,12,340.0,47.0
2026-02-16,13,453.0,51.3
2026-02-16,14,503.0,55.8
2026-02-16,15,330.0,58.8
2026-02-16,16,232.0,59.5
2026-02-16,17,144.0,58.5
2026-02-16,18,120.0,57.8
2026-02-16,19,120.0,56.4
2026-02-16,20,23.0,53.6
2026-02-16,21,0.0,54.3
2026-02-16,22,0.0,52.3
2026-02-16,23,0.0,50.4
2026-02-16,24,0.0,47.1
2026-02-17,1,0.0,46.2
2026-02-17,2,0.0,47.8
2026-02-17,3,0.0,49.3
2026-02-17,4,0.0,49.5
2026-02-17,5,0.0,46.4
2026-02-17,6,0.0,44.2
2026-02-17,7,0.0,38.0
2026-02-17,8,0.0,36.7
2026-02-17,9,0.0,35.7
2026-02-17,10,29.0,37.0
2026-02-17,11,227.0,39.9
2026-02-17,12,411.0,43.5
2026-02-17,13,510.0,45.7
2026-02-17,14,615.0,47.6
2026-02-17,15,704.0,49.2
2026-02-17,16,664.0,50.4
2026-02-17,17,568.0,50.9
2026-02-17,18,429.0,50.7
2026-02-17,19,218.0,48.4
2026-02-17,20,57.0,45.3
2026-02-17,21,0.0,43.2
2026-02-17,22,0.0,41.8
2026-02-17,23,0.0,40.7
2026-02-17,24,0.0,39.6
2026-02-18,1,0.0,39.4
2026-02-18,2,0.0,38.0
2026-02-18,3,0.0,37.2
2026-02-18,4,0.0,38.1
2026-02-18,5,0.0,38.9
2026-02-18,6,0.0,39.3
2026-02-18,7,0.0,39.6
2026-02-18,8,0.0,38.5
2026-02-18,9,0.0,38.3
2026-02-18,10,32.0,39.6
2026-02-18,11,123.0,41.1
2026-02-18,12,244.0,43.0
2026-02-18,13,354.0,43.5
2026-02-18,14,525.0,44.5
2026-02-18,15,412.0,43.2
2026-02-18,16,219.0,37.9
2026-02-18,17,337.0,39.6
2026-02-18,18,390.0,38.5
2026-02-18,19,114.0,36.9
2026-02-18,20,51.0,35.0
2026-02-18,21,0.0,33.5
2026-02-18,22,0.0,32.2
2026-02-18,23,0.0,31.0
2026-02-18,24,0.0,29.1
2026-02-19,1,0.0,28.6
2026-02-19,2,0.0,26.7
2026-02-19,3,0.0,26.1
2026-02-19,4,0.0,25.4
2026-02-19,5,0.0,24.6
2026-02-19,6,0.0,23.6
2026-02-19,7,0.0,22.8
2026-02-19,8,0.0,21.9
2026-02-19,9,0.0,21.4
2026-02-19,10,53.0,23.2
2026-02-19,11,233.0,26.9
2026-02-19,12,434.0,29.8
2026-02-19,13,590.0,33.4
2026-02-19,14,655.0,35.8
2026-02-19,15,714.0,37.6
2026-02-19,16,694.0,39.3
2026-02-19,17,596.0,41.2
2026-02-19,18,440.0,41.5
2026-02-19,19,233.0,41.5
2026-02-19,20,39.0,38.8
2026-02-19,21,0.0,38.2
2026-02-19,22,0.0,35.7
2026-02-19,23,0.0,34.2
2026-02-19,24,0.0,32.9
2026-02-20,1,0.0,30.4
2026-02-20,2,0.0,28.4
2026-02-20,3,0.0,26.1
2026-02-20,4,0.0,27.6
2026-02-20,5,0.0,30.1
2026-02-20,6,0.0,30.9
2026-02-20,7,0.0,33.7
2026-02-20,8,0.0,32.9
2026-02-20,9,0.0,31.2
2026-02-20,10,46.0,31.2
2026-02-20,11,195.0,33.4
2026-02-20,12,397.0,34.5
2026-02-20,13,345.0,36.0
2026-02-20,14,571.0,37.5
2026-02-20,15,653.0,38.8
2026-02-20,16,685.0,40.0
2026-02-20,17,597.0,40.3
2026-02-20,18,420.0,39.7
2026-02-20,19,236.0,38.1
2026-02-20,20,64.0,35.6
2026-02-20,21,0.0,32.9
2026-02-20,22,0.0,31.5
2026-02-20,23,0.0,29.0
2026-02-20,24,0.0,26.3
2026-02-21,1,0.0,25.3
2026-02-21,2,0.0,24.2
2026-02-21,3,0.0,23.1
2026-02-21,4,0.0,22.1
2026-02-21,5,0.0,21.7
2026-02-21,6,0.0,21.7
2026-02-21,7,0.0,20.8
2026-02-21,8,0.0,21.2
2026-02-21,9,0.0,21.1
2026-02-21,10,60.0,22.6
2026-02-21,11,249.0,26.2
2026-02-21,12,445.0,29.1
2026-02-21,13,603.0,32.2
2026-02-21,14,706.0,35.8
2026-02-21,15,744.0,38.1
2026-02-21,16,714.0,39.7
2026-02-21,17,617.0,40.4
2026-02-21,18,463.0,40.4
2026-02-21,19,269.0,39.0
2026-02-21,20,73.0,35.2
2026-02-21,21,0.0,33.9
2026-02-21,22,0.0,32.4
2026-02-21,23,0.0,28.5
2026-02-21,24,0.0,25.3
2026-02-22,1,0.0,24.5
2026-02-22,2,0.0,24.6
2026-02-22,3,0.0,24.4
2026-02-22,4,0.0,24.2
2026-02-22,5,0.0,24.2
2026-02-22,6,0.0,24.5
2026-02-22,7,0.0,24.6
2026-02-22,8,0.0,24.3
2026-02-22,9,0.0,23.7
2026-02-22,10,63.0,25.6
2026-02-22,11,249.0,30.1
2026-02-22,12,445.0,34.3
2026-02-22,13,601.0,37.1
2026-02-22,14,698.0,40.7
2026-02-22,15,735.0,44.2
2026-02-22,16,705.0,46.7
2026-02-22,17,607.0,48.1
2026-02-22,18,453.0,48.7
2026-02-22,19,258.0,48.0
2026-02-22,20,68.0,43.7
2026-02-22,21,0.0,42.3
2026-02-22,22,0.0,38.6
2026-02-22,23,0.0,34.1
2026-02-22,24,0.0,30.6
2026-02-23,1,0.0,28.9
2026-02-23,2,0.0,28.3
2026-02-23,3,0.0,27.3
2026-02-23,4,0.0,26.8
2026-02-23,5,0.0,26.2
2026-02-23,6,0.0,25.7
2026-02-23,7,0.0,25.3
2026-02-23,8,0.0,25.1
2026-02-23,9,0.0,24.8
2026-02-23,10,66.0,27.6
2026-02-23,11,255.0,31.9
2026-02-23,12,447.0,35.4
2026-02-23,13,602.0,39.7
2026-02-23,14,702.0,43.6
2026-02-23,15,738.0,47.1
2026-02-23,16,707.0,49.6
2026-02-23,17,607.0,51.3
2026-02-23,18,456.0,52.2
2026-02-23,19,241.0,52.3
2026-02-23,20,54.0,48.4
2026-02-23,21,0.0,44.6
2026-02-23,22,0.0,41.8
2026-02-23,23,0.0,38.4
2026-02-23,24,0.0,34.3
2026-02-24,1,0.0,32.4
2026-02-24,2,0.0,30.9
2026-02-24,3,0.0,29.1
2026-02-24,4,0.0,28.2
2026-02-24,5,0.0,28.0
2026-02-24,6,0.0,28.5
2026-02-24,7,0.0,29.8
2026-02-24,8,0.0,29.8
2026-02-24,9,0.0,29.5
2026-02-24,10,66.0,31.9
2026-02-24,11,254.0,36.1
2026-02-24,12,444.0,39.7
2026-02-24,13,590.0,44.0
2026-02-24,14,691.0,48.8
2026-02-24,15,722.0,52.5
2026-02-24,16,695.0,55.7
2026-02-24,17,598.0,57.9
2026-02-24,18,448.0,59.0
2026-02-24,19,262.0,61.6
2026-02-24,20,75.0,57.0
2026-02-24,21,0.0,53.9
2026-02-24,22,0.0,49.3
2026-02-24,23,0.0,45.1
2026-02-24,24,0.0,42.1
2026-02-25,1,0.0,41.8
2026-02-25,2,0.0,41.1
2026-02-25,3,0.0,39.3
2026-02-25,4,0.0,38.2
2026-02-25,5,0.0,37.4
2026-02-25,6,0.0,37.0
2026-02-25,7,0.0,37.9
2026-02-25,8,0.0,36.6
2026-02-25,9,0.0,36.4
2026-02-25,10,44.0,39.2
2026-02-25,11,232.0,43.8
2026-02-25,12,426.0,49.0
2026-02-25,13,567.0,57.7
2026-02-25,14,656.0,65.5
2026-02-25,15,725.0,70.3
2026-02-25,16,685.0,71.1
2026-02-25,17,586.0,71.3
2026-02-25,18,441.0,70.3
2026-02-25,19,257.0,69.4
2026-02-25,20,75.0,64.5
2026-02-25,21,0.0,59.9
2026-02-25,22,0.0,56.3
2026-02-25,23,0.0,51.4
2026-02-25,24,0.0,47.7
2026-02-26,1,0.0,46.0
2026-02-26,2,0.0,45.3
2026-02-26,3,0.0,43.4
2026-02-26,4,0.0,42.0
2026-02-26,5,0.0,40.0
2026-02-26,6,0.0,38.8
2026-02-26,7,0.0,37.7
2026-02-26,8,0.0,37.2
2026-02-26,9,0.0,36.1
2026-02-26,10,68.0,39.0
2026-02-26,11,254.0,44.6
2026-02-26,12,445.0,49.9
2026-02-26,13,597.0,56.9
2026-02-26,14,693.0,63.1
2026-02-26,15,734.0,67.0
2026-02-26,16,703.0,69.9
2026-02-26,17,611.0,72.1
2026-02-26,18,464.0,72.0
2026-02-26,19,275.0,70.1
2026-02-26,20,84.0,65.3
2026-02-26,21,0.0,60.2
2026-02-26,22,0.0,58.7
2026-02-26,23,0.0,54.4
2026-02-26,24,0.0,48.5
2026-02-27,1,0.0,45.3
2026-02-27,2,0.0,44.1
2026-02-27,3,0.0,42.5
2026-02-27,4,0.0,41.5
2026-02-27,5,0.0,40.6
2026-02-27,6,0.0,39.2
2026-02-27,7,0.0,35.9
2026-02-27,8,0.0,33.8
2026-02-27,9,0.0,32.4
2026-02-27,10,73.0,35.6
2026-02-27,11,227.0,41.5
2026-02-27,12,424.0,46.5
2026-02-27,13,597.0,53.1
2026-02-27,14,716.0,60.0
2026-02-27,15,749.0,64.2
2026-02-27,16,713.0,66.6
2026-02-27,17,621.0,69.1
2026-02-27,18,469.0,70.7
2026-02-27,19,279.0,69.8
2026-02-27,20,86.0,65.6
2026-02-27,21,0.0,60.4
2026-02-27,22,0.0,57.1
2026-02-27,23,0.0,53.3
2026-02-27,24,0.0,49.7
2026-02-28,1,0.0,46.1
2026-02-28,2,0.0,43.8
2026-02-28,3,0.0,42.2
2026-02-28,4,0.0,40.7
2026-02-28,5,0.0,39.2
2026-02-28,6,0.0,37.8
2026-02-28,7,0.0,36.7
2026-02-28,8,0.0,36.2
2026-02-28,9,0.0,35.4
2026-02-28,10,81.0,38.2
2026-02-28,11,271.0,43.3
2026-02-28,12,458.0,48.7
2026-02-28,13,621.0,55.5
2026-02-28,14,713.0,60.8
2026-02-28,15,743.0,64.8
2026-02-28,16,666.0,66.7
2026-02-28,17,445.0,67.2
2026-02-28,18,285.0,67.0
2026-02-28,19,109.0,66.5
2026-02-28,20,85.0,62.9
2026-02-28,21,1.0,59.4
2026-02-28,22,0.0,57.8
2026-02-28,23,0.0,53.1
2026-02-28,24,0.0,48.4
2026-03-01,1,0.0,46.1
2026-03-01,2,0.0,44.4
2026-03-01,3,0.0,44.0
2026-03-01,4,0.0,42.9
2026-03-01,5,0.0,42.0
2026-03-01,6,0.0,41.4
2026-03-01,7,0.0,41.2
2026-03-01,8,0.0,40.0
2026-03-01,9,0.0,38.6
2026-03-01,10,66.0,41.5
2026-03-01,11,194.0,45.2
2026-03-01,12,444.0,49.8
2026-03-01,13,611.0,55.3
2026-03-01,14,711.0,60.7
2026-03-01,15,755.0,64.8
2026-03-01,16,720.0,67.9
2026-03-01,17,629.0,70.5
2026-03-01,18,478.0,71.2
2026-03-01,19,288.0,71.2
2026-03-01,20,92.0,67.6
2026-03-01,21,1.0,65.0
2026-03-01,22,0.0,61.3
2026-03-01,23,0.0,59.2
2026-03-01,24,0.0,55.0
2026-03-02,1,0.0,51.4
2026-03-02,2,0.0,48.7
2026-03-02,3,0.0,47.3
2026-03-02,4,0.0,45.8
2026-03-02,5,0.0,44.6
2026-03-02,6,0.0,43.6
2026-03-02,7,0.0,41.7
2026-03-02,8,0.0,41.6
2026-03-02,9,1.0,42.3
2026-03-02,10,61.0,45.6
2026-03-02,11,222.0,50.8
2026-03-02,12,397.0,54.7
2026-03-02,13,508.0,59.6
2026-03-02,14,534.0,63.4
2026-03-02,15,540.0,66.8
2026-03-02,16,563.0,72.1
2026-03-02,17,478.0,73.8
2026-03-02,18,406.0,73.4
2026-03-02,19,262.0,73.1
2026-03-02,20,88.0,69.6
2026-03-02,21,1.0,65.9
2026-03-02,22,0.0,61.1
2026-03-02,23,0.0,58.6
2026-03-02,24,0.0,55.3
2026-03-03,1,0.0,54.1
2026-03-03,2,0.0,52.6
2026-03-03,3,0.0,49.5
2026-03-03,4,0.0,45.2
2026-03-03,5,0.0,42.7
2026-03-03,6,0.0,42.4
2026-03-03,7,0.0,44.0
2026-03-03,8,0.0,42.1
2026-03-03,9,1.0,39.6
2026-03-03,10,97.0,41.1
2026-03-03,11,298.0,45.4
2026-03-03,12,494.0,49.7
2026-03-03,13,650.0,56.0
2026-03-03,14,749.0,58.9
2026-03-03,15,786.0,60.5
2026-03-03,16,718.0,61.3
2026-03-03,17,644.0,62.6
2026-03-03,18,481.0,63.5
2026-03-03,19,290.0,64.6
2026-03-03,20,97.0,60.5
2026-03-03,21,1.0,56.0
2026-03-03,22,0.0,53.2
2026-03-03,23,0.0,50.4
2026-03-03,24,0.0,47.0
2026-03-04,1,0.0,44.8
2026-03-04,2,0.0,42.4
2026-03-04,3,0.0,40.2
2026-03-04,4,0.0,38.4
2026-03-04,5,0.0,36.8
2026-03-04,6,0.0,35.2
2026-03-04,7,0.0,34.8
2026-03-04,8,0.0,33.2
2026-03-04,9,1.0,32.1
2026-03-04,10,101.0,35.9
2026-03-04,11,303.0,41.5
2026-03-04,12,498.0,46.0
2026-03-04,13,655.0,50.7
2026-03-04,14,755.0,55.6
2026-03-04,15,791.0,58.8
2026-03-04,16,760.0,60.8
2026-03-04,17,663.0,62.1
2026-03-04,18,506.0,62.6
2026-03-04,19,307.0,63.0
2026-03-04,20,104.0,60.1
2026-03-04,21,2.0,57.5
2026-03-04,22,0.0,55.1
2026-03-04,23,0.0,53.2
2026-03-04,24,0.0,50.3
2026-03-05,1,0.0,47.8
2026-03-05,2,0.0,48.0
2026-03-05,3,0.0,48.3
2026-03-05,4,0.0,46.9
2026-03-05,5,0.0,45.1
2026-03-05,6,0.0,43.4
2026-03-05,7,0.0,42.1
2026-03-05,8,0.0,41.4
2026-03-05,9,2.0,39.1
2026-03-05,10,106.0,42.8
2026-03-05,11,308.0,47.0
2026-03-05,12,504.0,51.9
2026-03-05,13,660.0,57.8
2026-03-05,14,750.0,60.8
2026-03-05,15,742.0,64.3
2026-03-05,16,624.0,63.0
2026-03-05,17,598.0,60.6
2026-03-05,18,377.0,57.9
2026-03-05,19,149.0,54.5
2026-03-05,20,61.0,51.6
2026-03-05,21,1.0,47.9
2026-03-05,22,0.0,46.4
2026-03-05,23,0.0,46.0
2026-03-05,24,0.0,43.9
2026-03-06,1,0.0,41.9
2026-03-06,2,0.0,41.5
2026-03-06,3,0.0,40.9
2026-03-06,4,0.0,40.1
2026-03-06,5,0.0,39.0
2026-03-06,6,0.0,37.4
2026-03-06,7,0.0,35.1
2026-03-06,8,0.0,33.5
2026-03-06,9,2.0,32.9
2026-03-06,10,110.0,37.2
2026-03-06,11,241.0,40.9
2026-03-06,12,311.0,44.0
2026-03-06,13,561.0,47.1
2026-03-06,14,731.0,49.5
2026-03-06,15,718.0,50.5
2026-03-06,16,602.0,49.1
2026-03-06,17,602.0,50.2
2026-03-06,18,467.0,50.4
2026-03-06,19,303.0,49.0
2026-03-06,20,96.0,46.6
2026-03-06,21,2.0,43.4
2026-03-06,22,0.0,41.0
2026-03-06,23,0.0,39.4
2026-03-06,24,0.0,37.0
2026-03-07,1,0.0,36.0
2026-03-07,2,0.0,35.4
2026-03-07,3,0.0,34.2
2026-03-07,4,0.0,32.8
2026-03-07,5,0.0,32.3
2026-03-07,6,0.0,31.5
2026-03-07,7,0.0,30.7
2026-03-07,8,0.0,29.5
2026-03-07,9,3.0,28.7
2026-03-07,10,111.0,32.0
2026-03-07,11,316.0,36.5
2026-03-07,12,514.0,40.3
2026-03-07,13,671.0,43.5
2026-03-07,14,773.0,47.3
2026-03-07,15,808.0,49.8
2026-03-07,16,779.0,51.5
2026-03-07,17,678.0,52.6
2026-03-07,18,522.0,53.2
2026-03-07,19,321.0,53.5
2026-03-07,20,114.0,50.5
2026-03-07,21,3.0,47.7
2026-03-07,22,0.0,45.7
2026-03-07,23,0.0,44.1
2026-03-07,24,0.0,40.4
2026-03-08,1,0.0,37.0
2026-03-08,2,0.0,36.1
2026-03-08,3,0.0,33.9
2026-03-08,4,0.0,32.5
2026-03-08,5,0.0,31.2
2026-03-08,6,0.0,30.1
2026-03-08,7,0.0,29.0
2026-03-08,8,0.0,28.6
2026-03-08,9,4.0,28.2
2026-03-08,10,118.0,32.0
2026-03-08,11,323.0,35.9
2026-03-08,12,518.0,40.7
2026-03-08,13,673.0,46.5
2026-03-08,14,773.0,51.6
2026-03-08,15,807.0,55.2
2026-03-08,16,773.0,57.4
2026-03-08,17,674.0,58.8
2026-03-08,18,519.0,59.7
2026-03-08,19,322.0,60.4
2026-03-08,20,116.0,57.3
2026-03-08,21,3.0,54.3
2026-03-08,22,0.0,51.8
2026-03-08,23,0.0,49.7
2026-03-08,24,0.0,45.2
2026-03-09,1,0.0,40.0
2026-03-09,2,0.0,37.2
2026-03-09,3,0.0,35.6
2026-03-09,4,0.0,33.7
2026-03-09,5,0.0,32.5
2026-03-09,6,0.0,31.9
2026-03-09,7,0.0,30.3
2026-03-09,8,0.0,28.9
2026-03-09,9,5.0,29.1
2026-03-09,10,126.0,34.3
2026-03-09,11,336.0,40.2
2026-03-09,12,532.0,45.3
2026-03-09,13,685.0,51.5
2026-03-09,14,780.0,56.4
2026-03-09,15,811.0,60.6
2026-03-09,16,775.0,64.0
2026-03-09,17,673.0,66.2
2026-03-09,18,517.0,66.8
2026-03-09,19,321.0,68.5
2026-03-09,20,117.0,64.0
2026-03-09,21,4.0,60.7
2026-03-09,22,0.0,58.6
2026-03-09,23,0.0,55.9
2026-03-09,24,0.0,52.6
2026-03-10,1,0.0,51.2
2026-03-10,2,0.0,48.7
2026-03-10,3,0.0,47.0
2026-03-10,4,0.0,45.9
2026-03-10,5,0.0,42.7
2026-03-10,6,0.0,39.9
2026-03-10,7,0.0,41.0
2026-03-10,8,0.0,40.6
2026-03-10,9,5.0,40.0
2026-03-10,10,124.0,44.0
2026-03-10,11,327.0,48.4
2026-03-10,12,520.0,52.3
2026-03-10,13,672.0,58.3
2026-03-10,14,768.0,64.9
2026-03-10,15,802.0,68.4
2026-03-10,16,769.0,69.6
2026-03-10,17,673.0,70.3
2026-03-10,18,517.0,69.7
2026-03-10,19,317.0,67.5
2026-03-10,20,112.0,65.8
2026-03-10,21,4.0,62.4
2026-03-10,22,0.0,60.7
2026-03-10,23,0.0,59.6
2026-03-10,24,0.0,56.8
2026-03-11,1,0.0,55.5
2026-03-11,2,0.0,54.1
2026-03-11,3,0.0,52.0
2026-03-11,4,0.0,49.8
2026-03-11,5,0.0,47.8
2026-03-11,6,0.0,47.6
2026-03-11,7,0.0,45.3
2026-03-11,8,0.0,45.5
2026-03-11,9,6.0,44.7
2026-03-11,10,130.0,47.6
2026-03-11,11,338.0,52.2
2026-03-11,12,535.0,56.0
2026-03-11,13,688.0,60.8
2026-03-11,14,788.0,62.6
2026-03-11,15,821.0,64.0
2026-03-11,16,785.0,64.3
2026-03-11,17,683.0,64.3
2026-03-11,18,526.0,64.0
2026-03-11,19,328.0,63.1
2026-03-11,20,122.0,60.3
2026-03-11,21,4.0,56.2
2026-03-11,22,0.0,53.7
2026-03-11,23,0.0,50.8
2026-03-11,24,0.0,47.6
2026-03-12,1,0.0,44.9
2026-03-12,2,0.0,42.9
2026-03-12,3,0.0,41.3
2026-03-12,4,0.0,39.4
2026-03-12,5,0.0,37.4
2026-03-12,6,0.0,36.1
2026-03-12,7,0.0,34.2
2026-03-12,8,0.0,32.3
2026-03-12,9,7.0,31.3
2026-03-12,10,136.0,35.4
2026-03-12,11,342.0,41.5
2026-03-12,12,539.0,46.9
2026-03-12,13,692.0,53.2
2026-03-12,14,787.0,59.5
2026-03-12,15,816.0,64.9
2026-03-12,16,779.0,68.8
2026-03-12,17,677.0,71.1
2026-03-12,18,526.0,71.7
2026-03-12,19,331.0,70.2
2026-03-12,20,125.0,66.9
2026-03-12,21,5.0,62.6
2026-03-12,22,0.0,59.0
2026-03-12,23,0.0,55.1
2026-03-12,24,0.0,50.8
2026-03-13,1,0.0,47.8
2026-03-13,2,0.0,46.1
2026-03-13,3,0.0,44.7
2026-03-13,4,0.0,43.0
2026-03-13,5,0.0,41.6
2026-03-13,6,0.0,40.6
2026-03-13,7,0.0,38.8
2026-03-13,8,0.0,37.2
2026-03-13,9,8.0,37.5
2026-03-13,10,143.0,41.0
2026-03-13,11,354.0,44.9
2026-03-13,12,551.0,50.0
2026-03-13,13,707.0,57.8
2026-03-13,14,805.0,66.2
2026-03-13,15,837.0,71.9
2026-03-13,16,800.0,73.5
2026-03-13,17,698.0,74.2
2026-03-13,18,539.0,73.8
2026-03-13,19,340.0,72.8
2026-03-13,20,129.0,69.5
2026-03-13,21,5.0,65.0
2026-03-13,22,0.0,60.9
2026-03-13,23,0.0,58.3
2026-03-13,24,0.0,53.6
2026-03-14,1,0.0,51.3
2026-03-14,2,0.0,49.6
2026-03-14,3,0.0,47.7
2026-03-14,4,0.0,46.2
2026-03-14,5,0.0,44.3
2026-03-14,6,0.0,42.4
2026-03-14,7,0.0,41.2
2026-03-14,8,0.0,39.5
2026-03-14,9,8.0,39.6
2026-03-14,10,123.0,44.0
2026-03-14,11,281.0,47.8
2026-03-14,12,429.0,52.1
2026-03-14,13,523.0,56.3
2026-03-14,14,617.0,60.7
2026-03-14,15,738.0,66.0
2026-03-14,16,752.0,72.6
2026-03-14,17,636.0,76.8
2026-03-14,18,486.0,75.2
2026-03-14,19,240.0,74.0
2026-03-14,20,128.0,71.2
2026-03-14,21,6.0,68.2
2026-03-14,22,0.0,62.8
2026-03-14,23,0.0,60.2
2026-03-14,24,0.0,56.4
2026-03-15,1,0.0,53.5
2026-03-15,2,0.0,51.4
2026-03-15,3,0.0,50.3
2026-03-15,4,0.0,48.5
2026-03-15,5,0.0,47.0
2026-03-15,6,0.0,44.4
2026-03-15,7,0.0,44.7
2026-03-15,8,0.0,47.7
2026-03-15,9,11.0,45.1
2026-03-15,10,147.0,49.4
2026-03-15,11,362.0,49.6
2026-03-15,12,553.0,51.5
2026-03-15,13,711.0,53.6
2026-03-15,14,780.0,55.5
2026-03-15,15,821.0,58.9
2026-03-15,16,786.0,60.0
2026-03-15,17,666.0,59.7
2026-03-15,18,497.0,58.9
2026-03-15,19,297.0,58.2
2026-03-15,20,112.0,56.2
2026-03-15,21,6.0,52.7
2026-03-15,22,0.0,50.4
2026-03-15,23,0.0,48.6
2026-03-15,24,0.0,46.9
2026-03-16,1,0.0,46.3
2026-03-16,2,0.0,45.4
2026-03-16,3,0.0,44.3
2026-03-16,4,0.0,43.3
2026-03-16,5,0.0,42.4
2026-03-16,6,0.0,40.8
2026-03-16,7,0.0,38.2
2026-03-16,8,0.0,36.8
2026-03-16,9,10.0,36.6
2026-03-16,10,135.0,39.5
2026-03-16,11,319.0,43.0
2026-03-16,12,512.0,48.6
2026-03-16,13,684.0,54.4
2026-03-16,14,788.0,58.3
2026-03-16,15,822.0,63.1
2026-03-16,16,787.0,65.3
2026-03-16,17,687.0,65.9
2026-03-16,18,534.0,65.8
2026-03-16,19,340.0,65.2
2026-03-16,20,134.0,62.1
2026-03-16,21,7.0,59.4
2026-03-16,22,0.0,57.4
2026-03-16,23,0.0,54.1
2026-03-16,24,0.0,51.9
2026-03-17,1,0.0,50.2
2026-03-17,2,0.0,47.8
2026-03-17,3,0.0,45.4
2026-03-17,4,0.0,43.1
2026-03-17,5,0.0,40.4
2026-03-17,6,0.0,39.0
2026-03-17,7,0.0,37.7
2026-03-17,8,0.0,37.0
2026-03-17,9,13.0,37.6
2026-03-17,10,156.0,42.3
2026-03-17,11,368.0,47.3
2026-03-17,12,568.0,52.2
2026-03-17,13,724.0,61.3
2026-03-17,14,819.0,67.4
2026-03-17,15,847.0,71.9
2026-03-17,16,810.0,75.7
2026-03-17,17,711.0,79.3
2026-03-17,18,554.0,79.3
2026-03-17,19,356.0,78.3
2026-03-17,20,143.0,74.0
2026-03-17,21,8.0,67.6
2026-03-17,22,0.0,63.8
2026-03-17,23,0.0,59.4
2026-03-17,24,0.0,55.2
2026-03-18,1,0.0,52.5
2026-03-18,2,0.0,50.6
2026-03-18,3,0.0,49.4
2026-03-18,4,0.0,47.8
2026-03-18,5,0.0,45.7
2026-03-18,6,0.0,43.5
2026-03-18,7,0.0,41.5
2026-03-18,8,0.0,40.6
2026-03-18,9,16.0,41.5
2026-03-18,10,169.0,46.8
2026-03-18,11,383.0,51.7
2026-03-18,12,580.0,56.7
2026-03-18,13,735.0,63.8
2026-03-18,14,831.0,70.6
2026-03-18,15,862.0,75.7
2026-03-18,16,822.0,78.6
2026-03-18,17,718.0,80.6
2026-03-18,18,560.0,81.8
2026-03-18,19,360.0,81.4
2026-03-18,20,147.0,77.2
2026-03-18,21,9.0,70.7
2026-03-18,22,0.0,68.5
2026-03-18,23,0.0,62.6
2026-03-18,24,0.0,57.7
2026-03-19,1,0.0,52.5
2026-03-19,2,0.0,50.1
2026-03-19,3,0.0,47.8
2026-03-19,4,0.0,46.0
2026-03-19,5,0.0,44.2
2026-03-19,6,0.0,43.4
2026-03-19,7,0.0,43.1
2026-03-19,8,0.0,41.6
2026-03-19,9,17.0,41.4
2026-03-19,10,174.0,45.9
2026-03-19,11,389.0,50.6
2026-03-19,12,586.0,56.3
2026-03-19,13,740.0,61.8
2026-03-19,14,839.0,68.6
2026-03-19,15,871.0,74.0
2026-03-19,16,836.0,78.5
2026-03-19,17,734.0,81.5
2026-03-19,18,574.0,82.8
2026-03-19,19,371.0,83.8
2026-03-19,20,154.0,79.0
2026-03-19,21,10.0,74.2
2026-03-19,22,0.0,69.9
2026-03-19,23,0.0,64.1
2026-03-19,24,0.0,58.9
2026-03-20,1,0.0,55.0
2026-03-20,2,0.0,52.4
2026-03-20,3,0.0,50.2
2026-03-20,4,0.0,48.3
2026-03-20,5,0.0,47.1
2026-03-20,6,0.0,46.0
2026-03-20,7,0.0,45.3
2026-03-20,8,0.0,43.9
2026-03-20,9,19.0,43.7
2026-03-20,10,179.0,48.7
2026-03-20,11,394.0,53.9
2026-03-20,12,591.0,59.3
2026-03-20,13,745.0,64.8
2026-03-20,14,840.0,71.3
2026-03-20,15,871.0,77.7
2026-03-20,16,832.0,82.9
2026-03-20,17,729.0,85.3
2026-03-20,18,568.0,86.0
2026-03-20,19,367.0,86.2
2026-03-20,20,153.0,80.5
2026-03-20,21,11.0,76.1
2026-03-20,22,0.0,72.1
2026-03-20,23,0.0,65.3
2026-03-20,24,0.0,60.4
2026-03-21,1,0.0,56.8
2026-03-21,2,0.0,55.3
2026-03-21,3,0.0,53.2
2026-03-21,4,0.0,50.7
2026-03-21,5,0.0,48.6
2026-03-21,6,0.0,47.1
2026-03-21,7,0.0,46.0
2026-03-21,8,0.0,43.7
2026-03-21,9,22.0,44.1
2026-03-21,10,185.0,50.0
2026-03-21,11,401.0,56.0
2026-03-21,12,599.0,62.3
2026-03-21,13,753.0,68.4
2026-03-21,14,851.0,73.9
2026-03-21,15,878.0,78.4
2026-03-21,16,838.0,82.6
2026-03-21,17,737.0,84.7
2026-03-21,18,573.0,85.0
2026-03-21,19,370.0,86.9
2026-03-21,20,150.0,82.6
2026-03-21,21,11.0,76.8
2026-03-21,22,0.0,75.7
2026-03-21,23,0.0,74.6
2026-03-21,24,0.0,71.3
2026-03-22,1,0.0,66.6
2026-03-22,2,0.0,63.8
2026-03-22,3,0.0,60.7
2026-03-22,4,0.0,58.0
2026-03-22,5,0.0,56.7
2026-03-22,6,0.0,56.1
2026-03-22,7,0.0,54.3
2026-03-22,8,0.0,54.5
2026-03-22,9,12.0,54.4
2026-03-22,10,113.0,57.0
2026-03-22,11,283.0,61.3
2026-03-22,12,546.0,66.1
2026-03-22,13,722.0,71.5
2026-03-22,14,834.0,77.9
2026-03-22,15,841.0,81.9
2026-03-22,16,795.0,83.6
2026-03-22,17,650.0,84.0
2026-03-22,18,470.0,83.9
2026-03-22,19,309.0,82.9
2026-03-22,20,145.0,80.2
2026-03-22,21,12.0,75.0
2026-03-22,22,0.0,71.6
2026-03-22,23,0.0,67.8
2026-03-22,24,0.0,64.0
2026-03-23,1,0.0,60.7
2026-03-23,2,0.0,58.1
2026-03-23,3,0.0,55.2
2026-03-23,4,0.0,53.5
2026-03-23,5,0.0,51.4
2026-03-23,6,0.0,49.4
2026-03-23,7,0.0,47.8
2026-03-23,8,0.0,46.1
2026-03-23,9,24.0,47.0
2026-03-23,10,186.0,54.2
2026-03-23,11,382.0,59.6
2026-03-23,12,563.0,65.9
2026-03-23,13,725.0,70.3
2026-03-23,14,822.0,74.3
2026-03-23,15,805.0,77.1
2026-03-23,16,819.0,80.0
2026-03-23,17,686.0,81.9
2026-03-23,18,505.0,82.9
2026-03-23,19,318.0,82.8
2026-03-23,20,141.0,80.0
2026-03-23,21,11.0,75.2
2026-03-23,22,0.0,72.9
2026-03-23,23,0.0,68.9
2026-03-23,24,0.0,65.9
2026-03-24,1,0.0,64.1
2026-03-24,2,0.0,62.7
2026-03-24,3,0.0,60.8
2026-03-24,4,0.0,58.4
2026-03-24,5,0.0,55.8
2026-03-24,6,0.0,53.1
2026-03-24,7,0.0,52.2
2026-03-24,8,0.0,49.1
2026-03-24,9,26.0,49.2
2026-03-24,10,189.0,55.3
2026-03-24,11,397.0,60.5
2026-03-24,12,592.0,65.3
2026-03-24,13,741.0,71.2
2026-03-24,14,832.0,77.0
2026-03-24,15,859.0,81.5
2026-03-24,16,818.0,85.3
2026-03-24,17,711.0,86.4
2026-03-24,18,557.0,86.5
2026-03-24,19,362.0,85.7
2026-03-24,20,154.0,83.3
2026-03-24,21,13.0,78.3
2026-03-24,22,0.0,75.8
2026-03-24,23,0.0,73.1
2026-03-24,24,0.0,67.7
2026-03-25,1,0.0,64.0
2026-03-25,2,0.0,61.8
2026-03-25,3,0.0,59.0
2026-03-25,4,0.0,56.9
2026-03-25,5,0.0,55.1
2026-03-25,6,0.0,53.7
2026-03-25,7,0.0,54.0
2026-03-25,8,0.0,51.8
2026-03-25,9,29.0,51.5
2026-03-25,10,195.0,56.8
2026-03-25,11,405.0,61.8
2026-03-25,12,596.0,67.0
2026-03-25,13,744.0,72.8
2026-03-25,14,835.0,77.9
2026-03-25,15,862.0,82.0
2026-03-25,16,824.0,85.4
2026-03-25,17,722.0,87.4
2026-03-25,18,566.0,87.8
2026-03-25,19,370.0,87.4
2026-03-25,20,161.0,84.9
2026-03-25,21,15.0,79.3
2026-03-25,22,0.0,75.7
2026-03-25,23,0.0,71.9
2026-03-25,24,0.0,68.6
2026-03-26,1,0.0,65.9
2026-03-26,2,0.0,63.0
2026-03-26,3,0.0,60.5
2026-03-26,4,0.0,59.7
2026-03-26,5,0.0,58.5
2026-03-26,6,0.0,57.6
2026-03-26,7,0.0,56.8
2026-03-26,8,0.0,55.2
2026-03-26,9,32.0,55.8
2026-03-26,10,205.0,60.5
2026-03-26,11,422.0,65.2
2026-03-26,12,619.0,71.2
2026-03-26,13,772.0,77.8
2026-03-26,14,862.0,81.1
2026-03-26,15,889.0,82.9
2026-03-26,16,847.0,84.0
2026-03-26,17,741.0,84.7
2026-03-26,18,579.0,84.7
2026-03-26,19,379.0,84.1
2026-03-26,20,164.0,81.9
2026-03-26,21,15.0,77.1
2026-03-26,22,0.0,72.8
2026-03-26,23,0.0,71.2
2026-03-26,24,0.0,69.4
2026-03-27,1,0.0,67.7
2026-03-27,2,0.0,65.7
2026-03-27,3,0.0,62.3
2026-03-27,4,0.0,60.7
2026-03-27,5,0.0,59.4
2026-03-27,6,0.0,56.7
2026-03-27,7,0.0,54.7
2026-03-27,8,0.0,52.4
2026-03-27,9,35.0,51.5
2026-03-27,10,213.0,56.3
2026-03-27,11,428.0,60.9
2026-03-27,12,623.0,66.1
2026-03-27,13,774.0,72.5
2026-03-27,14,865.0,75.7
2026-03-27,15,891.0,77.1
2026-03-27,16,850.0,78.9
2026-03-27,17,744.0,80.4
2026-03-27,18,584.0,81.4
2026-03-27,19,383.0,81.0
2026-03-27,20,169.0,79.3
2026-03-27,21,17.0,74.6
2026-03-27,22,0.0,72.8
2026-03-27,23,0.0,69.4
2026-03-27,24,0.0,65.8
2026-03-28,1,0.0,62.1
2026-03-28,2,0.0,59.1
2026-03-28,3,0.0,57.4
2026-03-28,4,0.0,55.3
2026-03-28,5,0.0,53.8
2026-03-28,6,0.0,52.5
2026-03-28,7,0.0,50.6
2026-03-28,8,0.0,49.4
2026-03-28,9,36.0,49.6
2026-03-28,10,214.0,52.8
2026-03-28,11,424.0,57.0
2026-03-28,12,618.0,61.6
2026-03-28,13,757.0,65.1
2026-03-28,14,846.0,68.7
2026-03-28,15,872.0,72.0
2026-03-28,16,837.0,74.6
2026-03-28,17,738.0,77.1
2026-03-28,18,525.0,77.2
2026-03-28,19,320.0,77.1
2026-03-28,20,171.0,75.3
2026-03-28,21,18.0,69.4
2026-03-28,22,0.0,66.6
2026-03-28,23,0.0,65.2
2026-03-28,24,0.0,62.4
2026-03-29,1,0.0,59.8
2026-03-29,2,0.0,56.8
2026-03-29,3,0.0,53.8
2026-03-29,4,0.0,51.9
2026-03-29,5,0.0,49.8
2026-03-29,6,0.0,48.7
2026-03-29,7,0.0,47.3
2026-03-29,8,0.0,45.9
2026-03-29,9,41.0,45.3
2026-03-29,10,224.0,52.1
2026-03-29,11,439.0,58.2
2026-03-29,12,633.0,63.4
2026-03-29,13,783.0,69.4
2026-03-29,14,875.0,74.6
2026-03-29,15,902.0,77.7
2026-03-29,16,858.0,79.7
2026-03-29,17,746.0,80.7
2026-03-29,18,551.0,80.7
2026-03-29,19,337.0,80.9
2026-03-29,20,105.0,77.7
2026-03-29,21,13.0,75.5
2026-03-29,22,0.0,73.7
2026-03-29,23,0.0,69.0
2026-03-29,24,0.0,67.0
2026-03-30,1,0.0,64.8
2026-03-30,2,0.0,63.2
2026-03-30,3,0.0,62.3
2026-03-30,4,0.0,60.9
2026-03-30,5,0.0,56.8
2026-03-30,6,0.0,54.3
2026-03-30,7,0.0,55.1
2026-03-30,8,0.0,52.1
2026-03-30,9,41.0,53.2
2026-03-30,10,217.0,59.4
2026-03-30,11,432.0,64.8
2026-03-30,12,624.0,69.6
2026-03-30,13,774.0,76.0
2026-03-30,14,871.0,79.2
2026-03-30,15,900.0,79.9
2026-03-30,16,861.0,81.0
2026-03-30,17,753.0,81.1
2026-03-30,18,572.0,80.4
2026-03-30,19,336.0,78.7
2026-03-30,20,154.0,76.6
2026-03-30,21,18.0,72.1
2026-03-30,22,0.0,69.1
2026-03-30,23,0.0,68.4
2026-03-30,24,0.0,65.6
2026-03-31,1,0.0,61.4
2026-03-31,2,0.0,59.9
2026-03-31,3,0.0,58.9
2026-03-31,4,0.0,58.7
2026-03-31,5,0.0,57.7
2026-03-31,6,0.0,56.5
2026-03-31,7,0.0,57.2
2026-03-31,8,0.0,56.9
2026-03-31,9,31.0,58.2
2026-03-31,10,142.0,61.0
2026-03-31,11,345.0,64.9
2026-03-31,12,451.0,69.7
2026-03-31,13,425.0,72.9
2026-03-31,14,750.0,75.7
2026-03-31,15,564.0,75.5
2026-03-31,16,536.0,75.3
2026-03-31,17,383.0,73.5
2026-03-31,18,201.0,70.3
2026-03-31,19,215.0,70.3
2026-03-31,20,69.0,67.7
2026-03-31,21,8.0,65.8
2026-03-31,22,0.0,65.3
2026-03-31,23,0.0,63.8
2026-03-31,24,0.0,62.6
2026-04-01,1,0.0,61.2
2026-04-01,2,0.0,60.3
2026-04-01,3,0.0,58.2
2026-04-01,4,0.0,56.3
2026-04-01,5,0.0,54.3
2026-04-01,6,0.0,53.3
2026-04-01,7,0.0,52.5
2026-04-01,8,0.0,52.1
2026-04-01,9,6.0,51.5
2026-04-01,10,23.0,51.1
2026-04-01,11,28.0,49.6
2026-04-01,12,178.0,50.9
2026-04-01,13,197.0,54.5
2026-04-01,14,530.0,55.0
2026-04-01,15,560.0,55.0
2026-04-01,16,697.0,60.8
2026-04-01,17,663.0,59.9
2026-04-01,18,515.0,62.2
2026-04-01,19,301.0,60.2
2026-04-01,20,167.0,58.6
2026-04-01,21,21.0,55.1
2026-04-01,22,0.0,53.5
2026-04-01,23,0.0,51.9
2026-04-01,24,0.0,50.2
2026-04-02,1,0.0,48.8
2026-04-02,2,0.0,47.4
2026-04-02,3,0.0,46.5
2026-04-02,4,0.0,45.8
2026-04-02,5,0.0,44.7
2026-04-02,6,0.0,44.3
2026-04-02,7,0.0,44.3
2026-04-02,8,0.0,43.3
2026-04-02,9,50.0,45.7
2026-04-02,10,235.0,49.6
2026-04-02,11,446.0,54.1
2026-04-02,12,636.0,58.0
2026-04-02,13,786.0,63.2
2026-04-02,14,819.0,64.8
2026-04-02,15,912.0,66.5
2026-04-02,16,863.0,68.1
2026-04-02,17,756.0,68.7
2026-04-02,18,572.0,68.4
2026-04-02,19,361.0,66.5
2026-04-02,20,166.0,64.0
2026-04-02,21,22.0,59.6
2026-04-02,22,0.0,57.4
2026-04-02,23,0.0,56.6
2026-04-02,24,0.0,54.7
2026-04-03,1,0.0,47.8
2026-04-03,2,0.0,44.0
2026-04-03,3,0.0,42.8
2026-04-03,4,0.0,43.6
2026-04-03,5,0.0,42.8
2026-04-03,6,0.0,42.2
2026-04-03,7,0.0,41.0
2026-04-03,8,0.0,39.9
2026-04-03,9,35.0,39.7
2026-04-03,10,244.0,41.3
2026-04-03,11,478.0,45.0
2026-04-03,12,676.0,47.8
2026-04-03,13,828.0,50.1
2026-04-03,14,921.0,51.8
2026-04-03,15,944.0,53.7
2026-04-03,16,898.0,55.7
2026-04-03,17,788.0,56.9
2026-04-03,18,621.0,57.4
2026-04-03,19,416.0,56.8
2026-04-03,20,195.0,53.5
2026-04-03,21,25.0,49.3
2026-04-03,22,0.0,46.7
2026-04-03,23,0.0,43.9
2026-04-03,24,0.0,41.0
2026-04-04,1,0.0,38.3
2026-04-04,2,0.0,37.0
2026-04-04,3,0.0,35.9
2026-04-04,4,0.0,34.9
2026-04-04,5,0.0,34.3
2026-04-04,6,0.0,33.9
2026-04-04,7,0.0,33.1
2026-04-04,8,0.0,32.0
2026-04-04,9,60.0,33.9
2026-04-04,10,257.0,38.8
2026-04-04,11,477.0,44.1
2026-04-04,12,673.0,49.8
2026-04-04,13,824.0,55.4
2026-04-04,14,915.0,58.8
2026-04-04,15,939.0,61.3
2026-04-04,16,894.0,63.2
2026-04-04,17,783.0,64.4
2026-04-04,18,616.0,64.7
2026-04-04,19,412.0,63.5
2026-04-04,20,193.0,61.1
2026-04-04,21,26.0,56.2
2026-04-04,22,0.0,53.3
2026-04-04,23,0.0,50.6
2026-04-04,24,0.0,46.9
2026-04-05,1,0.0,42.8
2026-04-05,2,0.0,40.6
2026-04-05,3,0.0,38.9
2026-04-05,4,0.0,37.9
2026-04-05,5,0.0,37.9
2026-04-05,6,0.0,36.6
2026-04-05,7,0.0,35.3
2026-04-05,8,0.0,34.5
2026-04-05,9,63.0,37.0
2026-04-05,10,261.0,43.1
2026-04-05,11,478.0,49.6
2026-04-05,12,672.0,54.9
2026-04-05,13,824.0,60.0
2026-04-05,14,915.0,64.2
2026-04-05,15,939.0,67.7
2026-04-05,16,895.0,70.0
2026-04-05,17,789.0,71.2
2026-04-05,18,625.0,71.5
2026-04-05,19,420.0,71.1
2026-04-05,20,200.0,69.0
2026-04-05,21,28.0,62.8
2026-04-05,22,0.0,61.0
2026-04-05,23,0.0,56.9
2026-04-05,24,0.0,52.4
2026-04-06,1,0.0,49.0
2026-04-06,2,0.0,47.2
2026-04-06,3,0.0,45.5
2026-04-06,4,0.0,43.9
2026-04-06,5,0.0,43.1
2026-04-06,6,0.0,42.7
2026-04-06,7,0.0,41.3
2026-04-06,8,0.0,44.6
2026-04-06,9,53.0,48.1
2026-04-06,10,223.0,53.1
2026-04-06,11,432.0,58.1
2026-04-06,12,592.0,64.2
2026-04-06,13,642.0,67.6
2026-04-06,14,739.0,69.9
2026-04-06,15,745.0,71.7
2026-04-06,16,701.0,72.7
2026-04-06,17,500.0,72.9
2026-04-06,18,322.0,72.8
2026-04-06,19,207.0,71.6
2026-04-06,20,109.0,71.5
2026-04-06,21,15.0,65.5
2026-04-06,22,0.0,63.0
2026-04-06,23,0.0,61.9
2026-04-06,24,0.0,60.1
2026-04-07,1,0.0,58.8
2026-04-07,2,0.0,57.0
2026-04-07,3,0.0,55.4
2026-04-07,4,0.0,53.9
2026-04-07,5,0.0,52.9
2026-04-07,6,0.0,52.7
2026-04-07,7,0.0,50.8
2026-04-07,8,0.0,49.4
2026-04-07,9,62.0,50.5
2026-04-07,10,255.0,53.5
2026-04-07,11,462.0,56.8
2026-04-07,12,657.0,61.2
2026-04-07,13,803.0,66.9
2026-04-07,14,870.0,71.3
2026-04-07,15,896.0,74.3
2026-04-07,16,802.0,76.0
2026-04-07,17,708.0,77.4
2026-04-07,18,553.0,78.3
2026-04-07,19,406.0,75.7
2026-04-07,20,203.0,74.0
2026-04-07,21,29.0,70.7
2026-04-07,22,0.0,68.1
2026-04-07,23,0.0,65.0
2026-04-07,24,0.0,60.4
2026-04-08,1,0.0,56.3
2026-04-08,2,0.0,52.9
2026-04-08,3,0.0,51.2
2026-04-08,4,0.0,48.7
2026-04-08,5,0.0,46.9
2026-04-08,6,0.0,45.6
2026-04-08,7,0.0,44.9
2026-04-08,8,0.0,43.1
2026-04-08,9,72.0,46.1
2026-04-08,10,270.0,51.4
2026-04-08,11,484.0,55.9
2026-04-08,12,673.0,60.9
2026-04-08,13,819.0,66.7
2026-04-08,14,908.0,71.9
2026-04-08,15,936.0,75.8
2026-04-08,16,894.0,78.5
2026-04-08,17,782.0,79.7
2026-04-08,18,626.0,79.6
2026-04-08,19,424.0,78.1
2026-04-08,20,205.0,76.8
2026-04-08,21,31.0,72.1
2026-04-08,22,0.0,69.9
2026-04-08,23,0.0,67.5
2026-04-08,24,0.0,64.9
2026-04-09,1,0.0,61.6
2026-04-09,2,0.0,58.6
2026-04-09,3,0.0,56.2
2026-04-09,4,0.0,54.8
2026-04-09,5,0.0,53.0
2026-04-09,6,0.0,52.0
2026-04-09,7,0.0,52.2
2026-04-09,8,0.0,50.6
2026-04-09,9,76.0,52.5
2026-04-09,10,273.0,55.8
2026-04-09,11,469.0,59.6
2026-04-09,12,646.0,64.1
2026-04-09,13,814.0,70.6
2026-04-09,14,897.0,76.1
2026-04-09,15,935.0,79.2
2026-04-09,16,887.0,80.4
2026-04-09,17,767.0,81.1
2026-04-09,18,565.0,80.7
2026-04-09,19,379.0,79.7
2026-04-09,20,185.0,78.1
2026-04-09,21,28.0,74.6
2026-04-09,22,0.0,72.9
2026-04-09,23,0.0,68.8
2026-04-09,24,0.0,64.6
2026-04-10,1,0.0,61.3
2026-04-10,2,0.0,60.7
2026-04-10,3,0.0,58.8
2026-04-10,4,0.0,60.3
2026-04-10,5,0.0,60.1
2026-04-10,6,0.0,57.7
2026-04-10,7,0.0,55.9
2026-04-10,8,0.0,54.9
2026-04-10,9,71.0,56.8
2026-04-10,10,255.0,61.9
2026-04-10,11,463.0,65.5
2026-04-10,12,670.0,70.1
2026-04-10,13,817.0,74.9
2026-04-10,14,856.0,77.5
2026-04-10,15,753.0,78.6
2026-04-10,16,734.0,79.3
2026-04-10,17,558.0,79.3
2026-04-10,18,498.0,78.8
2026-04-10,19,283.0,77.8
2026-04-10,20,156.0,75.7
2026-04-10,21,28.0,72.7
2026-04-10,22,0.0,69.4
2026-04-10,23,0.0,66.5
2026-04-10,24,0.0,64.3
2026-04-11,1,0.0,64.0
2026-04-11,2,0.0,63.6
2026-04-11,3,0.0,61.0
2026-04-11,4,0.0,60.1
2026-04-11,5,0.0,58.7
2026-04-11,6,0.0,56.1
2026-04-11,7,0.0,55.5
2026-04-11,8,0.0,53.4
2026-04-11,9,49.0,55.6
2026-04-11,10,218.0,58.2
2026-04-11,11,161.0,55.2
2026-04-11,12,179.0,52.9
2026-04-11,13,236.0,55.7
2026-04-11,14,880.0,63.4
2026-04-11,15,905.0,68.8
2026-04-11,16,777.0,72.0
2026-04-11,17,642.0,73.1
2026-04-11,18,612.0,72.3
2026-04-11,19,422.0,73.6
2026-04-11,20,204.0,72.3
2026-04-11,21,34.0,67.6
2026-04-11,22,0.0,64.1
2026-04-11,23,0.0,61.9
2026-04-11,24,0.0,60.6
2026-04-12,1,0.0,59.3
2026-04-12,2,0.0,57.7
2026-04-12,3,0.0,55.3
2026-04-12,4,0.0,52.6
2026-04-12,5,0.0,50.7
2026-04-12,6,0.0,49.6
2026-04-12,7,0.0,49.7
2026-04-12,8,1.0,49.0
2026-04-12,9,86.0,51.9
2026-04-12,10,289.0,56.7
2026-04-12,11,506.0,60.7
2026-04-12,12,696.0,64.0
2026-04-12,13,841.0,68.6
2026-04-12,14,924.0,71.0
2026-04-12,15,811.0,71.6
2026-04-12,16,676.0,73.5
2026-04-12,17,511.0,73.6
2026-04-12,18,445.0,73.0
2026-04-12,19,303.0,72.8
2026-04-12,20,143.0,70.0
2026-04-12,21,28.0,67.4
2026-04-12,22,0.0,64.9
2026-04-12,23,0.0,63.1
2026-04-12,24,0.0,61.3
2026-04-13,1,0.0,59.7
2026-04-13,2,0.0,58.1
2026-04-13,3,0.0,55.7
2026-04-13,4,0.0,53.3
2026-04-13,5,0.0,51.5
2026-04-13,6,0.0,49.7
2026-04-13,7,0.0,47.9
2026-04-13,8,1.0,46.4
2026-04-13,9,90.0,49.2
2026-04-13,10,291.0,54.2
2026-04-13,11,505.0,57.8
2026-04-13,12,693.0,60.5
2026-04-13,13,832.0,63.1
2026-04-13,14,723.0,64.4
2026-04-13,15,492.0,64.6
2026-04-13,16,703.0,68.6
2026-04-13,17,591.0,69.9
2026-04-13,18,573.0,69.6
2026-04-13,19,372.0,66.6
2026-04-13,20,166.0,65.7
2026-04-13,21,26.0,63.6
2026-04-13,22,0.0,62.0
2026-04-13,23,0.0,60.4
2026-04-13,24,0.0,59.1
2026-04-14,1,0.0,55.7
2026-04-14,2,0.0,52.0
2026-04-14,3,0.0,49.5
2026-04-14,4,0.0,48.0
2026-04-14,5,0.0,47.8
2026-04-14,6,0.0,48.1
2026-04-14,7,0.0,49.0
2026-04-14,8,1.0,46.4
2026-04-14,9,77.0,46.2
2026-04-14,10,284.0,48.4
2026-04-14,11,496.0,50.7
2026-04-14,12,684.0,54.0
2026-04-14,13,797.0,55.2
2026-04-14,14,731.0,56.2
2026-04-14,15,734.0,57.8
2026-04-14,16,746.0,59.0
2026-04-14,17,741.0,59.7
2026-04-14,18,572.0,59.8
2026-04-14,19,397.0,58.5
2026-04-14,20,194.0,57.0
2026-04-14,21,36.0,55.2
2026-04-14,22,0.0,53.2
2026-04-14,23,0.0,51.3
2026-04-14,24,0.0,48.7
2026-04-15,1,0.0,46.3
2026-04-15,2,0.0,44.0
2026-04-15,3,0.0,41.8
2026-04-15,4,0.0,40.5
2026-04-15,5,0.0,39.1
2026-04-15,6,0.0,37.8
2026-04-15,7,0.0,36.3
2026-04-15,8,2.0,35.5
2026-04-15,9,96.0,39.3
2026-04-15,10,299.0,43.6
2026-04-15,11,512.0,48.1
2026-04-15,12,701.0,53.2
2026-04-15,13,848.0,58.6
2026-04-15,14,822.0,62.3
2026-04-15,15,864.0,64.8
2026-04-15,16,855.0,65.7
2026-04-15,17,777.0,66.9
2026-04-15,18,635.0,67.9
2026-04-15,19,432.0,67.8
2026-04-15,20,219.0,67.0
2026-04-15,21,41.0,63.8
2026-04-15,22,0.0,61.2
2026-04-15,23,0.0,57.8
2026-04-15,24,0.0,54.8
2026-04-16,1,0.0,52.9
2026-04-16,2,0.0,50.6
2026-04-16,3,0.0,49.3
2026-04-16,4,0.0,47.5
2026-04-16,5,0.0,45.8
2026-04-16,6,0.0,44.3
2026-04-16,7,0.0,43.6
2026-04-16,8,2.0,42.4
2026-04-16,9,101.0,45.8
2026-04-16,10,303.0,50.7
2026-04-16,11,519.0,54.7
2026-04-16,12,707.0,60.0
2026-04-16,13,850.0,67.7
2026-04-16,14,907.0,71.9
2026-04-16,15,643.0,71.8
2026-04-16,16,580.0,73.2
2026-04-16,17,563.0,73.9
2026-04-16,18,436.0,73.3
2026-04-16,19,291.0,70.7
2026-04-16,20,143.0,70.3
2026-04-16,21,35.0,67.4
2026-04-16,22,0.0,65.8
2026-04-16,23,0.0,64.8
2026-04-16,24,0.0,62.2
2026-04-17,1,0.0,60.3
2026-04-17,2,0.0,58.4
2026-04-17,3,0.0,57.1
2026-04-17,4,0.0,46.1
2026-04-17,5,0.0,42.0
2026-04-17,6,0.0,40.9
2026-04-17,7,0.0,40.9
2026-04-17,8,1.0,39.9
2026-04-17,9,51.0,40.6
2026-04-17,10,119.0,41.2
2026-04-17,11,355.0,43.8
2026-04-17,12,680.0,45.3
2026-04-17,13,863.0,46.0
2026-04-17,14,963.0,47.6
2026-04-17,15,988.0,50.3
2026-04-17,16,947.0,53.1
2026-04-17,17,837.0,53.5
2026-04-17,18,669.0,53.5
2026-04-17,19,460.0,52.9
2026-04-17,20,235.0,51.9
2026-04-17,21,46.0,49.5
2026-04-17,22,0.0,47.0
2026-04-17,23,0.0,45.1
2026-04-17,24,0.0,42.3
2026-04-18,1,0.0,38.8
2026-04-18,2,0.0,36.4
2026-04-18,3,0.0,34.1
2026-04-18,4,0.0,32.4
2026-04-18,5,0.0,30.9
2026-04-18,6,0.0,29.4
2026-04-18,7,0.0,27.6
2026-04-18,8,3.0,26.8
2026-04-18,9,114.0,30.6
2026-04-18,10,327.0,35.6
2026-04-18,11,546.0,41.8
2026-04-18,12,738.0,47.6
2026-04-18,13,884.0,51.6
2026-04-18,14,971.0,55.5
2026-04-18,15,992.0,58.5
2026-04-18,16,945.0,60.8
2026-04-18,17,833.0,62.6
2026-04-18,18,667.0,63.6
2026-04-18,19,453.0,63.7
2026-04-18,20,234.0,62.3
2026-04-18,21,48.0,58.0
2026-04-18,22,0.0,56.7
2026-04-18,23,0.0,55.2
2026-04-18,24,0.0,50.4
2026-04-19,1,0.0,44.9
2026-04-19,2,0.0,41.8
2026-04-19,3,0.0,39.5
2026-04-19,4,0.0,38.0
2026-04-19,5,0.0,36.4
2026-04-19,6,0.0,35.4
2026-04-19,7,0.0,34.5
2026-04-19,8,4.0,34.4
2026-04-19,9,117.0,40.9
2026-04-19,10,330.0,48.3
2026-04-19,11,547.0,54.2
2026-04-19,12,736.0,60.4
2026-04-19,13,878.0,65.6
2026-04-19,14,961.0,69.0
2026-04-19,15,979.0,71.4
2026-04-19,16,929.0,73.5
2026-04-19,17,815.0,75.0
2026-04-19,18,642.0,75.8
2026-04-19,19,425.0,75.4
2026-04-19,20,208.0,74.1
2026-04-19,21,41.0,69.8
2026-04-19,22,0.0,66.6
2026-04-19,23,0.0,64.7
2026-04-19,24,0.0,60.4
2026-04-20,1,0.0,56.1
2026-04-20,2,0.0,52.9
2026-04-20,3,0.0,50.6
2026-04-20,4,0.0,49.1
2026-04-20,5,0.0,48.3
2026-04-20,6,0.0,46.8
2026-04-20,7,0.0,45.6
2026-04-20,8,4.0,44.9
2026-04-20,9,113.0,49.5
2026-04-20,10,319.0,55.8
2026-04-20,11,529.0,62.2
2026-04-20,12,715.0,68.4
2026-04-20,13,864.0,73.0
2026-04-20,14,873.0,75.4
2026-04-20,15,958.0,77.5
2026-04-20,16,917.0,78.6
2026-04-20,17,812.0,79.3
2026-04-20,18,648.0,79.6
2026-04-20,19,447.0,78.9
2026-04-20,20,232.0,78.1
2026-04-20,21,49.0,74.8
2026-04-20,22,0.0,71.1
2026-04-20,23,0.0,68.4
2026-04-20,24,0.0,65.8
2026-04-21,1,0.0,63.8
2026-04-21,2,0.0,61.6
2026-04-21,3,0.0,58.6
2026-04-21,4,0.0,57.5
2026-04-21,5,0.0,56.3
2026-04-21,6,0.0,53.6
2026-04-21,7,0.0,52.3
2026-04-21,8,5.0,51.0
2026-04-21,9,117.0,54.3
2026-04-21,10,320.0,59.3
2026-04-21,11,528.0,64.0
2026-04-21,12,705.0,68.5
2026-04-21,13,842.0,73.2
2026-04-21,14,930.0,77.5
2026-04-21,15,956.0,79.3
2026-04-21,16,911.0,85.6
2026-04-21,17,616.0,83.7
2026-04-21,18,524.0,82.3
2026-04-21,19,441.0,82.2
2026-04-21,20,238.0,80.2
2026-04-21,21,51.0,76.9
2026-04-21,22,0.0,74.6
2026-04-21,23,0.0,71.9
2026-04-21,24,0.0,69.5
2026-04-22,1,0.0,67.6
2026-04-22,2,0.0,65.3
2026-04-22,3,0.0,62.9
2026-04-22,4,0.0,60.0
2026-04-22,5,0.0,56.8
2026-04-22,6,0.0,55.2
2026-04-22,7,0.0,54.7
2026-04-22,8,6.0,55.7
2026-04-22,9,127.0,58.8
2026-04-22,10,338.0,63.7
2026-04-22,11,554.0,66.1
2026-04-22,12,742.0,68.8
2026-04-22,13,881.0,72.6
2026-04-22,14,961.0,73.8
2026-04-22,15,980.0,76.0
2026-04-22,16,922.0,76.9
2026-04-22,17,763.0,76.8
2026-04-22,18,635.0,77.2
2026-04-22,19,414.0,76.4
2026-04-22,20,216.0,74.0
2026-04-22,21,46.0,70.4
2026-04-22,22,0.0,66.7
2026-04-22,23,0.0,63.9
2026-04-22,24,0.0,61.7
2026-04-23,1,0.0,58.6
2026-04-23,2,0.0,55.9
2026-04-23,3,0.0,53.8
2026-04-23,4,0.0,51.4
2026-04-23,5,0.0,49.0
2026-04-23,6,0.0,47.7
2026-04-23,7,0.0,46.5
2026-04-23,8,7.0,45.5
2026-04-23,9,122.0,48.0
2026-04-23,10,185.0,50.8
2026-04-23,11,444.0,55.0
2026-04-23,12,736.0,59.6
2026-04-23,13,883.0,62.5
2026-04-23,14,958.0,63.7
2026-04-23,15,969.0,65.5
2026-04-23,16,944.0,66.6
2026-04-23,17,832.0,67.2
2026-04-23,18,669.0,67.1
2026-04-23,19,468.0,66.3
2026-04-23,20,249.0,64.9
2026-04-23,21,57.0,62.2
2026-04-23,22,0.0,59.8
2026-04-23,23,0.0,57.4
2026-04-23,24,0.0,54.6
2026-04-24,1,0.0,51.0
2026-04-24,2,0.0,48.7
2026-04-24,3,0.0,46.6
2026-04-24,4,0.0,44.2
2026-04-24,5,0.0,43.5
2026-04-24,6,0.0,41.8
2026-04-24,7,0.0,39.6
2026-04-24,8,8.0,39.7
2026-04-24,9,134.0,42.9
2026-04-24,10,347.0,46.7
2026-04-24,11,561.0,51.9
2026-04-24,12,742.0,57.2
2026-04-24,13,870.0,63.1
2026-04-24,14,954.0,67.5
2026-04-24,15,969.0,70.3
2026-04-24,16,905.0,71.7
2026-04-24,17,815.0,72.4
2026-04-24,18,656.0,73.9
2026-04-24,19,427.0,73.6
2026-04-24,20,199.0,71.7
2026-04-24,21,43.0,68.8
2026-04-24,22,0.0,67.5
2026-04-24,23,0.0,64.3
2026-04-24,24,0.0,62.1
2026-04-25,1,0.0,63.3
2026-04-25,2,0.0,63.1
2026-04-25,3,0.0,60.8
2026-04-25,4,0.0,58.4
2026-04-25,5,0.0,53.8
2026-04-25,6,0.0,52.4
2026-04-25,7,0.0,49.9
2026-04-25,8,8.0,49.2
2026-04-25,9,135.0,52.9
2026-04-25,10,342.0,57.6
2026-04-25,11,539.0,62.3
2026-04-25,12,707.0,66.6
2026-04-25,13,842.0,69.5
2026-04-25,14,660.0,71.4
2026-04-25,15,759.0,72.6
2026-04-25,16,588.0,73.8
2026-04-25,17,492.0,74.1
2026-04-25,18,359.0,73.6
2026-04-25,19,123.0,70.9
2026-04-25,20,81.0,69.8
2026-04-25,21,19.0,64.0
2026-04-25,22,0.0,62.3
2026-04-25,23,0.0,61.3
2026-04-25,24,0.0,59.7
2026-04-26,1,0.0,58.0
2026-04-26,2,0.0,56.8
2026-04-26,3,0.0,55.6
2026-04-26,4,0.0,54.5
2026-04-26,5,0.0,51.0
2026-04-26,6,0.0,48.7
2026-04-26,7,0.0,48.4
2026-04-26,8,4.0,46.7
2026-04-26,9,67.0,46.5
2026-04-26,10,210.0,47.9
2026-04-26,11,358.0,47.9
2026-04-26,12,560.0,53.6
2026-04-26,13,785.0,58.3
2026-04-26,14,875.0,57.7
2026-04-26,15,810.0,58.6
2026-04-26,16,699.0,62.4
2026-04-26,17,715.0,62.5
2026-04-26,18,641.0,62.2
2026-04-26,19,415.0,60.6
2026-04-26,20,184.0,58.8
2026-04-26,21,40.0,55.0
2026-04-26,22,0.0,52.6
2026-04-26,23,0.0,50.7
2026-04-26,24,0.0,49.4
2026-04-27,1,0.0,48.4
2026-04-27,2,0.0,47.8
2026-04-27,3,0.0,45.9
2026-04-27,4,0.0,45.1
2026-04-27,5,0.0,44.5
2026-04-27,6,0.0,43.6
2026-04-27,7,0.0,43.0
2026-04-27,8,10.0,43.0
2026-04-27,9,135.0,46.4
2026-04-27,10,340.0,50.1
2026-04-27,11,551.0,53.7
2026-04-27,12,726.0,56.8
2026-04-27,13,803.0,59.8
2026-04-27,14,791.0,60.9
2026-04-27,15,804.0,62.3
2026-04-27,16,881.0,64.7
2026-04-27,17,783.0,67.6
2026-04-27,18,473.0,65.8
2026-04-27,19,357.0,66.3
2026-04-27,20,194.0,63.8
2026-04-27,21,60.0,59.5
2026-04-27,22,0.0,56.7
2026-04-27,23,0.0,56.3
2026-04-27,24,0.0,54.9
2026-04-28,1,0.0,52.2
2026-04-28,2,0.0,50.6
2026-04-28,3,0.0,48.9
2026-04-28,4,0.0,47.6
2026-04-28,5,0.0,45.8
2026-04-28,6,0.0,43.8
2026-04-28,7,0.0,42.1
2026-04-28,8,11.0,42.3
2026-04-28,9,147.0,45.4
2026-04-28,10,358.0,49.9
2026-04-28,11,570.0,54.7
2026-04-28,12,755.0,58.6
2026-04-28,13,894.0,61.8
2026-04-28,14,978.0,64.0
2026-04-28,15,991.0,65.5
2026-04-28,16,935.0,66.8
2026-04-28,17,823.0,67.0
2026-04-28,18,637.0,67.2
2026-04-28,19,446.0,67.2
2026-04-28,20,252.0,66.2
2026-04-28,21,65.0,61.4
2026-04-28,22,0.0,59.7
2026-04-28,23,0.0,58.5
2026-04-28,24,0.0,55.9
2026-04-29,1,0.0,50.5
2026-04-29,2,0.0,48.2
2026-04-29,3,0.0,45.8
2026-04-29,4,0.0,45.0
2026-04-29,5,0.0,43.8
2026-04-29,6,0.0,41.8
2026-04-29,7,0.0,42.8
2026-04-29,8,12.0,42.1
2026-04-29,9,148.0,45.5
2026-04-29,10,359.0,49.3
2026-04-29,11,572.0,54.7
2026-04-29,12,757.0,61.3
2026-04-29,13,897.0,67.4
2026-04-29,14,964.0,69.4
2026-04-29,15,981.0,70.6
2026-04-29,16,925.0,71.2
2026-04-29,17,814.0,71.3
2026-04-29,18,646.0,71.3
2026-04-29,19,475.0,69.8
2026-04-29,20,256.0,68.1
2026-04-29,21,65.0,65.8
2026-04-29,22,0.0,63.4
2026-04-29,23,0.0,61.9
2026-04-29,24,0.0,58.7
2026-04-30,1,0.0,56.5
2026-04-30,2,0.0,55.8
2026-04-30,3,0.0,54.5
2026-04-30,4,0.0,50.6
2026-04-30,5,0.0,49.3
2026-04-30,6,0.0,49.0
2026-04-30,7,0.0,48.0
2026-04-30,8,13.0,45.9
2026-04-30,9,147.0,49.4
2026-04-30,10,357.0,53.6
2026-04-30,11,568.0,58.2
2026-04-30,12,728.0,63.1
2026-04-30,13,721.0,65.0
2026-04-30,14,732.0,67.6
2026-04-30,15,657.0,69.3
2026-04-30,16,530.0,70.2
2026-04-30,17,555.0,70.9
2026-04-30,18,547.0,71.4
2026-04-30,19,326.0,70.7
2026-04-30,20,200.0,70.3
2026-04-30,21,63.0,66.0
2026-04-30,22,0.0,61.9
2026-04-30,23,0.0,60.0
2026-04-30,24,0.0,57.4
2026-05-01,1,0.0,54.5
2026-05-01,2,0.0,53.2
2026-05-01,3,0.0,51.4
2026-05-01,4,0.0,49.5
2026-05-01,5,0.0,47.6
2026-05-01,6,0.0,46.2
2026-05-01,7,0.0,45.9
2026-05-01,8,14.0,45.4
2026-05-01,9,143.0,48.8
2026-05-01,10,354.0,53.6
2026-05-01,11,569.0,57.7
2026-05-01,12,761.0,61.3
2026-05-01,13,897.0,63.4
2026-05-01,14,921.0,65.8
2026-05-01,15,948.0,67.6
2026-05-01,16,884.0,68.4
2026-05-01,17,807.0,69.1
2026-05-01,18,617.0,69.8
2026-05-01,19,418.0,69.3
2026-05-01,20,225.0,67.9
2026-05-01,21,67.0,66.6
2026-05-01,22,0.0,64.0
2026-05-01,23,0.0,60.5
2026-05-01,24,0.0,57.7
2026-05-02,1,0.0,54.0
2026-05-02,2,0.0,51.9
2026-05-02,3,0.0,51.3
2026-05-02,4,0.0,50.9
2026-05-02,5,0.0,48.1
2026-05-02,6,0.0,46.0
2026-05-02,7,0.0,45.6
2026-05-02,8,15.0,45.8
2026-05-02,9,153.0,51.0
2026-05-02,10,360.0,55.0
2026-05-02,11,567.0,59.3
2026-05-02,12,749.0,63.3
2026-05-02,13,887.0,66.6
2026-05-02,14,960.0,68.9
2026-05-02,15,987.0,70.3
2026-05-02,16,942.0,71.0
2026-05-02,17,835.0,71.2
2026-05-02,18,676.0,71.9
2026-05-02,19,480.0,72.4
2026-05-02,20,265.0,71.6
2026-05-02,21,74.0,69.4
2026-05-02,22,0.0,66.7
2026-05-02,23,0.0,64.5
2026-05-02,24,0.0,63.1
2026-05-03,1,0.0,60.4
2026-05-03,2,0.0,56.4
2026-05-03,3,0.0,53.1
2026-05-03,4,0.0,50.9
2026-05-03,5,0.0,50.2
2026-05-03,6,0.0,48.8
2026-05-03,7,0.0,47.7
2026-05-03,8,15.0,47.9
2026-05-03,9,158.0,53.2
2026-05-03,10,363.0,58.4
2026-05-03,11,571.0,64.5
2026-05-03,12,727.0,68.1
2026-05-03,13,880.0,71.2
2026-05-03,14,974.0,74.7
2026-05-03,15,981.0,76.8
2026-05-03,16,920.0,78.4
2026-05-03,17,827.0,78.6
2026-05-03,18,618.0,80.4
2026-05-03,19,444.0,79.3
2026-05-03,20,239.0,76.6
2026-05-03,21,53.0,75.0
2026-05-03,22,0.0,72.6
2026-05-03,23,0.0,69.6
2026-05-03,24,0.0,67.3
2026-05-04,1,0.0,64.7
2026-05-04,2,0.0,62.1
2026-05-04,3,0.0,59.6
2026-05-04,4,0.0,57.4
2026-05-04,5,0.0,56.9
2026-05-04,6,0.0,54.6
2026-05-04,7,0.0,52.7
2026-05-04,8,15.0,52.4
2026-05-04,9,122.0,55.0
2026-05-04,10,243.0,57.1
2026-05-04,11,390.0,61.1
2026-05-04,12,637.0,67.3
2026-05-04,13,743.0,70.9
2026-05-04,14,820.0,73.3
2026-05-04,15,819.0,74.2
2026-05-04,16,818.0,75.0
2026-05-04,17,675.0,75.6
2026-05-04,18,485.0,75.4
2026-05-04,19,339.0,74.8
2026-05-04,20,183.0,73.9
2026-05-04,21,51.0,71.2
2026-05-04,22,0.0,70.3
2026-05-04,23,0.0,68.4
2026-05-04,24,0.0,67.1
2026-05-05,1,0.0,65.0
2026-05-05,2,0.0,62.7
2026-05-05,3,0.0,60.6
2026-05-05,4,0.0,58.8
2026-05-05,5,0.0,57.5
2026-05-05,6,0.0,55.1
2026-05-05,7,0.0,52.7
2026-05-05,8,20.0,51.5
2026-05-05,9,166.0,54.9
2026-05-05,10,319.0,57.7
2026-05-05,11,449.0,59.8
2026-05-05,12,685.0,62.6
2026-05-05,13,907.0,65.2
2026-05-05,14,987.0,67.6
2026-05-05,15,1000.0,69.4
2026-05-05,16,948.0,71.3
2026-05-05,17,838.0,71.3
2026-05-05,18,648.0,70.5
2026-05-05,19,445.0,69.5
2026-05-05,20,267.0,67.9
2026-05-05,21,76.0,66.1
2026-05-05,22,1.0,64.0
2026-05-05,23,0.0,61.8
2026-05-05,24,0.0,57.4
2026-05-06,1,0.0,57.2
2026-05-06,2,0.0,55.0
2026-05-06,3,0.0,54.4
2026-05-06,4,0.0,52.9
2026-05-06,5,0.0,52.4
2026-05-06,6,0.0,50.8
2026-05-06,7,0.0,49.7
2026-05-06,8,20.0,49.5
2026-05-06,9,162.0,52.8
2026-05-06,10,330.0,57.2
2026-05-06,11,515.0,61.3
2026-05-06,12,647.0,62.7
2026-05-06,13,784.0,63.3
2026-05-06,14,822.0,65.9
2026-05-06,15,854.0,67.7
2026-05-06,16,834.0,67.6
2026-05-06,17,848.0,65.6
2026-05-06,18,694.0,66.4
2026-05-06,19,497.0,65.1
2026-05-06,20,281.0,63.1
2026-05-06,21,84.0,61.0
2026-05-06,22,1.0,58.4
2026-05-06,23,0.0,55.3
2026-05-06,24,0.0,52.8
2026-05-07,1,0.0,50.0
2026-05-07,2,0.0,47.4
2026-05-07,3,0.0,45.2
2026-05-07,4,0.0,43.7
2026-05-07,5,0.0,42.2
2026-05-07,6,0.0,40.9
2026-05-07,7,0.0,39.7
2026-05-07,8,22.0,39.7
2026-05-07,9,176.0,44.1
2026-05-07,10,388.0,48.3
2026-05-07,11,597.0,52.6
2026-05-07,12,777.0,57.7
2026-05-07,13,912.0,62.3
2026-05-07,14,989.0,66.9
2026-05-07,15,1005.0,70.3
2026-05-07,16,956.0,73.4
2026-05-07,17,843.0,75.6
2026-05-07,18,681.0,76.3
2026-05-07,19,474.0,76.4
2026-05-07,20,266.0,76.6
2026-05-07,21,75.0,74.6
2026-05-07,22,1.0,71.4
2026-05-07,23,0.0,68.5
2026-05-07,24,0.0,64.7
2026-05-08,1,0.0,61.6
2026-05-08,2,0.0,57.3
2026-05-08,3,0.0,55.2
2026-05-08,4,0.0,53.7
2026-05-08,5,0.0,51.7
2026-05-08,6,0.0,50.2
2026-05-08,7,0.0,49.1
2026-05-08,8,23.0,48.6
2026-05-08,9,174.0,52.9
2026-05-08,10,384.0,58.1
2026-05-08,11,590.0,63.2
2026-05-08,12,768.0,70.1
2026-05-08,13,901.0,77.9
2026-05-08,14,973.0,82.9
2026-05-08,15,932.0,86.4
2026-05-08,16,643.0,85.6
2026-05-08,17,752.0,86.5
2026-05-08,18,600.0,85.4
2026-05-08,19,469.0,84.1
2026-05-08,20,271.0,82.9
2026-05-08,21,83.0,79.2
2026-05-08,22,1.0,75.9
2026-05-08,23,0.0,73.0
2026-05-08,24,0.0,69.3
2026-05-09,1,0.0,67.1
2026-05-09,2,0.0,64.2
2026-05-09,3,0.0,63.2
2026-05-09,4,0.0,62.3
2026-05-09,5,0.0,60.7
2026-05-09,6,0.0,57.8
2026-05-09,7,0.0,55.0
2026-05-09,8,24.0,54.3
2026-05-09,9,177.0,59.3
2026-05-09,10,385.0,65.2
2026-05-09,11,588.0,70.4
2026-05-09,12,770.0,75.7
2026-05-09,13,879.0,80.6
2026-05-09,14,862.0,82.6
2026-05-09,15,874.0,86.5
2026-05-09,16,777.0,81.4
2026-05-09,17,748.0,85.8
2026-05-09,18,561.0,79.8
2026-05-09,19,288.0,83.7
2026-05-09,20,193.0,81.4
2026-05-09,21,60.0,78.9
2026-05-09,22,1.0,75.6
2026-05-09,23,0.0,72.1
2026-05-09,24,0.0,71.1
2026-05-10,1,0.0,69.0
2026-05-10,2,0.0,67.1
2026-05-10,3,0.0,65.5
2026-05-10,4,0.0,63.1
2026-05-10,5,0.0,60.4
2026-05-10,6,0.0,56.8
2026-05-10,7,0.0,55.5
2026-05-10,8,26.0,55.1
2026-05-10,9,186.0,59.9
2026-05-10,10,400.0,65.7
2026-05-10,11,609.0,70.4
2026-05-10,12,790.0,73.9
2026-05-10,13,924.0,76.6
2026-05-10,14,1002.0,79.0
2026-05-10,15,1019.0,80.2
2026-05-10,16,972.0,81.6
2026-05-10,17,864.0,82.7
2026-05-10,18,705.0,83.2
2026-05-10,19,507.0,83.1
2026-05-10,20,290.0,82.5
2026-05-10,21,91.0,79.8
2026-05-10,22,1.0,74.3
2026-05-10,23,0.0,71.7
2026-05-10,24,0.0,67.5
2026-05-11,1,0.0,63.1
2026-05-11,2,0.0,59.3
2026-05-11,3,0.0,56.0
2026-05-11,4,0.0,54.1
2026-05-11,5,0.0,52.6
2026-05-11,6,0.0,51.2
2026-05-11,7,0.0,49.6
2026-05-11,8,27.0,50.1
2026-05-11,9,187.0,55.4
2026-05-11,10,399.0,61.3
2026-05-11,11,605.0,67.7
2026-05-11,12,782.0,73.3
2026-05-11,13,916.0,77.1
2026-05-11,14,995.0,80.4
2026-05-11,15,1013.0,82.9
2026-05-11,16,967.0,85.4
2026-05-11,17,862.0,86.8
2026-05-11,18,704.0,87.7
2026-05-11,19,508.0,87.3
2026-05-11,20,293.0,86.9
2026-05-11,21,94.0,83.0
2026-05-11,22,2.0,79.5
2026-05-11,23,0.0,76.2
2026-05-11,24,0.0,72.5
2026-05-12,1,0.0,67.3
2026-05-12,2,0.0,62.7
2026-05-12,3,0.0,60.4
2026-05-12,4,0.0,58.8
2026-05-12,5,0.0,56.8
2026-05-12,6,0.0,55.3
2026-05-12,7,0.0,54.8
2026-05-12,8,34.0,54.7
2026-05-12,9,211.0,59.4
2026-05-12,10,429.0,64.9
2026-05-12,11,638.0,71.0
2026-05-12,12,816.0,77.5
2026-05-12,13,949.0,82.5
2026-05-12,14,1026.0,87.4
2026-05-12,15,1041.0,90.8
2026-05-12,16,996.0,92.9
2026-05-12,17,893.0,93.7
2026-05-12,18,736.0,93.9
2026-05-12,19,537.0,92.9
2026-05-12,20,319.0,91.9
2026-05-12,21,110.0,88.6
2026-05-12,22,2.0,84.7
2026-05-12,23,0.0,81.1
2026-05-12,24,0.0,78.4
2026-05-13,1,0.0,71.5
2026-05-13,2,0.0,67.1
2026-05-13,3,0.0,63.5
2026-05-13,4,0.0,61.4
2026-05-13,5,0.0,60.0
2026-05-13,6,0.0,58.7
2026-05-13,7,0.0,57.0
2026-05-13,8,34.0,58.7
2026-05-13,9,208.0,63.9
2026-05-13,10,416.0,68.7
2026-05-13,11,612.0,74.6
2026-05-13,12,780.0,81.5
2026-05-13,13,823.0,85.2
2026-05-13,14,927.0,89.6
2026-05-13,15,1005.0,91.9
2026-05-13,16,917.0,92.5
2026-05-13,17,821.0,93.3
2026-05-13,18,648.0,92.6
2026-05-13,19,390.0,85.1
2026-05-13,20,123.0,83.4
2026-05-13,21,49.0,81.1
2026-05-13,22,2.0,81.5
2026-05-13,23,0.0,79.2
2026-05-13,24,0.0,77.8
2026-05-14,1,0.0,73.9
2026-05-14,2,0.0,72.0
2026-05-14,3,0.0,69.4
2026-05-14,4,0.0,66.4
2026-05-14,5,0.0,63.6
2026-05-14,6,0.0,61.2
2026-05-14,7,0.0,59.6
2026-05-14,8,37.0,60.8
2026-05-14,9,216.0,65.0
2026-05-14,10,434.0,70.1
2026-05-14,11,642.0,74.7
2026-05-14,12,820.0,78.3
2026-05-14,13,953.0,81.4
2026-05-14,14,1031.0,83.7
2026-05-14,15,1045.0,85.2
2026-05-14,16,995.0,86.4
2026-05-14,17,887.0,87.0
2026-05-14,18,730.0,86.9
2026-05-14,19,537.0,85.7
2026-05-14,20,320.0,84.7
2026-05-14,21,114.0,82.2
2026-05-14,22,3.0,78.6
2026-05-14,23,0.0,75.8
2026-05-14,24,0.0,73.9
2026-05-15,1,0.0,68.7
2026-05-15,2,0.0,65.6
2026-05-15,3,0.0,63.2
2026-05-15,4,0.0,61.3
2026-05-15,5,0.0,59.5
2026-05-15,6,0.0,57.6
2026-05-15,7,0.0,56.3
2026-05-15,8,37.0,57.0
2026-05-15,9,213.0,62.8
2026-05-15,10,428.0,67.2
2026-05-15,11,634.0,71.8
2026-05-15,12,811.0,76.6
2026-05-15,13,944.0,80.6
2026-05-15,14,1020.0,85.4
2026-05-15,15,1034.0,88.0
2026-05-15,16,957.0,88.8
2026-05-15,17,877.0,89.0
2026-05-15,18,717.0,88.4
2026-05-15,19,541.0,87.4
2026-05-15,20,321.0,85.9
2026-05-15,21,116.0,83.4
2026-05-15,22,3.0,79.9
2026-05-15,23,0.0,76.6
2026-05-15,24,0.0,74.6
2026-05-16,1,0.0,71.8
2026-05-16,2,0.0,70.3
2026-05-16,3,0.0,68.1
2026-05-16,4,0.0,65.2
2026-05-16,5,0.0,62.7
2026-05-16,6,0.0,61.6
2026-05-16,7,0.0,61.4
2026-05-16,8,38.0,63.4
2026-05-16,9,213.0,68.0
2026-05-16,10,426.0,73.9
2026-05-16,11,632.0,77.5
2026-05-16,12,810.0,80.2
2026-05-16,13,932.0,83.0
2026-05-16,14,1010.0,84.7
2026-05-16,15,1013.0,85.9
2026-05-16,16,937.0,87.4
2026-05-16,17,832.0,87.8
2026-05-16,18,697.0,87.0
2026-05-16,19,480.0,85.9
2026-05-16,20,281.0,83.9
2026-05-16,21,97.0,81.8
2026-05-16,22,2.0,80.9
2026-05-16,23,0.0,78.7
2026-05-16,24,0.0,74.8
2026-05-17,1,0.0,70.9
2026-05-17,2,0.0,67.4
2026-05-17,3,0.0,65.7
2026-05-17,4,0.0,62.3
2026-05-17,5,0.0,60.0
2026-05-17,6,0.0,58.0
2026-05-17,7,0.0,56.4
2026-05-17,8,36.0,57.1
2026-05-17,9,203.0,60.8
2026-05-17,10,417.0,65.8
2026-05-17,11,629.0,69.6
2026-05-17,12,790.0,73.9
2026-05-17,13,901.0,76.8
2026-05-17,14,979.0,81.3
2026-05-17,15,972.0,83.0
2026-05-17,16,979.0,83.3
2026-05-17,17,798.0,84.1
2026-05-17,18,562.0,83.3
2026-05-17,19,370.0,81.9
2026-05-17,20,261.0,80.3
2026-05-17,21,89.0,77.8
2026-05-17,22,3.0,74.1
2026-05-17,23,0.0,72.8
2026-05-17,24,0.0,70.2
2026-05-18,1,0.0,68.8
2026-05-18,2,0.0,66.6
2026-05-18,3,0.0,64.5
2026-05-18,4,0.0,61.6
2026-05-18,5,0.0,56.6
2026-05-18,6,0.0,53.8
2026-05-18,7,0.0,52.1
2026-05-18,8,26.0,52.4
2026-05-18,9,116.0,52.3
2026-05-18,10,365.0,54.2
2026-05-18,11,661.0,56.2
2026-05-18,12,762.0,56.9
2026-05-18,13,918.0,60.1
2026-05-18,14,976.0,62.5
2026-05-18,15,972.0,64.6
2026-05-18,16,887.0,65.6
2026-05-18,17,895.0,66.5
2026-05-18,18,748.0,66.5
2026-05-18,19,550.0,65.6
2026-05-18,20,331.0,64.3
2026-05-18,21,121.0,62.2
2026-05-18,22,4.0,59.1
2026-05-18,23,0.0,56.8
2026-05-18,24,0.0,54.3
2026-05-19,1,0.0,53.8
2026-05-19,2,0.0,52.3
2026-05-19,3,0.0,49.7
2026-05-19,4,0.0,48.3
2026-05-19,5,0.0,46.8
2026-05-19,6,0.0,44.9
2026-05-19,7,0.0,42.6
2026-05-19,8,42.0,44.2
2026-05-19,9,222.0,48.9
2026-05-19,10,436.0,53.6
2026-05-19,11,641.0,58.1
2026-05-19,12,819.0,62.2
2026-05-19,13,961.0,65.2
2026-05-19,14,1011.0,68.3
2026-05-19,15,968.0,70.0
2026-05-19,16,942.0,70.6
2026-05-19,17,774.0,71.8
2026-05-19,18,687.0,73.5
2026-05-19,19,528.0,73.4
2026-05-19,20,306.0,71.4
2026-05-19,21,106.0,67.7
2026-05-19,22,4.0,65.1
2026-05-19,23,0.0,61.0
2026-05-19,24,0.0,59.5
2026-05-20,1,0.0,57.9
2026-05-20,2,0.0,57.4
2026-05-20,3,0.0,56.0
2026-05-20,4,0.0,54.6
2026-05-20,5,0.0,52.4
2026-05-20,6,0.0,50.5
2026-05-20,7,0.0,46.0
2026-05-20,8,43.0,47.8
2026-05-20,9,222.0,51.9
2026-05-20,10,436.0,56.9
2026-05-20,11,641.0,62.4
2026-05-20,12,817.0,66.7
2026-05-20,13,955.0,70.0
2026-05-20,14,1033.0,72.9
2026-05-20,15,1048.0,74.5
2026-05-20,16,998.0,75.8
2026-05-20,17,904.0,77.2
2026-05-20,18,745.0,77.4
2026-05-20,19,551.0,76.5
2026-05-20,20,334.0,75.7
2026-05-20,21,126.0,72.8
2026-05-20,22,5.0,69.5
2026-05-20,23,0.0,67.0
2026-05-20,24,0.0,63.1
2026-05-21,1,0.0,59.2
2026-05-21,2,0.0,57.1
2026-05-21,3,0.0,55.4
2026-05-21,4,0.0,53.4
2026-05-21,5,0.0,51.2
2026-05-21,6,0.0,48.8
2026-05-21,7,0.0,46.5
2026-05-21,8,43.0,48.6
2026-05-21,9,208.0,53.2
2026-05-21,10,420.0,57.2
2026-05-21,11,644.0,62.8
2026-05-21,12,811.0,68.5
2026-05-21,13,932.0,72.8
2026-05-21,14,1029.0,77.1
2026-05-21,15,1046.0,79.6
2026-05-21,16,1001.0,81.1
2026-05-21,17,896.0,82.0
2026-05-21,18,740.0,81.9
2026-05-21,19,548.0,80.6
2026-05-21,20,335.0,79.1
2026-05-21,21,127.0,77.2
2026-05-21,22,6.0,73.3
2026-05-21,23,0.0,71.8
2026-05-21,24,0.0,67.7
2026-05-22,1,0.0,64.2
2026-05-22,2,0.0,64.3
2026-05-22,3,0.0,63.1
2026-05-22,4,0.0,60.4
2026-05-22,5,0.0,57.7
2026-05-22,6,0.0,55.1
2026-05-22,7,0.0,53.6
2026-05-22,8,46.0,54.8
2026-05-22,9,227.0,60.3
2026-05-22,10,421.0,65.1
2026-05-22,11,616.0,68.3
2026-05-22,12,757.0,71.4
2026-05-22,13,849.0,73.4
2026-05-22,14,987.0,76.6
2026-05-22,15,994.0,80.2
2026-05-22,16,883.0,81.1
2026-05-22,17,745.0,79.5
2026-05-22,18,658.0,79.5
2026-05-22,19,526.0,78.2
2026-05-22,20,329.0,75.6
2026-05-22,21,116.0,73.0
2026-05-22,22,4.0,71.2
2026-05-22,23,0.0,68.8
2026-05-22,24,0.0,67.6
2026-05-23,1,0.0,65.6
2026-05-23,2,0.0,61.5
2026-05-23,3,0.0,58.7
2026-05-23,4,0.0,56.3
2026-05-23,5,0.0,54.7
2026-05-23,6,0.0,52.8
2026-05-23,7,0.0,50.8
2026-05-23,8,46.0,52.0
2026-05-23,9,224.0,56.8
2026-05-23,10,434.0,62.0
2026-05-23,11,635.0,67.7
2026-05-23,12,812.0,72.8
2026-05-23,13,899.0,75.8
2026-05-23,14,908.0,79.0
2026-05-23,15,894.0,80.3
2026-05-23,16,917.0,82.0
2026-05-23,17,814.0,83.6
2026-05-23,18,680.0,85.8
2026-05-23,19,479.0,84.7
2026-05-23,20,324.0,83.7
2026-05-23,21,129.0,81.6
2026-05-23,22,7.0,77.5
2026-05-23,23,0.0,73.6
2026-05-23,24,0.0,70.8
2026-05-24,1,0.0,67.8
2026-05-24,2,0.0,64.8
2026-05-24,3,0.0,62.7
2026-05-24,4,0.0,60.4
2026-05-24,5,0.0,58.5
2026-05-24,6,0.0,56.5
2026-05-24,7,0.0,55.0
2026-05-24,8,48.0,57.0
2026-05-24,9,228.0,61.6
2026-05-24,10,441.0,65.8
2026-05-24,11,643.0,71.2
2026-05-24,12,817.0,75.6
2026-05-24,13,952.0,78.7
2026-05-24,14,1032.0,83.8
2026-05-24,15,1052.0,87.1
2026-05-24,16,961.0,88.1
2026-05-24,17,880.0,88.3
2026-05-24,18,744.0,88.3
2026-05-24,19,549.0,88.0
2026-05-24,20,305.0,86.8
2026-05-24,21,120.0,84.6
2026-05-24,22,7.0,80.8
2026-05-24,23,0.0,79.6
2026-05-24,24,0.0,76.9
2026-05-25,1,0.0,73.0
2026-05-25,2,0.0,68.6
2026-05-25,3,0.0,64.9
2026-05-25,4,0.0,62.8
2026-05-25,5,0.0,61.7
2026-05-25,6,0.0,60.4
2026-05-25,7,0.0,59.5
2026-05-25,8,33.0,61.5
2026-05-25,9,160.0,65.9
2026-05-25,10,314.0,70.1
2026-05-25,11,451.0,73.3
2026-05-25,12,510.0,77.2
2026-05-25,13,579.0,78.0
2026-05-25,14,744.0,80.2
2026-05-25,15,682.0,81.5
2026-05-25,16,765.0,81.2
2026-05-25,17,503.0,73.5
2026-05-25,18,360.0,75.0
2026-05-25,19,349.0,75.0
2026-05-25,20,214.0,73.8
2026-05-25,21,119.0,72.3
2026-05-25,22,6.0,68.8
2026-05-25,23,0.0,64.9
2026-05-25,24,0.0,63.2
2026-05-26,1,0.0,62.2
2026-05-26,2,0.0,60.0
2026-05-26,3,0.0,57.5
2026-05-26,4,0.0,57.2
2026-05-26,5,0.0,56.5
2026-05-26,6,0.0,54.5
2026-05-26,7,0.0,53.7
2026-05-26,8,32.0,54.9
2026-05-26,9,190.0,56.7
2026-05-26,10,335.0,59.6
2026-05-26,11,581.0,63.0
2026-05-26,12,782.0,65.5
2026-05-26,13,911.0,68.7
2026-05-26,14,964.0,71.2
2026-05-26,15,968.0,72.7
2026-05-26,16,915.0,74.0
2026-05-26,17,816.0,74.4
2026-05-26,18,717.0,75.6
2026-05-26,19,524.0,76.1
2026-05-26,20,269.0,75.1
2026-05-26,21,116.0,72.3
2026-05-26,22,7.0,69.0
2026-05-26,23,0.0,67.2
2026-05-26,24,0.0,65.7
2026-05-27,1,0.0,63.1
2026-05-27,2,0.0,63.1
2026-05-27,3,0.0,62.7
2026-05-27,4,0.0,59.2
2026-05-27,5,0.0,56.9
2026-05-27,6,0.0,55.9
2026-05-27,7,0.0,54.1
2026-05-27,8,52.0,55.9
2026-05-27,9,234.0,60.0
2026-05-27,10,446.0,64.5
2026-05-27,11,648.0,69.4
2026-05-27,12,822.0,74.6
2026-05-27,13,952.0,77.4
2026-05-27,14,1030.0,79.7
2026-05-27,15,1048.0,81.6
2026-05-27,16,999.0,82.9
2026-05-27,17,895.0,84.2
2026-05-27,18,742.0,85.0
2026-05-27,19,557.0,84.6
2026-05-27,20,346.0,83.0
2026-05-27,21,137.0,79.1
2026-05-27,22,9.0,74.5
2026-05-27,23,0.0,73.9
2026-05-27,24,0.0,70.4
2026-05-28,1,0.0,67.6
2026-05-28,2,0.0,65.4
2026-05-28,3,0.0,61.8
2026-05-28,4,0.0,61.3
2026-05-28,5,0.0,59.0
2026-05-28,6,0.0,56.8
2026-05-28,7,0.0,56.5
2026-05-28,8,53.0,58.9
2026-05-28,9,235.0,63.8
2026-05-28,10,447.0,67.9
2026-05-28,11,650.0,72.4
2026-05-28,12,823.0,76.6
2026-05-28,13,953.0,79.8
2026-05-28,14,1027.0,81.9
2026-05-28,15,1044.0,83.1
2026-05-28,16,998.0,84.3
2026-05-28,17,892.0,86.7
2026-05-28,18,745.0,89.9
2026-05-28,19,563.0,88.4
2026-05-28,20,329.0,86.5
2026-05-28,21,102.0,83.5
2026-05-28,22,8.0,79.5
2026-05-28,23,0.0,77.6
2026-05-28,24,0.0,74.9
2026-05-29,1,0.0,72.2
2026-05-29,2,0.0,69.9
2026-05-29,3,0.0,67.4
2026-05-29,4,0.0,65.5
2026-05-29,5,0.0,64.3
2026-05-29,6,0.0,62.5
2026-05-29,7,0.0,61.7
2026-05-29,8,19.0,63.1
2026-05-29,9,135.0,65.8
2026-05-29,10,319.0,69.5
2026-05-29,11,597.0,73.3
2026-05-29,12,817.0,76.6
2026-05-29,13,947.0,78.6
2026-05-29,14,1004.0,79.8
2026-05-29,15,822.0,80.9
2026-05-29,16,931.0,82.9
2026-05-29,17,547.0,79.7
2026-05-29,18,590.0,78.7
2026-05-29,19,532.0,76.8
2026-05-29,20,298.0,72.1
2026-05-29,21,112.0,64.3
2026-05-29,22,9.0,63.2
2026-05-29,23,0.0,61.7
2026-05-29,24,0.0,60.1
2026-05-30,1,0.0,58.5
2026-05-30,2,0.0,56.9
2026-05-30,3,0.0,55.9
2026-05-30,4,0.0,53.4
2026-05-30,5,0.0,51.9
2026-05-30,6,0.0,50.6
2026-05-30,7,0.0,50.0
2026-05-30,8,53.0,52.2
2026-05-30,9,234.0,55.7
2026-05-30,10,444.0,59.6
2026-05-30,11,645.0,64.0
2026-05-30,12,819.0,67.6
2026-05-30,13,960.0,70.6
2026-05-30,14,1030.0,73.8
2026-05-30,15,1053.0,76.2
2026-05-30,16,1012.0,77.5
2026-05-30,17,905.0,78.4
2026-05-30,18,753.0,78.3
2026-05-30,19,558.0,77.5
2026-05-30,20,310.0,76.6
2026-05-30,21,123.0,75.3
2026-05-30,22,10.0,72.5
2026-05-30,23,0.0,70.1
2026-05-30,24,0.0,68.1
2026-05-31,1,0.0,64.1
2026-05-31,2,0.0,60.5
2026-05-31,3,0.0,57.9
2026-05-31,4,0.0,56.5
2026-05-31,5,0.0,54.4
2026-05-31,6,0.0,53.1
2026-05-31,7,0.0,51.5
2026-05-31,8,54.0,53.9
2026-05-31,9,236.0,58.1
2026-05-31,10,447.0,62.6
2026-05-31,11,649.0,68.1
2026-05-31,12,822.0,73.0
2026-05-31,13,953.0,77.4
2026-05-31,14,1030.0,80.9
2026-05-31,15,1051.0,82.5
2026-05-31,16,1008.0,83.6
2026-05-31,17,903.0,84.6
2026-05-31,18,748.0,84.7
2026-05-31,19,554.0,83.8
2026-05-31,20,344.0,83.3
2026-05-31,21,144.0,82.0
2026-05-31,22,11.0,78.4
2026-05-31,23,0.0,75.5
2026-05-31,24,0.0,71.7
2026-06-01,1,0.0,68.1
2026-06-01,2,0.0,64.9
2026-06-01,3,0.0,62.3
2026-06-01,4,0.0,60.4
2026-06-01,5,0.0,58.2
2026-06-01,6,0.0,56.5
2026-06-01,7,0.0,55.9
2026-06-01,8,55.0,58.0
2026-06-01,9,237.0,63.0
2026-06-01,10,448.0,67.5
2026-06-01,11,650.0,72.4
2026-06-01,12,824.0,78.1
2026-06-01,13,956.0,82.0
2026-06-01,14,1031.0,85.9
2026-06-01,15,1041.0,88.3
2026-06-01,16,997.0,90.2
2026-06-01,17,897.0,90.2
2026-06-01,18,734.0,89.9
2026-06-01,19,550.0,89.5
2026-06-01,20,335.0,90.1
2026-06-01,21,129.0,88.3
2026-06-01,22,11.0,83.7
2026-06-01,23,0.0,80.2
2026-06-01,24,0.0,76.4
2026-06-02,1,0.0,74.0
2026-06-02,2,0.0,70.4
2026-06-02,3,0.0,66.1
2026-06-02,4,0.0,63.8
2026-06-02,5,0.0,61.2
2026-06-02,6,0.0,59.6
2026-06-02,7,0.0,57.5
2026-06-02,8,56.0,59.7
2026-06-02,9,236.0,66.4
2026-06-02,10,445.0,71.2
2026-06-02,11,654.0,75.7
2026-06-02,12,828.0,81.0
2026-06-02,13,950.0,84.9
2026-06-02,14,1034.0,88.1
2026-06-02,15,1056.0,90.1
2026-06-02,16,1011.0,91.8
2026-06-02,17,900.0,92.1
2026-06-02,18,750.0,91.9
2026-06-02,19,546.0,91.1
2026-06-02,20,347.0,91.0
2026-06-02,21,148.0,88.9
2026-06-02,22,12.0,83.8
2026-06-02,23,0.0,81.0
2026-06-02,24,0.0,76.9
2026-06-03,1,0.0,73.5
2026-06-03,2,0.0,68.4
2026-06-03,3,0.0,65.5
2026-06-03,4,0.0,63.7
2026-06-03,5,0.0,65.6
2026-06-03,6,0.0,66.9
2026-06-03,7,0.0,62.6
2026-06-03,8,54.0,65.8
2026-06-03,9,234.0,71.3
2026-06-03,10,442.0,75.3
2026-06-03,11,628.0,79.5
2026-06-03,12,762.0,82.8
2026-06-03,13,917.0,85.6
2026-06-03,14,1016.0,88.5
2026-06-03,15,935.0,90.3
2026-06-03,16,930.0,91.1
2026-06-03,17,890.0,92.6
2026-06-03,18,745.0,93.0
2026-06-03,19,560.0,93.0
2026-06-03,20,339.0,92.4
2026-06-03,21,145.0,89.5
2026-06-03,22,13.0,85.9
2026-06-03,23,0.0,82.3
2026-06-03,24,0.0,78.2
2026-06-04,1,0.0,73.8
2026-06-04,2,0.0,70.6
2026-06-04,3,0.0,68.3
2026-06-04,4,0.0,66.6
2026-06-04,5,0.0,65.7
2026-06-04,6,0.0,64.2
2026-06-04,7,0.0,61.5
2026-06-04,8,55.0,64.6
2026-06-04,9,230.0,69.3
2026-06-04,10,436.0,73.9
2026-06-04,11,637.0,78.9
2026-06-04,12,809.0,82.4
2026-06-04,13,939.0,84.6
2026-06-04,14,1018.0,88.0
2026-06-04,15,1031.0,90.3
2026-06-04,16,975.0,92.1
2026-06-04,17,883.0,93.7
2026-06-04,18,748.0,94.6
2026-06-04,19,564.0,94.2
2026-06-04,20,352.0,93.4
2026-06-04,21,152.0,91.1
2026-06-04,22,13.0,86.0
2026-06-04,23,0.0,84.2
2026-06-04,24,0.0,81.4
2026-06-05,1,0.0,78.6
2026-06-05,2,0.0,74.1
2026-06-05,3,0.0,71.2
2026-06-05,4,0.0,69.0
2026-06-05,5,0.0,66.2
2026-06-05,6,0.0,64.1
2026-06-05,7,0.0,61.5
2026-06-05,8,57.0,64.4
2026-06-05,9,237.0,68.6
2026-06-05,10,446.0,73.0
2026-06-05,11,647.0,78.1
2026-06-05,12,819.0,83.1
2026-06-05,13,957.0,86.5
2026-06-05,14,1016.0,91.0
2026-06-05,15,1013.0,94.7
2026-06-05,16,988.0,96.7
2026-06-05,17,899.0,97.6
2026-06-05,18,738.0,97.5
2026-06-05,19,556.0,96.0
2026-06-05,20,351.0,94.5
2026-06-05,21,153.0,92.2
2026-06-05,22,14.0,87.4
2026-06-05,23,0.0,84.3
2026-06-05,24,0.0,80.2
2026-06-06,1,0.0,76.6
2026-06-06,2,0.0,72.4
2026-06-06,3,0.0,69.0
2026-06-06,4,0.0,67.3
2026-06-06,5,0.0,65.0
2026-06-06,6,0.0,63.1
2026-06-06,7,0.0,63.4
2026-06-06,8,58.0,65.0
2026-06-06,9,240.0,69.0
2026-06-06,10,450.0,73.8
2026-06-06,11,650.0,79.9
2026-06-06,12,822.0,85.1
2026-06-06,13,951.0,88.3
2026-06-06,14,1026.0,91.4
2026-06-06,15,1045.0,94.0
2026-06-06,16,1003.0,96.9
2026-06-06,17,902.0,95.6
2026-06-06,18,752.0,95.8
2026-06-06,19,567.0,94.8
2026-06-06,20,359.0,92.9
2026-06-06,21,153.0,90.7
2026-06-06,22,14.0,87.9
2026-06-06,23,0.0,85.7
2026-06-06,24,0.0,82.9
2026-06-07,1,0.0,79.4
2026-06-07,2,0.0,77.1
2026-06-07,3,0.0,74.8
2026-06-07,4,0.0,72.9
2026-06-07,5,0.0,70.9
2026-06-07,6,0.0,69.2
2026-06-07,7,0.0,68.0
2026-06-07,8,49.0,69.4
2026-06-07,9,227.0,73.7
2026-06-07,10,439.0,78.4
2026-06-07,11,644.0,81.9
2026-06-07,12,801.0,85.3
2026-06-07,13,881.0,87.4
2026-06-07,14,972.0,89.5
2026-06-07,15,1013.0,91.4
2026-06-07,16,981.0,92.1
2026-06-07,17,855.0,91.7
2026-06-07,18,708.0,91.6
2026-06-07,19,473.0,90.2
2026-06-07,20,251.0,89.2
2026-06-07,21,115.0,87.3
2026-06-07,22,11.0,84.7
2026-06-07,23,0.0,82.7
2026-06-07,24,0.0,80.4
2026-06-08,1,0.0,78.3
2026-06-08,2,0.0,76.5
2026-06-08,3,0.0,74.6
2026-06-08,4,0.0,72.6
2026-06-08,5,0.0,70.3
2026-06-08,6,0.0,67.6
2026-06-08,7,0.0,65.7
2026-06-08,8,56.0,68.3
2026-06-08,9,231.0,72.1
2026-06-08,10,440.0,76.6
2026-06-08,11,640.0,80.9
2026-06-08,12,811.0,84.0
2026-06-08,13,943.0,86.4
2026-06-08,14,1023.0,88.6
2026-06-08,15,1041.0,90.7
2026-06-08,16,1001.0,93.4
2026-06-08,17,904.0,93.7
2026-06-08,18,758.0,93.4
2026-06-08,19,572.0,92.5
2026-06-08,20,363.0,91.3
2026-06-08,21,158.0,89.5
2026-06-08,22,16.0,86.0
2026-06-08,23,0.0,83.8
2026-06-08,24,0.0,82.0
2026-06-09,1,0.0,80.2
2026-06-09,2,0.0,77.5
2026-06-09,3,0.0,74.7
2026-06-09,4,0.0,71.6
2026-06-09,5,0.0,68.6
2026-06-09,6,0.0,66.3
2026-06-09,7,0.0,64.5
2026-06-09,8,58.0,66.8
2026-06-09,9,238.0,71.2
2026-06-09,10,441.0,76.7
2026-06-09,11,643.0,81.7
2026-06-09,12,819.0,85.5
2026-06-09,13,945.0,89.3
2026-06-09,14,1024.0,91.5
2026-06-09,15,1046.0,92.9
2026-06-09,16,1008.0,93.7
2026-06-09,17,913.0,92.9
2026-06-09,18,758.0,93.0
2026-06-09,19,574.0,93.7
2026-06-09,20,366.0,91.9
2026-06-09,21,160.0,89.0
2026-06-09,22,16.0,84.8
2026-06-09,23,0.0,82.9
2026-06-09,24,0.0,81.1
2026-06-10,1,0.0,79.5
2026-06-10,2,0.0,77.8
2026-06-10,3,0.0,74.0
2026-06-10,4,0.0,71.0
2026-06-10,5,0.0,69.0
2026-06-10,6,0.0,67.0
2026-06-10,7,0.0,64.5
2026-06-10,8,58.0,66.1
2026-06-10,9,239.0,71.3
2026-06-10,10,448.0,76.9
2026-06-10,11,648.0,81.9
2026-06-10,12,821.0,85.5
2026-06-10,13,951.0,88.2
2026-06-10,14,1029.0,90.6
2026-06-10,15,1048.0,92.5
2026-06-10,16,1005.0,93.9
2026-06-10,17,907.0,94.6
2026-06-10,18,758.0,94.7
2026-06-10,19,570.0,94.4
2026-06-10,20,362.0,93.5
2026-06-10,21,158.0,91.7
2026-06-10,22,16.0,87.8
2026-06-10,23,0.0,85.6
2026-06-10,24,0.0,83.5
2026-06-11,1,0.0,81.7
2026-06-11,2,0.0,79.9
2026-06-11,3,0.0,77.5
2026-06-11,4,0.0,76.1
2026-06-11,5,0.0,73.3
2026-06-11,6,0.0,70.5
2026-06-11,7,0.0,68.3
2026-06-11,8,58.0,70.5
2026-06-11,9,239.0,74.2
2026-06-11,10,447.0,78.4
2026-06-11,11,648.0,81.8
2026-06-11,12,821.0,84.1
2026-06-11,13,952.0,86.2
2026-06-11,14,1028.0,89.2
2026-06-11,15,1047.0,91.6
2026-06-11,16,1006.0,92.0
2026-06-11,17,909.0,92.6
2026-06-11,18,762.0,92.8
2026-06-11,19,576.0,92.4
2026-06-11,20,368.0,91.4
2026-06-11,21,162.0,88.3
2026-06-11,22,17.0,83.8
2026-06-11,23,0.0,81.1
2026-06-11,24,0.0,77.5
2026-06-12,1,0.0,73.4
2026-06-12,2,0.0,70.8
2026-06-12,3,0.0,68.4
2026-06-12,4,0.0,65.6
2026-06-12,5,0.0,63.5
2026-06-12,6,0.0,61.8
2026-06-12,7,0.0,59.3
2026-06-12,8,54.0,62.2
2026-06-12,9,223.0,67.2
2026-06-12,10,436.0,72.2
2026-06-12,11,635.0,77.1
2026-06-12,12,797.0,81.8
2026-06-12,13,929.0,85.1
2026-06-12,14,974.0,90.3
2026-06-12,15,955.0,93.1
2026-06-12,16,871.0,95.5
2026-06-12,17,814.0,96.8
2026-06-12,18,643.0,96.2
2026-06-12,19,460.0,95.0
2026-06-12,20,328.0,94.2
2026-06-12,21,161.0,91.9
2026-06-12,22,16.0,88.0
2026-06-12,23,0.0,85.7
2026-06-12,24,0.0,82.4
2026-06-13,1,0.0,76.6
2026-06-13,2,0.0,74.4
2026-06-13,3,0.0,72.6
2026-06-13,4,0.0,70.5
2026-06-13,5,0.0,68.5
2026-06-13,6,0.0,66.6
2026-06-13,7,0.0,66.2
2026-06-13,8,35.0,69.4
2026-06-13,9,144.0,72.8
2026-06-13,10,271.0,76.0
2026-06-13,11,522.0,80.2
2026-06-13,12,790.0,85.9
2026-06-13,13,888.0,90.0
2026-06-13,14,1001.0,93.8
2026-06-13,15,1026.0,95.9
2026-06-13,16,976.0,96.5
2026-06-13,17,825.0,96.1
2026-06-13,18,680.0,95.6
2026-06-13,19,544.0,96.1
2026-06-13,20,247.0,94.1
2026-06-13,21,115.0,92.0
2026-06-13,22,12.0,89.7
2026-06-13,23,0.0,87.4
2026-06-13,24,0.0,84.9
2026-06-14,1,0.0,82.6
2026-06-14,2,0.0,81.1
2026-06-14,3,0.0,79.9
2026-06-14,4,0.0,78.3
2026-06-14,5,0.0,74.8
2026-06-14,6,0.0,72.6
2026-06-14,7,0.0,71.8
2026-06-14,8,54.0,72.4
2026-06-14,9,228.0,75.6
2026-06-14,10,422.0,78.5
2026-06-14,11,560.0,82.5
2026-06-14,12,771.0,87.4
2026-06-14,13,928.0,90.9
2026-06-14,14,950.0,93.1
2026-06-14,15,918.0,94.7
2026-06-14,16,969.0,96.9
2026-06-14,17,892.0,96.4
2026-06-14,18,687.0,96.5
2026-06-14,19,474.0,93.3
2026-06-14,20,304.0,90.1
2026-06-14,21,120.0,88.3
2026-06-14,22,14.0,86.1
2026-06-14,23,0.0,84.3
2026-06-14,24,0.0,82.4
2026-06-15,1,0.0,80.9
2026-06-15,2,0.0,76.8
2026-06-15,3,0.0,74.0
2026-06-15,4,0.0,72.5
2026-06-15,5,0.0,70.6
2026-06-15,6,0.0,68.9
2026-06-15,7,0.0,64.2
2026-06-15,8,55.0,66.2
2026-06-15,9,206.0,70.6
2026-06-15,10,370.0,74.2
2026-06-15,11,599.0,78.4
2026-06-15,12,792.0,82.0
2026-06-15,13,920.0,85.5
2026-06-15,14,986.0,89.6
2026-06-15,15,986.0,91.6
2026-06-15,16,924.0,93.9
2026-06-15,17,845.0,95.9
2026-06-15,18,740.0,97.3
2026-06-15,19,557.0,96.7
2026-06-15,20,354.0,93.8
2026-06-15,21,155.0,91.6
2026-06-15,22,18.0,88.3
2026-06-15,23,0.0,86.7
2026-06-15,24,0.0,83.8
2026-06-16,1,0.0,77.6
2026-06-16,2,0.0,74.6
2026-06-16,3,0.0,72.4
2026-06-16,4,0.0,73.1
2026-06-16,5,0.0,72.1
2026-06-16,6,0.0,70.3
2026-06-16,7,0.0,67.5
2026-06-16,8,58.0,68.7
2026-06-16,9,239.0,72.5
2026-06-16,10,448.0,77.6
2026-06-16,11,648.0,84.3
2026-06-16,12,819.0,89.8
2026-06-16,13,948.0,94.6
2026-06-16,14,1023.0,96.7
2026-06-16,15,1043.0,97.7
2026-06-16,16,1003.0,98.5
2026-06-16,17,904.0,99.1
2026-06-16,18,756.0,99.2
2026-06-16,19,571.0,99.0
2026-06-16,20,364.0,98.0
2026-06-16,21,162.0,95.8
2026-06-16,22,19.0,89.8
2026-06-16,23,0.0,86.4
2026-06-16,24,0.0,82.3
2026-06-17,1,0.0,79.0
2026-06-17,2,0.0,77.6
2026-06-17,3,0.0,76.3
2026-06-17,4,0.0,74.1
2026-06-17,5,0.0,70.1
2026-06-17,6,0.0,66.6
2026-06-17,7,0.0,64.2
2026-06-17,8,56.0,66.5
2026-06-17,9,234.0,72.2
2026-06-17,10,440.0,78.7
2026-06-17,11,639.0,86.1
2026-06-17,12,810.0,93.6
2026-06-17,13,939.0,97.2
2026-06-17,14,1016.0,99.1
2026-06-17,15,1034.0,100.6
2026-06-17,16,989.0,101.2
2026-06-17,17,888.0,101.0
2026-06-17,18,747.0,100.9
2026-06-17,19,564.0,99.7
2026-06-17,20,363.0,98.2
2026-06-17,21,161.0,95.8
2026-06-17,22,18.0,92.3
2026-06-17,23,0.0,90.1
2026-06-17,24,0.0,88.3
2026-06-18,1,0.0,83.9
2026-06-18,2,0.0,81.3
2026-06-18,3,0.0,78.9
2026-06-18,4,0.0,76.7
2026-06-18,5,0.0,75.8
2026-06-18,6,0.0,74.2
2026-06-18,7,0.0,69.9
2026-06-18,8,54.0,70.1
2026-06-18,9,231.0,75.3
2026-06-18,10,436.0,80.1
2026-06-18,11,634.0,85.9
2026-06-18,12,804.0,92.8
2026-06-18,13,933.0,96.1
2026-06-18,14,1010.0,98.8
2026-06-18,15,993.0,100.5
2026-06-18,16,935.0,101.8
2026-06-18,17,857.0,101.8
2026-06-18,18,750.0,101.0
2026-06-18,19,561.0,99.9
2026-06-18,20,362.0,98.6
2026-06-18,21,159.0,96.6
2026-06-18,22,18.0,92.0
2026-06-18,23,0.0,89.1
2026-06-18,24,0.0,86.7
2026-06-19,1,0.0,84.7
2026-06-19,2,0.0,82.2
2026-06-19,3,0.0,79.2
2026-06-19,4,0.0,76.3
2026-06-19,5,0.0,73.9
2026-06-19,6,0.0,72.0
2026-06-19,7,0.0,69.4
2026-06-19,8,54.0,70.7
2026-06-19,9,184.0,75.0
2026-06-19,10,322.0,78.8
2026-06-19,11,397.0,81.7
2026-06-19,12,496.0,85.3
2026-06-19,13,737.0,89.9
2026-06-19,14,997.0,95.0
2026-06-19,15,1020.0,97.1
2026-06-19,16,1008.0,98.2
2026-06-19,17,845.0,98.8
2026-06-19,18,760.0,98.4
2026-06-19,19,584.0,98.0
2026-06-19,20,374.0,97.3
2026-06-19,21,150.0,94.6
2026-06-19,22,17.0,92.3
2026-06-19,23,0.0,90.0
2026-06-19,24,0.0,87.4
2026-06-20,1,0.0,84.7
2026-06-20,2,0.0,82.6
2026-06-20,3,0.0,79.9
2026-06-20,4,0.0,77.0
2026-06-20,5,0.0,74.4
2026-06-20,6,0.0,72.2
2026-06-20,7,0.0,70.4
2026-06-20,8,57.0,71.5
2026-06-20,9,239.0,75.2
2026-06-20,10,452.0,79.3
2026-06-20,11,658.0,82.9
2026-06-20,12,833.0,85.9
2026-06-20,13,965.0,88.6
2026-06-20,14,1045.0,91.2
2026-06-20,15,1068.0,93.1
2026-06-20,16,1029.0,94.3
2026-06-20,17,931.0,94.9
2026-06-20,18,783.0,95.1
2026-06-20,19,595.0,94.0
2026-06-20,20,383.0,92.8
2026-06-20,21,174.0,90.8
2026-06-20,22,21.0,85.7
2026-06-20,23,0.0,83.6
2026-06-20,24,0.0,79.6
2026-06-21,1,0.0,75.6
2026-06-21,2,0.0,74.0
2026-06-21,3,0.0,72.0
2026-06-21,4,0.0,69.3
2026-06-21,5,0.0,66.9
2026-06-21,6,0.0,65.0
2026-06-21,7,0.0,63.1
2026-06-21,8,57.0,65.2
2026-06-21,9,238.0,70.0
2026-06-21,10,446.0,76.0
2026-06-21,11,647.0,81.1
2026-06-21,12,820.0,85.6
2026-06-21,13,951.0,89.8
2026-06-21,14,1028.0,92.5
2026-06-21,15,1042.0,93.8
2026-06-21,16,1011.0,94.7
2026-06-21,17,915.0,95.2
2026-06-21,18,770.0,95.2
2026-06-21,19,587.0,94.8
2026-06-21,20,380.0,93.7
2026-06-21,21,173.0,91.6
2026-06-21,22,21.0,86.7
2026-06-21,23,0.0,83.9
2026-06-21,24,0.0,80.3
2026-06-22,1,0.0,75.1
2026-06-22,2,0.0,73.0
2026-06-22,3,0.0,71.1
2026-06-22,4,0.0,68.7
2026-06-22,5,0.0,67.0
2026-06-22,6,0.0,64.3
2026-06-22,7,0.0,62.6
2026-06-22,8,57.0,64.0
2026-06-22,9,239.0,68.8
2026-06-22,10,450.0,72.8
2026-06-22,11,654.0,78.5
2026-06-22,12,829.0,84.9
2026-06-22,13,962.0,88.4
2026-06-22,14,1042.0,91.9
2026-06-22,15,1064.0,94.4
2026-06-22,16,1026.0,95.6
2026-06-22,17,927.0,96.1
2026-06-22,18,777.0,96.4
2026-06-22,19,591.0,96.4
2026-06-22,20,383.0,96.9
2026-06-22,21,175.0,95.0
2026-06-22,22,22.0,90.1
2026-06-22,23,0.0,85.7
2026-06-22,24,0.0,82.8
2026-06-23,1,0.0,76.9
2026-06-23,2,0.0,73.0
2026-06-23,3,0.0,70.6
2026-06-23,4,0.0,69.7
2026-06-23,5,0.0,69.3
2026-06-23,6,0.0,68.0
2026-06-23,7,0.0,64.9
2026-06-23,8,56.0,67.0
2026-06-23,9,237.0,71.4
2026-06-23,10,449.0,76.2
2026-06-23,11,651.0,82.5
2026-06-23,12,819.0,88.2
2026-06-23,13,951.0,92.1
2026-06-23,14,1029.0,95.7
2026-06-23,15,1037.0,97.7
2026-06-23,16,1003.0,99.0
2026-06-23,17,908.0,99.8
2026-06-23,18,752.0,99.5
2026-06-23,19,567.0,99.1
2026-06-23,20,373.0,97.6
2026-06-23,21,167.0,95.2
2026-06-23,22,20.0,90.0
2026-06-23,23,0.0,87.3
2026-06-23,24,0.0,86.2
2026-06-24,1,0.0,84.6
2026-06-24,2,0.0,83.4
2026-06-24,3,0.0,79.0
2026-06-24,4,0.0,77.2
2026-06-24,5,0.0,75.6
2026-06-24,6,0.0,74.5
2026-06-24,7,0.0,73.0
2026-06-24,8,50.0,74.5
2026-06-24,9,223.0,79.2
2026-06-24,10,404.0,83.7
2026-06-24,11,595.0,88.5
2026-06-24,12,785.0,93.2
2026-06-24,13,886.0,94.2
2026-06-24,14,809.0,92.9
2026-06-24,15,872.0,95.1
2026-06-24,16,892.0,96.4
2026-06-24,17,472.0,91.6
2026-06-24,18,651.0,93.0
2026-06-24,19,548.0,90.7
2026-06-24,20,320.0,89.3
2026-06-24,21,135.0,83.8
2026-06-24,22,15.0,81.5
2026-06-24,23,0.0,80.7
2026-06-24,24,0.0,78.7
2026-06-25,1,0.0,74.8
2026-06-25,2,0.0,73.1
2026-06-25,3,0.0,72.0
2026-06-25,4,0.0,70.6
2026-06-25,5,0.0,69.1
2026-06-25,6,0.0,67.8
2026-06-25,7,0.0,67.0
2026-06-25,8,50.0,68.8
2026-06-25,9,217.0,72.1
2026-06-25,10,417.0,75.5
2026-06-25,11,612.0,80.2
2026-06-25,12,781.0,84.1
2026-06-25,13,910.0,87.9
2026-06-25,14,936.0,91.0
2026-06-25,15,886.0,92.9
2026-06-25,16,877.0,94.6
2026-06-25,17,798.0,95.1
2026-06-25,18,662.0,94.5
2026-06-25,19,497.0,87.8
2026-06-25,20,246.0,88.9
2026-06-25,21,124.0,88.5
2026-06-25,22,16.0,86.3
2026-06-25,23,0.0,83.1
2026-06-25,24,0.0,80.4
2026-06-26,1,0.0,77.6
2026-06-26,2,0.0,75.1
2026-06-26,3,0.0,73.0
2026-06-26,4,0.0,71.2
2026-06-26,5,0.0,69.9
2026-06-26,6,0.0,69.0
2026-06-26,7,0.0,67.9
2026-06-26,8,48.0,70.0
2026-06-26,9,218.0,73.6
2026-06-26,10,359.0,76.7
2026-06-26,11,514.0,79.5
2026-06-26,12,653.0,82.9
2026-06-26,13,847.0,89.4
2026-06-26,14,948.0,92.9
2026-06-26,15,927.0,96.1
2026-06-26,16,854.0,96.0
2026-06-26,17,753.0,95.2
2026-06-26,18,724.0,94.3
2026-06-26,19,549.0,93.2
2026-06-26,20,335.0,91.9
2026-06-26,21,126.0,88.9
2026-06-26,22,16.0,86.6
2026-06-26,23,0.0,84.3
2026-06-26,24,0.0,82.1
2026-06-27,1,0.0,81.1
2026-06-27,2,0.0,79.8
2026-06-27,3,0.0,78.4
2026-06-27,4,0.0,76.5
2026-06-27,5,0.0,72.9
2026-06-27,6,0.0,70.3
2026-06-27,7,0.0,69.8
2026-06-27,8,51.0,70.8
2026-06-27,9,226.0,75.3
2026-06-27,10,432.0,79.7
2026-06-27,11,630.0,83.3
2026-06-27,12,802.0,86.6
2026-06-27,13,935.0,89.5
2026-06-27,14,1021.0,91.6
2026-06-27,15,1046.0,93.0
2026-06-27,16,1006.0,93.7
2026-06-27,17,913.0,94.5
2026-06-27,18,767.0,94.6
2026-06-27,19,583.0,94.4
2026-06-27,20,377.0,92.3
2026-06-27,21,171.0,89.0
2026-06-27,22,21.0,85.5
2026-06-27,23,0.0,83.7
2026-06-27,24,0.0,81.9
2026-06-28,1,0.0,79.3
2026-06-28,2,0.0,77.0
2026-06-28,3,0.0,74.9
2026-06-28,4,0.0,73.3
2026-06-28,5,0.0,71.6
2026-06-28,6,0.0,69.5
2026-06-28,7,0.0,67.2
2026-06-28,8,50.0,68.0
2026-06-28,9,226.0,72.1
2026-06-28,10,433.0,77.2
2026-06-28,11,635.0,81.1
2026-06-28,12,810.0,84.0
2026-06-28,13,940.0,87.2
2026-06-28,14,1020.0,89.2
2026-06-28,15,1050.0,91.0
2026-06-28,16,1019.0,92.5
2026-06-28,17,924.0,92.7
2026-06-28,18,776.0,93.0
2026-06-28,19,591.0,92.5
2026-06-28,20,384.0,90.3
2026-06-28,21,176.0,87.4
2026-06-28,22,22.0,83.8
2026-06-28,23,0.0,82.0
2026-06-28,24,0.0,79.5
2026-06-29,1,0.0,77.5
2026-06-29,2,0.0,74.0
2026-06-29,3,0.0,70.9
2026-06-29,4,0.0,68.7
2026-06-29,5,0.0,66.5
2026-06-29,6,0.0,64.5
2026-06-29,7,0.0,63.8
2026-06-29,8,50.0,65.5
2026-06-29,9,225.0,69.2
2026-06-29,10,434.0,73.9
2026-06-29,11,635.0,77.3
2026-06-29,12,810.0,79.3
2026-06-29,13,944.0,81.0
2026-06-29,14,1030.0,82.7
2026-06-29,15,1053.0,83.9
2026-06-29,16,1013.0,84.9
2026-06-29,17,915.0,85.9
2026-06-29,18,769.0,86.6
2026-06-29,19,585.0,85.3
2026-06-29,20,380.0,84.5
2026-06-29,21,173.0,82.8
2026-06-29,22,22.0,79.9
2026-06-29,23,0.0,77.9
2026-06-29,24,0.0,74.9
2026-06-30,1,0.0,71.3
2026-06-30,2,0.0,70.0
2026-06-30,3,0.0,67.8
2026-06-30,4,0.0,68.4
2026-06-30,5,0.0,68.2
2026-06-30,6,0.0,66.9
2026-06-30,7,0.0,63.0
2026-06-30,8,49.0,65.3
2026-06-30,9,224.0,69.4
2026-06-30,10,431.0,74.1
2026-06-30,11,631.0,79.3
2026-06-30,12,808.0,82.2
2026-06-30,13,947.0,84.3
2026-06-30,14,1032.0,87.2
2026-06-30,15,1060.0,88.5
2026-06-30,16,1023.0,89.5
2026-06-30,17,926.0,90.1
2026-06-30,18,779.0,89.6
2026-06-30,19,591.0,88.5
2026-06-30,20,380.0,87.4
2026-06-30,21,174.0,85.3
2026-06-30,22,22.0,81.2
2026-06-30,23,0.0,77.5
2026-06-30,24,0.0,74.3
2026-07-01,1,0.0,71.0
2026-07-01,2,0.0,67.6
2026-07-01,3,0.0,65.8
2026-07-01,4,0.0,64.6
2026-07-01,5,0.0,63.1
2026-07-01,6,0.0,61.0
2026-07-01,7,0.0,59.6
2026-07-01,8,49.0,61.4
2026-07-01,9,227.0,67.1
2026-07-01,10,438.0,71.0
2026-07-01,11,643.0,75.5
2026-07-01,12,820.0,80.8
2026-07-01,13,956.0,83.4
2026-07-01,14,1041.0,86.1
2026-07-01,15,1061.0,88.1
2026-07-01,16,1021.0,89.6
2026-07-01,17,926.0,90.8
2026-07-01,18,781.0,91.4
2026-07-01,19,597.0,90.1
2026-07-01,20,387.0,88.5
2026-07-01,21,176.0,86.5
2026-07-01,22,22.0,82.4
2026-07-01,23,0.0,79.6
2026-07-01,24,0.0,75.5
2026-07-02,1,0.0,71.2
2026-07-02,2,0.0,68.9
2026-07-02,3,0.0,67.5
2026-07-02,4,0.0,66.2
2026-07-02,5,0.0,64.0
2026-07-02,6,0.0,62.8
2026-07-02,7,0.0,61.7
2026-07-02,8,47.0,62.7
2026-07-02,9,223.0,67.2
2026-07-02,10,432.0,70.2
2026-07-02,11,634.0,75.0
2026-07-02,12,808.0,79.8
2026-07-02,13,939.0,82.4
2026-07-02,14,1021.0,86.1
2026-07-02,15,1044.0,88.8
2026-07-02,16,1007.0,91.1
2026-07-02,17,912.0,92.2
2026-07-02,18,769.0,92.8
2026-07-02,19,588.0,92.8
2026-07-02,20,374.0,91.4
2026-07-02,21,172.0,89.2
2026-07-02,22,22.0,85.6
2026-07-02,23,0.0,82.1
2026-07-02,24,0.0,78.9
2026-07-03,1,0.0,72.8
2026-07-03,2,0.0,70.0
2026-07-03,3,0.0,67.2
2026-07-03,4,0.0,65.0
2026-07-03,5,0.0,63.8
2026-07-03,6,0.0,62.7
2026-07-03,7,0.0,62.9
2026-07-03,8,46.0,64.0
2026-07-03,9,200.0,68.1
2026-07-03,10,399.0,71.2
2026-07-03,11,582.0,75.5
2026-07-03,12,773.0,81.1
2026-07-03,13,930.0,85.3
2026-07-03,14,1019.0,88.8
2026-07-03,15,1044.0,90.9
2026-07-03,16,1005.0,91.8
2026-07-03,17,908.0,92.3
2026-07-03,18,764.0,93.8
2026-07-03,19,583.0,94.4
2026-07-03,20,375.0,93.8
2026-07-03,21,169.0,91.9
2026-07-03,22,21.0,87.2
2026-07-03,23,0.0,83.3
2026-07-03,24,0.0,79.6
2026-07-04,1,0.0,75.5
2026-07-04,2,0.0,71.4
2026-07-04,3,0.0,68.9
2026-07-04,4,0.0,67.1
2026-07-04,5,0.0,65.4
2026-07-04,6,0.0,64.4
2026-07-04,7,0.0,61.8
2026-07-04,8,45.0,63.2
2026-07-04,9,220.0,67.6
2026-07-04,10,429.0,72.1
2026-07-04,11,631.0,77.5
2026-07-04,12,808.0,83.6
2026-07-04,13,943.0,87.8
2026-07-04,14,1026.0,91.9
2026-07-04,15,1052.0,94.6
2026-07-04,16,1018.0,95.5
2026-07-04,17,923.0,96.3
2026-07-04,18,776.0,96.3
2026-07-04,19,591.0,96.1
2026-07-04,20,381.0,95.1
2026-07-04,21,173.0,93.1
2026-07-04,22,21.0,88.6
2026-07-04,23,0.0,84.7
2026-07-04,24,0.0,79.1
2026-07-05,1,0.0,75.5
2026-07-05,2,0.0,72.4
2026-07-05,3,0.0,69.4
2026-07-05,4,0.0,66.3
2026-07-05,5,0.0,64.0
2026-07-05,6,0.0,62.2
2026-07-05,7,0.0,61.8
2026-07-05,8,45.0,63.5
2026-07-05,9,219.0,68.4
2026-07-05,10,428.0,73.8
2026-07-05,11,629.0,78.6
2026-07-05,12,806.0,84.9
2026-07-05,13,942.0,89.2
2026-07-05,14,1015.0,93.3
2026-07-05,15,1022.0,95.9
2026-07-05,16,950.0,97.1
2026-07-05,17,875.0,98.2
2026-07-05,18,751.0,98.8
2026-07-05,19,570.0,97.9
2026-07-05,20,348.0,97.2
2026-07-05,21,167.0,94.0
2026-07-05,22,20.0,90.0
2026-07-05,23,0.0,87.4
2026-07-05,24,0.0,85.3
2026-07-06,1,0.0,81.1
2026-07-06,2,0.0,79.2
2026-07-06,3,0.0,78.6
2026-07-06,4,0.0,76.6
2026-07-06,5,0.0,76.1
2026-07-06,6,0.0,74.3
2026-07-06,7,0.0,71.2
2026-07-06,8,40.0,72.3
2026-07-06,9,203.0,75.3
2026-07-06,10,405.0,79.4
2026-07-06,11,602.0,85.4
2026-07-06,12,773.0,89.2
2026-07-06,13,905.0,92.7
2026-07-06,14,973.0,95.8
2026-07-06,15,1005.0,97.6
2026-07-06,16,960.0,97.9
2026-07-06,17,873.0,98.1
2026-07-06,18,727.0,98.5
2026-07-06,19,502.0,97.1
2026-07-06,20,322.0,95.9
2026-07-06,21,151.0,94.5
2026-07-06,22,18.0,91.3
2026-07-06,23,0.0,89.9
2026-07-06,24,0.0,87.7
