date,hr,ghi,temp_f
2023-06-29,1,0.0,61.3
2023-06-29,2,0.0,61.0
2023-06-29,3,0.0,59.3
2023-06-29,4,0.0,57.8
2023-06-29,5,0.0,56.4
2023-06-29,6,0.0,54.2
2023-06-29,7,0.0,52.4
2023-06-29,8,34.0,53.2
2023-06-29,9,160.0,60.3
2023-06-29,10,347.0,65.9
2023-06-29,11,517.0,69.5
2023-06-29,12,678.0,72.5
2023-06-29,13,775.0,74.6
2023-06-29,14,723.0,75.0
2023-06-29,15,736.0,76.3
2023-06-29,16,573.0,76.9
2023-06-29,17,555.0,77.2
2023-06-29,18,436.0,77.2
2023-06-29,19,416.0,77.1
2023-06-29,20,302.0,76.8
2023-06-29,21,172.0,74.2
2023-06-29,22,45.0,72.3
2023-06-29,23,0.0,71.4
2023-06-29,24,0.0,69.1
2023-06-30,1,0.0,67.0
2023-06-30,2,0.0,65.3
2023-06-30,3,0.0,63.7
2023-06-30,4,0.0,61.9
2023-06-30,5,0.0,59.6
2023-06-30,6,0.0,56.9
2023-06-30,7,0.0,54.6
2023-06-30,8,42.0,55.0
2023-06-30,9,186.0,62.0
2023-06-30,10,368.0,68.5
2023-06-30,11,551.0,72.1
2023-06-30,12,716.0,74.9
2023-06-30,13,842.0,77.2
2023-06-30,14,886.0,78.4
2023-06-30,15,911.0,79.7
2023-06-30,16,873.0,80.5
2023-06-30,17,820.0,81.5
2023-06-30,18,700.0,81.7
2023-06-30,19,547.0,81.6
2023-06-30,20,356.0,81.0
2023-06-30,21,186.0,79.6
2023-06-30,22,49.0,76.3
2023-06-30,23,0.0,73.3
2023-06-30,24,0.0,72.1
2023-07-01,1,0.0,71.6
2023-07-01,2,0.0,69.1
2023-07-01,3,0.0,69.2
2023-07-01,4,0.0,68.0
2023-07-01,5,0.0,66.3
2023-07-01,6,0.0,63.7
2023-07-01,7,0.0,59.8
2023-07-01,8,41.0,58.3
2023-07-01,9,183.0,65.2
2023-07-01,10,363.0,72.8
2023-07-01,11,546.0,77.1
2023-07-01,12,710.0,79.9
2023-07-01,13,836.0,82.2
2023-07-01,14,904.0,83.3
2023-07-01,15,907.0,84.4
2023-07-01,16,875.0,85.4
2023-07-01,17,820.0,85.8
2023-07-01,18,644.0,85.8
2023-07-01,19,485.0,85.2
2023-07-01,20,256.0,84.7
2023-07-01,21,183.0,83.0
2023-07-01,22,44.0,79.7
2023-07-01,23,0.0,76.8
2023-07-01,24,0.0,73.7
2023-07-02,1,0.0,75.5
2023-07-02,2,0.0,64.9
2023-07-02,3,0.0,62.7
2023-07-02,4,0.0,61.3
2023-07-02,5,0.0,60.6
2023-07-02,6,0.0,60.0
2023-07-02,7,0.0,59.0
2023-07-02,8,41.0,59.0
2023-07-02,9,185.0,65.3
2023-07-02,10,369.0,73.6
2023-07-02,11,555.0,79.0
2023-07-02,12,722.0,81.7
2023-07-02,13,850.0,84.0
2023-07-02,14,930.0,84.6
2023-07-02,15,943.0,86.1
2023-07-02,16,932.0,87.1
2023-07-02,17,840.0,87.9
2023-07-02,18,627.0,88.0
2023-07-02,19,511.0,87.1
2023-07-02,20,345.0,85.8
2023-07-02,21,188.0,82.5
2023-07-02,22,48.0,79.5
2023-07-02,23,0.0,74.4
2023-07-02,24,0.0,71.8
2023-07-03,1,0.0,71.7
2023-07-03,2,0.0,74.8
2023-07-03,3,0.0,71.8
2023-07-03,4,0.0,67.4
2023-07-03,5,0.0,64.0
2023-07-03,6,0.0,60.9
2023-07-03,7,0.0,58.2
2023-07-03,8,38.0,58.3
2023-07-03,9,173.0,66.8
2023-07-03,10,355.0,75.6
2023-07-03,11,550.0,81.6
2023-07-03,12,716.0,85.5
2023-07-03,13,844.0,88.0
2023-07-03,14,842.0,85.7
2023-07-03,15,896.0,88.0
2023-07-03,16,445.0,88.1
2023-07-03,17,732.0,87.9
2023-07-03,18,583.0,88.4
2023-07-03,19,489.0,87.4
2023-07-03,20,187.0,83.5
2023-07-03,21,117.0,78.8
2023-07-03,22,46.0,75.8
2023-07-03,23,0.0,72.6
2023-07-03,24,0.0,68.4
2023-07-04,1,0.0,65.6
2023-07-04,2,0.0,61.8
2023-07-04,3,0.0,60.4
2023-07-04,4,0.0,60.3
2023-07-04,5,0.0,60.1
2023-07-04,6,0.0,60.3
2023-07-04,7,0.0,59.5
2023-07-04,8,40.0,59.1
2023-07-04,9,181.0,63.9
2023-07-04,10,368.0,70.2
2023-07-04,11,553.0,74.4
2023-07-04,12,708.0,77.0
2023-07-04,13,838.0,79.0
2023-07-04,14,905.0,79.1
2023-07-04,15,817.0,80.1
2023-07-04,16,799.0,80.4
2023-07-04,17,726.0,81.1
2023-07-04,18,527.0,81.5
2023-07-04,19,360.0,81.2
2023-07-04,20,217.0,80.1
2023-07-04,21,163.0,78.8
2023-07-04,22,38.0,76.9
2023-07-04,23,0.0,73.3
2023-07-04,24,0.0,71.4
2023-07-05,1,0.0,69.6
2023-07-05,2,0.0,68.3
2023-07-05,3,0.0,65.5
2023-07-05,4,0.0,62.6
2023-07-05,5,0.0,59.3
2023-07-05,6,0.0,56.2
2023-07-05,7,0.0,53.7
2023-07-05,8,39.0,54.1
2023-07-05,9,184.0,61.8
2023-07-05,10,368.0,67.9
2023-07-05,11,554.0,72.2
2023-07-05,12,721.0,75.6
2023-07-05,13,855.0,78.1
2023-07-05,14,946.0,78.1
2023-07-05,15,973.0,79.6
2023-07-05,16,946.0,80.6
2023-07-05,17,865.0,81.5
2023-07-05,18,738.0,81.7
2023-07-05,19,575.0,81.2
2023-07-05,20,391.0,80.3
2023-07-05,21,203.0,78.6
2023-07-05,22,50.0,75.6
2023-07-05,23,0.0,71.8
2023-07-05,24,0.0,69.2
2023-07-06,1,0.0,65.8
2023-07-06,2,0.0,62.5
2023-07-06,3,0.0,59.9
2023-07-06,4,0.0,57.8
2023-07-06,5,0.0,56.2
2023-07-06,6,0.0,54.6
2023-07-06,7,0.0,53.3
2023-07-06,8,38.0,54.4
2023-07-06,9,180.0,62.8
2023-07-06,10,366.0,70.9
2023-07-06,11,551.0,76.3
2023-07-06,12,715.0,79.6
2023-07-06,13,848.0,81.7
2023-07-06,14,895.0,82.9
2023-07-06,15,845.0,84.0
2023-07-06,16,727.0,84.3
2023-07-06,17,774.0,84.3
2023-07-06,18,355.0,84.4
2023-07-06,19,426.0,83.8
2023-07-06,20,361.0,82.8
2023-07-06,21,145.0,81.0
2023-07-06,22,27.0,78.5
2023-07-06,23,0.0,76.9
2023-07-06,24,0.0,75.2
2023-07-07,1,0.0,71.0
2023-07-07,2,0.0,67.0
2023-07-07,3,0.0,64.8
2023-07-07,4,0.0,61.0
2023-07-07,5,0.0,58.7
2023-07-07,6,0.0,56.5
2023-07-07,7,0.0,54.7
2023-07-07,8,36.0,55.1
2023-07-07,9,176.0,63.7
2023-07-07,10,360.0,71.8
2023-07-07,11,545.0,77.2
2023-07-07,12,709.0,80.8
2023-07-07,13,839.0,83.1
2023-07-07,14,898.0,84.3
2023-07-07,15,930.0,85.1
2023-07-07,16,926.0,86.0
2023-07-07,17,773.0,86.2
2023-07-07,18,605.0,86.2
2023-07-07,19,478.0,85.3
2023-07-07,20,330.0,84.0
2023-07-07,21,161.0,83.0
2023-07-07,22,45.0,81.1
2023-07-07,23,0.0,78.6
2023-07-07,24,0.0,74.8
2023-07-08,1,0.0,70.8
2023-07-08,2,0.0,65.7
2023-07-08,3,0.0,62.8
2023-07-08,4,0.0,60.8
2023-07-08,5,0.0,58.8
2023-07-08,6,0.0,57.7
2023-07-08,7,0.0,56.6
2023-07-08,8,27.0,57.4
2023-07-08,9,129.0,63.4
2023-07-08,10,346.0,68.9
2023-07-08,11,523.0,72.4
2023-07-08,12,692.0,76.8
2023-07-08,13,826.0,80.7
2023-07-08,14,905.0,82.6
2023-07-08,15,883.0,84.3
2023-07-08,16,871.0,85.4
2023-07-08,17,783.0,85.5
2023-07-08,18,621.0,85.6
2023-07-08,19,489.0,85.1
2023-07-08,20,335.0,84.3
2023-07-08,21,145.0,82.2
2023-07-08,22,40.0,79.7
2023-07-08,23,0.0,75.4
2023-07-08,24,0.0,72.1
2023-07-09,1,0.0,68.4
2023-07-09,2,0.0,65.0
2023-07-09,3,0.0,62.5
2023-07-09,4,0.0,60.5
2023-07-09,5,0.0,58.9
2023-07-09,6,0.0,57.5
2023-07-09,7,0.0,56.7
2023-07-09,8,34.0,58.1
2023-07-09,9,167.0,66.4
2023-07-09,10,347.0,74.0
2023-07-09,11,541.0,79.3
2023-07-09,12,709.0,83.2
2023-07-09,13,842.0,86.3
2023-07-09,14,930.0,86.6
2023-07-09,15,960.0,88.1
2023-07-09,16,936.0,89.3
2023-07-09,17,861.0,89.8
2023-07-09,18,738.0,89.8
2023-07-09,19,573.0,89.3
2023-07-09,20,386.0,88.4
2023-07-09,21,199.0,86.7
2023-07-09,22,47.0,82.9
2023-07-09,23,0.0,78.1
2023-07-09,24,0.0,74.0
2023-07-10,1,0.0,70.0
2023-07-10,2,0.0,69.1
2023-07-10,3,0.0,65.6
2023-07-10,4,0.0,63.9
2023-07-10,5,0.0,64.1
2023-07-10,6,0.0,66.4
2023-07-10,7,0.0,68.2
2023-07-10,8,34.0,68.6
2023-07-10,9,173.0,72.2
2023-07-10,10,355.0,80.9
2023-07-10,11,540.0,83.6
2023-07-10,12,706.0,85.5
2023-07-10,13,836.0,87.1
2023-07-10,14,923.0,87.7
2023-07-10,15,957.0,88.4
2023-07-10,16,935.0,88.9
2023-07-10,17,858.0,88.9
2023-07-10,18,735.0,88.9
2023-07-10,19,574.0,88.4
2023-07-10,20,387.0,87.3
2023-07-10,21,201.0,85.3
2023-07-10,22,48.0,82.5
2023-07-10,23,0.0,77.7
2023-07-10,24,0.0,75.7
2023-07-11,1,0.0,77.2
2023-07-11,2,0.0,72.6
2023-07-11,3,0.0,73.6
2023-07-11,4,0.0,70.9
2023-07-11,5,0.0,69.8
2023-07-11,6,0.0,67.3
2023-07-11,7,0.0,65.2
2023-07-11,8,33.0,64.1
2023-07-11,9,172.0,67.2
2023-07-11,10,355.0,76.5
2023-07-11,11,542.0,81.2
2023-07-11,12,709.0,83.5
2023-07-11,13,840.0,85.7
2023-07-11,14,922.0,86.2
2023-07-11,15,898.0,87.5
2023-07-11,16,843.0,88.0
2023-07-11,17,776.0,88.1
2023-07-11,18,635.0,88.2
2023-07-11,19,444.0,87.7
2023-07-11,20,289.0,87.1
2023-07-11,21,172.0,85.7
2023-07-11,22,41.0,82.4
2023-07-11,23,0.0,80.8
2023-07-11,24,0.0,74.3
2023-07-12,1,0.0,70.5
2023-07-12,2,0.0,68.7
2023-07-12,3,0.0,67.1
2023-07-12,4,0.0,66.6
2023-07-12,5,0.0,65.0
2023-07-12,6,0.0,61.9
2023-07-12,7,0.0,59.0
2023-07-12,8,32.0,58.5
2023-07-12,9,169.0,66.4
2023-07-12,10,351.0,75.6
2023-07-12,11,537.0,81.3
2023-07-12,12,704.0,84.4
2023-07-12,13,843.0,86.7
2023-07-12,14,925.0,86.9
2023-07-12,15,952.0,88.3
2023-07-12,16,921.0,89.1
2023-07-12,17,848.0,89.6
2023-07-12,18,714.0,89.6
2023-07-12,19,510.0,93.7
2023-07-12,20,338.0,91.3
2023-07-12,21,178.0,88.3
2023-07-12,22,42.0,84.3
2023-07-12,23,0.0,74.8
2023-07-12,24,0.0,71.6
2023-07-13,1,0.0,70.3
2023-07-13,2,0.0,69.9
2023-07-13,3,0.0,72.7
2023-07-13,4,0.0,71.6
2023-07-13,5,0.0,71.0
2023-07-13,6,0.0,69.5
2023-07-13,7,0.0,65.6
2023-07-13,8,30.0,65.6
2023-07-13,9,167.0,69.7
2023-07-13,10,351.0,74.5
2023-07-13,11,539.0,78.6
2023-07-13,12,708.0,82.5
2023-07-13,13,845.0,85.8
2023-07-13,14,933.0,88.2
2023-07-13,15,955.0,90.3
2023-07-13,16,929.0,92.4
2023-07-13,17,855.0,93.7
2023-07-13,18,730.0,93.5
2023-07-13,19,559.0,88.3
2023-07-13,20,351.0,85.4
2023-07-13,21,178.0,82.4
2023-07-13,22,41.0,77.9
2023-07-13,23,0.0,77.8
2023-07-13,24,0.0,72.1
2023-07-14,1,0.0,73.2
2023-07-14,2,0.0,74.7
2023-07-14,3,0.0,73.7
2023-07-14,4,0.0,73.1
2023-07-14,5,0.0,71.4
2023-07-14,6,0.0,67.7
2023-07-14,7,0.0,65.5
2023-07-14,8,29.0,65.1
2023-07-14,9,163.0,69.5
2023-07-14,10,344.0,73.7
2023-07-14,11,529.0,76.5
2023-07-14,12,696.0,79.0
2023-07-14,13,827.0,81.9
2023-07-14,14,914.0,84.4
2023-07-14,15,945.0,86.1
2023-07-14,16,919.0,87.5
2023-07-14,17,841.0,88.0
2023-07-14,18,718.0,88.1
2023-07-14,19,557.0,86.3
2023-07-14,20,373.0,85.6
2023-07-14,21,190.0,83.6
2023-07-14,22,43.0,76.4
2023-07-14,23,0.0,74.8
2023-07-14,24,0.0,73.9
2023-07-15,1,0.0,73.0
2023-07-15,2,0.0,71.6
2023-07-15,3,0.0,69.9
2023-07-15,4,0.0,67.4
2023-07-15,5,0.0,64.3
2023-07-15,6,0.0,63.5
2023-07-15,7,0.0,62.9
2023-07-15,8,28.0,62.9
2023-07-15,9,164.0,66.7
2023-07-15,10,346.0,72.1
2023-07-15,11,533.0,76.9
2023-07-15,12,701.0,81.2
2023-07-15,13,833.0,85.8
2023-07-15,14,917.0,90.0
2023-07-15,15,948.0,91.4
2023-07-15,16,926.0,92.1
2023-07-15,17,849.0,93.8
2023-07-15,18,723.0,92.8
2023-07-15,19,560.0,91.6
2023-07-15,20,376.0,91.0
2023-07-15,21,189.0,87.2
2023-07-15,22,41.0,78.1
2023-07-15,23,0.0,76.4
2023-07-15,24,0.0,73.4
2023-07-16,1,0.0,76.0
2023-07-16,2,0.0,71.7
2023-07-16,3,0.0,73.6
2023-07-16,4,0.0,70.4
2023-07-16,5,0.0,69.8
2023-07-16,6,0.0,69.2
2023-07-16,7,0.0,68.5
2023-07-16,8,27.0,68.0
2023-07-16,9,159.0,69.4
2023-07-16,10,339.0,74.2
2023-07-16,11,525.0,79.2
2023-07-16,12,691.0,84.0
2023-07-16,13,823.0,88.5
2023-07-16,14,910.0,93.4
2023-07-16,15,942.0,96.7
2023-07-16,16,918.0,98.2
2023-07-16,17,837.0,99.7
2023-07-16,18,642.0,99.7
2023-07-16,19,506.0,99.1
2023-07-16,20,362.0,97.9
2023-07-16,21,183.0,93.9
2023-07-16,22,39.0,88.3
2023-07-16,23,0.0,81.9
2023-07-16,24,0.0,80.3
2023-07-17,1,0.0,85.0
2023-07-17,2,0.0,82.2
2023-07-17,3,0.0,79.4
2023-07-17,4,0.0,75.5
2023-07-17,5,0.0,73.7
2023-07-17,6,0.0,73.5
2023-07-17,7,0.0,73.3
2023-07-17,8,21.0,73.2
2023-07-17,9,122.0,74.8
2023-07-17,10,300.0,79.7
2023-07-17,11,502.0,85.6
2023-07-17,12,682.0,90.6
2023-07-17,13,795.0,95.1
2023-07-17,14,870.0,97.6
2023-07-17,15,846.0,97.6
2023-07-17,16,847.0,96.0
2023-07-17,17,782.0,97.0
2023-07-17,18,677.0,97.5
2023-07-17,19,364.0,91.3
2023-07-17,20,202.0,91.2
2023-07-17,21,159.0,90.1
2023-07-17,22,32.0,83.1
2023-07-17,23,0.0,82.0
2023-07-17,24,0.0,78.4
2023-07-18,1,0.0,75.8
2023-07-18,2,0.0,78.0
2023-07-18,3,0.0,73.5
2023-07-18,4,0.0,75.0
2023-07-18,5,0.0,73.4
2023-07-18,6,0.0,70.7
2023-07-18,7,0.0,71.2
2023-07-18,8,24.0,71.4
2023-07-18,9,142.0,74.2
2023-07-18,10,301.0,78.9
2023-07-18,11,446.0,82.9
2023-07-18,12,625.0,86.9
2023-07-18,13,764.0,90.6
2023-07-18,14,850.0,92.1
2023-07-18,15,843.0,95.4
2023-07-18,16,851.0,96.6
2023-07-18,17,674.0,95.8
2023-07-18,18,563.0,96.1
2023-07-18,19,256.0,93.5
2023-07-18,20,308.0,92.8
2023-07-18,21,152.0,91.2
2023-07-18,22,23.0,86.2
2023-07-18,23,0.0,84.8
2023-07-18,24,0.0,83.6
2023-07-19,1,0.0,79.0
2023-07-19,2,0.0,76.9
2023-07-19,3,0.0,74.9
2023-07-19,4,0.0,72.9
2023-07-19,5,0.0,72.9
2023-07-19,6,0.0,72.5
2023-07-19,7,0.0,70.5
2023-07-19,8,21.0,70.4
2023-07-19,9,144.0,72.9
2023-07-19,10,319.0,76.2
2023-07-19,11,495.0,79.4
2023-07-19,12,660.0,82.6
2023-07-19,13,802.0,85.8
2023-07-19,14,876.0,88.5
2023-07-19,15,845.0,89.9
2023-07-19,16,807.0,91.5
2023-07-19,17,746.0,92.0
2023-07-19,18,575.0,90.7
2023-07-19,19,350.0,90.7
2023-07-19,20,284.0,88.5
2023-07-19,21,81.0,78.4
2023-07-19,22,8.0,72.2
2023-07-19,23,0.0,71.2
2023-07-19,24,0.0,70.8
2023-07-20,1,0.0,70.7
2023-07-20,2,0.0,70.8
2023-07-20,3,0.0,69.6
2023-07-20,4,0.0,69.2
2023-07-20,5,0.0,67.5
2023-07-20,6,0.0,68.2
2023-07-20,7,0.0,67.9
2023-07-20,8,22.0,66.7
2023-07-20,9,144.0,68.4
2023-07-20,10,321.0,71.9
2023-07-20,11,503.0,76.0
2023-07-20,12,668.0,79.5
2023-07-20,13,800.0,83.1
2023-07-20,14,888.0,86.3
2023-07-20,15,909.0,89.4
2023-07-20,16,803.0,90.3
2023-07-20,17,732.0,90.9
2023-07-20,18,618.0,91.2
2023-07-20,19,494.0,89.7
2023-07-20,20,322.0,87.8
2023-07-20,21,172.0,83.9
2023-07-20,22,35.0,79.3
2023-07-20,23,0.0,78.7
2023-07-20,24,0.0,75.2
2023-07-21,1,0.0,75.0
2023-07-21,2,0.0,74.5
2023-07-21,3,0.0,73.7
2023-07-21,4,0.0,71.2
2023-07-21,5,0.0,70.0
2023-07-21,6,0.0,69.6
2023-07-21,7,0.0,66.3
2023-07-21,8,21.0,66.4
2023-07-21,9,148.0,69.4
2023-07-21,10,327.0,73.3
2023-07-21,11,512.0,78.5
2023-07-21,12,680.0,83.6
2023-07-21,13,811.0,88.2
2023-07-21,14,896.0,91.7
2023-07-21,15,910.0,94.5
2023-07-21,16,857.0,96.2
2023-07-21,17,782.0,96.6
2023-07-21,18,660.0,96.9
2023-07-21,19,497.0,95.7
2023-07-21,20,348.0,95.5
2023-07-21,21,176.0,93.2
2023-07-21,22,35.0,83.4
2023-07-21,23,0.0,78.5
2023-07-21,24,0.0,76.3
2023-07-22,1,0.0,74.7
2023-07-22,2,0.0,76.8
2023-07-22,3,0.0,74.7
2023-07-22,4,0.0,75.7
2023-07-22,5,0.0,73.1
2023-07-22,6,0.0,71.9
2023-07-22,7,0.0,71.4
2023-07-22,8,21.0,69.7
2023-07-22,9,150.0,71.1
2023-07-22,10,333.0,75.2
2023-07-22,11,521.0,81.0
2023-07-22,12,689.0,86.7
2023-07-22,13,822.0,91.9
2023-07-22,14,912.0,95.9
2023-07-22,15,912.0,98.7
2023-07-22,16,898.0,100.0
2023-07-22,17,778.0,100.0
2023-07-22,18,709.0,100.7
2023-07-22,19,539.0,100.3
2023-07-22,20,363.0,98.9
2023-07-22,21,176.0,93.9
2023-07-22,22,34.0,85.9
2023-07-22,23,0.0,82.3
2023-07-22,24,0.0,84.1
2023-07-23,1,0.0,85.6
2023-07-23,2,0.0,83.7
2023-07-23,3,0.0,80.6
2023-07-23,4,0.0,78.6
2023-07-23,5,0.0,77.4
2023-07-23,6,0.0,77.5
2023-07-23,7,0.0,72.9
2023-07-23,8,19.0,74.4
2023-07-23,9,131.0,79.1
2023-07-23,10,311.0,81.4
2023-07-23,11,499.0,86.5
2023-07-23,12,669.0,91.9
2023-07-23,13,808.0,95.9
2023-07-23,14,897.0,98.2
2023-07-23,15,914.0,96.7
2023-07-23,16,779.0,100.0
2023-07-23,17,800.0,100.9
2023-07-23,18,637.0,93.2
2023-07-23,19,483.0,98.8
2023-07-23,20,309.0,94.8
2023-07-23,21,138.0,91.3
2023-07-23,22,28.0,85.6
2023-07-23,23,0.0,82.5
2023-07-23,24,0.0,82.3
2023-07-24,1,0.0,82.8
2023-07-24,2,0.0,81.7
2023-07-24,3,0.0,76.6
2023-07-24,4,0.0,79.7
2023-07-24,5,0.0,78.6
2023-07-24,6,0.0,76.2
2023-07-24,7,0.0,73.9
2023-07-24,8,12.0,72.6
2023-07-24,9,115.0,76.5
2023-07-24,10,289.0,80.0
2023-07-24,11,413.0,84.2
2023-07-24,12,601.0,90.2
2023-07-24,13,411.0,90.7
2023-07-24,14,761.0,91.0
2023-07-24,15,862.0,95.5
2023-07-24,16,696.0,94.1
2023-07-24,17,543.0,89.4
2023-07-24,18,416.0,90.1
2023-07-24,19,417.0,92.5
2023-07-24,20,247.0,89.2
2023-07-24,21,77.0,87.4
2023-07-24,22,20.0,83.2
2023-07-24,23,0.0,79.1
2023-07-24,24,0.0,77.9
2023-07-25,1,0.0,75.4
2023-07-25,2,0.0,74.8
2023-07-25,3,0.0,75.2
2023-07-25,4,0.0,73.1
2023-07-25,5,0.0,69.5
2023-07-25,6,0.0,69.8
2023-07-25,7,0.0,65.9
2023-07-25,8,18.0,65.8
2023-07-25,9,138.0,68.5
2023-07-25,10,314.0,72.1
2023-07-25,11,499.0,76.3
2023-07-25,12,667.0,81.2
2023-07-25,13,805.0,86.2
2023-07-25,14,884.0,89.2
2023-07-25,15,909.0,91.8
2023-07-25,16,901.0,93.0
2023-07-25,17,822.0,93.8
2023-07-25,18,699.0,94.0
2023-07-25,19,542.0,92.5
2023-07-25,20,357.0,91.2
2023-07-25,21,169.0,89.6
2023-07-25,22,30.0,83.2
2023-07-25,23,0.0,79.3
2023-07-25,24,0.0,79.1
2023-07-26,1,0.0,77.6
2023-07-26,2,0.0,78.7
2023-07-26,3,0.0,76.8
2023-07-26,4,0.0,73.1
2023-07-26,5,0.0,71.4
2023-07-26,6,0.0,71.4
2023-07-26,7,0.0,70.3
2023-07-26,8,17.0,69.6
2023-07-26,9,139.0,71.3
2023-07-26,10,301.0,75.2
2023-07-26,11,433.0,78.4
2023-07-26,12,495.0,80.6
2023-07-26,13,761.0,86.2
2023-07-26,14,832.0,88.2
2023-07-26,15,843.0,88.6
2023-07-26,16,753.0,89.2
2023-07-26,17,775.0,91.7
2023-07-26,18,642.0,93.8
2023-07-26,19,498.0,91.8
2023-07-26,20,313.0,88.0
2023-07-26,21,165.0,84.7
2023-07-26,22,28.0,79.3
2023-07-26,23,0.0,78.7
2023-07-26,24,0.0,80.4
2023-07-27,1,0.0,74.6
2023-07-27,2,0.0,75.5
2023-07-27,3,0.0,75.0
2023-07-27,4,0.0,73.7
2023-07-27,5,0.0,72.9
2023-07-27,6,0.0,71.8
2023-07-27,7,0.0,74.8
2023-07-27,8,17.0,72.2
2023-07-27,9,133.0,72.8
2023-07-27,10,257.0,75.7
2023-07-27,11,474.0,79.5
2023-07-27,12,638.0,84.4
2023-07-27,13,802.0,89.6
2023-07-27,14,865.0,93.3
2023-07-27,15,684.0,92.6
2023-07-27,16,738.0,92.3
2023-07-27,17,763.0,92.0
2023-07-27,18,675.0,92.0
2023-07-27,19,505.0,84.7
2023-07-27,20,255.0,85.3
2023-07-27,21,153.0,85.3
2023-07-27,22,26.0,79.4
2023-07-27,23,0.0,75.9
2023-07-27,24,0.0,74.1
2023-07-28,1,0.0,76.8
2023-07-28,2,0.0,75.1
2023-07-28,3,0.0,72.8
2023-07-28,4,0.0,69.0
2023-07-28,5,0.0,70.0
2023-07-28,6,0.0,68.8
2023-07-28,7,0.0,66.1
2023-07-28,8,16.0,65.3
2023-07-28,9,140.0,68.5
2023-07-28,10,284.0,72.6
2023-07-28,11,496.0,77.8
2023-07-28,12,677.0,83.4
2023-07-28,13,771.0,88.3
2023-07-28,14,817.0,92.8
2023-07-28,15,926.0,95.5
2023-07-28,16,879.0,95.9
2023-07-28,17,830.0,96.7
2023-07-28,18,698.0,97.2
2023-07-28,19,545.0,96.8
2023-07-28,20,354.0,95.6
2023-07-28,21,167.0,91.7
2023-07-28,22,27.0,83.2
2023-07-28,23,0.0,86.2
2023-07-28,24,0.0,81.5
2023-07-29,1,0.0,77.0
2023-07-29,2,0.0,80.0
2023-07-29,3,0.0,79.1
2023-07-29,4,0.0,78.9
2023-07-29,5,0.0,77.1
2023-07-29,6,0.0,75.6
2023-07-29,7,0.0,73.9
2023-07-29,8,15.0,73.5
2023-07-29,9,137.0,74.3
2023-07-29,10,317.0,77.6
2023-07-29,11,507.0,82.0
2023-07-29,12,676.0,86.6
2023-07-29,13,810.0,90.6
2023-07-29,14,898.0,93.9
2023-07-29,15,917.0,96.1
2023-07-29,16,850.0,98.0
2023-07-29,17,778.0,98.9
2023-07-29,18,682.0,97.6
2023-07-29,19,537.0,97.6
2023-07-29,20,350.0,96.2
2023-07-29,21,162.0,92.8
2023-07-29,22,25.0,84.7
2023-07-29,23,0.0,85.2
2023-07-29,24,0.0,84.3
2023-07-30,1,0.0,79.5
2023-07-30,2,0.0,81.0
2023-07-30,3,0.0,79.9
2023-07-30,4,0.0,78.4
2023-07-30,5,0.0,75.7
2023-07-30,6,0.0,73.9
2023-07-30,7,0.0,74.1
2023-07-30,8,14.0,72.7
2023-07-30,9,130.0,74.2
2023-07-30,10,311.0,78.5
2023-07-30,11,490.0,83.9
2023-07-30,12,663.0,88.5
2023-07-30,13,798.0,92.9
2023-07-30,14,881.0,95.5
2023-07-30,15,921.0,97.2
2023-07-30,16,848.0,97.3
2023-07-30,17,721.0,96.7
2023-07-30,18,640.0,96.5
2023-07-30,19,526.0,96.7
2023-07-30,20,331.0,95.1
2023-07-30,21,160.0,92.7
2023-07-30,22,24.0,86.4
2023-07-30,23,0.0,82.8
2023-07-30,24,0.0,80.5
2023-07-31,1,0.0,78.7
2023-07-31,2,0.0,81.6
2023-07-31,3,0.0,81.2
2023-07-31,4,0.0,75.3
2023-07-31,5,0.0,75.8
2023-07-31,6,0.0,74.3
2023-07-31,7,0.0,73.2
2023-07-31,8,12.0,70.7
2023-07-31,9,110.0,74.5
2023-07-31,10,270.0,78.0
2023-07-31,11,476.0,82.7
2023-07-31,12,657.0,87.4
2023-07-31,13,794.0,91.3
2023-07-31,14,820.0,90.2
2023-07-31,15,772.0,91.8
2023-07-31,16,832.0,93.8
2023-07-31,17,676.0,94.3
2023-07-31,18,608.0,94.0
2023-07-31,19,406.0,93.5
2023-07-31,20,186.0,79.5
2023-07-31,21,84.0,79.4
2023-07-31,22,19.0,78.3
2023-07-31,23,0.0,78.1
2023-07-31,24,0.0,77.9
2023-08-01,1,0.0,76.5
2023-08-01,2,0.0,74.5
2023-08-01,3,0.0,73.0
2023-08-01,4,0.0,73.1
2023-08-01,5,0.0,71.0
2023-08-01,6,0.0,70.6
2023-08-01,7,0.0,66.9
2023-08-01,8,11.0,68.3
2023-08-01,9,112.0,71.0
2023-08-01,10,300.0,74.8
2023-08-01,11,486.0,79.2
2023-08-01,12,635.0,83.5
2023-08-01,13,736.0,86.8
2023-08-01,14,845.0,88.8
2023-08-01,15,895.0,91.0
2023-08-01,16,808.0,89.8
2023-08-01,17,679.0,80.8
2023-08-01,18,404.0,82.7
2023-08-01,19,202.0,76.8
2023-08-01,20,122.0,74.8
2023-08-01,21,25.0,71.0
2023-08-01,22,8.0,69.6
2023-08-01,23,0.0,68.9
2023-08-01,24,0.0,68.6
2023-08-02,1,0.0,68.7
2023-08-02,2,0.0,68.5
2023-08-02,3,0.0,68.3
2023-08-02,4,0.0,67.2
2023-08-02,5,0.0,67.4
2023-08-02,6,0.0,66.8
2023-08-02,7,0.0,66.2
2023-08-02,8,4.0,66.0
2023-08-02,9,36.0,66.3
2023-08-02,10,227.0,67.9
2023-08-02,11,334.0,69.6
2023-08-02,12,497.0,72.5
2023-08-02,13,440.0,74.3
2023-08-02,14,482.0,74.4
2023-08-02,15,517.0,70.3
2023-08-02,16,520.0,71.9
2023-08-02,17,556.0,74.3
2023-08-02,18,458.0,75.7
2023-08-02,19,434.0,67.4
2023-08-02,20,109.0,66.9
2023-08-02,21,86.0,67.2
2023-08-02,22,14.0,66.4
2023-08-02,23,0.0,64.4
2023-08-02,24,0.0,64.2
2023-08-03,1,0.0,62.4
2023-08-03,2,0.0,62.5
2023-08-03,3,0.0,63.1
2023-08-03,4,0.0,61.7
2023-08-03,5,0.0,61.1
2023-08-03,6,0.0,61.4
2023-08-03,7,0.0,62.6
2023-08-03,8,4.0,62.3
2023-08-03,9,37.0,61.7
2023-08-03,10,96.0,62.6
2023-08-03,11,133.0,62.2
2023-08-03,12,303.0,64.0
2023-08-03,13,453.0,68.0
2023-08-03,14,329.0,65.8
2023-08-03,15,339.0,65.4
2023-08-03,16,323.0,66.6
2023-08-03,17,383.0,70.0
2023-08-03,18,271.0,66.8
2023-08-03,19,224.0,68.4
2023-08-03,20,180.0,68.5
2023-08-03,21,112.0,67.7
2023-08-03,22,16.0,66.8
2023-08-03,23,0.0,65.8
2023-08-03,24,0.0,65.3
2023-08-04,1,0.0,62.2
2023-08-04,2,0.0,64.3
2023-08-04,3,0.0,63.4
2023-08-04,4,0.0,63.0
2023-08-04,5,0.0,58.1
2023-08-04,6,0.0,60.9
2023-08-04,7,0.0,59.6
2023-08-04,8,7.0,59.5
2023-08-04,9,87.0,60.3
2023-08-04,10,276.0,62.6
2023-08-04,11,470.0,65.4
2023-08-04,12,647.0,68.9
2023-08-04,13,758.0,71.2
2023-08-04,14,785.0,73.1
2023-08-04,15,803.0,74.8
2023-08-04,16,787.0,76.2
2023-08-04,17,718.0,76.4
2023-08-04,18,462.0,71.7
2023-08-04,19,424.0,72.2
2023-08-04,20,271.0,72.2
2023-08-04,21,139.0,69.9
2023-08-04,22,17.0,65.2
2023-08-04,23,0.0,62.3
2023-08-04,24,0.0,60.4
2023-08-05,1,0.0,59.8
2023-08-05,2,0.0,59.9
2023-08-05,3,0.0,60.3
2023-08-05,4,0.0,62.7
2023-08-05,5,0.0,58.7
2023-08-05,6,0.0,61.3
2023-08-05,7,0.0,57.0
2023-08-05,8,9.0,57.1
2023-08-05,9,120.0,59.8
2023-08-05,10,301.0,63.0
2023-08-05,11,489.0,66.5
2023-08-05,12,670.0,70.4
2023-08-05,13,796.0,74.0
2023-08-05,14,882.0,77.3
2023-08-05,15,910.0,80.2
2023-08-05,16,892.0,80.8
2023-08-05,17,808.0,82.0
2023-08-05,18,667.0,80.2
2023-08-05,19,487.0,80.5
2023-08-05,20,320.0,77.5
2023-08-05,21,143.0,73.9
2023-08-05,22,17.0,70.5
2023-08-05,23,0.0,67.6
2023-08-05,24,0.0,67.6
2023-08-06,1,0.0,67.6
2023-08-06,2,0.0,65.4
2023-08-06,3,0.0,65.0
2023-08-06,4,0.0,64.5
2023-08-06,5,0.0,64.9
2023-08-06,6,0.0,64.7
2023-08-06,7,0.0,58.4
2023-08-06,8,8.0,58.3
2023-08-06,9,96.0,59.4
2023-08-06,10,201.0,60.9
2023-08-06,11,402.0,65.0
2023-08-06,12,622.0,69.3
2023-08-06,13,786.0,73.1
2023-08-06,14,886.0,77.2
2023-08-06,15,889.0,76.5
2023-08-06,16,854.0,78.2
2023-08-06,17,743.0,78.5
2023-08-06,18,604.0,78.8
2023-08-06,19,451.0,78.5
2023-08-06,20,224.0,77.2
2023-08-06,21,140.0,72.3
2023-08-06,22,15.0,68.8
2023-08-06,23,0.0,70.3
2023-08-06,24,0.0,69.5
2023-08-07,1,0.0,64.3
2023-08-07,2,0.0,67.3
2023-08-07,3,0.0,65.8
2023-08-07,4,0.0,65.3
2023-08-07,5,0.0,64.4
2023-08-07,6,0.0,63.1
2023-08-07,7,0.0,60.3
2023-08-07,8,7.0,62.2
2023-08-07,9,102.0,62.6
2023-08-07,10,278.0,65.9
2023-08-07,11,462.0,68.7
2023-08-07,12,655.0,72.0
2023-08-07,13,798.0,74.1
2023-08-07,14,808.0,75.5
2023-08-07,15,704.0,76.4
2023-08-07,16,825.0,77.9
2023-08-07,17,634.0,78.0
2023-08-07,18,440.0,78.5
2023-08-07,19,344.0,77.5
2023-08-07,20,194.0,75.8
2023-08-07,21,71.0,71.5
2023-08-07,22,8.0,67.8
2023-08-07,23,0.0,65.2
2023-08-07,24,0.0,63.6
2023-08-08,1,0.0,62.8
2023-08-08,2,0.0,63.1
2023-08-08,3,0.0,62.5
2023-08-08,4,0.0,65.8
2023-08-08,5,0.0,61.6
2023-08-08,6,0.0,61.2
2023-08-08,7,0.0,58.0
2023-08-08,8,5.0,58.1
2023-08-08,9,83.0,59.5
2023-08-08,10,287.0,62.4
2023-08-08,11,477.0,65.2
2023-08-08,12,588.0,67.4
2023-08-08,13,705.0,69.1
2023-08-08,14,766.0,71.2
2023-08-08,15,831.0,71.9
2023-08-08,16,788.0,72.7
2023-08-08,17,659.0,73.5
2023-08-08,18,440.0,73.5
2023-08-08,19,339.0,73.7
2023-08-08,20,273.0,73.4
2023-08-08,21,124.0,69.8
2023-08-08,22,13.0,64.0
2023-08-08,23,0.0,61.2
2023-08-08,24,0.0,63.7
2023-08-09,1,0.0,63.5
2023-08-09,2,0.0,60.0
2023-08-09,3,0.0,62.0
2023-08-09,4,0.0,60.1
2023-08-09,5,0.0,58.4
2023-08-09,6,0.0,57.6
2023-08-09,7,0.0,56.8
2023-08-09,8,7.0,56.7
2023-08-09,9,114.0,58.0
2023-08-09,10,297.0,60.7
2023-08-09,11,489.0,64.4
2023-08-09,12,662.0,68.4
2023-08-09,13,798.0,71.9
2023-08-09,14,885.0,75.0
2023-08-09,15,912.0,77.5
2023-08-09,16,878.0,79.8
2023-08-09,17,805.0,81.1
2023-08-09,18,656.0,81.1
2023-08-09,19,471.0,80.8
2023-08-09,20,299.0,79.8
2023-08-09,21,113.0,74.7
2023-08-09,22,11.0,75.9
2023-08-09,23,0.0,73.5
2023-08-09,24,0.0,71.6
2023-08-10,1,0.0,68.6
2023-08-10,2,0.0,67.5
2023-08-10,3,0.0,69.3
2023-08-10,4,0.0,67.4
2023-08-10,5,0.0,66.3
2023-08-10,6,0.0,65.6
2023-08-10,7,0.0,63.7
2023-08-10,8,6.0,60.4
2023-08-10,9,111.0,64.9
2023-08-10,10,294.0,70.2
2023-08-10,11,486.0,74.6
2023-08-10,12,659.0,78.0
2023-08-10,13,798.0,80.8
2023-08-10,14,885.0,83.2
2023-08-10,15,849.0,84.4
2023-08-10,16,865.0,85.7
2023-08-10,17,769.0,87.0
2023-08-10,18,659.0,87.6
2023-08-10,19,480.0,85.3
2023-08-10,20,280.0,84.2
2023-08-10,21,127.0,78.4
2023-08-10,22,12.0,71.2
2023-08-10,23,0.0,69.4
2023-08-10,24,0.0,66.7
2023-08-11,1,0.0,71.8
2023-08-11,2,0.0,70.2
2023-08-11,3,0.0,69.6
2023-08-11,4,0.0,68.5
2023-08-11,5,0.0,67.5
2023-08-11,6,0.0,66.9
2023-08-11,7,0.0,66.2
2023-08-11,8,6.0,65.8
2023-08-11,9,108.0,66.2
2023-08-11,10,288.0,69.0
2023-08-11,11,477.0,73.1
2023-08-11,12,648.0,77.2
2023-08-11,13,786.0,81.1
2023-08-11,14,867.0,83.7
2023-08-11,15,887.0,85.1
2023-08-11,16,817.0,85.9
2023-08-11,17,781.0,86.9
2023-08-11,18,626.0,86.4
2023-08-11,19,469.0,85.7
2023-08-11,20,273.0,84.5
2023-08-11,21,122.0,78.3
2023-08-11,22,10.0,78.7
2023-08-11,23,0.0,73.2
2023-08-11,24,0.0,77.1
2023-08-12,1,0.0,74.8
2023-08-12,2,0.0,71.4
2023-08-12,3,0.0,70.0
2023-08-12,4,0.0,68.7
2023-08-12,5,0.0,68.4
2023-08-12,6,0.0,68.0
2023-08-12,7,0.0,66.2
2023-08-12,8,5.0,66.0
2023-08-12,9,104.0,66.7
2023-08-12,10,284.0,70.3
2023-08-12,11,472.0,74.2
2023-08-12,12,639.0,77.9
2023-08-12,13,784.0,81.8
2023-08-12,14,865.0,84.5
2023-08-12,15,891.0,86.2
2023-08-12,16,825.0,86.6
2023-08-12,17,674.0,85.5
2023-08-12,18,608.0,85.6
2023-08-12,19,468.0,87.1
2023-08-12,20,279.0,85.3
2023-08-12,21,116.0,83.9
2023-08-12,22,9.0,81.4
2023-08-12,23,0.0,79.5
2023-08-12,24,0.0,78.5
2023-08-13,1,0.0,76.7
2023-08-13,2,0.0,74.3
2023-08-13,3,0.0,72.3
2023-08-13,4,0.0,71.3
2023-08-13,5,0.0,70.4
2023-08-13,6,0.0,69.6
2023-08-13,7,0.0,67.1
2023-08-13,8,5.0,66.6
2023-08-13,9,108.0,65.7
2023-08-13,10,294.0,69.0
2023-08-13,11,488.0,72.7
2023-08-13,12,663.0,76.1
2023-08-13,13,801.0,79.3
2023-08-13,14,892.0,81.7
2023-08-13,15,920.0,83.9
2023-08-13,16,891.0,85.3
2023-08-13,17,806.0,86.0
2023-08-13,18,673.0,86.0
2023-08-13,19,502.0,83.9
2023-08-13,20,310.0,82.3
2023-08-13,21,123.0,76.6
2023-08-13,22,8.0,77.4
2023-08-13,23,0.0,69.6
2023-08-13,24,0.0,67.5
2023-08-14,1,0.0,68.6
2023-08-14,2,0.0,65.2
2023-08-14,3,0.0,62.9
2023-08-14,4,0.0,61.3
2023-08-14,5,0.0,59.6
2023-08-14,6,0.0,59.1
2023-08-14,7,0.0,59.7
2023-08-14,8,4.0,57.1
2023-08-14,9,104.0,61.5
2023-08-14,10,286.0,64.9
2023-08-14,11,478.0,69.3
2023-08-14,12,651.0,73.1
2023-08-14,13,786.0,76.6
2023-08-14,14,874.0,80.1
2023-08-14,15,906.0,83.5
2023-08-14,16,879.0,86.4
2023-08-14,17,799.0,88.1
2023-08-14,18,670.0,88.7
2023-08-14,19,501.0,88.1
2023-08-14,20,309.0,86.8
2023-08-14,21,122.0,83.7
2023-08-14,22,8.0,79.8
2023-08-14,23,0.0,73.5
2023-08-14,24,0.0,75.7
2023-08-15,1,0.0,75.2
2023-08-15,2,0.0,73.4
2023-08-15,3,0.0,71.8
2023-08-15,4,0.0,69.6
2023-08-15,5,0.0,67.8
2023-08-15,6,0.0,67.9
2023-08-15,7,0.0,68.3
2023-08-15,8,4.0,67.2
2023-08-15,9,98.0,67.2
2023-08-15,10,271.0,70.3
2023-08-15,11,463.0,74.4
2023-08-15,12,635.0,79.0
2023-08-15,13,770.0,83.1
2023-08-15,14,858.0,86.3
2023-08-15,15,893.0,88.7
2023-08-15,16,858.0,90.8
2023-08-15,17,780.0,91.8
2023-08-15,18,638.0,92.3
2023-08-15,19,477.0,90.3
2023-08-15,20,293.0,88.6
2023-08-15,21,112.0,82.5
2023-08-15,22,6.0,83.4
2023-08-15,23,0.0,77.2
2023-08-15,24,0.0,80.2
2023-08-16,1,0.0,78.1
2023-08-16,2,0.0,76.5
2023-08-16,3,0.0,75.3
2023-08-16,4,0.0,73.0
2023-08-16,5,0.0,72.2
2023-08-16,6,0.0,70.2
2023-08-16,7,0.0,65.9
2023-08-16,8,3.0,63.6
2023-08-16,9,97.0,68.5
2023-08-16,10,275.0,72.5
2023-08-16,11,465.0,76.5
2023-08-16,12,636.0,80.7
2023-08-16,13,773.0,84.8
2023-08-16,14,861.0,87.7
2023-08-16,15,892.0,90.0
2023-08-16,16,865.0,91.5
2023-08-16,17,745.0,92.0
2023-08-16,18,624.0,92.4
2023-08-16,19,431.0,92.2
2023-08-16,20,293.0,90.6
2023-08-16,21,111.0,89.9
2023-08-16,22,6.0,87.2
2023-08-16,23,0.0,85.2
2023-08-16,24,0.0,82.7
2023-08-17,1,0.0,80.4
2023-08-17,2,0.0,77.5
2023-08-17,3,0.0,73.9
2023-08-17,4,0.0,72.1
2023-08-17,5,0.0,70.3
2023-08-17,6,0.0,71.5
2023-08-17,7,0.0,71.2
2023-08-17,8,3.0,70.6
2023-08-17,9,94.0,70.9
2023-08-17,10,271.0,73.5
2023-08-17,11,458.0,77.8
2023-08-17,12,627.0,82.7
2023-08-17,13,761.0,86.9
2023-08-17,14,821.0,88.9
2023-08-17,15,867.0,90.2
2023-08-17,16,615.0,89.4
2023-08-17,17,581.0,90.1
2023-08-17,18,414.0,88.3
2023-08-17,19,352.0,86.6
2023-08-17,20,143.0,81.1
2023-08-17,21,30.0,76.6
2023-08-17,22,1.0,72.0
2023-08-17,23,0.0,70.8
2023-08-17,24,0.0,69.4
2023-08-18,1,0.0,69.0
2023-08-18,2,0.0,70.2
2023-08-18,3,0.0,68.7
2023-08-18,4,0.0,67.2
2023-08-18,5,0.0,69.0
2023-08-18,6,0.0,70.3
2023-08-18,7,0.0,65.8
2023-08-18,8,3.0,65.8
2023-08-18,9,90.0,69.8
2023-08-18,10,259.0,73.0
2023-08-18,11,422.0,76.8
2023-08-18,12,615.0,81.1
2023-08-18,13,760.0,84.9
2023-08-18,14,841.0,86.9
2023-08-18,15,808.0,88.1
2023-08-18,16,730.0,89.4
2023-08-18,17,732.0,89.6
2023-08-18,18,599.0,89.3
2023-08-18,19,453.0,88.4
2023-08-18,20,266.0,86.9
2023-08-18,21,106.0,80.3
2023-08-18,22,4.0,82.9
2023-08-18,23,0.0,77.7
2023-08-18,24,0.0,73.9
2023-08-19,1,0.0,72.5
2023-08-19,2,0.0,71.8
2023-08-19,3,0.0,69.7
2023-08-19,4,0.0,67.7
2023-08-19,5,0.0,65.9
2023-08-19,6,0.0,66.1
2023-08-19,7,0.0,66.2
2023-08-19,8,2.0,67.8
2023-08-19,9,64.0,69.3
2023-08-19,10,218.0,72.0
2023-08-19,11,361.0,75.1
2023-08-19,12,419.0,78.2
2023-08-19,13,658.0,82.5
2023-08-19,14,608.0,85.2
2023-08-19,15,499.0,85.1
2023-08-19,16,707.0,86.8
2023-08-19,17,624.0,86.5
2023-08-19,18,605.0,86.8
2023-08-19,19,406.0,80.1
2023-08-19,20,259.0,79.3
2023-08-19,21,84.0,77.8
2023-08-19,22,3.0,75.2
2023-08-19,23,0.0,73.0
2023-08-19,24,0.0,72.6
2023-08-20,1,0.0,70.5
2023-08-20,2,0.0,69.5
2023-08-20,3,0.0,68.5
2023-08-20,4,0.0,67.8
2023-08-20,5,0.0,69.8
2023-08-20,6,0.0,69.7
2023-08-20,7,0.0,63.0
2023-08-20,8,1.0,64.0
2023-08-20,9,35.0,64.7
2023-08-20,10,121.0,66.8
2023-08-20,11,226.0,69.4
2023-08-20,12,164.0,70.5
2023-08-20,13,282.0,73.2
2023-08-20,14,511.0,76.9
2023-08-20,15,276.0,76.6
2023-08-20,16,265.0,76.5
2023-08-20,17,428.0,77.7
2023-08-20,18,413.0,78.0
2023-08-20,19,253.0,74.2
2023-08-20,20,102.0,73.5
2023-08-20,21,49.0,72.5
2023-08-20,22,2.0,69.4
2023-08-20,23,0.0,69.4
2023-08-20,24,0.0,67.6
2023-08-21,1,0.0,67.3
2023-08-21,2,0.0,68.4
2023-08-21,3,0.0,66.8
2023-08-21,4,0.0,68.7
2023-08-21,5,0.0,68.4
2023-08-21,6,0.0,67.8
2023-08-21,7,0.0,64.3
2023-08-21,8,1.0,65.0
2023-08-21,9,80.0,65.8
2023-08-21,10,244.0,70.1
2023-08-21,11,380.0,74.8
2023-08-21,12,508.0,79.5
2023-08-21,13,615.0,81.1
2023-08-21,14,557.0,80.1
2023-08-21,15,705.0,83.8
2023-08-21,16,636.0,84.7
2023-08-21,17,584.0,85.7
2023-08-21,18,534.0,86.0
2023-08-21,19,320.0,79.3
2023-08-21,20,55.0,77.1
2023-08-21,21,80.0,75.5
2023-08-21,22,2.0,73.7
2023-08-21,23,0.0,72.2
2023-08-21,24,0.0,67.6
2023-08-22,1,0.0,66.9
2023-08-22,2,0.0,64.3
2023-08-22,3,0.0,63.6
2023-08-22,4,0.0,67.1
2023-08-22,5,0.0,63.9
2023-08-22,6,0.0,65.8
2023-08-22,7,0.0,63.6
2023-08-22,8,1.0,62.2
2023-08-22,9,56.0,62.6
2023-08-22,10,243.0,66.4
2023-08-22,11,403.0,70.0
2023-08-22,12,358.0,71.3
2023-08-22,13,492.0,73.4
2023-08-22,14,364.0,71.2
2023-08-22,15,411.0,71.6
2023-08-22,16,275.0,71.1
2023-08-22,17,591.0,75.0
2023-08-22,18,591.0,77.2
2023-08-22,19,285.0,66.8
2023-08-22,20,241.0,67.6
2023-08-22,21,69.0,65.8
2023-08-22,22,2.0,63.9
2023-08-22,23,0.0,61.3
2023-08-22,24,0.0,60.9
2023-08-23,1,0.0,61.5
2023-08-23,2,0.0,59.8
2023-08-23,3,0.0,60.5
2023-08-23,4,0.0,61.3
2023-08-23,5,0.0,60.2
2023-08-23,6,0.0,59.5
2023-08-23,7,0.0,57.7
2023-08-23,8,1.0,60.3
2023-08-23,9,81.0,60.7
2023-08-23,10,260.0,64.0
2023-08-23,11,451.0,67.9
2023-08-23,12,624.0,72.3
2023-08-23,13,762.0,76.0
2023-08-23,14,843.0,79.1
2023-08-23,15,795.0,81.4
2023-08-23,16,783.0,81.6
2023-08-23,17,702.0,81.5
2023-08-23,18,594.0,81.8
2023-09-13,19,299.0,69.7
2023-09-13,20,128.0,68.2
2023-09-13,21,17.0,67.4
2023-09-13,22,0.0,65.1
2023-09-13,23,0.0,64.9
2023-09-13,24,0.0,63.8
2023-09-14,1,0.0,62.8
2023-09-14,2,0.0,61.3
2023-09-14,3,0.0,60.4
2023-09-14,4,0.0,59.4
2023-09-14,5,0.0,58.6
2023-09-14,6,0.0,57.6
2023-09-14,7,0.0,55.5
2023-09-14,8,0.0,53.9
2023-09-14,9,36.0,53.2
2023-09-14,10,195.0,59.6
2023-09-14,11,385.0,65.1
2023-09-14,12,558.0,68.5
2023-09-14,13,691.0,71.1
2023-09-14,14,770.0,71.7
2023-09-14,15,762.0,73.1
2023-09-14,16,755.0,74.2
2023-09-14,17,669.0,74.6
2023-09-14,18,533.0,74.5
2023-09-14,19,355.0,73.6
2023-09-14,20,162.0,71.7
2023-09-14,21,18.0,68.9
2023-09-14,22,0.0,65.5
2023-09-14,23,0.0,62.6
2023-09-14,24,0.0,61.0
2023-09-15,1,0.0,59.5
2023-09-15,2,0.0,58.2
2023-09-15,3,0.0,55.0
2023-09-15,4,0.0,52.2
2023-09-15,5,0.0,49.8
2023-09-15,6,0.0,48.2
2023-09-15,7,0.0,47.1
2023-09-15,8,0.0,46.4
2023-09-15,9,35.0,47.8
2023-09-15,10,194.0,57.4
2023-09-15,11,385.0,64.5
2023-09-15,12,558.0,68.6
2023-09-15,13,692.0,71.7
2023-09-15,14,770.0,73.2
2023-09-15,15,763.0,74.6
2023-09-15,16,745.0,75.4
2023-09-15,17,666.0,76.0
2023-09-15,18,522.0,76.0
2023-09-15,19,341.0,75.3
2023-09-15,20,153.0,73.5
2023-09-15,21,16.0,70.9
2023-09-15,22,0.0,67.9
2023-09-15,23,0.0,66.4
2023-09-15,24,0.0,63.7
2023-09-16,1,0.0,60.3
2023-09-16,2,0.0,58.1
2023-09-16,3,0.0,55.6
2023-09-16,4,0.0,53.5
2023-09-16,5,0.0,51.6
2023-09-16,6,0.0,50.4
2023-09-16,7,0.0,49.5
2023-09-16,8,0.0,48.8
2023-09-16,9,33.0,50.1
2023-09-16,10,193.0,58.4
2023-09-16,11,385.0,66.7
2023-09-16,12,559.0,71.6
2023-09-16,13,693.0,74.5
2023-09-16,14,778.0,76.0
2023-09-16,15,804.0,77.2
2023-09-16,16,769.0,78.1
2023-09-16,17,675.0,78.1
2023-09-16,18,528.0,77.4
2023-09-16,19,345.0,76.2
2023-09-16,20,151.0,74.3
2023-09-16,21,15.0,72.0
2023-09-16,22,0.0,69.6
2023-09-16,23,0.0,66.4
2023-09-16,24,0.0,64.0
2023-09-17,1,0.0,60.8
2023-09-17,2,0.0,58.7
2023-09-17,3,0.0,55.9
2023-09-17,4,0.0,54.2
2023-09-17,5,0.0,52.4
2023-09-17,6,0.0,51.1
2023-09-17,7,0.0,50.3
2023-09-17,8,0.0,49.7
2023-09-17,9,32.0,51.1
2023-09-17,10,189.0,58.7
2023-09-17,11,380.0,68.5
2023-09-17,12,551.0,73.3
2023-09-17,13,683.0,76.4
2023-09-17,14,770.0,77.8
2023-09-17,15,792.0,79.1
2023-09-17,16,759.0,79.5
2023-09-17,17,646.0,79.2
2023-09-17,18,503.0,78.8
2023-09-17,19,282.0,77.5
2023-09-17,20,143.0,75.8
2023-09-17,21,13.0,72.7
2023-09-17,22,0.0,68.4
2023-09-17,23,0.0,66.7
2023-09-17,24,0.0,65.2
2023-09-18,1,0.0,63.6
2023-09-18,2,0.0,63.5
2023-09-18,3,0.0,61.6
2023-09-18,4,0.0,59.7
2023-09-18,5,0.0,57.0
2023-09-18,6,0.0,54.6
2023-09-18,7,0.0,52.7
2023-09-18,8,0.0,51.1
2023-09-18,9,26.0,51.9
2023-09-18,10,175.0,61.2
2023-09-18,11,361.0,70.4
2023-09-18,12,541.0,75.9
2023-09-18,13,662.0,79.0
2023-09-18,14,737.0,79.2
2023-09-18,15,747.0,79.8
2023-09-18,16,688.0,79.7
2023-09-18,17,614.0,78.5
2023-09-18,18,447.0,77.5
2023-09-18,19,292.0,76.3
2023-09-18,20,95.0,75.2
2023-09-18,21,8.0,73.4
2023-09-18,22,0.0,71.6
2023-09-18,23,0.0,69.9
2023-09-18,24,0.0,68.4
2023-09-19,1,0.0,66.7
2023-09-19,2,0.0,66.8
2023-09-19,3,0.0,65.2
2023-09-19,4,0.0,63.4
2023-09-19,5,0.0,61.6
2023-09-19,6,0.0,59.2
2023-09-19,7,0.0,57.6
2023-09-19,8,0.0,56.0
2023-09-19,9,22.0,54.7
2023-09-19,10,149.0,59.9
2023-09-19,11,322.0,67.9
2023-09-19,12,477.0,71.7
2023-09-19,13,592.0,74.5
2023-09-19,14,627.0,73.3
2023-09-19,15,619.0,74.6
2023-09-19,16,539.0,71.2
2023-09-19,17,450.0,70.9
2023-09-19,18,376.0,71.2
2023-09-19,19,301.0,70.0
2023-09-19,20,89.0,67.8
2023-09-19,21,8.0,65.4
2023-09-19,22,0.0,63.1
2023-09-19,23,0.0,61.7
2023-09-19,24,0.0,62.8
2023-09-20,1,0.0,61.9
2023-09-20,2,0.0,59.8
2023-09-20,3,0.0,58.5
2023-09-20,4,0.0,57.5
2023-09-20,5,0.0,56.5
2023-09-20,6,0.0,55.3
2023-09-20,7,0.0,53.8
2023-09-20,8,0.0,52.2
2023-09-20,9,26.0,51.3
2023-09-20,10,172.0,57.7
2023-09-20,11,340.0,65.2
2023-09-20,12,510.0,69.3
2023-09-20,13,629.0,72.2
2023-09-20,14,741.0,73.4
2023-09-20,15,725.0,72.5
2023-09-20,16,671.0,71.5
2023-09-20,17,563.0,72.3
2023-09-20,18,437.0,73.2
2023-09-20,19,293.0,73.2
2023-09-20,20,103.0,71.7
2023-09-20,21,8.0,68.2
2023-09-20,22,0.0,65.9
2023-09-20,23,0.0,61.6
2023-09-20,24,0.0,59.2
2023-09-21,1,0.0,57.6
2023-09-21,2,0.0,56.1
2023-09-21,3,0.0,54.8
2023-09-21,4,0.0,54.8
2023-09-21,5,0.0,54.4
2023-09-21,6,0.0,54.2
2023-09-21,7,0.0,53.8
2023-09-21,8,0.0,51.0
2023-09-21,9,13.0,51.1
2023-09-21,10,82.0,52.3
2023-09-21,11,130.0,52.4
2023-09-21,12,104.0,52.4
2023-09-21,13,125.0,52.9
2023-09-21,14,153.0,49.8
2023-09-21,15,217.0,49.1
2023-09-21,16,225.0,49.4
2023-09-21,17,235.0,50.4
2023-09-21,18,283.0,52.7
2023-09-21,19,214.0,53.8
2023-09-21,20,61.0,53.2
2023-09-21,21,6.0,51.2
2023-09-21,22,0.0,49.3
2023-09-21,23,0.0,48.1
2023-09-21,24,0.0,47.5
2023-09-22,1,0.0,47.5
2023-09-22,2,0.0,46.2
2023-09-22,3,0.0,44.6
2023-09-22,4,0.0,44.4
2023-09-22,5,0.0,46.5
2023-09-22,6,0.0,45.4
2023-09-22,7,0.0,45.9
2023-09-22,8,0.0,45.1
2023-09-22,9,13.0,44.7
2023-09-22,10,53.0,45.4
2023-09-22,11,270.0,46.3
2023-09-22,12,376.0,49.3
2023-09-22,13,363.0,51.1
2023-09-22,14,350.0,53.0
2023-09-22,15,403.0,53.8
2023-09-22,16,339.0,53.9
2023-09-22,17,386.0,54.3
2023-09-22,18,369.0,53.7
2023-09-22,19,225.0,53.1
2023-09-22,20,91.0,50.8
2023-09-22,21,5.0,50.0
2023-09-22,22,0.0,48.4
2023-09-22,23,0.0,47.1
2023-09-22,24,0.0,47.9
2023-09-23,1,0.0,47.4
2023-09-23,2,0.0,46.6
2023-09-23,3,0.0,45.7
2023-09-23,4,0.0,45.1
2023-09-23,5,0.0,45.0
2023-09-23,6,0.0,44.8
2023-09-23,7,0.0,43.4
2023-09-23,8,0.0,42.1
2023-09-23,9,22.0,41.8
2023-09-23,10,165.0,46.3
2023-09-23,11,346.0,53.2
2023-09-23,12,520.0,56.8
2023-09-23,13,667.0,59.1
2023-09-23,14,750.0,59.9
2023-09-23,15,774.0,61.1
2023-09-23,16,734.0,61.9
2023-09-23,17,637.0,62.2
2023-09-23,18,489.0,61.9
2023-09-23,19,307.0,61.0
2023-09-23,20,117.0,60.1
2023-09-23,21,5.0,58.3
2023-09-23,22,0.0,56.2
2023-09-23,23,0.0,54.0
2023-09-23,24,0.0,51.9
2023-09-24,1,0.0,48.8
2023-09-24,2,0.0,46.0
2023-09-24,3,0.0,43.8
2023-09-24,4,0.0,42.3
2023-09-24,5,0.0,41.2
2023-09-24,6,0.0,40.4
2023-09-24,7,0.0,40.1
2023-09-24,8,0.0,39.7
2023-09-24,9,21.0,41.2
2023-09-24,10,169.0,48.4
2023-09-24,11,358.0,58.0
2023-09-24,12,531.0,63.1
2023-09-24,13,663.0,66.1
2023-09-24,14,743.0,66.7
2023-09-24,15,763.0,67.8
2023-09-24,16,717.0,68.4
2023-09-24,17,623.0,68.7
2023-09-24,18,477.0,68.6
2023-09-24,19,269.0,67.8
2023-09-24,20,88.0,66.2
2023-09-24,21,4.0,63.7
2023-09-24,22,0.0,59.8
2023-09-24,23,0.0,56.5
2023-09-24,24,0.0,53.2
2023-09-25,1,0.0,50.2
2023-09-25,2,0.0,48.6
2023-09-25,3,0.0,46.8
2023-09-25,4,0.0,45.8
2023-09-25,5,0.0,45.2
2023-09-25,6,0.0,44.8
2023-09-25,7,0.0,44.5
2023-09-25,8,0.0,44.0
2023-09-25,9,20.0,45.0
2023-09-25,10,166.0,52.3
2023-09-25,11,357.0,62.4
2023-09-25,12,529.0,68.8
2023-09-25,13,662.0,72.0
2023-09-25,14,744.0,72.9
2023-09-25,15,765.0,73.9
2023-09-25,16,725.0,74.2
2023-09-25,17,624.0,74.1
2023-09-25,18,476.0,73.5
2023-09-25,19,293.0,72.2
2023-09-25,20,107.0,70.4
2023-09-25,21,3.0,67.9
2023-09-25,22,0.0,64.1
2023-09-25,23,0.0,59.6
2023-09-25,24,0.0,55.1
2023-09-26,1,0.0,51.3
2023-09-26,2,0.0,50.0
2023-09-26,3,0.0,48.6
2023-09-26,4,0.0,48.1
2023-09-26,5,0.0,48.3
2023-09-26,6,0.0,48.5
2023-09-26,7,0.0,48.6
2023-09-26,8,0.0,48.4
2023-09-26,9,19.0,49.5
2023-09-26,10,161.0,56.3
2023-09-26,11,348.0,66.1
2023-09-26,12,518.0,70.9
2023-09-26,13,650.0,73.1
2023-09-26,14,727.0,74.8
2023-09-26,15,746.0,75.4
2023-09-26,16,703.0,75.5
2023-09-26,17,604.0,75.3
2023-09-26,18,460.0,74.6
2023-09-26,19,281.0,73.2
2023-09-26,20,99.0,71.2
2023-09-26,21,2.0,66.1
2023-09-26,22,0.0,63.6
2023-09-26,23,0.0,64.4
2023-09-26,24,0.0,65.6
2023-09-27,1,0.0,63.7
2023-09-27,2,0.0,62.2
2023-09-27,3,0.0,57.6
2023-09-27,4,0.0,53.9
2023-09-27,5,0.0,51.2
2023-09-27,6,0.0,49.0
2023-09-27,7,0.0,47.5
2023-09-27,8,0.0,46.6
2023-09-27,9,17.0,47.2
2023-09-27,10,158.0,54.7
2023-09-27,11,346.0,65.0
2023-09-27,12,516.0,70.7
2023-09-27,13,647.0,73.1
2023-09-27,14,725.0,73.3
2023-09-27,15,742.0,73.6
2023-09-27,16,699.0,73.6
2023-09-27,17,603.0,73.5
2023-09-27,18,458.0,72.8
2023-09-27,19,278.0,71.3
2023-09-27,20,96.0,68.9
2023-09-27,21,2.0,65.0
2023-09-27,22,0.0,66.3
2023-09-27,23,0.0,58.2
2023-09-27,24,0.0,55.2
2023-09-28,1,0.0,53.6
2023-09-28,2,0.0,52.0
2023-09-28,3,0.0,51.1
2023-09-28,4,0.0,51.1
2023-09-28,5,0.0,50.5
2023-09-28,6,0.0,49.8
2023-09-28,7,0.0,48.6
2023-09-28,8,0.0,47.4
2023-09-28,9,16.0,46.6
2023-09-28,10,151.0,51.4
2023-09-28,11,336.0,59.2
2023-09-28,12,500.0,62.8
2023-09-28,13,624.0,65.3
2023-09-28,14,694.0,66.5
2023-09-28,15,732.0,67.8
2023-09-28,16,692.0,68.6
2023-09-28,17,593.0,68.8
2023-09-28,18,445.0,68.3
2023-09-28,19,257.0,67.3
2023-09-28,20,89.0,65.5
2023-09-28,21,1.0,63.6
2023-09-28,22,0.0,61.4
2023-09-28,23,0.0,59.2
2023-09-28,24,0.0,57.3
2023-09-29,1,0.0,55.3
2023-09-29,2,0.0,52.5
2023-09-29,3,0.0,50.3
2023-09-29,4,0.0,48.9
2023-09-29,5,0.0,47.6
2023-09-29,6,0.0,46.3
2023-09-29,7,0.0,45.3
2023-09-29,8,0.0,44.5
2023-09-29,9,15.0,44.5
2023-09-29,10,145.0,50.6
2023-09-29,11,332.0,58.8
2023-09-29,12,498.0,63.7
2023-09-29,13,634.0,67.2
2023-09-29,14,712.0,68.2
2023-09-29,15,728.0,69.7
2023-09-29,16,685.0,70.7
2023-09-29,17,585.0,71.0
2023-09-29,18,442.0,70.9
2023-09-29,19,263.0,70.1
2023-09-29,20,84.0,68.5
2023-09-29,21,1.0,63.6
2023-09-29,22,0.0,59.0
2023-09-29,23,0.0,55.3
2023-09-29,24,0.0,52.2
2023-09-30,1,0.0,50.2
2023-09-30,2,0.0,51.3
2023-09-30,3,0.0,50.5
2023-09-30,4,0.0,50.2
2023-09-30,5,0.0,50.9
2023-09-30,6,0.0,51.3
2023-09-30,7,0.0,52.3
2023-09-30,8,0.0,53.3
2023-09-30,9,14.0,54.2
2023-09-30,10,142.0,58.3
2023-09-30,11,328.0,68.1
2023-09-30,12,487.0,72.0
2023-09-30,13,626.0,73.1
2023-09-30,14,660.0,73.6
2023-09-30,15,643.0,74.1
2023-09-30,16,560.0,74.1
2023-09-30,17,381.0,73.6
2023-09-30,18,298.0,71.5
2023-09-30,19,140.0,68.9
2023-09-30,20,22.0,66.2
2023-09-30,21,0.0,64.0
2023-09-30,22,0.0,61.6
2023-09-30,23,0.0,61.9
2023-09-30,24,0.0,60.5
2023-10-01,1,0.0,56.2
2023-10-01,2,0.0,57.0
2023-10-01,3,0.0,54.7
2023-10-01,4,0.0,53.1
2023-10-01,5,0.0,52.2
2023-10-01,6,0.0,52.3
2023-10-01,7,0.0,50.6
2023-10-01,8,0.0,51.0
2023-10-01,9,9.0,51.5
2023-10-01,10,104.0,51.8
2023-10-01,11,315.0,52.5
2023-10-01,12,450.0,53.3
2023-10-01,13,583.0,54.4
2023-10-01,14,538.0,58.9
2023-10-01,15,619.0,59.7
2023-10-01,16,650.0,61.0
2023-10-01,17,558.0,61.0
2023-10-01,18,423.0,60.5
2023-10-01,19,249.0,59.6
2023-10-01,20,73.0,57.9
2023-10-01,21,0.0,54.4
2023-10-01,22,0.0,51.1
2023-10-01,23,0.0,49.7
2023-10-01,24,0.0,48.9
2023-10-02,1,0.0,48.1
2023-10-02,2,0.0,48.9
2023-10-02,3,0.0,47.4
2023-10-02,4,0.0,46.0
2023-10-02,5,0.0,44.8
2023-10-02,6,0.0,44.6
2023-10-02,7,0.0,44.9
2023-10-02,8,0.0,45.8
2023-10-02,9,4.0,46.3
2023-10-02,10,36.0,46.9
2023-10-02,11,249.0,46.8
2023-10-02,12,339.0,47.5
2023-10-02,13,315.0,47.7
2023-10-02,14,304.0,49.1
2023-10-02,15,309.0,48.8
2023-10-02,16,335.0,48.5
2023-10-02,17,136.0,48.0
2023-10-02,18,98.0,47.5
2023-10-02,19,42.0,47.4
2023-10-02,20,8.0,47.1
2023-10-02,21,0.0,46.0
2023-10-02,22,0.0,45.1
2023-10-02,23,0.0,44.4
2023-10-02,24,0.0,43.9
2023-10-03,1,0.0,44.1
2023-10-03,2,0.0,45.1
2023-10-03,3,0.0,45.9
2023-10-03,4,0.0,45.8
2023-10-03,5,0.0,45.7
2023-10-03,6,0.0,45.9
2023-10-03,7,0.0,46.0
2023-10-03,8,0.0,46.0
2023-10-03,9,4.0,46.2
2023-10-03,10,38.0,47.6
2023-10-03,11,96.0,47.9
2023-10-03,12,110.0,48.3
2023-10-03,13,229.0,48.8
2023-10-03,14,186.0,49.1
2023-10-03,15,73.0,50.2
2023-10-03,16,94.0,51.1
2023-10-03,17,103.0,50.5
2023-10-03,18,71.0,50.4
2023-10-03,19,27.0,50.2
2023-10-03,20,13.0,49.7
2023-10-03,21,0.0,49.3
2023-10-03,22,0.0,48.7
2023-10-03,23,0.0,47.6
2023-10-03,24,0.0,47.2
2023-10-04,1,0.0,47.7
2023-10-04,2,0.0,47.1
2023-10-04,3,0.0,47.2
2023-10-04,4,0.0,47.4
2023-10-04,5,0.0,47.5
2023-10-04,6,0.0,47.5
2023-10-04,7,0.0,47.1
2023-10-04,8,0.0,47.0
2023-10-04,9,5.0,47.1
2023-10-04,10,81.0,49.3
2023-10-04,11,146.0,50.6
2023-10-04,12,309.0,52.9
2023-10-04,13,383.0,54.9
2023-10-04,14,463.0,56.2
2023-10-04,15,474.0,57.5
2023-10-04,16,379.3,58.0
2023-10-04,17,323.5,58.3
2023-10-04,18,295.8,58.5
2023-10-04,19,188.0,59.9
2023-10-04,20,56.0,54.9
2023-10-04,21,0.0,50.5
2023-10-04,22,0.0,51.6
2023-10-04,23,0.0,50.5
2023-10-04,24,0.0,51.7
2023-10-05,1,0.0,51.2
2023-10-05,2,0.0,50.3
2023-10-05,3,0.0,49.1
2023-10-05,4,0.0,48.1
2023-10-05,5,0.0,47.6
2023-10-05,6,0.0,47.0
2023-10-05,7,0.0,47.7
2023-10-05,8,0.0,47.2
2023-10-05,9,9.0,46.2
2023-10-05,10,137.0,47.7
2023-10-05,11,323.0,51.2
2023-10-05,12,483.0,54.7
2023-10-05,13,623.0,58.1
2023-10-05,14,672.0,60.7
2023-10-05,15,710.0,63.0
2023-10-05,16,665.0,64.9
2023-10-05,17,549.0,65.1
2023-10-05,18,427.0,65.0
2023-10-05,19,246.0,62.5
2023-10-05,20,67.0,58.3
2023-10-05,21,0.0,58.7
2023-10-05,22,0.0,57.7
2023-10-05,23,0.0,57.1
2023-10-05,24,0.0,55.8
2023-10-06,1,0.0,54.1
2023-10-06,2,0.0,52.4
2023-10-06,3,0.0,51.4
2023-10-06,4,0.0,50.7
2023-10-06,5,0.0,50.3
2023-10-06,6,0.0,49.8
2023-10-06,7,0.0,50.1
2023-10-06,8,0.0,49.9
2023-10-06,9,9.0,49.5
2023-10-06,10,137.0,49.9
2023-10-06,11,325.0,53.2
2023-10-06,12,495.0,57.4
2023-10-06,13,625.0,61.3
2023-10-06,14,703.0,64.8
2023-10-06,15,720.0,66.9
2023-10-06,16,675.0,68.3
2023-10-06,17,573.0,68.8
2023-10-06,18,423.0,68.1
2023-10-06,19,242.0,66.1
2023-10-06,20,63.0,64.3
2023-10-06,21,0.0,61.6
2023-10-06,22,0.0,59.7
2023-10-06,23,0.0,58.7
2023-10-06,24,0.0,57.7
2023-10-07,1,0.0,56.3
2023-10-07,2,0.0,54.9
2023-10-07,3,0.0,53.5
2023-10-07,4,0.0,52.3
2023-10-07,5,0.0,51.4
2023-10-07,6,0.0,50.7
2023-10-07,7,0.0,50.7
2023-10-07,8,0.0,50.3
2023-10-07,9,8.0,49.6
2023-10-07,10,135.0,49.9
2023-10-07,11,323.0,53.5
2023-10-07,12,494.0,57.9
2023-10-07,13,624.0,62.3
2023-10-07,14,702.0,65.8
2023-10-07,15,719.0,68.3
2023-10-07,16,674.0,69.5
2023-10-07,17,572.0,69.9
2023-10-07,18,421.0,69.4
2023-10-07,19,239.0,66.7
2023-10-07,20,60.0,66.1
2023-10-07,21,0.0,63.3
2023-10-07,22,0.0,61.3
2023-10-07,23,0.0,60.0
2023-10-07,24,0.0,58.2
2023-10-08,1,0.0,56.7
2023-10-08,2,0.0,54.9
2023-10-08,3,0.0,53.4
2023-10-08,4,0.0,52.6
2023-10-08,5,0.0,52.2
2023-10-08,6,0.0,51.5
2023-10-08,7,0.0,51.4
2023-10-08,8,0.0,49.7
2023-10-08,9,7.0,48.5
2023-10-08,10,134.0,49.7
2023-10-08,11,323.0,54.5
2023-10-08,12,495.0,59.0
2023-10-08,13,624.0,63.2
2023-10-08,14,699.0,66.3
2023-10-08,15,715.0,68.5
2023-10-08,16,670.0,69.9
2023-10-08,17,567.0,70.5
2023-10-08,18,417.0,70.1
2023-10-08,19,234.0,67.9
2023-10-08,20,56.0,67.9
2023-10-08,21,0.0,65.5
2023-10-08,22,0.0,64.0
2023-10-08,23,0.0,62.2
2023-10-08,24,0.0,59.4
2023-10-09,1,0.0,56.6
2023-10-09,2,0.0,55.0
2023-10-09,3,0.0,54.1
2023-10-09,4,0.0,53.7
2023-10-09,5,0.0,53.4
2023-10-09,6,0.0,53.0
2023-10-09,7,0.0,50.1
2023-10-09,8,0.0,53.2
2023-10-09,9,6.0,51.9
2023-10-09,10,128.0,52.3
2023-10-09,11,316.0,56.5
2023-10-09,12,486.0,60.6
2023-10-09,13,614.0,65.2
2023-10-09,14,690.0,68.7
2023-10-09,15,698.0,71.0
2023-10-09,16,652.0,72.4
2023-10-09,17,556.0,72.7
2023-10-09,18,404.0,71.9
2023-10-09,19,229.0,71.4
2023-10-09,20,52.0,69.9
2023-10-09,21,0.0,67.6
2023-10-09,22,0.0,65.8
2023-10-09,23,0.0,64.2
2023-10-09,24,0.0,61.7
2023-10-10,1,0.0,58.0
2023-10-10,2,0.0,57.1
2023-10-10,3,0.0,57.1
2023-10-10,4,0.0,56.1
2023-10-10,5,0.0,55.7
2023-10-10,6,0.0,54.0
2023-10-10,7,0.0,53.7
2023-10-10,8,0.0,53.2
2023-10-10,9,5.0,52.0
2023-10-10,10,100.0,53.3
2023-10-10,11,293.0,57.2
2023-10-10,12,475.0,60.9
2023-10-10,13,565.0,65.3
2023-10-10,14,616.0,69.0
2023-10-10,15,681.0,71.0
2023-10-10,16,584.0,71.0
2023-10-10,17,532.0,70.5
2023-10-10,18,341.0,68.6
2023-10-10,19,135.0,65.6
2023-10-10,20,24.0,63.1
2023-10-10,21,0.0,57.4
2023-10-10,22,0.0,56.0
2023-10-10,23,0.0,57.6
2023-10-10,24,0.0,51.5
2023-10-11,1,0.0,51.4
2023-10-11,2,0.0,50.2
2023-10-11,3,0.0,50.0
2023-10-11,4,0.0,49.3
2023-10-11,5,0.0,48.7
2023-10-11,6,0.0,47.0
2023-10-11,7,0.0,48.4
2023-10-11,8,0.0,48.7
2023-10-11,9,2.0,48.7
2023-10-11,10,52.0,48.6
2023-10-11,11,113.0,49.0
2023-10-11,12,273.0,50.6
2023-10-11,13,440.0,53.4
2023-10-11,14,536.0,54.2
2023-10-11,15,446.0,52.1
2023-10-11,16,439.0,50.8
2023-10-11,17,328.0,51.4
2023-10-11,18,204.0,50.5
2023-10-11,19,133.0,52.3
2023-10-11,20,35.0,49.0
2023-10-11,21,0.0,49.4
2023-10-11,22,0.0,45.6
2023-10-11,23,0.0,44.5
2023-10-11,24,0.0,42.9
2023-10-12,1,0.0,43.7
2023-10-12,2,0.0,41.9
2023-10-12,3,0.0,40.9
2023-10-12,4,0.0,42.0
2023-10-12,5,0.0,42.5
2023-10-12,6,0.0,42.2
2023-10-12,7,0.0,42.5
2023-10-12,8,0.0,42.6
2023-10-12,9,2.0,42.6
2023-10-12,10,39.0,43.0
2023-10-12,11,95.0,43.3
2023-10-12,12,168.0,44.0
2023-10-12,13,239.0,46.4
2023-10-12,14,243.0,48.3
2023-10-12,15,227.0,49.0
2023-10-12,16,278.0,48.1
2023-10-12,17,157.0,48.7
2023-10-12,18,123.0,49.5
2023-10-12,19,49.0,47.1
2023-10-12,20,9.0,46.2
2023-10-12,21,0.0,45.4
2023-10-12,22,0.0,44.5
2023-10-12,23,0.0,45.1
2023-10-12,24,0.0,45.1
2023-10-13,1,0.0,44.6
2023-10-13,2,0.0,43.6
2023-10-13,3,0.0,40.0
2023-10-13,4,0.0,38.2
2023-10-13,5,0.0,38.7
2023-10-13,6,0.0,40.1
2023-10-13,7,0.0,39.7
2023-10-13,8,0.0,40.6
2023-10-13,9,3.0,40.4
2023-10-13,10,99.0,41.0
2023-10-13,11,261.0,43.2
2023-10-13,12,433.0,46.8
2023-10-13,13,514.0,50.9
2023-10-13,14,622.0,54.0
2023-10-13,15,525.0,56.5
2023-10-13,16,498.0,58.4
2023-10-13,17,406.0,58.8
2023-10-13,18,327.0,57.7
2023-10-13,19,175.0,55.2
2023-10-13,20,34.0,54.0
2023-10-13,21,0.0,52.9
2023-10-13,22,0.0,52.0
2023-10-13,23,0.0,51.0
2023-10-13,24,0.0,49.0
2023-10-14,1,0.0,47.4
2023-10-14,2,0.0,46.3
2023-10-14,3,0.0,45.4
2023-10-14,4,0.0,44.2
2023-10-14,5,0.0,43.6
2023-10-14,6,0.0,43.3
2023-10-14,7,0.0,43.6
2023-10-14,8,0.0,42.6
2023-10-14,9,2.0,41.5
2023-10-14,10,42.0,43.4
2023-10-14,11,113.0,46.1
2023-10-14,12,321.0,51.1
2023-10-14,13,532.0,54.5
2023-10-14,14,604.0,57.5
2023-10-14,15,641.0,59.0
2023-10-14,16,621.0,61.5
2023-10-14,17,523.0,62.4
2023-10-14,18,371.0,62.1
2023-10-14,19,197.0,58.9
2023-10-14,20,34.0,58.0
2023-10-14,21,0.0,56.9
2023-10-14,22,0.0,55.6
2023-10-14,23,0.0,54.4
2023-10-14,24,0.0,52.8
2023-10-15,1,0.0,50.6
2023-10-15,2,0.0,49.1
2023-10-15,3,0.0,48.3
2023-10-15,4,0.0,47.6
2023-10-15,5,0.0,47.5
2023-10-15,6,0.0,46.9
2023-10-15,7,0.0,47.4
2023-10-15,8,0.0,47.1
2023-10-15,9,3.0,46.2
2023-10-15,10,104.0,46.7
2023-10-15,11,284.0,50.5
2023-10-15,12,450.0,54.4
2023-10-15,13,576.0,58.5
2023-10-15,14,644.0,62.2
2023-10-15,15,639.0,64.9
2023-10-15,16,568.0,66.4
2023-10-15,17,483.0,66.7
2023-10-15,18,361.0,66.4
2023-10-15,19,190.0,66.7
2023-10-15,20,32.0,64.6
2023-10-15,21,0.0,62.2
2023-10-15,22,0.0,58.4
2023-10-15,23,0.0,57.6
2023-10-15,24,0.0,56.4
2023-10-16,1,0.0,54.5
2023-10-16,2,0.0,53.0
2023-10-16,3,0.0,51.5
2023-10-16,4,0.0,50.7
2023-10-16,5,0.0,50.1
2023-10-16,6,0.0,49.3
2023-10-16,7,0.0,49.6
2023-10-16,8,0.0,49.2
2023-10-16,9,2.0,47.7
2023-10-16,10,102.0,48.2
2023-10-16,11,281.0,52.0
2023-10-16,12,448.0,56.8
2023-10-16,13,579.0,61.2
2023-10-16,14,653.0,64.9
2023-10-16,15,668.0,67.5
2023-10-16,16,622.0,69.2
2023-10-16,17,518.0,69.6
2023-10-16,18,368.0,68.6
2023-10-16,19,188.0,67.7
2023-10-16,20,30.0,65.4
2023-10-16,21,0.0,63.8
2023-10-16,22,0.0,62.6
2023-10-16,23,0.0,61.4
2023-10-16,24,0.0,59.4
2023-10-17,1,0.0,57.7
2023-10-17,2,0.0,55.8
2023-10-17,3,0.0,54.7
2023-10-17,4,0.0,55.0
2023-10-17,5,0.0,53.5
2023-10-17,6,0.0,52.4
2023-10-17,7,0.0,52.4
2023-10-17,8,0.0,52.3
2023-10-17,9,2.0,51.8
2023-10-17,10,98.0,51.4
2023-10-17,11,279.0,55.8
2023-10-17,12,445.0,60.4
2023-10-17,13,572.0,64.9
2023-10-17,14,645.0,67.9
2023-10-17,15,660.0,70.0
2023-10-17,16,613.0,71.1
2023-10-17,17,511.0,71.2
2023-10-17,18,360.0,70.3
2023-10-17,19,180.0,66.1
2023-10-17,20,26.0,59.9
2023-10-17,21,0.0,55.5
2023-10-17,22,0.0,55.7
2023-10-17,23,0.0,54.2
2023-10-17,24,0.0,51.7
2023-10-18,1,0.0,49.4
2023-10-18,2,0.0,49.2
2023-10-18,3,0.0,52.8
2023-10-18,4,0.0,52.8
2023-10-18,5,0.0,52.4
2023-10-18,6,0.0,53.0
2023-10-18,7,0.0,51.8
2023-10-18,8,0.0,51.0
2023-10-18,9,1.0,50.1
2023-10-18,10,93.0,49.8
2023-10-18,11,270.0,53.4
2023-10-18,12,434.0,56.9
2023-10-18,13,559.0,60.0
2023-10-18,14,633.0,62.8
2023-10-18,15,646.0,64.8
2023-10-18,16,600.0,66.0
2023-10-18,17,499.0,66.8
2023-10-18,18,351.0,66.7
2023-10-18,19,174.0,63.0
2023-10-18,20,24.0,60.5
2023-10-18,21,0.0,59.9
2023-10-18,22,0.0,58.7
2023-10-18,23,0.0,57.5
2023-10-18,24,0.0,55.9
2023-10-19,1,0.0,54.1
2023-10-19,2,0.0,53.0
2023-10-19,3,0.0,52.1
2023-10-19,4,0.0,51.4
2023-10-19,5,0.0,50.5
2023-10-19,6,0.0,49.7
2023-10-19,7,0.0,49.5
2023-10-19,8,0.0,48.4
2023-10-19,9,1.0,46.9
2023-10-19,10,94.0,47.7
2023-10-19,11,275.0,52.2
2023-10-19,12,442.0,56.8
2023-10-19,13,568.0,61.3
2023-10-19,14,642.0,65.1
2023-10-19,15,655.0,67.6
2023-10-19,16,608.0,69.2
2023-10-19,17,504.0,69.5
2023-10-19,18,353.0,68.5
2023-10-19,19,174.0,65.8
2023-10-19,20,23.0,63.7
2023-10-19,21,0.0,60.0
2023-10-19,22,0.0,61.3
2023-10-19,23,0.0,59.4
2023-10-19,24,0.0,57.7
2023-10-20,1,0.0,56.1
2023-10-20,2,0.0,54.1
2023-10-20,3,0.0,52.5
2023-10-20,4,0.0,50.2
2023-10-20,5,0.0,52.7
2023-10-20,6,0.0,52.1
2023-10-20,7,0.0,50.1
2023-10-20,8,0.0,45.7
2023-10-20,9,1.0,50.3
2023-10-20,10,90.0,49.7
2023-10-20,11,270.0,54.8
2023-10-20,12,437.0,58.9
2023-10-20,13,563.0,63.0
2023-10-20,14,634.0,66.2
2023-10-20,15,648.0,68.5
2023-10-20,16,600.0,70.2
2023-10-20,17,496.0,70.7
2023-10-20,18,346.0,70.2
2023-10-20,19,168.0,68.9
2023-10-20,20,20.0,66.3
2023-10-20,21,0.0,61.7
2023-10-20,22,0.0,63.0
2023-10-20,23,0.0,61.2
2023-10-20,24,0.0,59.0
2023-10-21,1,0.0,57.7
2023-10-21,2,0.0,56.9
2023-10-21,3,0.0,55.5
2023-10-21,4,0.0,54.8
2023-10-21,5,0.0,53.8
2023-10-21,6,0.0,52.8
2023-10-21,7,0.0,53.5
2023-10-21,8,0.0,52.5
2023-10-21,9,1.0,51.0
2023-10-21,10,80.0,51.4
2023-10-21,11,253.0,54.4
2023-10-21,12,418.0,58.6
2023-10-21,13,549.0,63.4
2023-10-21,14,535.0,65.8
2023-10-21,15,502.0,67.7
2023-10-21,16,416.0,69.1
2023-10-21,17,413.0,69.5
2023-10-21,18,309.0,69.0
2023-10-21,19,143.0,64.9
2023-10-21,20,17.0,64.1
2023-10-21,21,0.0,63.2
2023-10-21,22,0.0,62.1
2023-10-21,23,0.0,60.5
2023-10-21,24,0.0,59.3
2023-10-22,1,0.0,56.8
2023-10-22,2,0.0,54.8
2023-10-22,3,0.0,54.0
2023-10-22,4,0.0,53.2
2023-10-22,5,0.0,52.3
2023-10-22,6,0.0,52.0
2023-10-22,7,0.0,50.1
2023-10-22,8,0.0,49.5
2023-10-22,9,0.0,49.1
2023-10-22,10,76.0,49.2
2023-10-22,11,247.0,53.6
2023-10-22,12,413.0,57.7
2023-10-22,13,531.0,61.9
2023-10-22,14,584.0,65.8
2023-10-22,15,511.0,69.0
2023-10-22,16,492.0,70.2
2023-10-22,17,412.0,70.6
2023-10-22,18,281.0,69.9
2023-10-22,19,118.0,69.0
2023-10-22,20,12.0,66.5
2023-10-22,21,0.0,65.1
2023-10-22,22,0.0,63.5
2023-10-22,23,0.0,62.1
2023-10-22,24,0.0,60.4
2023-10-23,1,0.0,57.9
2023-10-23,2,0.0,56.3
2023-10-23,3,0.0,56.5
2023-10-23,4,0.0,55.0
2023-10-23,5,0.0,54.0
2023-10-23,6,0.0,53.3
2023-10-23,7,0.0,53.2
2023-10-23,8,0.0,53.1
2023-10-23,9,0.0,51.7
2023-10-23,10,66.0,50.2
2023-10-23,11,227.0,55.3
2023-10-23,12,375.0,58.7
2023-10-23,13,493.0,61.5
2023-10-23,14,588.0,63.3
2023-10-23,15,583.0,64.2
2023-10-23,16,570.0,64.3
2023-10-23,17,462.0,64.8
2023-10-23,18,283.0,64.7
2023-10-23,19,122.0,60.2
2023-10-23,20,12.0,55.6
2023-10-23,21,0.0,53.7
2023-10-23,22,0.0,50.5
2023-10-23,23,0.0,48.1
2023-10-23,24,0.0,46.8
2023-10-24,1,0.0,46.2
2023-10-24,2,0.0,47.6
2023-10-24,3,0.0,49.6
2023-10-24,4,0.0,49.1
2023-10-24,5,0.0,48.8
2023-10-24,6,0.0,48.4
2023-10-24,7,0.0,48.2
2023-10-24,8,0.0,46.5
2023-10-24,9,0.0,46.1
2023-10-24,10,74.0,46.4
2023-10-24,11,249.0,49.7
2023-10-24,12,416.0,53.2
2023-10-24,13,540.0,55.9
2023-10-24,14,614.0,57.8
2023-10-24,15,628.0,59.5
2023-10-24,16,579.0,60.1
2023-10-24,17,475.0,59.9
2023-10-24,18,316.0,58.9
2023-10-24,19,138.0,56.1
2023-10-24,20,13.0,50.5
2023-10-24,21,0.0,49.6
2023-10-24,22,0.0,50.0
2023-10-24,23,0.0,49.9
2023-10-24,24,0.0,49.7
2023-10-25,1,0.0,47.5
2023-10-25,2,0.0,44.1
2023-10-25,3,0.0,43.5
2023-10-25,4,0.0,40.3
2023-10-25,5,0.0,40.2
2023-10-25,6,0.0,40.9
2023-10-25,7,0.0,41.6
2023-10-25,8,0.0,45.0
2023-10-25,9,0.0,46.4
2023-10-25,10,30.0,48.2
2023-10-25,11,101.0,51.1
2023-10-25,12,186.0,54.2
2023-10-25,13,317.0,58.1
2023-10-25,14,374.0,60.9
2023-10-25,15,403.0,63.7
2023-10-25,16,441.0,65.8
2023-10-25,17,322.0,66.2
2023-10-25,18,135.0,65.0
2023-10-25,19,53.0,63.1
2023-10-25,20,4.0,50.6
2023-10-25,21,0.0,48.7
2023-10-25,22,0.0,47.6
2023-10-25,23,0.0,47.5
2023-10-25,24,0.0,47.1
2023-10-26,1,0.0,46.9
2023-10-26,2,0.0,45.8
2023-10-26,3,0.0,44.9
2023-10-26,4,0.0,43.4
2023-10-26,5,0.0,41.9
2023-10-26,6,0.0,39.5
2023-10-26,7,0.0,39.2
2023-10-26,8,0.0,37.5
2023-10-26,9,0.0,37.2
2023-10-26,10,34.0,37.1
2023-10-26,11,199.0,39.5
2023-10-26,12,299.0,40.2
2023-10-26,13,404.0,41.1
2023-10-26,14,563.0,42.7
2023-10-26,15,543.0,44.5
2023-10-26,16,547.0,45.6
2023-10-26,17,418.0,45.1
2023-10-26,18,288.0,44.1
2023-10-26,19,128.0,42.0
2023-10-26,20,9.0,39.1
2023-10-26,21,0.0,39.7
2023-10-26,22,0.0,38.4
2023-10-26,23,0.0,37.2
2023-10-26,24,0.0,35.2
2023-10-27,1,0.0,35.1
2023-10-27,2,0.0,34.0
2023-10-27,3,0.0,33.1
2023-10-27,4,0.0,32.0
2023-10-27,5,0.0,30.3
2023-10-27,6,0.0,29.8
2023-10-27,7,0.0,29.8
2023-10-27,8,0.0,28.8
2023-10-27,9,0.0,29.4
2023-10-27,10,36.0,32.5
2023-10-27,11,146.0,35.3
2023-10-27,12,280.0,38.8
2023-10-27,13,425.0,42.3
2023-10-27,14,537.0,45.1
2023-10-27,15,603.0,46.5
2023-10-27,16,553.0,47.0
2023-10-27,17,447.0,47.0
2023-10-27,18,298.0,46.3
2023-10-27,19,126.0,42.8
2023-10-27,20,8.0,42.5
2023-10-27,21,0.0,40.7
2023-10-27,22,0.0,39.5
2023-10-27,23,0.0,37.5
2023-10-27,24,0.0,36.2
2023-10-28,1,0.0,33.0
2023-10-28,2,0.0,34.3
2023-10-28,3,0.0,36.0
2023-10-28,4,0.0,34.8
2023-10-28,5,0.0,33.8
2023-10-28,6,0.0,29.9
2023-10-28,7,0.0,27.5
2023-10-28,8,0.0,28.2
2023-10-28,9,0.0,28.2
2023-10-28,10,51.0,31.1
2023-10-28,11,180.0,33.4
2023-10-28,12,300.0,35.9
2023-10-28,13,426.0,37.8
2023-10-28,14,530.0,39.4
2023-10-28,15,585.0,40.6
2023-10-28,16,534.0,41.5
2023-10-28,17,442.0,41.5
2023-10-28,18,287.0,40.1
2023-10-28,19,102.0,37.5
2023-10-28,20,6.0,35.2
2023-10-28,21,0.0,33.4
2023-10-28,22,0.0,31.2
2023-10-28,23,0.0,28.2
2023-10-28,24,0.0,26.0
2023-10-29,1,0.0,24.6
2023-10-29,2,0.0,24.8
2023-10-29,3,0.0,24.0
2023-10-29,4,0.0,23.5
2023-10-29,5,0.0,24.0
2023-10-29,6,0.0,23.5
2023-10-29,7,0.0,23.1
2023-10-29,8,0.0,23.7
2023-10-29,9,0.0,25.1
2023-10-29,10,59.0,26.6
2023-10-29,11,225.0,29.9
2023-10-29,12,389.0,32.7
2023-10-29,13,516.0,35.4
2023-10-29,14,589.0,37.7
2023-10-29,15,602.0,39.7
2023-10-29,16,553.0,41.0
2023-10-29,17,446.0,41.5
2023-10-29,18,295.0,40.9
2023-10-29,19,121.0,39.8
2023-10-29,20,6.0,36.7
2023-10-29,21,0.0,36.0
2023-10-29,22,0.0,34.4
2023-10-29,23,0.0,29.5
2023-10-29,24,0.0,31.5
2023-10-30,1,0.0,30.6
2023-10-30,2,0.0,29.8
2023-10-30,3,0.0,29.2
2023-10-30,4,0.0,28.9
2023-10-30,5,0.0,28.7
2023-10-30,6,0.0,28.4
2023-10-30,7,0.0,28.1
2023-10-30,8,0.0,27.4
2023-10-30,9,0.0,27.1
2023-10-30,10,56.0,27.5
2023-10-30,11,217.0,31.2
2023-10-30,12,377.0,34.5
2023-10-30,13,502.0,37.7
2023-10-30,14,573.0,39.6
2023-10-30,15,585.0,41.1
2023-10-30,16,536.0,42.0
2023-10-30,17,431.0,42.4
2023-10-30,18,282.0,42.2
2023-10-30,19,113.0,40.9
2023-10-30,20,5.0,38.7
2023-10-30,21,0.0,37.9
2023-10-30,22,0.0,37.0
2023-10-30,23,0.0,35.9
2023-10-30,24,0.0,34.7
2023-10-31,1,0.0,33.9
2023-10-31,2,0.0,33.1
2023-10-31,3,0.0,32.4
2023-10-31,4,0.0,32.1
2023-10-31,5,0.0,31.9
2023-10-31,6,0.0,31.6
2023-10-31,7,0.0,31.2
2023-10-31,8,0.0,29.7
2023-10-31,9,0.0,29.7
2023-10-31,10,52.0,29.9
2023-10-31,11,211.0,33.8
2023-10-31,12,370.0,37.5
2023-10-31,13,493.0,41.1
2023-10-31,14,563.0,43.4
2023-10-31,15,573.0,45.1
2023-10-31,16,523.0,46.0
2023-10-31,17,421.0,46.0
2023-10-31,18,273.0,45.0
2023-10-31,19,108.0,41.6
2023-10-31,20,5.0,39.5
2023-10-31,21,0.0,39.1
2023-10-31,22,0.0,40.9
2023-10-31,23,0.0,39.7
2023-10-31,24,0.0,38.9
2023-11-01,1,0.0,38.1
2023-11-01,2,0.0,36.4
2023-11-01,3,0.0,37.0
2023-11-01,4,0.0,36.2
2023-11-01,5,0.0,36.0
2023-11-01,6,0.0,33.2
2023-11-01,7,0.0,35.8
2023-11-01,8,0.0,31.6
2023-11-01,9,0.0,32.1
2023-11-01,10,38.0,35.1
2023-11-01,11,147.0,39.9
2023-11-01,12,243.0,42.8
2023-11-01,13,329.0,45.4
2023-11-01,14,453.0,47.8
2023-11-01,15,547.0,50.0
2023-11-01,16,489.0,50.9
2023-11-01,17,349.0,50.7
2023-11-01,18,220.0,49.7
2023-11-01,19,89.0,48.0
2023-11-01,20,4.0,47.1
2023-11-01,21,0.0,40.7
2023-11-01,22,0.0,43.1
2023-11-01,23,0.0,44.1
2023-11-01,24,0.0,43.2
2023-11-02,1,0.0,41.5
2023-11-02,2,0.0,40.0
2023-11-02,3,0.0,37.7
2023-11-02,4,0.0,35.4
2023-11-02,5,0.0,35.2
2023-11-02,6,0.0,34.2
2023-11-02,7,0.0,33.3
2023-11-02,8,0.0,34.7
2023-11-02,9,0.0,36.1
2023-11-02,10,16.0,39.0
2023-11-02,11,153.0,42.6
2023-11-02,12,200.0,45.7
2023-11-02,13,263.0,47.8
2023-11-02,14,449.0,50.8
2023-11-02,15,526.0,53.4
2023-11-02,16,424.0,54.6
2023-11-02,17,373.0,54.9
2023-11-02,18,204.0,53.3
2023-11-02,19,81.0,47.7
2023-11-02,20,3.0,46.2
2023-11-02,21,0.0,46.2
2023-11-02,22,0.0,44.2
2023-11-02,23,0.0,42.7
2023-11-02,24,0.0,45.4
2023-11-03,1,0.0,45.0
2023-11-03,2,0.0,43.8
2023-11-03,3,0.0,44.7
2023-11-03,4,0.0,44.7
2023-11-03,5,0.0,41.8
2023-11-03,6,0.0,40.5
2023-11-03,7,0.0,40.3
2023-11-03,8,0.0,39.2
2023-11-03,9,0.0,38.4
2023-11-03,10,35.0,41.1
2023-11-03,11,178.0,45.6
2023-11-03,12,316.0,50.0
2023-11-03,13,445.0,53.5
2023-11-03,14,490.0,55.6
2023-11-03,15,484.0,56.8
2023-11-03,16,408.0,57.5
2023-11-03,17,326.0,57.2
2023-11-03,18,193.0,56.0
2023-11-03,19,88.0,50.6
2023-11-03,20,3.0,53.5
2023-11-03,21,0.0,47.8
2023-11-03,22,0.0,47.5
2023-11-03,23,0.0,49.4
2023-11-03,24,0.0,47.6
2023-11-04,1,0.0,45.8
2023-11-04,2,0.0,44.6
2023-11-04,3,0.0,44.4
2023-11-04,4,0.0,44.2
2023-11-04,5,0.0,43.5
2023-11-04,6,0.0,42.9
2023-11-04,7,0.0,42.8
2023-11-04,8,0.0,42.8
2023-11-04,9,0.0,42.3
2023-11-04,10,39.0,40.6
2023-11-04,11,184.0,45.3
2023-11-04,12,339.0,49.6
2023-11-04,13,455.0,53.5
2023-11-04,14,521.0,56.5
2023-11-04,15,506.0,58.4
2023-11-04,16,375.0,59.0
2023-11-04,17,211.0,58.5
2023-11-04,18,113.0,57.2
2023-11-04,19,34.0,55.9
2023-11-04,20,1.0,51.6
2023-11-04,21,0.0,48.9
2023-11-04,22,0.0,48.6
2023-11-04,23,0.0,50.3
2023-11-04,24,0.0,49.6
2023-11-05,1,0.0,44.2
2023-11-05,2,0.0,49.6
2023-11-05,3,0.0,47.4
2023-11-05,4,0.0,44.3
2023-11-05,5,0.0,44.8
2023-11-05,6,0.0,46.5
2023-11-05,7,0.0,43.2
2023-11-05,8,0.0,41.4
2023-11-05,9,0.0,43.9
2023-11-05,10,20.0,43.4
2023-11-05,11,117.0,45.3
2023-11-05,12,244.0,48.7
2023-11-05,13,311.0,50.7
2023-11-05,14,421.0,53.5
2023-11-05,15,305.0,54.7
2023-11-05,16,373.0,56.8
2023-11-05,17,266.0,56.6
2023-11-05,18,200.0,56.5
2023-11-05,19,71.0,55.0
2023-11-05,20,2.0,47.7
2023-11-05,21,0.0,46.5
2023-11-05,22,0.0,46.1
2023-11-05,23,0.0,44.9
2023-11-05,24,0.0,43.6
2023-11-06,1,0.0,43.3
2023-11-06,2,0.0,43.1
2023-11-06,3,0.0,43.7
2023-11-06,4,0.0,46.1
2023-11-06,5,0.0,42.9
2023-11-06,6,0.0,42.9
2023-11-06,7,0.0,46.8
2023-11-06,8,0.0,44.5
2023-11-06,9,0.0,44.3
2023-11-06,10,20.0,45.1
2023-11-06,11,64.0,46.1
2023-11-06,12,120.0,48.3
2023-11-06,13,132.0,50.4
2023-11-06,14,198.0,52.6
2023-11-06,15,387.0,56.6
2023-11-06,16,397.0,58.6
2023-11-06,17,344.0,59.5
2023-11-06,18,223.0,58.2
2023-11-06,19,60.0,52.5
2023-11-06,20,1.0,50.9
2023-11-06,21,0.0,50.1
2023-11-06,22,0.0,47.9
2023-11-06,23,0.0,45.6
2023-11-06,24,0.0,44.5
2023-11-07,1,0.0,44.1
2023-11-07,2,0.0,44.0
2023-11-07,3,0.0,44.0
2023-11-07,4,0.0,44.3
2023-11-07,5,0.0,44.1
2023-11-07,6,0.0,43.1
2023-11-07,7,0.0,42.6
2023-11-07,8,0.0,39.7
2023-11-07,9,0.0,39.5
2023-11-07,10,8.0,39.6
2023-11-07,11,32.0,39.8
2023-11-07,12,100.0,40.2
2023-11-07,13,149.0,40.5
2023-11-07,14,248.0,42.9
2023-11-07,15,156.0,44.0
2023-11-07,16,204.0,44.7
2023-11-07,17,129.0,42.9
2023-11-07,18,69.0,41.8
2023-11-07,19,23.0,40.2
2023-11-07,20,1.0,38.5
2023-11-07,21,0.0,37.5
2023-11-07,22,0.0,37.0
2023-11-07,23,0.0,34.9
2023-11-07,24,0.0,33.1
2023-11-08,1,0.0,34.3
2023-11-08,2,0.0,32.9
2023-11-08,3,0.0,32.4
2023-11-08,4,0.0,33.1
2023-11-08,5,0.0,35.2
2023-11-08,6,0.0,35.6
2023-11-08,7,0.0,35.0
2023-11-08,8,0.0,33.0
2023-11-08,9,0.0,31.1
2023-11-08,10,26.0,34.6
2023-11-08,11,119.0,36.6
2023-11-08,12,285.0,39.1
2023-11-08,13,397.0,41.1
2023-11-08,14,347.0,42.2
2023-11-08,15,355.0,43.3
2023-11-08,16,327.0,44.4
2023-11-08,17,235.0,44.8
2023-11-08,18,165.0,44.6
2023-11-08,19,75.0,42.9
2023-11-08,20,1.0,40.9
2023-11-08,21,0.0,39.1
2023-11-08,22,0.0,37.9
2023-11-08,23,0.0,36.6
2023-11-08,24,0.0,35.8
2023-11-09,1,0.0,35.1
2023-11-09,2,0.0,34.2
2023-11-09,3,0.0,33.4
2023-11-09,4,0.0,32.7
2023-11-09,5,0.0,31.9
2023-11-09,6,0.0,31.0
2023-11-09,7,0.0,30.6
2023-11-09,8,0.0,30.2
2023-11-09,9,0.0,29.9
2023-11-09,10,30.0,29.3
2023-11-09,11,173.0,31.8
2023-11-09,12,329.0,34.9
2023-11-09,13,451.0,38.0
2023-11-09,14,522.0,40.7
2023-11-09,15,535.0,42.7
2023-11-09,16,488.0,43.7
2023-11-09,17,385.0,43.8
2023-11-09,18,240.0,42.8
2023-11-09,19,80.0,41.6
2023-11-09,20,1.0,41.2
2023-11-09,21,0.0,39.7
2023-11-09,22,0.0,38.3
2023-11-09,23,0.0,36.8
2023-11-09,24,0.0,34.9
2023-11-10,1,0.0,33.1
2023-11-10,2,0.0,31.9
2023-11-10,3,0.0,31.3
2023-11-10,4,0.0,31.0
2023-11-10,5,0.0,30.6
2023-11-10,6,0.0,30.0
2023-11-10,7,0.0,27.1
2023-11-10,8,0.0,27.3
2023-11-10,9,0.0,27.7
2023-11-10,10,26.0,28.6
2023-11-10,11,169.0,33.3
2023-11-10,12,294.0,36.9
2023-11-10,13,444.0,39.9
2023-11-10,14,511.0,42.4
2023-11-10,15,528.0,44.1
2023-11-10,16,473.0,44.5
2023-11-10,17,224.0,43.7
2023-11-10,18,106.0,43.1
2023-11-10,19,42.0,39.5
2023-11-10,20,1.0,34.4
2023-11-10,21,0.0,34.7
2023-11-10,22,0.0,36.3
2023-11-10,23,0.0,34.3
2023-11-10,24,0.0,37.3
2023-11-11,1,0.0,36.1
2023-11-11,2,0.0,34.6
2023-11-11,3,0.0,33.1
2023-11-11,4,0.0,33.9
2023-11-11,5,0.0,33.3
2023-11-11,6,0.0,32.9
2023-11-11,7,0.0,31.3
2023-11-11,8,0.0,28.0
2023-11-11,9,0.0,28.0
2023-11-11,10,25.0,31.2
2023-11-11,11,160.0,36.0
2023-11-11,12,305.0,39.9
2023-11-11,13,432.0,42.6
2023-11-11,14,499.0,45.0
2023-11-11,15,513.0,46.8
2023-11-11,16,467.0,47.2
2023-11-11,17,367.0,46.9
2023-11-11,18,223.0,45.9
2023-11-11,19,63.0,38.9
2023-11-11,20,0.0,36.1
2023-11-11,21,0.0,34.9
2023-11-11,22,0.0,33.3
2023-11-11,23,0.0,33.6
2023-11-11,24,0.0,33.5
2023-11-12,1,0.0,34.6
2023-11-12,2,0.0,35.0
2023-11-12,3,0.0,32.9
2023-11-12,4,0.0,33.1
2023-11-12,5,0.0,33.8
2023-11-12,6,0.0,35.4
2023-11-12,7,0.0,36.9
2023-11-12,8,0.0,35.9
2023-11-12,9,0.0,35.7
2023-11-12,10,25.0,34.7
2023-11-12,11,164.0,37.8
2023-11-12,12,318.0,42.3
2023-11-12,13,438.0,45.9
2023-11-12,14,508.0,48.4
2023-11-12,15,521.0,50.7
2023-11-12,16,475.0,52.3
2023-11-12,17,374.0,52.5
2023-11-12,18,230.0,49.7
2023-11-12,19,73.0,48.0
2023-11-12,20,0.0,48.0
2023-11-12,21,0.0,47.4
2023-11-12,22,0.0,46.7
2023-11-12,23,0.0,44.6
2023-11-12,24,0.0,43.1
2023-11-13,1,0.0,41.8
2023-11-13,2,0.0,41.0
2023-11-13,3,0.0,39.8
2023-11-13,4,0.0,37.6
2023-11-13,5,0.0,37.7
2023-11-13,6,0.0,36.1
2023-11-13,7,0.0,38.7
2023-11-13,8,0.0,37.6
2023-11-13,9,0.0,35.4
2023-11-13,10,18.0,34.8
2023-11-13,11,124.0,39.8
2023-11-13,12,278.0,43.8
2023-11-13,13,415.0,47.8
2023-11-13,14,498.0,51.6
2023-11-13,15,507.0,54.4
2023-11-13,16,450.0,55.9
2023-11-13,17,342.0,55.8
2023-11-13,18,211.0,52.9
2023-11-13,19,67.0,46.5
2023-11-13,20,0.0,41.5
2023-11-13,21,0.0,40.8
2023-11-13,22,0.0,40.5
2023-11-13,23,0.0,46.4
2023-11-13,24,0.0,45.1
2023-11-14,1,0.0,43.8
2023-11-14,2,0.0,42.5
2023-11-14,3,0.0,41.5
2023-11-14,4,0.0,40.8
2023-11-14,5,0.0,39.9
2023-11-14,6,0.0,37.0
2023-11-14,7,0.0,35.2
2023-11-14,8,0.0,35.1
2023-11-14,9,0.0,34.2
2023-11-14,10,21.0,34.3
2023-11-14,11,151.0,40.2
2023-11-14,12,302.0,44.5
2023-11-14,13,421.0,49.3
2023-11-14,14,490.0,52.8
2023-11-14,15,502.0,55.0
2023-11-14,16,455.0,55.8
2023-11-14,17,357.0,55.4
2023-11-14,18,216.0,53.1
2023-11-14,19,65.0,50.2
2023-11-14,20,0.0,51.1
2023-11-14,21,0.0,49.5
2023-11-14,22,0.0,48.0
2023-11-14,23,0.0,46.9
2023-11-14,24,0.0,45.7
2023-11-15,1,0.0,44.2
2023-11-15,2,0.0,43.6
2023-11-15,3,0.0,43.3
2023-11-15,4,0.0,42.8
2023-11-15,5,0.0,41.6
2023-11-15,6,0.0,41.0
2023-11-15,7,0.0,40.8
2023-11-15,8,0.0,40.9
2023-11-15,9,0.0,38.3
2023-11-15,10,18.0,37.0
2023-11-15,11,123.0,41.4
2023-11-15,12,277.0,45.5
2023-11-15,13,377.0,49.5
2023-11-15,14,478.0,53.2
2023-11-15,15,486.0,55.7
2023-11-15,16,448.0,57.5
2023-11-15,17,350.0,58.0
2023-11-15,18,206.0,56.2
2023-12-06,19,42.0,40.4
2023-12-06,20,0.0,38.8
2023-12-06,21,0.0,37.9
2023-12-06,22,0.0,37.5
2023-12-06,23,0.0,37.0
2023-12-06,24,0.0,36.5
2023-12-07,1,0.0,35.9
2023-12-07,2,0.0,39.9
2023-12-07,3,0.0,40.8
2023-12-07,4,0.0,40.6
2023-12-07,5,0.0,37.9
2023-12-07,6,0.0,35.3
2023-12-07,7,0.0,35.0
2023-12-07,8,0.0,34.5
2023-12-07,9,0.0,33.4
2023-12-07,10,2.0,33.3
2023-12-07,11,82.0,34.0
2023-12-07,12,240.0,35.9
2023-12-07,13,329.0,36.6
2023-12-07,14,387.0,37.1
2023-12-07,15,422.0,37.5
2023-12-07,16,380.0,37.5
2023-12-07,17,311.0,36.9
2023-12-07,18,178.0,36.5
2023-12-07,19,40.0,34.8
2023-12-07,20,0.0,32.2
2023-12-07,21,0.0,30.8
2023-12-07,22,0.0,30.3
2023-12-07,23,0.0,31.2
2023-12-07,24,0.0,33.3
2023-12-08,1,0.0,32.7
2023-12-08,2,0.0,30.7
2023-12-08,3,0.0,30.2
2023-12-08,4,0.0,29.8
2023-12-08,5,0.0,29.6
2023-12-08,6,0.0,28.8
2023-12-08,7,0.0,27.3
2023-12-08,8,0.0,27.4
2023-12-08,9,0.0,26.8
2023-12-08,10,1.0,24.6
2023-12-08,11,44.0,24.1
2023-12-08,12,119.0,24.3
2023-12-08,13,137.0,26.7
2023-12-08,14,213.0,28.1
2023-12-08,15,223.0,28.3
2023-12-08,16,201.0,28.3
2023-12-08,17,139.0,28.2
2023-12-08,18,73.0,27.9
2023-12-08,19,18.0,27.7
2023-12-08,20,0.0,27.2
2023-12-08,21,0.0,26.4
2023-12-08,22,0.0,25.7
2023-12-08,23,0.0,24.8
2023-12-08,24,0.0,23.8
2023-12-09,1,0.0,22.9
2023-12-09,2,0.0,22.3
2023-12-09,3,0.0,20.7
2023-12-09,4,0.0,17.3
2023-12-09,5,0.0,15.1
2023-12-09,6,0.0,12.5
2023-12-09,7,0.0,10.2
2023-12-09,8,0.0,8.5
2023-12-09,9,0.0,8.8
2023-12-09,10,1.0,8.6
2023-12-09,11,67.0,9.6
2023-12-09,12,199.0,13.3
2023-12-09,13,326.0,17.2
2023-12-09,14,407.0,19.6
2023-12-09,15,436.0,22.6
2023-12-09,16,402.0,24.1
2023-12-09,17,311.0,24.8
2023-12-09,18,175.0,24.2
2023-12-09,19,40.0,22.7
2023-12-09,20,0.0,21.4
2023-12-09,21,0.0,20.3
2023-12-09,22,0.0,19.6
2023-12-09,23,0.0,19.5
2023-12-09,24,0.0,20.1
2023-12-10,1,0.0,20.5
2023-12-10,2,0.0,22.0
2023-12-10,3,0.0,23.0
2023-12-10,4,0.0,23.7
2023-12-10,5,0.0,24.4
2023-12-10,6,0.0,25.0
2023-12-10,7,0.0,25.4
2023-12-10,8,0.0,25.8
2023-12-10,9,0.0,26.1
2023-12-10,10,0.0,26.3
2023-12-10,11,24.0,26.9
2023-12-10,12,43.0,28.5
2023-12-10,13,78.0,30.1
2023-12-10,14,155.0,29.6
2023-12-10,15,292.0,32.2
2023-12-10,16,264.0,32.2
2023-12-10,17,86.0,32.7
2023-12-10,18,37.0,33.5
2023-12-10,19,11.0,33.2
2023-12-10,20,0.0,33.1
2023-12-10,21,0.0,32.7
2023-12-10,22,0.0,32.4
2023-12-10,23,0.0,32.1
2023-12-10,24,0.0,31.9
2023-12-11,1,0.0,31.2
2023-12-11,2,0.0,29.1
2023-12-11,3,0.0,28.0
2023-12-11,4,0.0,27.5
2023-12-11,5,0.0,27.3
2023-12-11,6,0.0,27.2
2023-12-11,7,0.0,27.6
2023-12-11,8,0.0,27.4
2023-12-11,9,0.0,27.7
2023-12-11,10,1.0,28.1
2023-12-11,11,53.0,28.9
2023-12-11,12,191.0,31.8
2023-12-11,13,258.0,34.1
2023-12-11,14,358.0,36.0
2023-12-11,15,398.0,36.9
2023-12-11,16,346.0,37.3
2023-12-11,17,267.0,36.5
2023-12-11,18,121.0,35.1
2023-12-11,19,27.0,33.6
2023-12-11,20,0.0,33.0
2023-12-11,21,0.0,32.2
2023-12-11,22,0.0,30.2
2023-12-11,23,0.0,28.2
2023-12-11,24,0.0,27.2
2023-12-12,1,0.0,25.5
2023-12-12,2,0.0,23.2
2023-12-12,3,0.0,22.4
2023-12-12,4,0.0,21.7
2023-12-12,5,0.0,21.5
2023-12-12,6,0.0,21.7
2023-12-12,7,0.0,22.2
2023-12-12,8,0.0,22.4
2023-12-12,9,0.0,22.3
2023-12-12,10,1.0,22.5
2023-12-12,11,49.0,23.2
2023-12-12,12,174.0,25.9
2023-12-12,13,312.0,29.4
2023-12-12,14,368.0,33.0
2023-12-12,15,391.0,34.6
2023-12-12,16,366.0,35.5
2023-12-12,17,291.0,35.2
2023-12-12,18,145.0,34.2
2023-12-12,19,32.0,31.4
2023-12-12,20,0.0,29.7
2023-12-12,21,0.0,28.1
2023-12-12,22,0.0,26.1
2023-12-12,23,0.0,23.9
2023-12-12,24,0.0,21.4
2023-12-13,1,0.0,19.0
2023-12-13,2,0.0,20.5
2023-12-13,3,0.0,18.5
2023-12-13,4,0.0,16.8
2023-12-13,5,0.0,15.2
2023-12-13,6,0.0,14.1
2023-12-13,7,0.0,13.1
2023-12-13,8,0.0,12.2
2023-12-13,9,0.0,11.5
2023-12-13,10,1.0,11.3
2023-12-13,11,68.0,13.3
2023-12-13,12,203.0,18.1
2023-12-13,13,321.0,23.4
2023-12-13,14,395.0,28.0
2023-12-13,15,407.0,31.8
2023-12-13,16,371.0,33.9
2023-12-13,17,287.0,33.5
2023-12-13,18,164.0,31.8
2023-12-13,19,38.0,29.2
2023-12-13,20,0.0,27.4
2023-12-13,21,0.0,25.1
2023-12-13,22,0.0,22.3
2023-12-13,23,0.0,19.5
2023-12-13,24,0.0,17.2
2023-12-14,1,0.0,15.5
2023-12-14,2,0.0,15.6
2023-12-14,3,0.0,14.8
2023-12-14,4,0.0,14.4
2023-12-14,5,0.0,14.6
2023-12-14,6,0.0,14.7
2023-12-14,7,0.0,14.6
2023-12-14,8,0.0,14.4
2023-12-14,9,0.0,14.9
2023-12-14,10,0.0,15.4
2023-12-14,11,64.0,17.5
2023-12-14,12,198.0,21.2
2023-12-14,13,320.0,26.4
2023-12-14,14,399.0,30.2
2023-12-14,15,423.0,32.2
2023-12-14,16,386.0,33.5
2023-12-14,17,300.0,34.1
2023-12-14,18,172.0,33.6
2023-12-14,19,40.0,32.2
2023-12-14,20,0.0,30.4
2023-12-14,21,0.0,28.5
2023-12-14,22,0.0,26.7
2023-12-14,23,0.0,25.0
2023-12-14,24,0.0,23.7
2023-12-15,1,0.0,22.6
2023-12-15,2,0.0,21.4
2023-12-15,3,0.0,21.1
2023-12-15,4,0.0,20.6
2023-12-15,5,0.0,20.1
2023-12-15,6,0.0,19.5
2023-12-15,7,0.0,18.7
2023-12-15,8,0.0,17.4
2023-12-15,9,0.0,16.0
2023-12-15,10,0.0,15.6
2023-12-15,11,53.0,16.6
2023-12-15,12,169.0,20.5
2023-12-15,13,292.0,25.9
2023-12-15,14,363.0,28.3
2023-12-15,15,400.0,31.6
2023-12-15,16,374.0,33.6
2023-12-15,17,281.0,33.1
2023-12-15,18,152.0,31.9
2023-12-15,19,35.0,31.6
2023-12-15,20,0.0,29.6
2023-12-15,21,0.0,27.7
2023-12-15,22,0.0,26.2
2023-12-15,23,0.0,25.0
2023-12-15,24,0.0,24.0
2023-12-16,1,0.0,23.1
2023-12-16,2,0.0,22.3
2023-12-16,3,0.0,21.3
2023-12-16,4,0.0,20.5
2023-12-16,5,0.0,20.4
2023-12-16,6,0.0,20.0
2023-12-16,7,0.0,19.4
2023-12-16,8,0.0,17.9
2023-12-16,9,0.0,17.3
2023-12-16,10,0.0,16.9
2023-12-16,11,54.0,18.4
2023-12-16,12,182.0,23.0
2023-12-16,13,316.0,27.9
2023-12-16,14,365.0,30.6
2023-12-16,15,382.0,33.0
2023-12-16,16,338.0,34.6
2023-12-16,17,258.0,34.0
2023-12-16,18,144.0,34.0
2023-12-16,19,36.0,32.5
2023-12-16,20,0.0,30.5
2023-12-16,21,0.0,29.2
2023-12-16,22,0.0,28.1
2023-12-16,23,0.0,27.3
2023-12-16,24,0.0,26.1
2023-12-17,1,0.0,24.8
2023-12-17,2,0.0,25.0
2023-12-17,3,0.0,24.5
2023-12-17,4,0.0,23.8
2023-12-17,5,0.0,23.2
2023-12-17,6,0.0,22.7
2023-12-17,7,0.0,22.4
2023-12-17,8,0.0,22.0
2023-12-17,9,0.0,21.4
2023-12-17,10,0.0,20.6
2023-12-17,11,56.0,19.0
2023-12-17,12,189.0,20.7
2023-12-17,13,306.0,25.3
2023-12-17,14,378.0,27.9
2023-12-17,15,416.0,32.4
2023-12-17,16,385.0,33.8
2023-12-17,17,301.0,33.7
2023-12-17,18,172.0,32.4
2023-12-17,19,40.0,32.2
2023-12-17,20,0.0,30.0
2023-12-17,21,0.0,27.9
2023-12-17,22,0.0,26.2
2023-12-17,23,0.0,25.0
2023-12-17,24,0.0,23.3
2023-12-18,1,0.0,20.2
2023-12-18,2,0.0,20.6
2023-12-18,3,0.0,18.6
2023-12-18,4,0.0,17.8
2023-12-18,5,0.0,17.7
2023-12-18,6,0.0,16.0
2023-12-18,7,0.0,16.3
2023-12-18,8,0.0,16.1
2023-12-18,9,0.0,16.0
2023-12-18,10,0.0,16.6
2023-12-18,11,44.0,17.9
2023-12-18,12,128.0,23.2
2023-12-18,13,176.0,28.8
2023-12-18,14,243.0,32.2
2023-12-18,15,275.0,35.0
2023-12-18,16,274.0,37.1
2023-12-18,17,211.0,37.6
2023-12-18,18,106.0,37.6
2023-12-18,19,26.0,37.2
2023-12-18,20,0.0,36.7
2023-12-18,21,0.0,36.6
2023-12-18,22,0.0,36.4
2023-12-18,23,0.0,35.7
2023-12-18,24,0.0,34.9
2023-12-19,1,0.0,34.0
2023-12-19,2,0.0,30.9
2023-12-19,3,0.0,30.2
2023-12-19,4,0.0,29.5
2023-12-19,5,0.0,28.7
2023-12-19,6,0.0,27.7
2023-12-19,7,0.0,26.8
2023-12-19,8,0.0,26.4
2023-12-19,9,0.0,26.2
2023-12-19,10,0.0,26.2
2023-12-19,11,56.0,27.2
2023-12-19,12,189.0,31.2
2023-12-19,13,306.0,35.5
2023-12-19,14,384.0,38.2
2023-12-19,15,396.0,41.1
2023-12-19,16,291.0,42.1
2023-12-19,17,180.0,41.5
2023-12-19,18,149.0,40.8
2023-12-19,19,34.0,38.3
2023-12-19,20,0.0,36.5
2023-12-19,21,0.0,34.8
2023-12-19,22,0.0,32.3
2023-12-19,23,0.0,30.1
2023-12-19,24,0.0,28.5
2023-12-20,1,0.0,27.9
2023-12-20,2,0.0,28.3
2023-12-20,3,0.0,27.8
2023-12-20,4,0.0,28.5
2023-12-20,5,0.0,29.1
2023-12-20,6,0.0,29.1
2023-12-20,7,0.0,28.3
2023-12-20,8,0.0,27.8
2023-12-20,9,0.0,26.6
2023-12-20,10,0.0,25.8
2023-12-20,11,43.0,26.7
2023-12-20,12,144.0,31.4
2023-12-20,13,298.0,35.8
2023-12-20,14,310.0,40.4
2023-12-20,15,370.0,42.7
2023-12-20,16,362.0,43.3
2023-12-20,17,290.0,43.2
2023-12-20,18,164.0,42.5
2023-12-20,19,40.0,40.2
2023-12-20,20,0.0,37.8
2023-12-20,21,0.0,35.6
2023-12-20,22,0.0,33.7
2023-12-20,23,0.0,31.4
2023-12-20,24,0.0,29.2
2023-12-21,1,0.0,26.9
2023-12-21,2,0.0,27.7
2023-12-21,3,0.0,26.1
2023-12-21,4,0.0,25.4
2023-12-21,5,0.0,24.8
2023-12-21,6,0.0,24.4
2023-12-21,7,0.0,23.7
2023-12-21,8,0.0,23.9
2023-12-21,9,0.0,23.3
2023-12-21,10,0.0,22.9
2023-12-21,11,41.0,24.5
2023-12-21,12,137.0,30.2
2023-12-21,13,256.0,35.3
2023-12-21,14,323.0,39.5
2023-12-21,15,350.0,42.6
2023-12-21,16,336.0,43.9
2023-12-21,17,269.0,43.9
2023-12-21,18,158.0,43.4
2023-12-21,19,38.0,41.6
2023-12-21,20,0.0,39.3
2023-12-21,21,0.0,37.2
2023-12-21,22,0.0,35.0
2023-12-21,23,0.0,32.0
2023-12-21,24,0.0,28.8
2023-12-22,1,0.0,26.1
2023-12-22,2,0.0,26.5
2023-12-22,3,0.0,23.7
2023-12-22,4,0.0,21.9
2023-12-22,5,0.0,21.0
2023-12-22,6,0.0,20.6
2023-12-22,7,0.0,19.8
2023-12-22,8,0.0,19.4
2023-12-22,9,0.0,19.0
2023-12-22,10,0.0,19.2
2023-12-22,11,40.0,21.6
2023-12-22,12,134.0,26.3
2023-12-22,13,269.0,31.3
2023-12-22,14,350.0,34.9
2023-12-22,15,369.0,37.4
2023-12-22,16,348.0,39.6
2023-12-22,17,268.0,40.7
2023-12-22,18,159.0,40.3
2023-12-22,19,39.0,37.2
2023-12-22,20,0.0,35.8
2023-12-22,21,0.0,33.1
2023-12-22,22,0.0,30.3
2023-12-22,23,0.0,28.3
2023-12-22,24,0.0,26.8
2023-12-23,1,0.0,25.9
2023-12-23,2,0.0,28.9
2023-12-23,3,0.0,28.4
2023-12-23,4,0.0,29.0
2023-12-23,5,0.0,30.3
2023-12-23,6,0.0,31.5
2023-12-23,7,0.0,31.9
2023-12-23,8,0.0,31.9
2023-12-23,9,0.0,32.2
2023-12-23,10,0.0,32.3
2023-12-23,11,30.0,28.2
2023-12-23,12,105.0,29.0
2023-12-23,13,238.0,29.3
2023-12-23,14,326.0,29.4
2023-12-23,15,351.0,29.4
2023-12-23,16,147.0,29.2
2023-12-23,17,88.0,28.7
2023-12-23,18,66.0,28.5
2023-12-23,19,20.0,27.3
2023-12-23,20,0.0,27.2
2023-12-23,21,0.0,26.8
2023-12-23,22,0.0,26.2
2023-12-23,23,0.0,25.5
2023-12-23,24,0.0,24.5
2023-12-24,1,0.0,23.4
2023-12-24,2,0.0,23.4
2023-12-24,3,0.0,22.4
2023-12-24,4,0.0,21.1
2023-12-24,5,0.0,18.9
2023-12-24,6,0.0,16.7
2023-12-24,7,0.0,15.1
2023-12-24,8,0.0,12.0
2023-12-24,9,0.0,8.0
2023-12-24,10,0.0,5.4
2023-12-24,11,42.0,5.3
2023-12-24,12,152.0,10.1
2023-12-24,13,257.0,14.8
2023-12-24,14,349.0,19.8
2023-12-24,15,398.0,21.6
2023-12-24,16,383.0,22.9
2023-12-24,17,318.0,23.3
2023-12-24,18,187.0,22.5
2023-12-24,19,48.0,20.4
2023-12-24,20,0.0,19.8
2023-12-24,21,0.0,17.6
2023-12-24,22,0.0,15.8
2023-12-24,23,0.0,14.2
2023-12-24,24,0.0,12.6
2023-12-25,1,0.0,11.2
2023-12-25,2,0.0,10.4
2023-12-25,3,0.0,9.5
2023-12-25,4,0.0,9.0
2023-12-25,5,0.0,8.8
2023-12-25,6,0.0,8.7
2023-12-25,7,0.0,8.2
2023-12-25,8,0.0,7.6
2023-12-25,9,0.0,5.9
2023-12-25,10,0.0,2.4
2023-12-25,11,45.0,2.1
2023-12-25,12,165.0,7.0
2023-12-25,13,272.0,12.3
2023-12-25,14,382.0,17.6
2023-12-25,15,417.0,20.2
2023-12-25,16,373.0,21.4
2023-12-25,17,290.0,21.8
2023-12-25,18,177.0,20.8
2023-12-25,19,48.0,17.5
2023-12-25,20,0.0,17.0
2023-12-25,21,0.0,15.5
2023-12-25,22,0.0,14.0
2023-12-25,23,0.0,12.6
2023-12-25,24,0.0,11.5
2023-12-26,1,0.0,10.4
2023-12-26,2,0.0,9.7
2023-12-26,3,0.0,8.8
2023-12-26,4,0.0,8.2
2023-12-26,5,0.0,7.6
2023-12-26,6,0.0,7.0
2023-12-26,7,0.0,6.2
2023-12-26,8,0.0,5.9
2023-12-26,9,0.0,5.8
2023-12-26,10,0.0,5.7
2023-12-26,11,50.0,7.2
2023-12-26,12,182.0,10.8
2023-12-26,13,314.0,16.0
2023-12-26,14,400.0,19.8
2023-12-26,15,264.0,23.2
2023-12-26,16,163.0,24.7
2023-12-26,17,130.0,25.3
2023-12-26,18,105.0,24.8
2023-12-26,19,26.0,22.3
2023-12-26,20,0.0,20.8
2023-12-26,21,0.0,20.6
2023-12-26,22,0.0,19.3
2023-12-26,23,0.0,18.1
2023-12-26,24,0.0,17.1
2023-12-27,1,0.0,16.2
2023-12-27,2,0.0,16.3
2023-12-27,3,0.0,15.6
2023-12-27,4,0.0,15.1
2023-12-27,5,0.0,12.5
2023-12-27,6,0.0,11.8
2023-12-27,7,0.0,10.7
2023-12-27,8,0.0,9.0
2023-12-27,9,0.0,6.9
2023-12-27,10,0.0,5.4
2023-12-27,11,38.0,7.4
2023-12-27,12,155.0,13.2
2023-12-27,13,269.0,20.2
2023-12-27,14,368.0,26.6
2023-12-27,15,414.0,29.5
2023-12-27,16,379.0,31.0
2023-12-27,17,297.0,31.2
2023-12-27,18,182.0,30.1
2023-12-27,19,48.0,33.7
2023-12-27,20,0.0,29.2
2023-12-27,21,0.0,26.3
2023-12-27,22,0.0,26.2
2023-12-27,23,0.0,25.5
2023-12-27,24,0.0,26.1
2023-12-28,1,0.0,26.8
2023-12-28,2,0.0,26.6
2023-12-28,3,0.0,26.7
2023-12-28,4,0.0,26.5
2023-12-28,5,0.0,26.5
2023-12-28,6,0.0,25.5
2023-12-28,7,0.0,26.0
2023-12-28,8,0.0,26.6
2023-12-28,9,0.0,26.2
2023-12-28,10,0.0,26.9
2023-12-28,11,44.0,28.0
2023-12-28,12,176.0,31.8
2023-12-28,13,296.0,35.2
2023-12-28,14,380.0,37.7
2023-12-28,15,399.0,39.5
2023-12-28,16,338.0,40.2
2023-12-28,17,273.0,40.4
2023-12-28,18,179.0,39.7
2023-12-28,19,49.0,37.8
2023-12-28,20,0.0,30.6
2023-12-28,21,0.0,33.8
2023-12-28,22,0.0,31.4
2023-12-28,23,0.0,32.5
2023-12-28,24,0.0,31.6
2023-12-29,1,0.0,28.5
2023-12-29,2,0.0,25.9
2023-12-29,3,0.0,24.6
2023-12-29,4,0.0,24.3
2023-12-29,5,0.0,24.4
2023-12-29,6,0.0,23.9
2023-12-29,7,0.0,24.3
2023-12-29,8,0.0,22.6
2023-12-29,9,0.0,22.5
2023-12-29,10,0.0,22.0
2023-12-29,11,48.0,24.9
2023-12-29,12,171.0,29.0
2023-12-29,13,299.0,33.5
2023-12-29,14,389.0,37.9
2023-12-29,15,422.0,41.3
2023-12-29,16,396.0,42.5
2023-12-29,17,316.0,42.7
2023-12-29,18,191.0,41.6
2023-12-29,19,53.0,39.0
2023-12-29,20,0.0,34.6
2023-12-29,21,0.0,30.7
2023-12-29,22,0.0,31.2
2023-12-29,23,0.0,35.2
2023-12-29,24,0.0,34.5
2023-12-30,1,0.0,33.6
2023-12-30,2,0.0,32.5
2023-12-30,3,0.0,31.6
2023-12-30,4,0.0,29.5
2023-12-30,5,0.0,29.0
2023-12-30,6,0.0,31.3
2023-12-30,7,0.0,30.8
2023-12-30,8,0.0,28.4
2023-12-30,9,0.0,26.4
2023-12-30,10,0.0,28.6
2023-12-30,11,47.0,29.0
2023-12-30,12,172.0,32.0
2023-12-30,13,241.0,36.1
2023-12-30,14,285.0,39.7
2023-12-30,15,285.0,41.8
2023-12-30,16,296.0,43.3
2023-12-30,17,216.0,43.3
2023-12-30,18,119.0,42.2
2023-12-30,19,38.0,40.5
2023-12-30,20,0.0,38.4
2023-12-30,21,0.0,39.0
2023-12-30,22,0.0,38.4
2023-12-30,23,0.0,37.3
2023-12-30,24,0.0,36.2
2023-12-31,1,0.0,35.0
2023-12-31,2,0.0,33.8
2023-12-31,3,0.0,33.1
2023-12-31,4,0.0,30.4
2023-12-31,5,0.0,30.0
2023-12-31,6,0.0,27.1
2023-12-31,7,0.0,27.2
2023-12-31,8,0.0,26.2
2023-12-31,9,0.0,25.3
2023-12-31,10,0.0,26.3
2023-12-31,11,50.0,29.6
2023-12-31,12,184.0,33.1
2023-12-31,13,308.0,36.9
2023-12-31,14,392.0,40.1
2023-12-31,15,423.0,42.2
2023-12-31,16,397.0,43.1
2023-12-31,17,317.0,42.9
2023-12-31,18,192.0,39.9
2023-12-31,19,55.0,36.3
2023-12-31,20,0.0,29.6
2023-12-31,21,0.0,28.5
2023-12-31,22,0.0,29.6
2023-12-31,23,0.0,32.7
2023-12-31,24,0.0,31.9
2024-01-01,1,0.0,30.7
2024-01-01,2,0.0,29.9
2024-01-01,3,0.0,29.4
2024-01-01,4,0.0,28.4
2024-01-01,5,0.0,27.9
2024-01-01,6,0.0,27.4
2024-01-01,7,0.0,26.6
2024-01-01,8,0.0,27.2
2024-01-01,9,0.0,26.8
2024-01-01,10,0.0,27.1
2024-01-01,11,51.0,27.0
2024-01-01,12,185.0,29.4
2024-01-01,13,311.0,33.0
2024-01-01,14,394.0,36.3
2024-01-01,15,431.0,38.8
2024-01-01,16,406.0,40.1
2024-01-01,17,326.0,40.2
2024-01-01,18,199.0,39.5
2024-01-01,19,59.0,37.0
2024-01-01,20,0.0,28.1
2024-01-01,21,0.0,27.6
2024-01-01,22,0.0,29.0
2024-01-01,23,0.0,32.7
2024-01-01,24,0.0,32.1
2024-01-02,1,0.0,30.7
2024-01-02,2,0.0,29.7
2024-01-02,3,0.0,28.3
2024-01-02,4,0.0,26.8
2024-01-02,5,0.0,25.1
2024-01-02,6,0.0,23.6
2024-01-02,7,0.0,23.0
2024-01-02,8,0.0,21.7
2024-01-02,9,0.0,20.3
2024-01-02,10,0.0,19.7
2024-01-02,11,52.0,22.6
2024-01-02,12,193.0,26.9
2024-01-02,13,318.0,31.1
2024-01-02,14,405.0,34.9
2024-01-02,15,428.0,37.0
2024-01-02,16,408.0,37.9
2024-01-02,17,329.0,37.9
2024-01-02,18,204.0,35.4
2024-01-02,19,61.0,28.5
2024-01-02,20,0.0,27.9
2024-01-02,21,0.0,26.3
2024-01-02,22,0.0,26.4
2024-01-02,23,0.0,30.0
2024-01-02,24,0.0,30.3
2024-01-03,1,0.0,27.5
2024-01-03,2,0.0,27.7
2024-01-03,3,0.0,28.4
2024-01-03,4,0.0,26.9
2024-01-03,5,0.0,24.7
2024-01-03,6,0.0,24.4
2024-01-03,7,0.0,24.1
2024-01-03,8,0.0,25.3
2024-01-03,9,0.0,27.0
2024-01-03,10,0.0,27.0
2024-01-03,11,50.0,26.4
2024-01-03,12,166.0,28.8
2024-01-03,13,271.0,32.5
2024-01-03,14,343.0,36.1
2024-01-03,15,331.0,38.5
2024-01-03,16,236.0,39.5
2024-01-03,17,156.0,39.3
2024-01-03,18,99.0,38.4
2024-01-03,19,37.0,37.0
2024-01-03,20,0.0,33.8
2024-01-03,21,0.0,31.7
2024-01-03,22,0.0,33.4
2024-01-03,23,0.0,30.8
2024-01-03,24,0.0,29.4
2024-01-04,1,0.0,30.1
2024-01-04,2,0.0,29.6
2024-01-04,3,0.0,27.6
2024-01-04,4,0.0,28.2
2024-01-04,5,0.0,27.3
2024-01-04,6,0.0,26.9
2024-01-04,7,0.0,26.8
2024-01-04,8,0.0,28.8
2024-01-04,9,0.0,28.6
2024-01-04,10,0.0,28.8
2024-01-04,11,22.0,29.6
2024-01-04,12,120.0,31.0
2024-01-04,13,208.0,32.7
2024-01-04,14,287.0,34.2
2024-01-04,15,248.0,34.9
2024-01-04,16,167.0,34.8
2024-01-04,17,86.0,34.3
2024-01-04,18,78.0,34.3
2024-01-04,19,38.0,32.5
2024-01-04,20,0.0,30.3
2024-01-04,21,0.0,32.6
2024-01-04,22,0.0,32.3
2024-01-04,23,0.0,28.5
2024-01-04,24,0.0,28.6
2024-01-05,1,0.0,27.6
2024-01-05,2,0.0,28.0
2024-01-05,3,0.0,27.3
2024-01-05,4,0.0,28.0
2024-01-05,5,0.0,28.7
2024-01-05,6,0.0,28.7
2024-01-05,7,0.0,28.5
2024-01-05,8,0.0,29.2
2024-01-05,9,0.0,29.2
2024-01-05,10,0.0,29.6
2024-01-05,11,11.0,29.9
2024-01-05,12,37.0,30.5
2024-01-05,13,48.0,30.7
2024-01-05,14,81.0,31.5
2024-01-05,15,72.0,31.5
2024-01-05,16,87.0,32.0
2024-01-05,17,46.0,32.1
2024-01-05,18,53.0,32.9
2024-01-05,19,44.0,30.9
2024-01-05,20,0.0,31.1
2024-01-05,21,0.0,28.3
2024-01-05,22,0.0,27.7
2024-01-05,23,0.0,29.0
2024-01-05,24,0.0,26.1
2024-01-06,1,0.0,26.0
2024-01-06,2,0.0,25.2
2024-01-06,3,0.0,24.1
2024-01-06,4,0.0,22.6
2024-01-06,5,0.0,21.0
2024-01-06,6,0.0,20.9
2024-01-06,7,0.0,23.1
2024-01-06,8,0.0,24.5
2024-01-06,9,0.0,23.8
2024-01-06,10,0.0,22.1
2024-01-06,11,36.0,22.3
2024-01-06,12,149.0,24.4
2024-01-06,13,267.0,27.8
2024-01-06,14,363.0,31.5
2024-01-06,15,422.0,34.3
2024-01-06,16,357.0,35.1
2024-01-06,17,299.0,34.5
2024-01-06,18,148.0,33.1
2024-01-06,19,47.0,30.1
2024-01-06,20,0.0,29.2
2024-01-06,21,0.0,28.6
2024-01-06,22,0.0,27.2
2024-01-06,23,0.0,26.7
2024-01-06,24,0.0,27.1
2024-01-07,1,0.0,26.4
2024-01-07,2,0.0,26.2
2024-01-07,3,0.0,26.2
2024-01-07,4,0.0,26.1
2024-01-07,5,0.0,26.0
2024-01-07,6,0.0,26.2
2024-01-07,7,0.0,26.2
2024-01-07,8,0.0,26.7
2024-01-07,9,0.0,26.2
2024-01-07,10,0.0,25.2
2024-01-07,11,30.0,24.6
2024-01-07,12,106.0,24.7
2024-01-07,13,199.0,25.5
2024-01-07,14,228.0,26.2
2024-01-07,15,266.0,26.7
2024-01-07,16,233.0,27.0
2024-01-07,17,156.0,26.6
2024-01-07,18,101.0,26.7
2024-01-07,19,38.0,25.5
2024-01-07,20,1.0,22.2
2024-01-07,21,0.0,24.4
2024-01-07,22,0.0,23.4
2024-01-07,23,0.0,20.4
2024-01-07,24,0.0,20.8
2024-01-08,1,0.0,19.8
2024-01-08,2,0.0,21.4
2024-01-08,3,0.0,20.5
2024-01-08,4,0.0,20.4
2024-01-08,5,0.0,19.9
2024-01-08,6,0.0,19.6
2024-01-08,7,0.0,17.5
2024-01-08,8,0.0,16.4
2024-01-08,9,0.0,15.8
2024-01-08,10,0.0,15.0
2024-01-08,11,50.0,16.0
2024-01-08,12,187.0,18.7
2024-01-08,13,313.0,21.3
2024-01-08,14,405.0,23.2
2024-01-08,15,446.0,24.6
2024-01-08,16,422.0,25.4
2024-01-08,17,335.0,25.3
2024-01-08,18,206.0,24.3
2024-01-08,19,67.0,21.6
2024-01-08,20,1.0,19.7
2024-01-08,21,0.0,18.2
2024-01-08,22,0.0,17.2
2024-01-08,23,0.0,17.2
2024-01-08,24,0.0,17.1
2024-01-09,1,0.0,17.2
2024-01-09,2,0.0,17.0
2024-01-09,3,0.0,16.3
2024-01-09,4,0.0,16.1
2024-01-09,5,0.0,17.2
2024-01-09,6,0.0,19.0
2024-01-09,7,0.0,19.7
2024-01-09,8,0.0,20.7
2024-01-09,9,0.0,21.5
2024-01-09,10,0.0,22.5
2024-01-09,11,16.0,24.0
2024-01-09,12,55.0,24.8
2024-01-09,13,127.0,25.9
2024-01-09,14,135.0,26.8
2024-01-09,15,81.0,27.5
2024-01-09,16,240.0,28.7
2024-01-09,17,255.0,30.3
2024-01-09,18,181.0,29.6
2024-01-09,19,48.0,27.3
2024-01-09,20,0.0,26.3
2024-01-09,21,0.0,24.9
2024-01-09,22,0.0,23.5
2024-01-09,23,0.0,20.2
2024-01-09,24,0.0,20.6
2024-01-10,1,0.0,19.6
2024-01-10,2,0.0,19.7
2024-01-10,3,0.0,19.9
2024-01-10,4,0.0,19.1
2024-01-10,5,0.0,20.2
2024-01-10,6,0.0,19.1
2024-01-10,7,0.0,17.0
2024-01-10,8,0.0,19.9
2024-01-10,9,0.0,19.6
2024-01-10,10,0.0,19.9
2024-01-10,11,19.0,20.9
2024-01-10,12,72.0,22.4
2024-01-10,13,74.0,24.0
2024-01-10,14,137.0,26.1
2024-01-10,15,181.0,27.5
2024-01-10,16,242.0,28.4
2024-01-10,17,210.0,28.5
2024-01-10,18,92.0,27.6
2024-01-10,19,50.0,25.0
2024-01-10,20,1.0,24.5
2024-01-10,21,0.0,23.7
2024-01-10,22,0.0,22.0
2024-01-10,23,0.0,19.6
2024-01-10,24,0.0,18.1
2024-01-11,1,0.0,19.8
2024-01-11,2,0.0,20.3
2024-01-11,3,0.0,19.6
2024-01-11,4,0.0,19.7
2024-01-11,5,0.0,19.9
2024-01-11,6,0.0,20.6
2024-01-11,7,0.0,20.8
2024-01-11,8,0.0,22.2
2024-01-11,9,0.0,22.5
2024-01-11,10,0.0,21.7
2024-01-11,11,28.0,22.6
2024-01-11,12,88.0,23.5
2024-01-11,13,149.0,24.3
2024-01-11,14,189.0,24.5
2024-01-11,15,283.0,25.9
2024-01-11,16,392.0,27.2
2024-01-11,17,298.0,27.9
2024-01-11,18,168.0,26.4
2024-01-11,19,54.0,24.7
2024-01-11,20,1.0,22.4
2024-01-11,21,0.0,20.1
2024-01-11,22,0.0,21.0
2024-01-11,23,0.0,19.6
2024-01-11,24,0.0,18.2
2024-01-12,1,0.0,19.9
2024-01-12,2,0.0,19.9
2024-01-12,3,0.0,20.8
2024-01-12,4,0.0,21.5
2024-01-12,5,0.0,21.3
2024-01-12,6,0.0,21.4
2024-01-12,7,0.0,21.3
2024-01-12,8,0.0,20.6
2024-01-12,9,0.0,20.7
2024-01-12,10,0.0,20.8
2024-01-12,11,41.0,22.3
2024-01-12,12,138.0,25.4
2024-01-12,13,206.0,27.3
2024-01-12,14,277.0,28.0
2024-01-12,15,353.0,28.8
2024-01-12,16,243.0,29.8
2024-01-12,17,250.0,29.9
2024-01-12,18,121.0,29.8
2024-01-12,19,28.0,29.3
2024-01-12,20,1.0,26.6
2024-01-12,21,0.0,24.6
2024-01-12,22,0.0,24.0
2024-01-12,23,0.0,24.5
2024-01-12,24,0.0,23.5
2024-01-13,1,0.0,23.1
2024-01-13,2,0.0,21.6
2024-01-13,3,0.0,20.8
2024-01-13,4,0.0,20.1
2024-01-13,5,0.0,17.4
2024-01-13,6,0.0,11.7
2024-01-13,7,0.0,10.9
2024-01-13,8,0.0,14.1
2024-01-13,9,0.0,12.0
2024-01-13,10,0.0,6.3
2024-01-13,11,57.0,6.3
2024-01-13,12,186.0,8.6
2024-01-13,13,142.0,12.7
2024-01-13,14,161.0,14.6
2024-01-13,15,180.0,16.2
2024-01-13,16,145.0,17.3
2024-01-13,17,111.0,18.2
2024-01-13,18,69.0,18.9
2024-01-13,19,30.0,19.3
2024-01-13,20,1.0,19.8
2024-01-13,21,0.0,20.7
2024-01-13,22,0.0,21.6
2024-01-13,23,0.0,22.3
2024-01-13,24,0.0,23.3
2024-01-14,1,0.0,24.2
2024-01-14,2,0.0,24.5
2024-01-14,3,0.0,25.1
2024-01-14,4,0.0,25.7
2024-01-14,5,0.0,26.6
2024-01-14,6,0.0,26.4
2024-01-14,7,0.0,27.1
2024-01-14,8,0.0,27.5
2024-01-14,9,0.0,26.9
2024-01-14,10,0.0,25.8
2024-01-14,11,25.0,25.1
2024-01-14,12,85.0,25.3
2024-01-14,13,112.0,25.0
2024-01-14,14,226.0,25.9
2024-01-14,15,238.0,26.3
2024-01-14,16,184.0,25.9
2024-01-14,17,158.0,25.9
2024-01-14,18,121.0,26.2
2024-01-14,19,40.0,26.0
2024-01-14,20,2.0,25.3
2024-01-14,21,0.0,25.5
2024-01-14,22,0.0,25.7
2024-01-14,23,0.0,25.8
2024-01-14,24,0.0,25.9
2024-01-15,1,0.0,25.5
2024-01-15,2,0.0,25.4
2024-01-15,3,0.0,25.6
2024-01-15,4,0.0,25.7
2024-01-15,5,0.0,24.7
2024-01-15,6,0.0,23.4
2024-01-15,7,0.0,18.7
2024-01-15,8,0.0,14.2
2024-01-15,9,0.0,13.1
2024-01-15,10,0.0,13.1
2024-01-15,11,47.0,14.5
2024-01-15,12,159.0,15.5
2024-01-15,13,347.0,14.4
2024-01-15,14,453.0,14.3
2024-01-15,15,496.0,15.6
2024-01-15,16,478.0,17.5
2024-01-15,17,395.0,18.4
2024-01-15,18,262.0,18.2
2024-01-15,19,102.0,16.1
2024-01-15,20,4.0,13.1
2024-01-15,21,0.0,11.6
2024-01-15,22,0.0,10.2
2024-01-15,23,0.0,9.2
2024-01-15,24,0.0,9.0
2024-01-16,1,0.0,8.3
2024-01-16,2,0.0,7.2
2024-01-16,3,0.0,5.8
2024-01-16,4,0.0,5.5
2024-01-16,5,0.0,5.1
2024-01-16,6,0.0,4.5
2024-01-16,7,0.0,1.1
2024-01-16,8,0.0,-3.2
2024-01-16,9,0.0,-3.0
2024-01-16,10,0.0,-4.7
2024-01-16,11,63.0,-2.4
2024-01-16,12,218.0,2.1
2024-01-16,13,359.0,5.6
2024-01-16,14,453.0,10.4
2024-01-16,15,492.0,14.4
2024-01-16,16,470.0,16.5
2024-01-16,17,394.0,16.5
2024-01-16,18,261.0,13.6
2024-01-16,19,102.0,9.8
2024-01-16,20,4.0,7.3
2024-01-16,21,0.0,7.1
2024-01-16,22,0.0,8.4
2024-01-16,23,0.0,8.8
2024-01-16,24,0.0,9.1
2024-01-17,1,0.0,9.5
2024-01-17,2,0.0,6.7
2024-01-17,3,0.0,13.1
2024-01-17,4,0.0,15.7
2024-01-17,5,0.0,17.1
2024-01-17,6,0.0,18.0
2024-01-17,7,0.0,19.0
2024-01-17,8,0.0,19.1
2024-01-17,9,0.0,20.0
2024-01-17,10,0.0,21.0
2024-01-17,11,19.0,22.2
2024-01-17,12,96.0,23.7
2024-01-17,13,118.0,25.0
2024-01-17,14,168.0,26.5
2024-01-17,15,209.0,28.3
2024-01-17,16,280.0,28.2
2024-01-17,17,276.0,28.5
2024-01-17,18,181.0,27.1
2024-02-07,19,117.0,37.7
2024-02-07,20,30.0,34.5
2024-02-07,21,0.0,32.5
2024-02-07,22,0.0,29.4
2024-02-07,23,0.0,28.2
2024-02-07,24,0.0,27.8
2024-02-08,1,0.0,27.9
2024-02-08,2,0.0,27.7
2024-02-08,3,0.0,28.5
2024-02-08,4,0.0,28.5
2024-02-08,5,0.0,29.2
2024-02-08,6,0.0,28.9
2024-02-08,7,0.0,28.8
2024-02-08,8,0.0,28.5
2024-02-08,9,0.0,28.4
2024-02-08,10,5.0,28.0
2024-02-08,11,98.0,28.9
2024-02-08,12,234.0,30.4
2024-02-08,13,392.0,31.7
2024-02-08,14,549.0,33.3
2024-02-08,15,561.0,35.1
2024-02-08,16,505.0,36.7
2024-02-08,17,422.0,37.0
2024-02-08,18,325.0,36.6
2024-02-08,19,174.0,35.4
2024-02-08,20,37.0,33.8
2024-02-08,21,0.0,27.1
2024-02-08,22,0.0,26.7
2024-02-08,23,0.0,25.6
2024-02-08,24,0.0,25.7
2024-02-09,1,0.0,25.2
2024-02-09,2,0.0,24.8
2024-02-09,3,0.0,25.1
2024-02-09,4,0.0,25.8
2024-02-09,5,0.0,26.4
2024-02-09,6,0.0,26.8
2024-02-09,7,0.0,26.2
2024-02-09,8,0.0,25.1
2024-02-09,9,0.0,24.3
2024-02-09,10,7.0,23.8
2024-02-09,11,108.0,26.0
2024-02-09,12,265.0,29.1
2024-02-09,13,375.0,31.3
2024-02-09,14,486.0,33.0
2024-02-09,15,505.0,33.4
2024-02-09,16,510.0,32.7
2024-02-09,17,472.0,32.5
2024-02-09,18,340.0,31.1
2024-02-09,19,170.0,30.0
2024-02-09,20,31.0,29.0
2024-02-09,21,0.0,29.0
2024-02-09,22,0.0,27.3
2024-02-09,23,0.0,24.4
2024-02-09,24,0.0,24.2
2024-02-10,1,0.0,22.9
2024-02-10,2,0.0,21.4
2024-02-10,3,0.0,20.3
2024-02-10,4,0.0,20.2
2024-02-10,5,0.0,20.1
2024-02-10,6,0.0,19.9
2024-02-10,7,0.0,18.6
2024-02-10,8,0.0,20.4
2024-02-10,9,0.0,19.9
2024-02-10,10,6.0,19.0
2024-02-10,11,94.0,20.7
2024-02-10,12,250.0,24.6
2024-02-10,13,417.0,28.2
2024-02-10,14,501.0,30.7
2024-02-10,15,549.0,32.1
2024-02-10,16,458.0,32.8
2024-02-10,17,383.0,32.5
2024-02-10,18,314.0,31.7
2024-02-10,19,178.0,30.3
2024-02-10,20,48.0,25.6
2024-02-10,21,0.0,24.9
2024-02-10,22,0.0,25.3
2024-02-10,23,0.0,25.3
2024-02-10,24,0.0,24.7
2024-02-11,1,0.0,25.5
2024-02-11,2,0.0,24.3
2024-02-11,3,0.0,22.5
2024-02-11,4,0.0,20.0
2024-02-11,5,0.0,19.1
2024-02-11,6,0.0,18.4
2024-02-11,7,0.0,17.6
2024-02-11,8,0.0,17.6
2024-02-11,9,0.0,16.6
2024-02-11,10,10.0,16.1
2024-02-11,11,147.0,19.1
2024-02-11,12,332.0,24.1
2024-02-11,13,484.0,27.4
2024-02-11,14,583.0,30.2
2024-02-11,15,624.0,32.4
2024-02-11,16,593.0,33.9
2024-02-11,17,491.0,34.4
2024-02-11,18,370.0,34.4
2024-02-11,19,210.0,33.6
2024-02-11,20,47.0,29.0
2024-02-11,21,0.0,26.9
2024-02-11,22,0.0,25.1
2024-02-11,23,0.0,25.9
2024-02-11,24,0.0,26.4
2024-02-12,1,0.0,24.4
2024-02-12,2,0.0,22.8
2024-02-12,3,0.0,23.4
2024-02-12,4,0.0,21.8
2024-02-12,5,0.0,21.4
2024-02-12,6,0.0,21.0
2024-02-12,7,0.0,20.4
2024-02-12,8,0.0,21.7
2024-02-12,9,0.0,21.4
2024-02-12,10,11.0,22.2
2024-02-12,11,150.0,25.6
2024-02-12,12,323.0,29.6
2024-02-12,13,481.0,32.8
2024-02-12,14,559.0,35.5
2024-02-12,15,613.0,37.3
2024-02-12,16,600.0,38.3
2024-02-12,17,505.0,38.7
2024-02-12,18,387.0,38.7
2024-02-12,19,218.0,37.4
2024-02-12,20,55.0,30.9
2024-02-12,21,0.0,28.3
2024-02-12,22,0.0,28.0
2024-02-12,23,0.0,27.1
2024-02-12,24,0.0,27.1
2024-02-13,1,0.0,26.9
2024-02-13,2,0.0,26.0
2024-02-13,3,0.0,25.3
2024-02-13,4,0.0,24.7
2024-02-13,5,0.0,26.9
2024-02-13,6,0.0,26.2
2024-02-13,7,0.0,26.4
2024-02-13,8,0.0,27.9
2024-02-13,9,0.0,27.3
2024-02-13,10,9.0,27.8
2024-02-13,11,121.0,30.7
2024-02-13,12,278.0,32.1
2024-02-13,13,321.0,35.6
2024-02-13,14,517.0,38.9
2024-02-13,15,541.0,41.1
2024-02-13,16,538.0,42.9
2024-02-13,17,476.0,43.6
2024-02-13,18,345.0,42.9
2024-02-13,19,186.0,41.2
2024-02-13,20,45.0,36.3
2024-02-13,21,0.0,35.1
2024-02-13,22,0.0,34.4
2024-02-13,23,0.0,34.7
2024-02-13,24,0.0,33.9
2024-02-14,1,0.0,32.3
2024-02-14,2,0.0,31.8
2024-02-14,3,0.0,30.7
2024-02-14,4,0.0,30.3
2024-02-14,5,0.0,29.8
2024-02-14,6,0.0,28.9
2024-02-14,7,0.0,26.8
2024-02-14,8,0.0,27.5
2024-02-14,9,0.0,27.5
2024-02-14,10,14.0,28.0
2024-02-14,11,148.0,30.8
2024-02-14,12,323.0,34.0
2024-02-14,13,464.0,37.2
2024-02-14,14,566.0,40.5
2024-02-14,15,568.0,41.9
2024-02-14,16,560.0,42.2
2024-02-14,17,437.0,42.2
2024-02-14,18,301.0,43.2
2024-02-14,19,136.0,41.3
2024-02-14,20,31.0,41.1
2024-02-14,21,0.0,37.5
2024-02-14,22,0.0,37.0
2024-02-14,23,0.0,35.7
2024-02-14,24,0.0,36.0
2024-02-15,1,0.0,34.5
2024-02-15,2,0.0,34.3
2024-02-15,3,0.0,33.4
2024-02-15,4,0.0,33.2
2024-02-15,5,0.0,32.8
2024-02-15,6,0.0,32.6
2024-02-15,7,0.0,32.8
2024-02-15,8,0.0,34.3
2024-02-15,9,0.0,33.8
2024-02-15,10,4.0,33.9
2024-02-15,11,51.0,34.3
2024-02-15,12,167.0,34.5
2024-02-15,13,329.0,35.9
2024-02-15,14,341.0,36.7
2024-02-15,15,573.0,37.6
2024-02-15,16,543.0,39.3
2024-02-15,17,449.0,40.6
2024-02-15,18,394.0,39.4
2024-02-15,19,224.0,38.3
2024-02-15,20,55.0,33.5
2024-02-15,21,0.0,34.1
2024-02-15,22,0.0,29.8
2024-02-15,23,0.0,29.9
2024-02-15,24,0.0,28.7
2024-02-16,1,0.0,28.7
2024-02-16,2,0.0,28.9
2024-02-16,3,0.0,28.2
2024-02-16,4,0.0,30.4
2024-02-16,5,0.0,31.1
2024-02-16,6,0.0,31.0
2024-02-16,7,0.0,31.1
2024-02-16,8,0.0,30.7
2024-02-16,9,0.0,30.5
2024-02-16,10,4.0,32.4
2024-02-16,11,46.0,33.2
2024-02-16,12,116.0,36.4
2024-02-16,13,203.0,37.4
2024-02-16,14,372.0,37.3
2024-02-16,15,483.0,38.3
2024-02-16,16,481.0,39.3
2024-02-16,17,506.0,37.9
2024-02-16,18,412.0,37.2
2024-02-16,19,252.0,35.7
2024-02-16,20,73.0,31.2
2024-02-16,21,0.0,28.0
2024-02-16,22,0.0,26.5
2024-02-16,23,0.0,25.2
2024-02-16,24,0.0,23.0
2024-02-17,1,0.0,21.3
2024-02-17,2,0.0,20.7
2024-02-17,3,0.0,20.3
2024-02-17,4,0.0,19.8
2024-02-17,5,0.0,19.0
2024-02-17,6,0.0,18.6
2024-02-17,7,0.0,19.0
2024-02-17,8,0.0,19.5
2024-02-17,9,0.0,17.8
2024-02-17,10,21.0,18.3
2024-02-17,11,182.0,21.2
2024-02-17,12,374.0,25.1
2024-02-17,13,537.0,29.0
2024-02-17,14,648.0,32.5
2024-02-17,15,691.0,34.5
2024-02-17,16,675.0,36.2
2024-02-17,17,592.0,36.9
2024-02-17,18,456.0,36.7
2024-02-17,19,276.0,34.5
2024-02-17,20,81.0,28.1
2024-02-17,21,0.0,25.6
2024-02-17,22,0.0,27.4
2024-02-17,23,0.0,25.2
2024-02-17,24,0.0,24.6
2024-02-18,1,0.0,25.2
2024-02-18,2,0.0,24.1
2024-02-18,3,0.0,22.8
2024-02-18,4,0.0,24.4
2024-02-18,5,0.0,24.7
2024-02-18,6,0.0,24.4
2024-02-18,7,0.0,24.5
2024-02-18,8,0.0,25.8
2024-02-18,9,0.0,26.2
2024-02-18,10,8.0,26.5
2024-02-18,11,56.0,27.4
2024-02-18,12,101.0,28.6
2024-02-18,13,154.0,29.8
2024-02-18,14,423.0,30.8
2024-02-18,15,463.0,32.4
2024-02-18,16,527.0,34.4
2024-02-18,17,414.0,35.8
2024-02-18,18,333.0,35.8
2024-02-18,19,182.0,35.3
2024-02-18,20,42.0,27.8
2024-02-18,21,0.0,26.5
2024-02-18,22,0.0,26.0
2024-02-18,23,0.0,25.1
2024-02-18,24,0.0,24.4
2024-02-19,1,0.0,22.0
2024-02-19,2,0.0,22.1
2024-02-19,3,0.0,21.6
2024-02-19,4,0.0,21.3
2024-02-19,5,0.0,20.9
2024-02-19,6,0.0,20.7
2024-02-19,7,0.0,20.7
2024-02-19,8,0.0,19.9
2024-02-19,9,0.0,19.8
2024-02-19,10,24.0,20.4
2024-02-19,11,179.0,23.7
2024-02-19,12,342.0,29.3
2024-02-19,13,461.0,35.1
2024-02-19,14,535.0,40.6
2024-02-19,15,424.0,44.2
2024-02-19,16,379.0,45.4
2024-02-19,17,301.0,44.3
2024-02-19,18,152.0,41.4
2024-02-19,19,69.0,38.6
2024-02-19,20,54.0,35.8
2024-02-19,21,0.0,33.3
2024-02-19,22,0.0,32.3
2024-02-19,23,0.0,33.4
2024-02-19,24,0.0,32.4
2024-02-20,1,0.0,33.6
2024-02-20,2,0.0,32.4
2024-02-20,3,0.0,32.4
2024-02-20,4,0.0,33.2
2024-02-20,5,0.0,33.4
2024-02-20,6,0.0,32.9
2024-02-20,7,0.0,32.8
2024-02-20,8,0.0,32.6
2024-02-20,9,0.0,31.1
2024-02-20,10,14.0,31.8
2024-02-20,11,95.0,34.0
2024-02-20,12,228.0,36.1
2024-02-20,13,340.0,37.5
2024-02-20,14,530.0,38.8
2024-02-20,15,636.0,42.3
2024-02-20,16,591.0,43.4
2024-02-20,17,545.0,43.9
2024-02-20,18,403.0,44.0
2024-02-20,19,236.0,42.1
2024-02-20,20,56.0,36.7
2024-02-20,21,0.0,33.4
2024-02-20,22,0.0,33.1
2024-02-20,23,0.0,31.6
2024-02-20,24,0.0,31.1
2024-02-21,1,0.0,30.8
2024-02-21,2,0.0,31.0
2024-02-21,3,0.0,33.0
2024-02-21,4,0.0,33.4
2024-02-21,5,0.0,32.9
2024-02-21,6,0.0,32.6
2024-02-21,7,0.0,32.6
2024-02-21,8,0.0,33.2
2024-02-21,9,0.0,32.5
2024-02-21,10,15.0,32.8
2024-02-21,11,106.0,33.1
2024-02-21,12,223.0,33.4
2024-02-21,13,337.0,33.5
2024-02-21,14,413.0,34.1
2024-02-21,15,295.0,34.3
2024-02-21,16,264.0,34.6
2024-02-21,17,200.0,35.0
2024-02-21,18,197.0,34.5
2024-02-21,19,171.0,34.3
2024-02-21,20,57.0,34.8
2024-02-21,21,0.0,32.3
2024-02-21,22,0.0,31.4
2024-02-21,23,0.0,31.0
2024-02-21,24,0.0,30.4
2024-02-22,1,0.0,28.9
2024-02-22,2,0.0,28.3
2024-02-22,3,0.0,28.4
2024-02-22,4,0.0,27.2
2024-02-22,5,0.0,27.1
2024-02-22,6,0.0,27.5
2024-02-22,7,0.0,27.9
2024-02-22,8,0.0,28.6
2024-02-22,9,0.0,28.3
2024-02-22,10,14.0,28.1
2024-02-22,11,123.0,28.6
2024-02-22,12,256.0,29.7
2024-02-22,13,363.0,31.0
2024-02-22,14,586.0,32.8
2024-02-22,15,630.0,34.2
2024-02-22,16,593.0,35.0
2024-02-22,17,559.0,35.9
2024-02-22,18,421.0,35.1
2024-02-22,19,260.0,34.1
2024-02-22,20,87.0,28.9
2024-02-22,21,0.0,26.1
2024-02-22,22,0.0,24.4
2024-02-22,23,0.0,23.1
2024-02-22,24,0.0,20.9
2024-02-23,1,0.0,19.7
2024-02-23,2,0.0,19.7
2024-02-23,3,0.0,19.3
2024-02-23,4,0.0,21.2
2024-02-23,5,0.0,21.3
2024-02-23,6,0.0,21.5
2024-02-23,7,0.0,21.3
2024-02-23,8,0.0,21.2
2024-02-23,9,0.0,20.7
2024-02-23,10,24.0,22.6
2024-02-23,11,149.0,26.1
2024-02-23,12,302.0,29.2
2024-02-23,13,450.0,32.2
2024-02-23,14,527.0,34.7
2024-02-23,15,569.0,36.1
2024-02-23,16,588.0,36.3
2024-02-23,17,503.0,36.4
2024-02-23,18,380.0,37.9
2024-02-23,19,257.0,36.0
2024-02-23,20,90.0,32.6
2024-02-23,21,1.0,28.1
2024-02-23,22,0.0,24.7
2024-02-23,23,0.0,22.1
2024-02-23,24,0.0,21.2
2024-02-24,1,0.0,19.9
2024-02-24,2,0.0,20.2
2024-02-24,3,0.0,20.8
2024-02-24,4,0.0,21.9
2024-02-24,5,0.0,21.7
2024-02-24,6,0.0,21.4
2024-02-24,7,0.0,21.8
2024-02-24,8,0.0,21.7
2024-02-24,9,0.0,21.8
2024-02-24,10,38.0,23.0
2024-02-24,11,218.0,27.2
2024-02-24,12,408.0,32.3
2024-02-24,13,566.0,36.5
2024-02-24,14,667.0,39.4
2024-02-24,15,715.0,42.1
2024-02-24,16,697.0,44.5
2024-02-24,17,616.0,45.4
2024-02-24,18,480.0,45.3
2024-02-24,19,301.0,44.2
2024-02-24,20,104.0,38.8
2024-02-24,21,1.0,34.2
2024-02-24,22,0.0,30.3
2024-02-24,23,0.0,29.7
2024-02-24,24,0.0,29.7
2024-02-25,1,0.0,29.6
2024-02-25,2,0.0,27.8
2024-02-25,3,0.0,27.6
2024-02-25,4,0.0,27.3
2024-02-25,5,0.0,26.5
2024-02-25,6,0.0,26.4
2024-02-25,7,0.0,26.2
2024-02-25,8,0.0,27.7
2024-02-25,9,0.0,27.6
2024-02-25,10,41.0,31.0
2024-02-25,11,222.0,35.3
2024-02-25,12,414.0,39.2
2024-02-25,13,571.0,43.1
2024-02-25,14,675.0,46.3
2024-02-25,15,720.0,48.9
2024-02-25,16,701.0,50.7
2024-02-25,17,620.0,51.4
2024-02-25,18,485.0,50.9
2024-02-25,19,304.0,49.2
2024-02-25,20,106.0,42.4
2024-02-25,21,1.0,37.2
2024-02-25,22,0.0,34.8
2024-02-25,23,0.0,33.6
2024-02-25,24,0.0,32.5
2024-02-26,1,0.0,32.0
2024-02-26,2,0.0,30.5
2024-02-26,3,0.0,29.8
2024-02-26,4,0.0,29.8
2024-02-26,5,0.0,29.7
2024-02-26,6,0.0,29.6
2024-02-26,7,0.0,29.7
2024-02-26,8,0.0,30.9
2024-02-26,9,0.0,30.1
2024-02-26,10,42.0,32.2
2024-02-26,11,224.0,37.5
2024-02-26,12,393.0,42.7
2024-02-26,13,532.0,46.4
2024-02-26,14,632.0,48.7
2024-02-26,15,593.0,48.5
2024-02-26,16,362.0,48.0
2024-02-26,17,252.0,46.5
2024-02-26,18,157.0,46.4
2024-02-26,19,102.0,44.2
2024-02-26,20,36.0,42.5
2024-02-26,21,1.0,39.7
2024-02-26,22,0.0,33.5
2024-02-26,23,0.0,32.9
2024-02-26,24,0.0,31.6
2024-02-27,1,0.0,30.5
2024-02-27,2,0.0,29.5
2024-02-27,3,0.0,28.7
2024-02-27,4,0.0,27.7
2024-02-27,5,0.0,27.7
2024-02-27,6,0.0,26.4
2024-02-27,7,0.0,23.6
2024-02-27,8,0.0,23.2
2024-02-27,9,0.0,22.4
2024-02-27,10,34.0,23.2
2024-02-27,11,193.0,26.0
2024-02-27,12,368.0,27.1
2024-02-27,13,537.0,27.9
2024-02-27,14,634.0,28.9
2024-02-27,15,597.0,29.5
2024-02-27,16,621.0,29.7
2024-02-27,17,538.0,30.7
2024-02-27,18,386.0,30.3
2024-02-27,19,220.0,29.6
2024-02-27,20,84.0,28.0
2024-02-27,21,2.0,26.2
2024-02-27,22,0.0,23.9
2024-02-27,23,0.0,22.4
2024-02-27,24,0.0,23.0
2024-02-28,1,0.0,22.9
2024-02-28,2,0.0,21.3
2024-02-28,3,0.0,21.3
2024-02-28,4,0.0,20.6
2024-02-28,5,0.0,20.2
2024-02-28,6,0.0,20.1
2024-02-28,7,0.0,19.9
2024-02-28,8,0.0,20.1
2024-02-28,9,0.0,19.8
2024-02-28,10,50.0,20.8
2024-02-28,11,239.0,24.2
2024-02-28,12,419.0,29.0
2024-02-28,13,588.0,32.8
2024-02-28,14,691.0,35.7
2024-02-28,15,731.0,37.9
2024-02-28,16,715.0,39.7
2024-02-28,17,632.0,40.6
2024-02-28,18,495.0,40.6
2024-02-28,19,270.0,39.7
2024-02-28,20,92.0,34.9
2024-02-28,21,2.0,36.2
2024-02-28,22,0.0,34.6
2024-02-28,23,0.0,33.1
2024-02-28,24,0.0,32.2
2024-02-29,1,0.0,31.1
2024-02-29,2,0.0,30.4
2024-02-29,3,0.0,28.4
2024-02-29,4,0.0,26.0
2024-02-29,5,0.0,25.9
2024-02-29,6,0.0,24.9
2024-02-29,7,0.0,24.5
2024-02-29,8,0.0,24.9
2024-02-29,9,0.0,24.2
2024-02-29,10,43.0,27.4
2024-02-29,11,193.0,32.1
2024-02-29,12,358.0,37.5
2024-02-29,13,537.0,42.4
2024-02-29,14,636.0,46.4
2024-02-29,15,683.0,49.2
2024-02-29,16,656.0,51.7
2024-02-29,17,511.0,51.7
2024-02-29,18,279.0,50.4
2024-02-29,19,201.0,49.6
2024-02-29,20,88.0,43.0
2024-02-29,21,2.0,40.6
2024-02-29,22,0.0,40.3
2024-02-29,23,0.0,40.7
2024-02-29,24,0.0,39.7
2024-03-01,1,0.0,37.4
2024-03-01,2,0.0,36.4
2024-03-01,3,0.0,35.5
2024-03-01,4,0.0,34.2
2024-03-01,5,0.0,33.1
2024-03-01,6,0.0,32.8
2024-03-01,7,0.0,32.5
2024-03-01,8,0.0,32.4
2024-03-01,9,0.0,34.3
2024-03-01,10,32.0,35.7
2024-03-01,11,139.0,37.9
2024-03-01,12,347.0,37.9
2024-03-01,13,426.0,42.9
2024-03-01,14,570.0,48.7
2024-03-01,15,439.0,50.2
2024-03-01,16,611.0,51.5
2024-03-01,17,221.0,46.0
2024-03-01,18,238.0,46.6
2024-03-01,19,136.0,45.1
2024-03-01,20,32.0,38.7
2024-03-01,21,1.0,36.4
2024-03-01,22,0.0,35.6
2024-03-01,23,0.0,34.8
2024-03-01,24,0.0,35.1
2024-03-02,1,0.0,34.9
2024-03-02,2,0.0,35.0
2024-03-02,3,0.0,33.3
2024-03-02,4,0.0,33.9
2024-03-02,5,0.0,33.5
2024-03-02,6,0.0,34.0
2024-03-02,7,0.0,33.7
2024-03-02,8,0.0,35.1
2024-03-02,9,0.0,35.5
2024-03-02,10,37.0,36.0
2024-03-02,11,153.0,39.0
2024-03-02,12,295.0,41.4
2024-03-02,13,302.0,41.4
2024-03-02,14,414.0,42.4
2024-03-02,15,293.0,37.7
2024-03-02,16,130.0,31.4
2024-03-02,17,195.0,32.3
2024-03-02,18,144.0,31.7
2024-03-02,19,109.0,31.2
2024-03-02,20,50.0,27.7
2024-03-02,21,2.0,26.6
2024-03-02,22,0.0,26.2
2024-03-02,23,0.0,24.3
2024-03-02,24,0.0,20.5
2024-03-03,1,0.0,17.4
2024-03-03,2,0.0,16.1
2024-03-03,3,0.0,19.2
2024-03-03,4,0.0,18.4
2024-03-03,5,0.0,17.1
2024-03-03,6,0.0,21.2
2024-03-03,7,0.0,21.7
2024-03-03,8,0.0,21.9
2024-03-03,9,0.0,21.4
2024-03-03,10,32.0,20.9
2024-03-03,11,144.0,22.7
2024-03-03,12,352.0,26.5
2024-03-03,13,561.0,29.2
2024-03-03,14,675.0,29.8
2024-03-03,15,738.0,30.1
2024-03-03,16,717.0,30.3
2024-03-03,17,631.0,30.1
2024-03-03,18,492.0,29.7
2024-03-03,19,307.0,27.4
2024-03-03,20,120.0,18.8
2024-03-03,21,4.0,14.8
2024-03-03,22,0.0,12.6
2024-03-03,23,0.0,12.6
2024-03-03,24,0.0,12.2
2024-03-04,1,0.0,16.3
2024-03-04,2,0.0,19.4
2024-03-04,3,0.0,18.5
2024-03-04,4,0.0,17.2
2024-03-04,5,0.0,16.5
2024-03-04,6,0.0,12.1
2024-03-04,7,0.0,13.0
2024-03-04,8,0.0,14.4
2024-03-04,9,0.0,15.6
2024-03-04,10,32.0,16.7
2024-03-04,11,143.0,18.3
2024-03-04,12,292.0,20.7
2024-03-04,13,501.0,23.8
2024-03-04,14,655.0,26.8
2024-03-04,15,714.0,28.4
2024-03-04,16,692.0,29.6
2024-03-04,17,663.0,29.6
2024-03-04,18,530.0,28.5
2024-03-04,19,334.0,24.4
2024-03-04,20,126.0,20.4
2024-03-04,21,5.0,13.8
2024-03-04,22,0.0,13.6
2024-03-04,23,0.0,11.9
2024-03-04,24,0.0,14.5
2024-03-05,1,0.0,18.8
2024-03-05,2,0.0,16.2
2024-03-05,3,0.0,18.4
2024-03-05,4,0.0,17.6
2024-03-05,5,0.0,14.5
2024-03-05,6,0.0,10.8
2024-03-05,7,0.0,10.8
2024-03-05,8,0.0,11.8
2024-03-05,9,0.0,12.3
2024-03-05,10,62.0,16.3
2024-03-05,11,207.0,21.1
2024-03-05,12,250.0,24.3
2024-03-05,13,391.0,27.5
2024-03-05,14,481.0,29.9
2024-03-05,15,625.0,32.5
2024-03-05,16,593.0,34.7
2024-03-05,17,376.0,35.2
2024-03-05,18,334.0,35.7
2024-03-05,19,230.0,35.1
2024-03-05,20,103.0,37.0
2024-03-05,21,4.0,32.7
2024-03-05,22,0.0,34.7
2024-03-05,23,0.0,30.2
2024-03-05,24,0.0,26.7
2024-03-06,1,0.0,25.6
2024-03-06,2,0.0,29.7
2024-03-06,3,0.0,30.3
2024-03-06,4,0.0,30.7
2024-03-06,5,0.0,30.8
2024-03-06,6,0.0,31.5
2024-03-06,7,0.0,31.4
2024-03-06,8,0.0,32.3
2024-03-06,9,0.0,31.8
2024-03-06,10,43.0,30.7
2024-03-06,11,191.0,33.4
2024-03-06,12,396.0,35.2
2024-03-06,13,531.0,36.1
2024-03-06,14,673.0,37.1
2024-03-06,15,728.0,38.6
2024-03-06,16,702.0,38.8
2024-03-06,17,597.0,38.4
2024-03-06,18,379.0,37.7
2024-03-06,19,144.0,36.9
2024-03-06,20,108.0,38.9
2024-03-06,21,5.0,30.8
2024-03-06,22,0.0,29.8
2024-03-06,23,0.0,28.6
2024-03-06,24,0.0,28.7
2024-03-07,1,0.0,32.3
2024-03-07,2,0.0,32.1
2024-03-07,3,0.0,28.9
2024-03-07,4,0.0,31.0
2024-03-07,5,0.0,31.2
2024-03-07,6,0.0,29.7
2024-03-07,7,0.0,28.9
2024-03-07,8,0.0,27.6
2024-03-07,9,0.0,28.7
2024-03-07,10,26.0,29.7
2024-03-07,11,92.0,31.0
2024-03-07,12,236.0,32.4
2024-03-07,13,310.0,33.0
2024-03-07,14,298.0,33.4
2024-03-07,15,386.0,34.1
2024-03-07,16,307.0,34.3
2024-03-07,17,364.0,34.6
2024-03-07,18,365.0,34.3
2024-03-07,19,306.0,31.8
2024-03-07,20,125.0,26.4
2024-03-07,21,7.0,21.0
2024-03-07,22,0.0,18.0
2024-03-07,23,0.0,15.6
2024-03-07,24,0.0,14.9
2024-03-08,1,0.0,13.0
2024-03-08,2,0.0,12.7
2024-03-08,3,0.0,12.9
2024-03-08,4,0.0,13.3
2024-03-08,5,0.0,12.9
2024-03-08,6,0.0,13.8
2024-03-08,7,0.0,14.9
2024-03-08,8,0.0,17.0
2024-03-08,9,0.0,16.3
2024-03-08,10,53.0,16.8
2024-03-08,11,198.0,19.5
2024-03-08,12,417.0,23.5
2024-03-08,13,598.0,26.4
2024-03-08,14,729.0,29.0
2024-03-08,15,773.0,30.9
2024-03-08,16,747.0,32.4
2024-03-08,17,658.0,33.0
2024-03-08,18,513.0,33.4
2024-03-08,19,327.0,32.7
2024-03-08,20,124.0,30.5
2024-03-08,21,7.0,30.3
2024-03-08,22,0.0,27.7
2024-03-08,23,0.0,25.3
2024-03-08,24,0.0,22.3
2024-03-09,1,0.0,22.3
2024-03-09,2,0.0,22.7
2024-03-09,3,0.0,22.9
2024-03-09,4,0.0,21.5
2024-03-09,5,0.0,20.2
2024-03-09,6,0.0,19.0
2024-03-09,7,0.0,18.9
2024-03-09,8,0.0,18.5
2024-03-09,9,0.0,18.3
2024-03-09,10,79.0,21.0
2024-03-09,11,265.0,24.2
2024-03-09,12,455.0,29.0
2024-03-09,13,613.0,33.4
2024-03-09,14,720.0,37.2
2024-03-09,15,762.0,39.7
2024-03-09,16,737.0,41.3
2024-03-09,17,648.0,42.1
2024-03-09,18,504.0,42.4
2024-03-09,19,323.0,41.5
2024-03-09,20,131.0,41.3
2024-03-09,21,8.0,39.4
2024-03-09,22,0.0,37.1
2024-03-09,23,0.0,31.8
2024-03-09,24,0.0,33.7
2024-03-10,1,0.0,31.6
2024-03-10,2,0.0,32.0
2024-03-10,3,0.0,30.1
2024-03-10,4,0.0,26.8
2024-03-10,5,0.0,24.5
2024-03-10,6,0.0,24.8
2024-03-10,7,0.0,25.7
2024-03-10,8,0.0,25.0
2024-03-10,9,1.0,24.9
2024-03-10,10,82.0,29.9
2024-03-10,11,265.0,34.8
2024-03-10,12,448.0,39.4
2024-03-10,13,588.0,43.8
2024-03-10,14,701.0,47.9
2024-03-10,15,744.0,51.4
2024-03-10,16,704.0,52.1
2024-03-10,17,597.0,52.1
2024-03-10,18,450.0,51.3
2024-03-10,19,259.0,49.8
2024-03-10,20,82.0,49.7
2024-03-10,21,6.0,46.2
2024-03-10,22,0.0,41.6
2024-03-10,23,0.0,44.8
2024-03-10,24,0.0,44.1
2024-03-11,1,0.0,41.9
2024-03-11,2,0.0,39.5
2024-03-11,3,0.0,37.9
2024-03-11,4,0.0,34.0
2024-03-11,5,0.0,31.1
2024-03-11,6,0.0,30.4
2024-03-11,7,0.0,30.3
2024-03-11,8,0.0,31.5
2024-03-11,9,1.0,29.8
2024-03-11,10,78.0,35.6
2024-03-11,11,209.0,39.5
2024-03-11,12,296.0,43.0
2024-03-11,13,341.0,45.5
2024-03-11,14,404.0,47.8
2024-03-11,15,396.0,48.2
2024-03-11,16,506.0,48.9
2024-03-11,17,449.0,49.3
2024-03-11,18,264.0,47.8
2024-03-11,19,244.0,47.3
2024-03-11,20,117.0,42.9
2024-03-11,21,9.0,40.6
2024-03-11,22,0.0,37.3
2024-03-11,23,0.0,37.1
2024-03-11,24,0.0,37.4
2024-03-12,1,0.0,33.7
2024-03-12,2,0.0,32.7
2024-03-12,3,0.0,32.5
2024-03-12,4,0.0,29.2
2024-03-12,5,0.0,30.1
2024-03-12,6,0.0,31.9
2024-03-12,7,0.0,32.6
2024-03-12,8,0.0,33.3
2024-03-12,9,0.0,32.7
2024-03-12,10,21.0,33.2
2024-03-12,11,61.0,34.5
2024-03-12,12,101.0,35.6
2024-03-12,13,118.0,36.1
2024-03-12,14,216.0,37.7
2024-03-12,15,160.0,38.7
2024-03-12,16,123.0,39.2
2024-03-12,17,198.0,40.4
2024-03-12,18,224.0,41.4
2024-03-12,19,191.0,40.3
2024-03-12,20,43.0,39.3
2024-03-12,21,6.0,37.8
2024-03-12,22,0.0,36.4
2024-03-12,23,0.0,36.0
2024-03-12,24,0.0,33.5
2024-03-13,1,0.0,30.7
2024-03-13,2,0.0,29.6
2024-03-13,3,0.0,28.3
2024-03-13,4,0.0,27.1
2024-03-13,5,0.0,26.6
2024-03-13,6,0.0,26.0
2024-03-13,7,0.0,26.7
2024-03-13,8,0.0,26.7
2024-03-13,9,2.0,26.3
2024-03-13,10,88.0,28.9
2024-03-13,11,253.0,32.3
2024-03-13,12,420.0,34.7
2024-03-13,13,456.0,35.2
2024-03-13,14,469.0,35.4
2024-03-13,15,644.0,36.6
2024-03-13,16,647.0,37.0
2024-03-13,17,562.0,37.2
2024-03-13,18,459.0,37.1
2024-03-13,19,337.0,36.3
2024-03-13,20,146.0,34.1
2024-03-13,21,12.0,28.4
2024-03-13,22,0.0,26.5
2024-03-13,23,0.0,25.2
2024-03-13,24,0.0,24.7
2024-03-14,1,0.0,25.7
2024-03-14,2,0.0,25.6
2024-03-14,3,0.0,26.9
2024-03-14,4,0.0,26.5
2024-03-14,5,0.0,26.7
2024-03-14,6,0.0,26.8
2024-03-14,7,0.0,25.8
2024-03-14,8,0.0,27.9
2024-03-14,9,2.0,28.4
2024-03-14,10,39.0,31.2
2024-03-14,11,199.0,34.8
2024-03-14,12,236.0,36.5
2024-03-14,13,358.0,38.4
2024-03-14,14,711.0,42.7
2024-03-14,15,703.0,44.7
2024-03-14,16,673.0,46.0
2024-03-14,17,545.0,45.1
2024-03-14,18,464.0,45.1
2024-03-14,19,285.0,43.7
2024-03-14,20,126.0,40.1
2024-03-14,21,11.0,34.3
2024-03-14,22,0.0,32.6
2024-03-14,23,0.0,32.1
2024-03-14,24,0.0,32.1
2024-03-15,1,0.0,32.9
2024-03-15,2,0.0,33.9
2024-03-15,3,0.0,33.2
2024-03-15,4,0.0,33.0
2024-03-15,5,0.0,33.4
2024-03-15,6,0.0,30.1
2024-03-15,7,0.0,27.5
2024-03-15,8,0.0,28.9
2024-03-15,9,3.0,26.4
2024-03-15,10,106.0,30.7
2024-03-15,11,297.0,33.7
2024-03-15,12,484.0,37.5
2024-03-15,13,635.0,41.1
2024-03-15,14,736.0,44.1
2024-03-15,15,776.0,46.4
2024-03-15,16,752.0,47.8
2024-03-15,17,665.0,48.7
2024-03-15,18,525.0,48.9
2024-03-15,19,344.0,47.9
2024-03-15,20,150.0,43.9
2024-03-15,21,14.0,43.2
2024-03-15,22,0.0,37.5
2024-03-15,23,0.0,35.9
2024-03-15,24,0.0,33.0
2024-03-16,1,0.0,31.2
2024-03-16,2,0.0,29.4
2024-03-16,3,0.0,31.3
2024-03-16,4,0.0,31.5
2024-03-16,5,0.0,30.7
2024-03-16,6,0.0,30.5
2024-03-16,7,0.0,28.1
2024-03-16,8,0.0,27.1
2024-03-16,9,4.0,27.7
2024-03-16,10,112.0,32.5
2024-03-16,11,306.0,37.3
2024-03-16,12,493.0,41.7
2024-03-16,13,644.0,46.2
2024-03-16,14,743.0,49.5
2024-03-16,15,781.0,51.5
2024-03-16,16,755.0,52.8
2024-03-16,17,667.0,53.7
2024-03-16,18,526.0,53.2
2024-03-16,19,345.0,51.6
2024-03-16,20,154.0,47.1
2024-03-16,21,15.0,42.0
2024-03-16,22,0.0,39.3
2024-03-16,23,0.0,35.6
2024-03-16,24,0.0,37.8
2024-03-17,1,0.0,37.0
2024-03-17,2,0.0,34.6
2024-03-17,3,0.0,32.8
2024-03-17,4,0.0,34.0
2024-03-17,5,0.0,34.7
2024-03-17,6,0.0,33.1
2024-03-17,7,0.0,33.4
2024-03-17,8,0.0,36.5
2024-03-17,9,5.0,35.6
2024-03-17,10,114.0,36.1
2024-03-17,11,303.0,39.9
2024-03-17,12,488.0,44.4
2024-03-17,13,637.0,48.7
2024-03-17,14,735.0,52.0
2024-03-17,15,772.0,54.0
2024-03-17,16,744.0,55.3
2024-03-17,17,659.0,55.8
2024-03-17,18,523.0,55.4
2024-03-17,19,346.0,54.4
2024-03-17,20,155.0,49.3
2024-03-17,21,16.0,42.2
2024-03-17,22,0.0,39.5
2024-03-17,23,0.0,41.4
2024-03-17,24,0.0,42.7
2024-03-18,1,0.0,40.9
2024-03-18,2,0.0,38.8
2024-03-18,3,0.0,37.1
2024-03-18,4,0.0,35.6
2024-03-18,5,0.0,34.5
2024-03-18,6,0.0,33.4
2024-03-18,7,0.0,32.4
2024-03-18,8,0.0,33.3
2024-03-18,9,6.0,32.7
2024-03-18,10,121.0,34.7
2024-03-18,11,312.0,39.7
2024-03-18,12,496.0,44.4
2024-03-18,13,645.0,48.8
2024-03-18,14,744.0,52.6
2024-03-18,15,782.0,55.6
2024-03-18,16,758.0,57.6
2024-03-18,17,671.0,58.6
2024-03-18,18,532.0,58.6
2024-03-18,19,354.0,57.2
2024-03-18,20,162.0,51.8
2024-03-18,21,18.0,45.4
2024-03-18,22,0.0,41.3
2024-03-18,23,0.0,45.1
2024-03-18,24,0.0,45.1
2024-03-19,1,0.0,43.9
2024-03-19,2,0.0,42.4
2024-03-19,3,0.0,40.6
2024-03-19,4,0.0,38.9
2024-03-19,5,0.0,37.8
2024-03-19,6,0.0,36.6
2024-03-19,7,0.0,35.6
2024-03-19,8,0.0,36.4
2024-03-19,9,8.0,34.8
2024-03-19,10,131.0,36.0
2024-03-19,11,327.0,40.3
2024-03-19,12,513.0,45.2
2024-03-19,13,663.0,49.8
2024-03-19,14,761.0,53.7
2024-03-19,15,796.0,56.3
2024-03-19,16,769.0,57.8
2024-03-19,17,680.0,58.6
2024-03-19,18,539.0,58.5
2024-03-19,19,358.0,57.7
2024-03-19,20,165.0,52.6
2024-03-19,21,19.0,50.4
2024-03-19,22,0.0,47.9
2024-03-19,23,0.0,46.0
2024-03-19,24,0.0,44.7
2024-03-20,1,0.0,43.8
2024-03-20,2,0.0,42.5
2024-03-20,3,0.0,40.8
2024-03-20,4,0.0,39.2
2024-03-20,5,0.0,37.7
2024-03-20,6,0.0,37.7
2024-03-20,7,0.0,36.9
2024-03-20,8,0.0,37.9
2024-03-20,9,8.0,34.7
2024-03-20,10,133.0,38.3
2024-03-20,11,327.0,44.2
2024-03-20,12,513.0,48.7
2024-03-20,13,661.0,53.0
2024-03-20,14,758.0,56.2
2024-03-20,15,794.0,58.5
2024-03-20,16,768.0,59.8
2024-03-20,17,679.0,60.4
2024-03-20,18,525.0,60.4
2024-03-20,19,353.0,70.0
2024-03-20,20,157.0,70.0
2024-03-20,21,20.0,70.0
2024-03-20,22,0.0,70.0
2024-03-20,23,0.0,70.0
2024-03-20,24,0.0,70.0
2024-03-21,1,0.0,70.0
2024-03-21,2,0.0,70.0
2024-03-21,3,0.0,70.0
2024-03-21,4,0.0,70.0
2024-03-21,5,0.0,70.0
2024-03-21,6,0.0,70.0
2024-03-21,7,0.0,70.0
2024-03-21,8,0.0,70.0
2024-03-21,9,10.0,70.0
2024-03-21,10,135.0,70.0
2024-03-21,11,323.0,70.0
2024-03-21,12,501.0,70.0
2024-03-21,13,644.0,70.0
2024-03-21,14,727.0,70.0
2024-03-21,15,729.0,70.0
2024-03-21,16,706.0,70.0
2024-03-21,17,623.0,70.0
2024-03-21,18,472.0,70.0
2024-03-21,19,317.0,70.0
2024-03-21,20,131.0,70.0
2024-03-21,21,21.0,70.0
2024-03-21,22,0.0,70.0
2024-03-21,23,0.0,70.0
2024-03-21,24,0.0,70.0
2024-03-22,1,0.0,70.0
2024-03-22,2,0.0,70.0
2024-03-22,3,0.0,70.0
2024-03-22,4,0.0,70.0
2024-03-22,5,0.0,70.0
2024-03-22,6,0.0,70.0
2024-03-22,7,0.0,70.0
2024-03-22,8,0.0,70.0
2024-03-22,9,11.0,70.0
2024-03-22,10,141.0,70.0
2024-03-22,11,327.0,70.0
2024-03-22,12,507.0,70.0
2024-03-22,13,662.0,70.0
2024-03-22,14,763.0,70.0
2024-03-22,15,802.0,70.0
2024-03-22,16,754.0,70.0
2024-03-22,17,585.0,70.0
2024-03-22,18,462.0,70.0
2024-03-22,19,260.0,70.0
2024-03-22,20,88.0,70.0
2024-03-22,21,11.0,70.0
2024-03-22,22,0.0,70.0
2024-03-22,23,0.0,70.0
2024-03-22,24,0.0,70.0
2024-03-23,1,0.0,70.0
2024-03-23,2,0.0,70.0
2024-03-23,3,0.0,70.0
2024-03-23,4,0.0,70.0
2024-03-23,5,0.0,70.0
2024-03-23,6,0.0,70.0
2024-03-23,7,0.0,70.0
2024-03-23,8,0.0,70.0
2024-03-23,9,11.0,70.0
2024-03-23,10,136.0,70.0
2024-03-23,11,341.0,70.0
2024-03-23,12,481.0,70.0
2024-03-23,13,638.0,70.0
2024-03-23,14,675.0,70.0
2024-03-23,15,528.0,70.0
2024-03-23,16,435.0,70.0
2024-03-23,17,328.0,70.0
2024-03-23,18,242.0,70.0
2024-03-23,19,99.0,70.0
2024-03-23,20,23.0,70.0
2024-03-23,21,2.0,70.0
2024-03-23,22,0.0,70.0
2024-03-23,23,0.0,70.0
2024-03-23,24,0.0,70.0
2024-03-24,1,0.0,70.0
2024-03-24,2,0.0,70.0
2024-03-24,3,0.0,70.0
2024-03-24,4,0.0,70.0
2024-03-24,5,0.0,70.0
2024-03-24,6,0.0,70.0
2024-03-24,7,0.0,70.0
2024-03-24,8,0.0,70.0
2024-03-24,9,11.0,70.0
2024-03-24,10,115.0,70.0
2024-03-24,11,285.0,70.0
2024-03-24,12,429.0,70.0
2024-03-24,13,440.0,70.0
2024-03-24,14,337.0,70.0
2024-03-24,15,558.0,70.0
2024-03-24,16,383.0,70.0
2024-03-24,17,424.0,70.0
2024-03-24,18,433.0,70.0
2024-03-24,19,273.0,70.0
2024-03-24,20,136.0,70.0
2024-03-24,21,23.0,70.0
2024-03-24,22,0.0,70.0
2024-03-24,23,0.0,70.0
2024-03-24,24,0.0,70.0
2024-03-25,1,0.0,70.0
2024-03-25,2,0.0,70.0
2024-03-25,3,0.0,70.0
2024-03-25,4,0.0,70.0
2024-03-25,5,0.0,70.0
2024-03-25,6,0.0,70.0
2024-03-25,7,0.0,70.0
2024-03-25,8,0.0,70.0
2024-03-25,9,12.0,70.0
2024-03-25,10,112.0,70.0
2024-03-25,11,293.0,70.0
2024-03-25,12,468.0,70.0
2024-03-25,13,508.0,70.0
2024-03-25,14,495.0,70.0
2024-03-25,15,587.0,70.0
2024-03-25,16,473.0,70.0
2024-03-25,17,349.0,70.0
2024-03-25,18,398.0,70.0
2024-03-25,19,258.0,70.0
2024-03-25,20,151.0,70.0
2024-03-25,21,24.0,70.0
2024-03-25,22,0.0,70.0
2024-03-25,23,0.0,70.0
2024-03-25,24,0.0,70.0
2024-03-26,1,0.0,70.0
2024-03-26,2,0.0,70.0
2024-03-26,3,0.0,70.0
2024-03-26,4,0.0,70.0
2024-03-26,5,0.0,70.0
2024-03-26,6,0.0,70.0
2024-03-26,7,0.0,70.0
2024-03-26,8,0.0,70.0
2024-03-26,9,15.0,70.0
2024-03-26,10,132.0,70.0
2024-03-26,11,308.0,70.0
2024-03-26,12,467.0,70.0
2024-03-26,13,345.0,70.0
2024-03-26,14,241.0,70.0
2024-03-26,15,374.0,70.0
2024-03-26,16,258.0,70.0
2024-03-26,17,448.0,70.0
2024-03-26,18,365.0,70.0
2024-03-26,19,291.0,70.0
2024-03-26,20,148.0,70.0
2024-03-26,21,23.0,70.0
2024-03-26,22,0.0,70.0
2024-03-26,23,0.0,70.0
2024-03-26,24,0.0,70.0
2024-03-27,1,0.0,70.0
2024-03-27,2,0.0,70.0
2024-03-27,3,0.0,70.0
2024-03-27,4,0.0,70.0
2024-03-27,5,0.0,70.0
2024-03-27,6,0.0,70.0
2024-03-27,7,0.0,70.0
2024-03-27,8,0.0,70.0
2024-03-27,9,19.0,70.0
2024-03-27,10,159.0,70.0
2024-03-27,11,360.0,70.0
2024-03-27,12,545.0,70.0
2024-03-27,13,649.0,70.0
2024-03-27,14,539.0,70.0
2024-03-27,15,477.0,70.0
2024-03-27,16,394.0,70.0
2024-03-27,17,322.0,70.0
2024-03-27,18,281.0,70.0
2024-03-27,19,199.0,70.0
2024-03-27,20,111.0,70.0
2024-03-27,21,17.0,70.0
2024-03-27,22,0.0,70.0
2024-03-27,23,0.0,70.0
2024-03-27,24,0.0,70.0
2024-03-28,1,0.0,70.0
2024-03-28,2,0.0,70.0
2024-03-28,3,0.0,70.0
2024-03-28,4,0.0,70.0
2024-03-28,5,0.0,70.0
2024-03-28,6,0.0,70.0
2024-03-28,7,0.0,70.0
2024-03-28,8,0.0,70.0
2024-03-28,9,3.0,70.0
2024-03-28,10,46.0,70.0
2024-03-28,11,157.0,70.0
2024-03-28,12,140.0,70.0
2024-03-28,13,372.0,70.0
2024-03-28,14,398.0,70.0
2024-03-28,15,395.0,70.0
2024-03-28,16,504.0,70.0
2024-03-28,17,202.0,70.0
2024-03-28,18,187.0,70.0
2024-03-28,19,246.0,70.0
2024-03-28,20,155.0,70.0
2024-03-28,21,30.0,70.0
2024-03-28,22,0.0,70.0
2024-03-28,23,0.0,70.0
2024-03-28,24,0.0,70.0
2024-03-29,1,0.0,70.0
2024-03-29,2,0.0,70.0
2024-03-29,3,0.0,70.0
2024-03-29,4,0.0,70.0
2024-03-29,5,0.0,70.0
2024-03-29,6,0.0,70.0
2024-03-29,7,0.0,70.0
2024-03-29,8,0.0,70.0
2024-03-29,9,14.0,70.0
2024-03-29,10,99.0,70.0
2024-03-29,11,251.0,70.0
2024-03-29,12,409.0,70.0
2024-03-29,13,595.0,70.0
2024-03-29,14,756.0,70.0
2024-03-29,15,737.0,70.0
2024-03-29,16,741.0,70.0
2024-03-29,17,678.0,70.0
2024-03-29,18,563.0,70.0
2024-03-29,19,296.0,70.0
2024-03-29,20,126.0,70.0
2024-03-29,21,21.0,70.0
2024-03-29,22,0.0,70.0
2024-03-29,23,0.0,70.0
2024-03-29,24,0.0,70.0
2024-03-30,1,0.0,70.0
2024-03-30,2,0.0,70.0
2024-03-30,3,0.0,70.0
2024-03-30,4,0.0,70.0
2024-03-30,5,0.0,70.0
2024-03-30,6,0.0,70.0
2024-03-30,7,0.0,70.0
2024-03-30,8,0.0,70.0
2024-03-30,9,8.0,70.0
2024-03-30,10,75.0,70.0
2024-03-30,11,224.0,70.0
2024-03-30,12,440.0,70.0
2024-03-30,13,554.0,70.0
2024-03-30,14,560.0,70.0
2024-03-30,15,605.0,70.0
2024-03-30,16,588.0,70.0
2024-03-30,17,408.0,70.0
2024-03-30,18,240.0,70.0
2024-03-30,19,215.0,70.0
2024-03-30,20,140.0,70.0
2024-03-30,21,26.0,70.0
2024-03-30,22,0.0,70.0
2024-03-30,23,0.0,70.0
2024-03-30,24,0.0,70.0
2024-03-31,1,0.0,70.0
2024-03-31,2,0.0,70.0
2024-03-31,3,0.0,70.0
2024-03-31,4,0.0,70.0
2024-03-31,5,0.0,70.0
2024-03-31,6,0.0,70.0
2024-03-31,7,0.0,70.0
2024-03-31,8,0.0,70.0
2024-03-31,9,10.0,70.0
2024-03-31,10,58.0,70.0
2024-03-31,11,76.0,70.0
2024-03-31,12,149.0,70.0
2024-03-31,13,109.0,70.0
2024-03-31,14,241.0,70.0
2024-03-31,15,420.0,70.0
2024-03-31,16,390.0,70.0
2024-03-31,17,252.0,70.0
2024-03-31,18,249.0,70.0
2024-03-31,19,192.0,70.0
2024-03-31,20,121.0,70.0
2024-03-31,21,31.0,70.0
2024-03-31,22,0.0,70.0
2024-03-31,23,0.0,70.0
2024-03-31,24,0.0,70.0
2024-04-01,1,0.0,70.0
2024-04-01,2,0.0,70.0
2024-04-01,3,0.0,70.0
2024-04-01,4,0.0,70.0
2024-04-01,5,0.0,70.0
2024-04-01,6,0.0,70.0
2024-04-01,7,0.0,70.0
2024-04-01,8,0.0,70.0
2024-04-01,9,9.0,70.0
2024-04-01,10,65.0,70.0
2024-04-01,11,257.0,70.0
2024-04-01,12,509.0,70.0
2024-04-01,13,638.0,70.0
2024-04-01,14,788.0,70.0
2024-04-01,15,600.0,70.0
2024-04-01,16,472.0,70.0
2024-04-01,17,444.0,70.0
2024-04-01,18,419.0,70.0
2024-04-01,19,360.0,70.0
2024-04-01,20,157.0,70.0
2024-04-01,21,37.0,70.0
2024-04-01,22,0.0,70.0
2024-04-01,23,0.0,70.0
2024-04-01,24,0.0,70.0
2024-04-02,1,0.0,70.0
2024-04-02,2,0.0,70.0
2024-04-02,3,0.0,70.0
2024-04-02,4,0.0,70.0
2024-04-02,5,0.0,70.0
2024-04-02,6,0.0,70.0
2024-04-02,7,0.0,70.0
2024-04-02,8,0.0,70.0
2024-04-02,9,34.0,70.0
2024-04-02,10,196.0,70.0
2024-04-02,11,393.0,70.0
2024-04-02,12,574.0,70.0
2024-04-02,13,717.0,70.0
2024-04-02,14,809.0,70.0
2024-04-02,15,841.0,70.0
2024-04-02,16,792.0,70.0
2024-04-02,17,523.0,70.0
2024-04-02,18,503.0,70.0
2024-04-02,19,354.0,70.0
2024-04-02,20,201.0,70.0
2024-04-02,21,41.0,70.0
2024-04-02,22,0.0,70.0
2024-04-02,23,0.0,70.0
2024-04-02,24,0.0,70.0
2024-04-03,1,0.0,70.0
2024-04-03,2,0.0,70.0
2024-04-03,3,0.0,70.0
2024-04-03,4,0.0,70.0
2024-04-03,5,0.0,70.0
2024-04-03,6,0.0,70.0
2024-04-03,7,0.0,70.0
2024-04-03,8,0.0,70.0
2024-04-03,9,37.0,70.0
2024-04-03,10,200.0,70.0
2024-04-03,11,397.0,70.0
2024-04-03,12,578.0,70.0
2024-04-03,13,721.0,70.0
2024-04-03,14,814.0,70.0
2024-04-03,15,848.0,70.0
2024-04-03,16,818.0,70.0
2024-04-03,17,729.0,70.0
2024-04-03,18,588.0,70.0
2024-04-03,19,410.0,70.0
2024-04-03,20,216.0,70.0
2024-04-03,21,45.0,70.0
2024-04-03,22,0.0,70.0
2024-04-03,23,0.0,70.0
2024-04-03,24,0.0,70.0
2024-04-04,1,0.0,70.0
2024-04-04,2,0.0,70.0
2024-04-04,3,0.0,70.0
2024-04-04,4,0.0,70.0
2024-04-04,5,0.0,70.0
2024-04-04,6,0.0,70.0
2024-04-04,7,0.0,70.0
2024-04-04,8,0.0,70.0
2024-04-04,9,40.0,70.0
2024-04-04,10,194.0,70.0
2024-04-04,11,404.0,70.0
2024-04-04,12,587.0,70.0
2024-04-04,13,736.0,70.0
2024-04-04,14,816.0,70.0
2024-04-04,15,849.0,70.0
2024-04-04,16,809.0,70.0
2024-04-04,17,708.0,70.0
2024-04-04,18,557.0,70.0
2024-04-04,19,375.0,70.0
2024-04-04,20,155.0,70.0
2024-04-04,21,34.0,70.0
2024-04-04,22,0.0,70.0
2024-04-04,23,0.0,70.0
2024-04-04,24,0.0,70.0
2024-04-05,1,0.0,70.0
2024-04-05,2,0.0,70.0
2024-04-05,3,0.0,70.0
2024-04-05,4,0.0,70.0
2024-04-05,5,0.0,70.0
2024-04-05,6,0.0,70.0
2024-04-05,7,0.0,70.0
2024-04-05,8,0.0,70.0
2024-04-05,9,40.0,70.0
2024-04-05,10,185.0,70.0
2024-04-05,11,343.0,70.0
2024-04-05,12,545.0,70.0
2024-04-05,13,639.0,70.0
2024-04-05,14,533.0,70.0
2024-04-05,15,401.0,70.0
2024-04-05,16,345.0,70.0
2024-04-05,17,195.0,70.0
2024-04-05,18,343.0,70.0
2024-04-05,19,358.0,70.0
2024-04-05,20,116.0,70.0
2024-04-05,21,41.0,70.0
2024-04-05,22,0.0,70.0
2024-04-05,23,0.0,70.0
2024-04-05,24,0.0,70.0
2024-04-06,1,0.0,70.0
2024-04-06,2,0.0,70.0
2024-04-06,3,0.0,70.0
2024-04-06,4,0.0,70.0
2024-04-06,5,0.0,70.0
2024-04-06,6,0.0,70.0
2024-04-06,7,0.0,70.0
2024-04-06,8,0.0,70.0
2024-04-06,9,46.0,70.0
2024-04-06,10,201.0,70.0
2024-04-06,11,314.0,70.0
2024-04-06,12,373.0,70.0
2024-04-06,13,478.0,70.0
2024-04-06,14,628.0,70.0
2024-04-06,15,657.0,70.0
2024-04-06,16,459.0,70.0
2024-04-06,17,370.0,70.0
2024-04-06,18,363.0,70.0
2024-04-06,19,263.0,70.0
2024-04-06,20,156.0,70.0
2024-04-06,21,40.0,70.0
2024-04-06,22,0.0,70.0
2024-04-06,23,0.0,70.0
2024-04-06,24,0.0,70.0
2024-04-07,1,0.0,70.0
2024-04-07,2,0.0,70.0
2024-04-07,3,0.0,70.0
2024-04-07,4,0.0,70.0
2024-04-07,5,0.0,70.0
2024-04-07,6,0.0,70.0
2024-04-07,7,0.0,70.0
2024-04-07,8,0.0,70.0
2024-04-07,9,37.0,70.0
2024-04-07,10,185.0,70.0
2024-04-07,11,410.0,70.0
2024-04-07,12,560.0,70.0
2024-04-07,13,566.0,70.0
2024-04-07,14,517.0,70.0
2024-04-07,15,680.0,70.0
2024-04-07,16,629.0,70.0
2024-04-07,17,539.0,70.0
2024-04-07,18,339.0,70.0
2024-04-07,19,153.0,70.0
2024-04-07,20,174.0,70.0
2024-04-07,21,43.0,70.0
2024-04-07,22,0.0,70.0
2024-04-07,23,0.0,70.0
2024-04-07,24,0.0,70.0
2024-04-08,1,0.0,70.0
2024-04-08,2,0.0,70.0
2024-04-08,3,0.0,70.0
2024-04-08,4,0.0,70.0
2024-04-08,5,0.0,70.0
2024-04-08,6,0.0,70.0
2024-04-08,7,0.0,70.0
2024-04-08,8,0.0,70.0
2024-04-08,9,37.0,70.0
2024-04-08,10,157.0,70.0
2024-04-08,11,411.0,70.0
2024-04-08,12,604.0,70.0
2024-04-08,13,752.0,70.0
2024-04-08,14,766.0,70.0
2024-04-08,15,725.0,70.0
2024-04-08,16,739.0,70.0
2024-04-08,17,613.0,70.0
2024-04-08,18,368.0,70.0
2024-04-08,19,223.0,70.0
2024-04-08,20,154.0,70.0
2024-04-08,21,48.0,70.0
2024-04-08,22,0.0,70.0
2024-04-08,23,0.0,70.0
2024-04-08,24,0.0,70.0
2024-04-09,1,0.0,70.0
2024-04-09,2,0.0,70.0
2024-04-09,3,0.0,70.0
2024-04-09,4,0.0,70.0
2024-04-09,5,0.0,70.0
2024-04-09,6,0.0,70.0
2024-04-09,7,0.0,70.0
2024-04-09,8,0.0,70.0
2024-04-09,9,53.0,70.0
2024-04-09,10,229.0,70.0
2024-04-09,11,425.0,70.0
2024-04-09,12,603.0,70.0
2024-04-09,13,721.0,70.0
2024-04-09,14,812.0,70.0
2024-04-09,15,547.0,70.0
2024-04-09,16,371.0,70.0
2024-04-09,17,312.0,70.0
2024-04-09,18,296.0,70.0
2024-04-09,19,169.0,70.0
2024-04-09,20,75.0,70.0
2024-04-09,21,46.0,70.0
2024-04-09,22,0.0,70.0
2024-04-09,23,0.0,70.0
2024-04-09,24,0.0,70.0
2024-04-10,1,0.0,70.0
2024-04-10,2,0.0,70.0
2024-04-10,3,0.0,70.0
2024-04-10,4,0.0,70.0
2024-04-10,5,0.0,70.0
2024-04-10,6,0.0,70.0
2024-04-10,7,0.0,70.0
2024-04-10,8,0.0,70.0
2024-04-10,9,59.0,70.0
2024-04-10,10,234.0,70.0
2024-04-10,11,434.0,70.0
2024-04-10,12,613.0,70.0
2024-04-10,13,725.0,70.0
2024-04-10,14,697.0,70.0
2024-04-10,15,724.0,70.0
2024-04-10,16,780.0,70.0
2024-04-10,17,667.0,70.0
2024-04-10,18,545.0,70.0
2024-04-10,19,419.0,55.8
2024-04-10,20,228.0,53.1
2024-04-10,21,57.0,48.3
2024-04-10,22,0.0,45.4
2024-04-10,23,0.0,41.6
2024-04-10,24,0.0,44.5
2024-04-11,1,0.0,44.3
2024-04-11,2,0.0,42.2
2024-04-11,3,0.0,40.1
2024-04-11,4,0.0,39.0
2024-04-11,5,0.0,38.3
2024-04-11,6,0.0,37.9
2024-04-11,7,0.0,37.9
2024-04-11,8,0.0,38.8
2024-04-11,9,64.0,37.4
2024-04-11,10,244.0,42.0
2024-04-11,11,444.0,46.7
2024-04-11,12,624.0,51.3
2024-04-11,13,765.0,55.1
2024-04-11,14,854.0,58.4
2024-04-11,15,883.0,61.0
2024-04-11,16,851.0,62.2
2024-04-11,17,759.0,62.7
2024-04-11,18,617.0,62.8
2024-04-11,19,437.0,62.2
2024-04-11,20,242.0,59.4
2024-04-11,21,63.0,58.2
2024-04-11,22,0.0,54.5
2024-04-11,23,0.0,53.1
2024-04-11,24,0.0,51.6
2024-04-12,1,0.0,49.3
2024-04-12,2,0.0,47.5
2024-04-12,3,0.0,46.4
2024-04-12,4,0.0,44.7
2024-04-12,5,0.0,43.7
2024-04-12,6,0.0,42.9
2024-04-12,7,0.0,41.7
2024-04-12,8,0.0,44.1
2024-04-12,9,67.0,44.2
2024-04-12,10,242.0,46.8
2024-04-12,11,439.0,51.6
2024-04-12,12,624.0,57.0
2024-04-12,13,765.0,61.6
2024-04-12,14,860.0,65.7
2024-04-12,15,889.0,70.6
2024-04-12,16,845.0,72.1
2024-04-12,17,740.0,72.7
2024-04-12,18,589.0,71.9
2024-04-12,19,393.0,69.9
2024-04-12,20,214.0,65.5
2024-04-12,21,63.0,58.6
2024-04-12,22,0.0,62.6
2024-04-12,23,0.0,52.4
2024-04-12,24,0.0,49.6
2024-04-13,1,0.0,54.5
2024-04-13,2,0.0,55.4
2024-04-13,3,0.0,50.6
2024-04-13,4,0.0,44.4
2024-04-13,5,0.0,41.7
2024-04-13,6,0.0,42.8
2024-04-13,7,0.0,42.5
2024-04-13,8,0.0,41.8
2024-04-13,9,72.0,46.1
2024-04-13,10,254.0,50.8
2024-04-13,11,453.0,56.5
2024-04-13,12,633.0,61.2
2024-04-13,13,773.0,66.0
2024-04-13,14,848.0,68.2
2024-04-13,15,894.0,69.4
2024-04-13,16,859.0,70.3
2024-04-13,17,770.0,70.2
2024-04-13,18,631.0,69.8
2024-04-13,19,450.0,68.7
2024-04-13,20,250.0,65.8
2024-04-13,21,68.0,60.1
2024-04-13,22,0.0,59.3
2024-04-13,23,0.0,57.7
2024-04-13,24,0.0,56.5
2024-04-14,1,0.0,54.5
2024-04-14,2,0.0,52.8
2024-04-14,3,0.0,49.9
2024-04-14,4,0.0,47.9
2024-04-14,5,0.0,45.8
2024-04-14,6,0.0,44.8
2024-04-14,7,0.0,44.0
2024-04-14,8,0.0,43.3
2024-04-14,9,76.0,41.8
2024-04-14,10,260.0,46.6
2024-04-14,11,460.0,53.5
2024-04-14,12,641.0,58.9
2024-04-14,13,783.0,64.0
2024-04-14,14,868.0,65.0
2024-04-14,15,859.0,66.1
2024-04-14,16,669.0,65.5
2024-04-14,17,692.0,64.9
2024-04-14,18,564.0,63.3
2024-04-14,19,395.0,62.3
2024-04-14,20,90.0,59.1
2024-04-14,21,29.0,53.7
2024-04-14,22,0.0,51.0
2024-04-14,23,0.0,48.4
2024-04-14,24,0.0,49.5
2024-04-15,1,0.0,46.9
2024-04-15,2,0.0,46.2
2024-04-15,3,0.0,45.9
2024-04-15,4,0.0,44.2
2024-04-15,5,0.0,44.3
2024-04-15,6,0.0,43.7
2024-04-15,7,0.0,40.9
2024-04-15,8,0.0,41.6
2024-04-15,9,25.0,42.1
2024-04-15,10,138.0,43.4
2024-04-15,11,371.0,46.0
2024-04-15,12,556.0,49.4
2024-04-15,13,666.0,52.1
2024-04-15,14,450.0,52.6
2024-04-15,15,343.0,53.2
2024-04-15,16,432.0,55.0
2024-04-15,17,297.0,53.2
2024-04-15,18,214.0,53.5
2024-04-15,19,170.0,52.5
2024-04-15,20,93.0,49.4
2024-04-15,21,22.0,45.1
2024-04-15,22,0.0,44.2
2024-04-15,23,0.0,44.0
2024-04-15,24,0.0,43.8
2024-04-16,1,0.0,43.2
2024-04-16,2,0.0,41.4
2024-04-16,3,0.0,39.3
2024-04-16,4,0.0,38.9
2024-04-16,5,0.0,39.0
2024-04-16,6,0.0,39.5
2024-04-16,7,0.0,40.6
2024-04-16,8,1.0,38.4
2024-04-16,9,72.0,40.7
2024-04-16,10,249.0,45.1
2024-04-16,11,444.0,48.5
2024-04-16,12,581.0,51.7
2024-04-16,13,499.0,53.3
2024-04-16,14,505.0,55.3
2024-04-16,15,487.0,56.8
2024-04-16,16,571.0,58.0
2024-04-16,17,482.0,58.3
2024-04-16,18,290.0,59.2
2024-04-16,19,210.0,59.4
2024-04-16,20,100.0,55.6
2024-04-16,21,29.0,51.6
2024-04-16,22,0.0,49.6
2024-04-16,23,0.0,50.2
2024-04-16,24,0.0,48.7
2024-04-17,1,0.0,47.8
2024-04-17,2,0.0,44.5
2024-04-17,3,0.0,44.3
2024-04-17,4,0.0,43.5
2024-04-17,5,0.0,42.2
2024-04-17,6,0.0,44.3
2024-04-17,7,0.0,43.7
2024-04-17,8,1.0,41.6
2024-04-17,9,60.0,44.3
2024-04-17,10,128.0,42.5
2024-04-17,11,173.0,42.8
2024-04-17,12,213.0,44.0
2024-04-17,13,303.0,46.1
2024-04-17,14,413.0,47.5
2024-04-17,15,578.0,49.6
2024-04-17,16,817.0,52.1
2024-04-17,17,758.0,51.4
2024-04-17,18,663.0,50.1
2024-04-17,19,476.0,48.7
2024-04-17,20,272.0,47.0
2024-04-17,21,82.0,42.3
2024-04-17,22,1.0,37.6
2024-04-17,23,0.0,35.6
2024-04-17,24,0.0,35.3
2024-04-18,1,0.0,33.6
2024-04-18,2,0.0,33.1
2024-04-18,3,0.0,31.4
2024-04-18,4,0.0,30.0
2024-04-18,5,0.0,34.3
2024-04-18,6,0.0,33.8
2024-04-18,7,0.0,33.0
2024-04-18,8,2.0,28.9
2024-04-18,9,92.0,31.6
2024-04-18,10,281.0,35.2
2024-04-18,11,484.0,38.8
2024-04-18,12,665.0,42.0
2024-04-18,13,806.0,44.3
2024-04-18,14,891.0,46.3
2024-04-18,15,914.0,47.7
2024-04-18,16,799.0,48.6
2024-04-18,17,787.0,49.7
2024-04-18,18,646.0,50.4
2024-04-18,19,463.0,50.3
2024-04-18,20,265.0,48.6
2024-04-18,21,81.0,43.7
2024-04-18,22,1.0,43.2
2024-04-18,23,0.0,44.2
2024-04-18,24,0.0,36.4
2024-04-19,1,0.0,34.8
2024-04-19,2,0.0,35.5
2024-04-19,3,0.0,38.8
2024-04-19,4,0.0,38.1
2024-04-19,5,0.0,37.3
2024-04-19,6,0.0,37.0
2024-04-19,7,0.0,36.3
2024-04-19,8,2.0,34.6
2024-04-19,9,95.0,35.0
2024-04-19,10,281.0,39.7
2024-04-19,11,486.0,44.3
2024-04-19,12,668.0,48.7
2024-04-19,13,807.0,52.1
2024-04-19,14,893.0,54.1
2024-04-19,15,914.0,55.4
2024-04-19,16,874.0,56.2
2024-04-19,17,783.0,56.4
2024-04-19,18,629.0,56.4
2024-04-19,19,431.0,55.9
2024-04-19,20,187.0,55.0
2024-04-19,21,45.0,51.2
2024-04-19,22,1.0,47.1
2024-04-19,23,0.0,44.2
2024-04-19,24,0.0,42.6
2024-04-20,1,0.0,40.0
2024-04-20,2,0.0,41.6
2024-04-20,3,0.0,42.8
2024-04-20,4,0.0,41.5
2024-04-20,5,0.0,43.0
2024-04-20,6,0.0,41.9
2024-04-20,7,0.0,40.7
2024-04-20,8,3.0,41.1
2024-04-20,9,81.0,40.3
2024-04-20,10,270.0,43.6
2024-04-20,11,449.0,47.7
2024-04-20,12,638.0,51.8
2024-04-20,13,783.0,55.6
2024-04-20,14,874.0,58.5
2024-04-20,15,900.0,60.5
2024-04-20,16,774.0,62.0
2024-04-20,17,555.0,62.5
2024-04-20,18,354.0,62.7
2024-04-20,19,262.0,62.6
2024-04-20,20,228.0,59.6
2024-04-20,21,77.0,52.4
2024-04-20,22,1.0,48.0
2024-04-20,23,0.0,50.5
2024-04-20,24,0.0,48.9
2024-04-21,1,0.0,47.9
2024-04-21,2,0.0,47.3
2024-04-21,3,0.0,45.5
2024-04-21,4,0.0,43.8
2024-04-21,5,0.0,42.4
2024-04-21,6,0.0,42.1
2024-04-21,7,0.0,41.4
2024-04-21,8,3.0,41.9
2024-04-21,9,98.0,42.0
2024-04-21,10,281.0,46.9
2024-04-21,11,473.0,51.6
2024-04-21,12,647.0,57.1
2024-04-21,13,784.0,62.2
2024-04-21,14,857.0,66.3
2024-04-21,15,887.0,68.0
2024-04-21,16,853.0,70.0
2024-04-21,17,786.0,71.1
2024-04-21,18,608.0,71.2
2024-04-21,19,409.0,71.0
2024-04-21,20,228.0,68.0
2024-04-21,21,64.0,62.6
2024-04-21,22,1.0,59.1
2024-04-21,23,0.0,56.3
2024-04-21,24,0.0,52.3
2024-04-22,1,0.0,50.2
2024-04-22,2,0.0,49.0
2024-04-22,3,0.0,47.8
2024-04-22,4,0.0,45.8
2024-04-22,5,0.0,44.9
2024-04-22,6,0.0,44.1
2024-04-22,7,0.0,43.2
2024-04-22,8,3.0,42.8
2024-04-22,9,77.0,46.1
2024-04-22,10,261.0,49.1
2024-04-22,11,488.0,52.2
2024-04-22,12,676.0,54.4
2024-04-22,13,816.0,56.7
2024-04-22,14,903.0,58.7
2024-04-22,15,929.0,61.0
2024-04-22,16,893.0,62.9
2024-04-22,17,800.0,64.6
2024-04-22,18,646.0,65.8
2024-04-22,19,456.0,66.0
2024-04-22,20,257.0,63.1
2024-04-22,21,85.0,58.8
2024-04-22,22,2.0,51.1
2024-04-22,23,0.0,49.5
2024-04-22,24,0.0,47.5
2024-04-23,1,0.0,53.4
2024-04-23,2,0.0,51.7
2024-04-23,3,0.0,49.2
2024-04-23,4,0.0,47.7
2024-04-23,5,0.0,47.2
2024-04-23,6,0.0,47.0
2024-04-23,7,0.0,46.2
2024-04-23,8,5.0,43.1
2024-04-23,9,109.0,45.1
2024-04-23,10,303.0,49.9
2024-04-23,11,470.0,54.4
2024-04-23,12,477.0,57.5
2024-04-23,13,400.0,58.7
2024-04-23,14,489.0,61.2
2024-04-23,15,388.0,61.9
2024-04-23,16,459.0,62.4
2024-04-23,17,593.0,64.0
2024-04-23,18,656.0,65.5
2024-04-23,19,475.0,64.9
2024-04-23,20,268.0,60.3
2024-04-23,21,90.0,55.1
2024-04-23,22,2.0,50.8
2024-04-23,23,0.0,49.8
2024-04-23,24,0.0,50.4
2024-04-24,1,0.0,50.7
2024-04-24,2,0.0,52.4
2024-04-24,3,0.0,51.3
2024-04-24,4,0.0,49.8
2024-04-24,5,0.0,48.7
2024-04-24,6,0.0,47.3
2024-04-24,7,0.0,46.5
2024-04-24,8,5.0,47.9
2024-04-24,9,80.0,46.8
2024-04-24,10,295.0,52.0
2024-04-24,11,471.0,56.8
2024-04-24,12,665.0,61.3
2024-04-24,13,798.0,65.6
2024-04-24,14,870.0,68.6
2024-04-24,15,895.0,71.0
2024-04-24,16,849.0,72.6
2024-04-24,17,741.0,72.1
2024-04-24,18,541.0,71.5
2024-04-24,19,468.0,71.5
2024-04-24,20,268.0,69.3
2024-04-24,21,85.0,61.6
2024-04-24,22,2.0,55.0
2024-04-24,23,0.0,52.2
2024-04-24,24,0.0,53.8
2024-04-25,1,0.0,49.8
2024-04-25,2,0.0,52.4
2024-04-25,3,0.0,46.2
2024-04-25,4,0.0,47.8
2024-04-25,5,0.0,48.3
2024-04-25,6,0.0,48.4
2024-04-25,7,0.0,43.3
2024-04-25,8,6.0,43.9
2024-04-25,9,108.0,46.5
2024-04-25,10,290.0,51.2
2024-04-25,11,466.0,54.9
2024-04-25,12,637.0,57.8
2024-04-25,13,776.0,60.1
2024-04-25,14,846.0,62.7
2024-04-25,15,755.0,64.3
2024-04-25,16,416.0,62.5
2024-04-25,17,327.0,55.1
2024-04-25,18,312.0,53.0
2024-04-25,19,278.0,54.7
2024-04-25,20,206.0,54.3
2024-04-25,21,81.0,52.9
2024-04-25,22,3.0,52.3
2024-04-25,23,0.0,51.9
2024-04-25,24,0.0,47.9
2024-04-26,1,0.0,49.0
2024-04-26,2,0.0,47.3
2024-04-26,3,0.0,46.0
2024-04-26,4,0.0,45.1
2024-04-26,5,0.0,45.2
2024-04-26,6,0.0,44.9
2024-04-26,7,0.0,44.7
2024-04-26,8,2.0,45.7
2024-04-26,9,38.0,45.3
2024-04-26,10,94.0,44.8
2024-04-26,11,131.0,45.0
2024-04-26,12,224.0,46.5
2024-04-26,13,373.0,48.8
2024-04-26,14,322.0,50.0
2024-04-26,15,483.0,52.4
2024-04-26,16,584.0,55.0
2024-04-26,17,605.0,56.8
2024-04-26,18,415.0,54.7
2024-04-26,19,268.0,54.2
2024-04-26,20,131.0,50.7
2024-04-26,21,25.0,49.7
2024-04-26,22,1.0,48.1
2024-04-26,23,0.0,46.8
2024-04-26,24,0.0,46.6
2024-04-27,1,0.0,46.5
2024-04-27,2,0.0,46.0
2024-04-27,3,0.0,45.9
2024-04-27,4,0.0,45.6
2024-04-27,5,0.0,44.4
2024-04-27,6,0.0,45.0
2024-04-27,7,0.0,44.8
2024-04-27,8,3.0,45.3
2024-04-27,9,40.0,45.6
2024-04-27,10,72.0,46.1
2024-04-27,11,114.0,46.8
2024-04-27,12,195.0,47.7
2024-04-27,13,353.0,49.3
2024-04-27,14,534.0,51.9
2024-04-27,15,416.0,51.0
2024-04-27,16,329.0,51.4
2024-04-27,17,363.0,52.2
2024-04-27,18,160.0,51.4
2024-04-27,19,235.0,51.9
2024-04-27,20,125.0,48.5
2024-04-27,21,52.0,46.4
2024-04-27,22,1.0,45.8
2024-04-27,23,0.0,43.9
2024-04-27,24,0.0,44.9
2024-04-28,1,0.0,41.9
2024-04-28,2,0.0,43.6
2024-04-28,3,0.0,43.3
2024-04-28,4,0.0,42.9
2024-04-28,5,0.0,41.8
2024-04-28,6,0.0,40.4
2024-04-28,7,0.0,35.9
2024-04-28,8,8.0,38.0
2024-04-28,9,96.0,42.3
2024-04-28,10,165.0,45.2
2024-04-28,11,193.0,46.7
2024-04-28,12,516.0,49.8
2024-04-28,13,688.0,52.3
2024-04-28,14,603.0,52.6
2024-04-28,15,701.0,55.3
2024-04-28,16,728.0,58.3
2024-04-28,17,545.0,57.8
2024-04-28,18,434.0,57.1
2024-04-28,19,381.0,57.3
2024-04-28,20,225.0,56.9
2024-04-28,21,95.0,51.0
2024-04-28,22,4.0,49.6
2024-04-28,23,0.0,45.7
2024-04-28,24,0.0,48.0
2024-04-29,1,0.0,44.5
2024-04-29,2,0.0,41.7
2024-04-29,3,0.0,40.6
2024-04-29,4,0.0,40.6
2024-04-29,5,0.0,41.3
2024-04-29,6,0.0,39.6
2024-04-29,7,0.0,38.8
2024-04-29,8,10.0,37.8
2024-04-29,9,125.0,42.1
2024-04-29,10,288.0,47.2
2024-04-29,11,411.0,51.7
2024-04-29,12,671.0,56.8
2024-04-29,13,811.0,59.9
2024-04-29,14,888.0,61.6
2024-04-29,15,847.0,61.4
2024-04-29,16,662.0,60.9
2024-04-29,17,686.0,61.0
2024-04-29,18,607.0,61.2
2024-04-29,19,399.0,62.4
2024-04-29,20,241.0,57.7
2024-04-29,21,88.0,52.0
2024-04-29,22,3.0,47.1
2024-04-29,23,0.0,46.0
2024-04-29,24,0.0,44.6
2024-04-30,1,0.0,42.0
2024-04-30,2,0.0,39.1
2024-04-30,3,0.0,36.7
2024-04-30,4,0.0,34.9
2024-04-30,5,0.0,33.8
2024-04-30,6,0.0,32.4
2024-04-30,7,0.0,31.7
2024-04-30,8,12.0,31.5
2024-04-30,9,139.0,36.4
2024-04-30,10,335.0,39.5
2024-04-30,11,534.0,42.2
2024-04-30,12,704.0,44.6
2024-04-30,13,780.0,47.5
2024-04-30,14,726.0,49.2
2024-04-30,15,830.0,51.5
2024-04-30,16,790.0,52.2
2024-04-30,17,680.0,52.8
2024-04-30,18,505.0,52.3
2024-04-30,19,373.0,51.6
2024-04-30,20,284.0,51.0
2024-04-30,21,105.0,46.6
2024-04-30,22,5.0,46.0
2024-04-30,23,0.0,40.7
2024-04-30,24,0.0,40.7
2024-05-01,1,0.0,42.0
2024-05-01,2,0.0,42.5
2024-05-01,3,0.0,41.3
2024-05-01,4,0.0,37.9
2024-05-01,5,0.0,37.8
2024-05-01,6,0.0,38.0
2024-05-01,7,0.0,38.6
2024-05-01,8,12.0,35.0
2024-05-01,9,143.0,38.6
2024-05-01,10,339.0,40.2
2024-05-01,11,530.0,42.4
2024-05-01,12,716.0,44.4
2024-05-01,13,794.0,46.0
2024-05-01,14,805.0,47.6
2024-05-01,15,766.0,47.1
2024-05-01,16,656.0,46.9
2024-05-01,17,584.0,47.6
2024-05-01,18,544.0,47.8
2024-05-01,19,400.0,47.6
2024-05-01,20,285.0,45.3
2024-05-01,21,100.0,42.5
2024-05-01,22,6.0,42.5
2024-05-01,23,0.0,41.4
2024-05-01,24,0.0,36.1
2024-05-02,1,0.0,37.7
2024-05-02,2,0.0,38.5
2024-05-02,3,0.0,37.3
2024-05-02,4,0.0,36.2
2024-05-02,5,0.0,35.2
2024-05-02,6,0.0,34.3
2024-05-02,7,0.0,33.2
2024-05-02,8,14.0,30.7
2024-05-02,9,140.0,32.8
2024-05-02,10,330.0,37.4
2024-05-02,11,497.0,41.9
2024-05-02,12,636.0,45.6
2024-05-02,13,637.0,47.8
2024-05-02,14,500.0,48.9
2024-05-02,15,413.0,50.1
2024-05-02,16,312.0,50.0
2024-05-02,17,168.0,48.3
2024-05-02,18,302.0,49.6
2024-05-02,19,156.0,48.3
2024-05-02,20,82.0,48.7
2024-05-02,21,66.0,46.0
2024-05-02,22,4.0,43.0
2024-05-02,23,0.0,39.8
2024-05-02,24,0.0,40.7
2024-05-03,1,0.0,38.1
2024-05-03,2,0.0,37.5
2024-05-03,3,0.0,36.1
2024-05-03,4,0.0,35.4
2024-05-03,5,0.0,34.2
2024-05-03,6,0.0,32.9
2024-05-03,7,0.0,32.3
2024-05-03,8,10.0,36.0
2024-05-03,9,109.0,38.2
2024-05-03,10,286.0,41.0
2024-05-03,11,363.0,42.4
2024-05-03,12,582.0,45.5
2024-05-03,13,749.0,48.3
2024-05-03,14,619.0,48.8
2024-05-03,15,686.0,48.7
2024-05-03,16,860.0,49.6
2024-05-03,17,752.0,50.9
2024-05-03,18,594.0,51.8
2024-05-03,19,448.0,51.7
2024-05-03,20,306.0,48.6
2024-05-03,21,118.0,45.5
2024-05-03,22,7.0,45.6
2024-05-03,23,0.0,42.0
2024-05-03,24,0.0,38.3
2024-05-04,1,0.0,37.8
2024-05-04,2,0.0,39.5
2024-05-04,3,0.0,38.1
2024-05-04,4,0.0,37.2
2024-05-04,5,0.0,35.9
2024-05-04,6,0.0,34.6
2024-05-04,7,0.0,34.5
2024-05-04,8,16.0,35.7
2024-05-04,9,149.0,36.6
2024-05-04,10,343.0,41.3
2024-05-04,11,538.0,45.9
2024-05-04,12,708.0,50.3
2024-05-04,13,836.0,54.8
2024-05-04,14,899.0,58.8
2024-05-04,15,935.0,62.9
2024-05-04,16,902.0,67.1
2024-05-04,17,761.0,69.5
2024-05-04,18,608.0,68.9
2024-05-04,19,426.0,69.0
2024-05-04,20,208.0,65.8
2024-05-04,21,89.0,58.8
2024-05-04,22,8.0,59.7
2024-05-04,23,0.0,59.6
2024-05-04,24,0.0,57.9
2024-05-05,1,0.0,50.3
2024-05-05,2,0.0,50.9
2024-05-05,3,0.0,53.6
2024-05-05,4,0.0,49.9
2024-05-05,5,0.0,50.6
2024-05-05,6,0.0,49.5
2024-05-05,7,0.0,47.6
2024-05-05,8,7.0,52.3
2024-05-05,9,76.0,50.5
2024-05-05,10,182.0,49.1
2024-05-05,11,462.0,50.5
2024-05-05,12,607.0,50.8
2024-05-05,13,640.0,51.9
2024-05-05,14,501.0,48.7
2024-05-05,15,578.0,51.1
2024-05-05,16,412.0,50.0
2024-05-05,17,476.0,49.7
2024-05-05,18,315.0,47.8
2024-05-05,19,180.0,46.3
2024-05-05,20,102.0,41.2
2024-05-05,21,29.0,39.7
2024-05-05,22,2.0,39.2
2024-05-05,23,0.0,38.3
2024-05-05,24,0.0,37.8
2024-05-06,1,0.0,37.4
2024-05-06,2,0.0,37.1
2024-05-06,3,0.0,36.8
2024-05-06,4,0.0,35.9
2024-05-06,5,0.0,35.3
2024-05-06,6,0.0,36.2
2024-05-06,7,0.0,36.5
2024-05-06,8,5.0,36.7
2024-05-06,9,28.0,37.8
2024-05-06,10,86.0,39.3
2024-05-06,11,181.0,40.7
2024-05-06,12,182.0,42.3
2024-05-06,13,184.0,43.3
2024-05-06,14,500.0,46.7
2024-05-06,15,448.0,48.1
2024-05-06,16,618.0,50.7
2024-05-06,17,537.0,51.5
2024-05-06,18,531.0,52.7
2024-05-06,19,393.0,51.8
2024-05-06,20,229.0,50.0
2024-05-06,21,92.0,47.7
2024-05-06,22,8.0,41.8
2024-05-06,23,0.0,44.2
2024-05-06,24,0.0,38.9
2024-05-07,1,0.0,36.7
2024-05-07,2,0.0,38.8
2024-05-07,3,0.0,39.4
2024-05-07,4,0.0,38.2
2024-05-07,5,0.0,33.2
2024-05-07,6,0.0,34.6
2024-05-07,7,0.0,31.6
2024-05-07,8,16.0,33.7
2024-05-07,9,105.0,37.4
2024-05-07,10,250.0,40.2
2024-05-07,11,362.0,41.8
2024-05-07,12,473.0,43.6
2024-05-07,13,746.0,44.3
2024-05-07,14,878.0,45.6
2024-05-07,15,890.0,47.9
2024-05-07,16,867.0,48.7
2024-05-07,17,712.0,48.5
2024-05-07,18,660.0,47.9
2024-05-07,19,446.0,47.2
2024-05-07,20,257.0,45.0
2024-05-07,21,108.0,43.3
2024-05-07,22,10.0,40.1
2024-05-07,23,0.0,38.5
2024-05-07,24,0.0,38.3
2024-05-08,1,0.0,36.5
2024-05-08,2,0.0,33.4
2024-05-08,3,0.0,32.3
2024-05-08,4,0.0,31.0
2024-05-08,5,0.0,30.8
2024-05-08,6,0.0,32.1
2024-05-08,7,0.0,32.3
2024-05-08,8,11.0,35.9
2024-05-08,9,92.0,37.3
2024-05-08,10,194.0,38.8
2024-05-08,11,444.0,42.3
2024-05-08,12,547.0,44.3
2024-05-08,13,392.0,45.0
2024-05-08,14,414.0,45.6
2024-05-08,15,329.0,46.0
2024-05-08,16,419.0,47.0
2024-05-08,17,301.0,46.6
2024-05-08,18,257.0,47.7
2024-05-08,19,151.0,47.2
2024-05-08,20,124.0,47.4
2024-05-08,21,98.0,45.2
2024-05-08,22,8.0,45.4
2024-05-08,23,0.0,43.3
2024-05-08,24,0.0,43.2
2024-05-09,1,0.0,42.1
2024-05-09,2,0.0,40.6
2024-05-09,3,0.0,38.9
2024-05-09,4,0.0,37.8
2024-05-09,5,0.0,37.3
2024-05-09,6,0.0,37.1
2024-05-09,7,0.0,36.9
2024-05-09,8,18.0,38.0
2024-05-09,9,151.0,40.7
2024-05-09,10,348.0,44.9
2024-05-09,11,543.0,49.0
2024-05-09,12,710.0,52.6
2024-05-09,13,810.0,55.1
2024-05-09,14,893.0,57.4
2024-05-09,15,911.0,58.3
2024-05-09,16,886.0,59.8
2024-05-09,17,779.0,59.9
2024-05-09,18,673.0,59.5
2024-05-09,19,483.0,58.9
2024-05-09,20,244.0,56.8
2024-05-09,21,117.0,52.5
2024-05-09,22,11.0,46.9
2024-05-09,23,0.0,49.2
2024-05-09,24,0.0,48.7
2024-05-10,1,0.0,48.0
2024-05-10,2,0.0,42.7
2024-05-10,3,0.0,38.2
2024-05-10,4,0.0,37.1
2024-05-10,5,0.0,37.8
2024-05-10,6,0.0,36.8
2024-05-10,7,0.0,34.7
2024-05-10,8,23.0,39.0
2024-05-10,9,162.0,44.0
2024-05-10,10,355.0,47.9
2024-05-10,11,549.0,52.3
2024-05-10,12,702.0,56.3
2024-05-10,13,710.0,58.4
2024-05-10,14,825.0,60.3
2024-05-10,15,929.0,61.5
2024-05-10,16,890.0,62.9
2024-05-10,17,807.0,63.4
2024-05-10,18,684.0,63.8
2024-05-10,19,496.0,63.2
2024-05-10,20,310.0,62.2
2024-05-10,21,125.0,57.2
2024-05-10,22,13.0,59.0
2024-05-10,23,0.0,56.1
2024-05-10,24,0.0,55.0
2024-05-11,1,0.0,52.5
2024-05-11,2,0.0,49.1
2024-05-11,3,0.0,47.8
2024-05-11,4,0.0,46.5
2024-05-11,5,0.0,45.3
2024-05-11,6,0.0,44.0
2024-05-11,7,0.0,43.0
2024-05-11,8,25.0,43.2
2024-05-11,9,166.0,45.1
2024-05-11,10,357.0,49.2
2024-05-11,11,550.0,54.1
2024-05-11,12,719.0,59.0
2024-05-11,13,848.0,62.8
2024-05-11,14,889.0,65.7
2024-05-11,15,901.0,67.7
2024-05-11,16,868.0,69.4
2024-05-11,17,785.0,70.3
2024-05-11,18,681.0,70.8
2024-05-11,19,495.0,70.4
2024-05-11,20,317.0,69.4
2024-05-11,21,137.0,67.4
2024-05-11,22,14.0,63.9
2024-05-11,23,0.0,62.0
2024-05-11,24,0.0,61.7
2024-05-12,1,0.0,59.7
2024-05-12,2,0.0,57.5
2024-05-12,3,0.0,55.3
2024-05-12,4,0.0,52.3
2024-05-12,5,0.0,50.0
2024-05-12,6,0.0,49.9
2024-05-12,7,0.0,50.0
2024-05-12,8,26.0,46.1
2024-05-12,9,168.0,49.8
2024-05-12,10,358.0,54.6
2024-05-12,11,548.0,59.1
2024-05-12,12,716.0,63.1
2024-05-12,13,846.0,66.4
2024-05-12,14,895.0,68.8
2024-05-12,15,891.0,71.2
2024-05-12,16,865.0,73.0
2024-05-12,17,789.0,74.2
2024-05-12,18,649.0,74.4
2024-05-12,19,464.0,73.9
2024-05-12,20,306.0,73.9
2024-05-12,21,138.0,66.8
2024-05-12,22,15.0,58.9
2024-05-12,23,0.0,57.0
2024-05-12,24,0.0,59.8
2024-05-13,1,0.0,61.0
2024-05-13,2,0.0,58.3
2024-05-13,3,0.0,56.2
2024-05-13,4,0.0,53.9
2024-05-13,5,0.0,53.1
2024-05-13,6,0.0,52.8
2024-05-13,7,0.0,52.4
2024-05-13,8,27.0,49.3
2024-05-13,9,169.0,53.8
2024-05-13,10,360.0,58.9
2024-05-13,11,550.0,63.9
2024-05-13,12,712.0,68.2
2024-05-13,13,827.0,72.3
2024-05-13,14,748.0,64.0
2024-05-13,15,683.0,68.3
2024-05-13,16,731.0,67.0
2024-05-13,17,793.0,67.7
2024-05-13,18,585.0,68.3
2024-05-13,19,349.0,65.3
2024-05-13,20,308.0,65.8
2024-05-13,21,96.0,63.2
2024-05-13,22,13.0,59.4
2024-05-13,23,0.0,53.9
2024-05-13,24,0.0,52.3
2024-05-14,1,0.0,54.5
2024-05-14,2,0.0,53.9
2024-05-14,3,0.0,52.7
2024-05-14,4,0.0,52.1
2024-05-14,5,0.0,50.7
2024-05-14,6,0.0,49.6
2024-05-14,7,0.0,49.1
2024-05-14,8,28.0,46.9
2024-05-14,9,172.0,50.7
2024-05-14,10,361.0,54.1
2024-05-14,11,553.0,58.3
2024-05-14,12,719.0,62.2
2024-05-14,13,709.0,64.0
2024-05-14,14,580.0,56.3
2024-05-14,15,696.0,57.2
2024-05-14,16,719.0,60.5
2024-05-14,17,778.0,61.3
2024-05-14,18,590.0,62.5
2024-05-14,19,348.0,59.3
2024-05-14,20,320.0,59.8
2024-05-14,21,142.0,56.5
2024-05-14,22,16.0,51.3
2024-05-14,23,0.0,50.5
2024-05-14,24,0.0,48.7
2024-05-15,1,0.0,52.0
2024-05-15,2,0.0,51.0
2024-05-15,3,0.0,47.4
2024-05-15,4,0.0,47.5
2024-05-15,5,0.0,47.8
2024-05-15,6,0.0,46.8
2024-05-15,7,0.0,45.8
2024-05-15,8,23.0,46.4
2024-05-15,9,121.0,48.8
2024-05-15,10,346.0,53.7
2024-05-15,11,501.0,57.1
2024-05-15,12,707.0,60.7
2024-05-15,13,826.0,63.5
2024-05-15,14,832.0,64.3
2024-05-15,15,834.0,65.5
2024-05-15,16,879.0,66.5
2024-05-15,17,770.0,66.8
2024-05-15,18,626.0,68.0
2024-05-15,19,465.0,69.2
2024-05-15,20,302.0,66.4
2024-05-15,21,144.0,61.3
2024-05-15,22,17.0,60.3
2024-05-15,23,0.0,59.3
2024-05-15,24,0.0,58.2
2024-05-16,1,0.0,56.6
2024-05-16,2,0.0,55.0
2024-05-16,3,0.0,51.9
2024-05-16,4,0.0,50.5
2024-05-16,5,0.0,49.7
2024-05-16,6,0.0,48.7
2024-05-16,7,0.0,48.3
2024-05-16,8,31.0,48.0
2024-05-16,9,177.0,50.2
2024-05-16,10,368.0,54.7
2024-05-16,11,558.0,59.5
2024-05-16,12,723.0,64.0
2024-05-16,13,853.0,67.6
2024-05-16,14,933.0,70.1
2024-05-16,15,931.0,72.0
2024-05-16,16,786.0,72.8
2024-05-16,17,748.0,74.5
2024-05-16,18,626.0,75.3
2024-05-16,19,510.0,75.6
2024-05-16,20,320.0,73.8
2024-05-16,21,149.0,67.7
2024-05-16,22,19.0,59.8
2024-05-16,23,0.0,63.4
2024-05-16,24,0.0,57.1
2024-05-17,1,0.0,59.5
2024-05-17,2,0.0,53.6
2024-05-17,3,0.0,55.4
2024-05-17,4,0.0,52.5
2024-05-17,5,0.0,48.6
2024-05-17,6,0.0,47.0
2024-05-17,7,0.0,46.0
2024-05-17,8,33.0,50.2
2024-05-17,9,162.0,55.7
2024-05-17,10,339.0,60.7
2024-05-17,11,554.0,65.3
2024-05-17,12,728.0,69.4
2024-05-17,13,839.0,72.1
2024-05-17,14,876.0,73.5
2024-05-17,15,955.0,74.8
2024-05-17,16,940.0,74.5
2024-05-17,17,858.0,74.4
2024-05-17,18,719.0,73.6
2024-05-17,19,539.0,72.1
2024-05-17,20,344.0,68.8
2024-05-17,21,155.0,64.8
2024-05-17,22,20.0,58.0
2024-05-17,23,0.0,55.7
2024-05-17,24,0.0,54.9
2024-05-18,1,0.0,52.5
2024-05-18,2,0.0,48.8
2024-05-18,3,0.0,46.3
2024-05-18,4,0.0,44.7
2024-05-18,5,0.0,50.4
2024-05-18,6,0.0,49.7
2024-05-18,7,0.0,48.5
2024-05-18,8,36.0,44.5
2024-05-18,9,191.0,49.6
2024-05-18,10,388.0,53.6
2024-05-18,11,582.0,57.2
2024-05-18,12,751.0,60.3
2024-05-18,13,882.0,63.1
2024-05-18,14,961.0,66.2
2024-05-18,15,985.0,68.8
2024-05-18,16,951.0,70.5
2024-05-18,17,861.0,71.6
2024-05-18,18,724.0,73.0
2024-05-18,19,549.0,72.8
2024-05-18,20,347.0,71.5
2024-05-18,21,157.0,66.3
2024-05-18,22,21.0,60.1
2024-05-18,23,0.0,61.3
2024-05-18,24,0.0,60.3
2024-05-19,1,0.0,62.2
2024-05-19,2,0.0,57.8
2024-05-19,3,0.0,51.4
2024-05-19,4,0.0,49.6
2024-05-19,5,0.0,49.4
2024-05-19,6,0.0,54.1
2024-05-19,7,0.0,50.8
2024-05-19,8,26.0,54.3
2024-05-19,9,178.0,55.4
2024-05-19,10,376.0,55.9
2024-05-19,11,560.0,57.5
2024-05-19,12,721.0,59.6
2024-05-19,13,866.0,61.8
2024-05-19,14,950.0,63.7
2024-05-19,15,951.0,64.9
2024-05-19,16,939.0,66.3
2024-05-19,17,856.0,67.0
2024-05-19,18,693.0,67.6
2024-05-19,19,438.0,66.2
2024-05-19,20,246.0,60.5
2024-05-19,21,103.0,58.5
2024-05-19,22,11.0,56.1
2024-05-19,23,0.0,53.6
2024-05-19,24,0.0,52.5
2024-05-20,1,0.0,51.7
2024-05-20,2,0.0,51.4
2024-05-20,3,0.0,50.2
2024-05-20,4,0.0,48.5
2024-05-20,5,0.0,45.5
2024-05-20,6,0.0,43.3
2024-05-20,7,0.0,45.3
2024-05-20,8,28.0,47.0
2024-05-20,9,188.0,48.9
2024-05-20,10,382.0,52.3
2024-05-20,11,489.0,54.6
2024-05-20,12,564.0,56.1
2024-05-20,13,683.0,57.4
2024-05-20,14,958.0,59.4
2024-05-20,15,905.0,60.1
2024-05-20,16,806.0,60.5
2024-05-20,17,667.0,59.8
2024-05-20,18,529.0,58.8
2024-05-20,19,351.0,57.4
2024-05-20,20,150.0,53.4
2024-05-20,21,92.0,51.7
2024-05-20,22,21.0,48.1
2024-05-20,23,0.0,45.5
2024-05-20,24,0.0,46.8
2024-05-21,1,0.0,46.0
2024-05-21,2,0.0,45.4
2024-05-21,3,0.0,44.8
2024-05-21,4,0.0,44.2
2024-05-21,5,0.0,43.2
2024-05-21,6,0.0,41.8
2024-05-21,7,0.0,40.4
2024-05-21,8,38.0,38.8
2024-05-21,9,190.0,41.4
2024-05-21,10,384.0,45.6
2024-05-21,11,577.0,49.3
2024-05-21,12,744.0,52.8
2024-05-21,13,832.0,55.9
2024-05-21,14,931.0,57.9
2024-05-21,15,907.0,58.9
2024-05-21,16,819.0,60.0
2024-05-21,17,766.0,62.7
2024-05-21,18,652.0,63.6
2024-05-21,19,417.0,62.8
2024-05-21,20,335.0,61.5
2024-05-21,21,158.0,58.3
2024-05-21,22,24.0,53.5
2024-05-21,23,0.0,54.3
2024-05-21,24,0.0,52.6
2024-05-22,1,0.0,50.8
2024-05-22,2,0.0,48.1
2024-05-22,3,0.0,47.3
2024-05-22,4,0.0,46.0
2024-05-22,5,0.0,44.6
2024-05-22,6,0.0,43.9
2024-05-22,7,0.0,42.0
2024-05-22,8,22.0,44.1
2024-05-22,9,105.0,47.5
2024-05-22,10,196.0,50.7
2024-05-22,11,265.0,53.2
2024-05-22,12,374.0,56.6
2024-05-22,13,567.0,61.5
2024-05-22,14,293.0,61.0
2024-05-22,15,700.0,66.0
2024-05-22,16,726.0,66.6
2024-05-22,17,529.0,65.8
2024-05-22,18,327.0,65.6
2024-05-22,19,147.0,64.5
2024-05-22,20,215.0,63.5
2024-05-22,21,76.0,60.1
2024-05-22,22,15.0,53.3
2024-05-22,23,0.0,47.8
2024-05-22,24,0.0,45.7
2024-05-23,1,0.0,44.2
2024-05-23,2,0.0,41.4
2024-05-23,3,0.0,41.3
2024-05-23,4,0.0,41.1
2024-05-23,5,0.0,40.3
2024-05-23,6,0.0,38.8
2024-05-23,7,0.0,37.2
2024-05-23,8,39.0,37.6
2024-05-23,9,175.0,40.0
2024-05-23,10,329.0,41.8
2024-05-23,11,495.0,43.0
2024-05-23,12,724.0,44.6
2024-05-23,13,816.0,47.5
2024-05-23,14,839.0,49.6
2024-05-23,15,790.0,51.9
2024-05-23,16,521.0,53.4
2024-05-23,17,390.0,53.8
2024-05-23,18,341.0,53.5
2024-05-23,19,352.0,53.5
2024-05-23,20,218.0,52.6
2024-05-23,21,118.0,51.4
2024-05-23,22,23.0,49.3
2024-05-23,23,0.0,46.0
2024-05-23,24,0.0,44.5
2024-05-24,1,0.0,42.9
2024-05-24,2,0.0,39.5
2024-05-24,3,0.0,38.4
2024-05-24,4,0.0,37.0
2024-05-24,5,0.0,35.9
2024-05-24,6,0.0,34.5
2024-05-24,7,0.0,33.2
2024-05-24,8,42.0,34.5
2024-05-24,9,198.0,42.6
2024-05-24,10,393.0,48.4
2024-05-24,11,586.0,52.0
2024-05-24,12,755.0,54.9
2024-05-24,13,885.0,57.4
2024-05-24,14,965.0,58.9
2024-05-24,15,989.0,60.7
2024-05-24,16,951.0,62.1
2024-05-24,17,844.0,62.9
2024-05-24,18,702.0,62.9
2024-05-24,19,545.0,62.7
2024-05-24,20,333.0,61.7
2024-05-24,21,105.0,60.5
2024-05-24,22,17.0,58.0
2024-05-24,23,0.0,57.0
2024-05-24,24,0.0,56.5
2024-05-25,1,0.0,54.9
2024-05-25,2,0.0,52.9
2024-05-25,3,0.0,50.1
2024-05-25,4,0.0,48.2
2024-05-25,5,0.0,45.9
2024-05-25,6,0.0,43.8
2024-05-25,7,0.0,43.4
2024-05-25,8,28.0,44.9
2024-05-25,9,125.0,49.2
2024-05-25,10,249.0,52.0
2024-05-25,11,266.0,51.1
2024-05-25,12,109.0,50.5
2024-05-25,13,281.0,49.3
2024-05-25,14,353.0,48.4
2024-05-25,15,760.0,48.6
2024-05-25,16,625.0,49.2
2024-05-25,17,348.0,50.9
2024-05-25,18,286.0,52.0
2024-05-25,19,332.0,53.3
2024-05-25,20,214.0,53.4
2024-05-25,21,134.0,52.5
2024-05-25,22,22.0,51.1
2024-05-25,23,0.0,49.3
2024-05-25,24,0.0,47.1
2024-05-26,1,0.0,46.9
2024-05-26,2,0.0,45.8
2024-05-26,3,0.0,47.7
2024-05-26,4,0.0,46.7
2024-05-26,5,0.0,45.8
2024-05-26,6,0.0,45.1
2024-05-26,7,0.0,44.1
2024-05-26,8,40.0,43.2
2024-05-26,9,180.0,48.1
2024-05-26,10,375.0,52.3
2024-05-26,11,567.0,55.2
2024-05-26,12,713.0,57.7
2024-05-26,13,828.0,59.7
2024-05-26,14,883.0,62.4
2024-05-26,15,918.0,63.8
2024-05-26,16,744.0,65.0
2024-05-26,17,491.0,65.8
2024-05-26,18,542.0,65.7
2024-05-26,19,431.0,65.3
2024-05-26,20,277.0,64.5
2024-05-26,21,169.0,62.7
2024-05-26,22,29.0,59.3
2024-05-26,23,0.0,59.4
2024-05-26,24,0.0,57.5
2024-05-27,1,0.0,55.6
2024-05-27,2,0.0,54.2
2024-05-27,3,0.0,52.7
2024-05-27,4,0.0,51.3
2024-05-27,5,0.0,50.2
2024-05-27,6,0.0,49.3
2024-05-27,7,0.0,48.4
2024-05-27,8,44.0,47.9
2024-05-27,9,198.0,50.2
2024-05-27,10,389.0,58.3
2024-05-27,11,577.0,61.7
2024-05-27,12,744.0,63.8
2024-05-27,13,872.0,65.7
2024-05-27,14,953.0,67.2
2024-05-27,15,976.0,68.5
2024-05-27,16,944.0,69.5
2024-05-27,17,857.0,70.1
2024-05-27,18,722.0,70.4
2024-05-27,19,551.0,70.2
2024-05-27,20,361.0,69.7
2024-05-27,21,172.0,68.2
2024-05-27,22,30.0,65.1
2024-05-27,23,0.0,61.8
2024-05-27,24,0.0,58.4
2024-05-28,1,0.0,54.3
2024-05-28,2,0.0,51.1
2024-05-28,3,0.0,47.9
2024-05-28,4,0.0,45.4
2024-05-28,5,0.0,43.6
2024-05-28,6,0.0,42.4
2024-05-28,7,0.0,41.6
2024-05-28,8,46.0,43.7
2024-05-28,9,199.0,53.4
2024-05-28,10,388.0,61.5
2024-05-28,11,573.0,67.3
2024-05-28,12,737.0,71.5
2024-05-28,13,861.0,74.8
2024-05-28,14,938.0,76.8
2024-05-28,15,961.0,78.3
2024-05-28,16,926.0,79.0
2024-05-28,17,803.0,79.3
2024-05-28,18,682.0,79.1
2024-05-28,19,508.0,78.3
2024-05-28,20,365.0,76.6
2024-05-28,21,170.0,73.9
2024-05-28,22,31.0,68.2
2024-05-28,23,0.0,61.9
2024-05-28,24,0.0,56.5
2024-05-29,1,0.0,53.8
2024-05-29,2,0.0,54.8
2024-05-29,3,0.0,53.5
2024-05-29,4,0.0,52.4
2024-05-29,5,0.0,50.7
2024-05-29,6,0.0,49.3
2024-05-29,7,0.0,48.6
2024-05-29,8,44.0,50.2
2024-05-29,9,177.0,57.8
2024-05-29,10,326.0,62.2
2024-05-29,11,518.0,63.8
2024-05-29,12,687.0,65.5
2024-05-29,13,819.0,65.7
2024-05-29,14,821.0,66.5
2024-05-29,15,740.0,67.2
2024-05-29,16,664.0,68.2
2024-05-29,17,653.0,68.1
2024-05-29,18,638.0,67.9
2024-05-29,19,442.0,65.8
2024-05-29,20,358.0,65.0
2024-05-29,21,175.0,62.9
2024-05-29,22,33.0,59.5
2024-05-29,23,0.0,56.4
2024-05-29,24,0.0,52.5
2024-05-30,1,0.0,52.9
2024-05-30,2,0.0,53.8
2024-05-30,3,0.0,52.2
2024-05-30,4,0.0,50.9
2024-05-30,5,0.0,49.8
2024-05-30,6,0.0,48.7
2024-05-30,7,0.0,47.5
2024-05-30,8,47.0,46.7
2024-05-30,9,202.0,49.5
2024-05-30,10,392.0,54.2
2024-05-30,11,580.0,56.4
2024-05-30,12,745.0,58.3
2024-05-30,13,876.0,60.1
2024-05-30,14,926.0,61.2
2024-05-30,15,959.0,63.4
2024-05-30,16,941.0,64.4
2024-05-30,17,752.0,65.0
2024-05-30,18,672.0,65.2
2024-05-30,19,506.0,64.9
2024-05-30,20,352.0,64.1
2024-05-30,21,169.0,62.7
2024-05-30,22,32.0,60.3
2024-05-30,23,0.0,57.2
2024-05-30,24,0.0,58.0
2024-05-31,1,0.0,56.0
2024-05-31,2,0.0,50.4
2024-05-31,3,0.0,48.9
2024-05-31,4,0.0,48.9
2024-05-31,5,0.0,48.3
2024-05-31,6,0.0,46.9
2024-05-31,7,0.0,45.9
2024-05-31,8,46.0,44.9
2024-05-31,9,202.0,51.1
2024-05-31,10,396.0,57.8
2024-05-31,11,585.0,60.5
2024-05-31,12,752.0,62.8
2024-05-31,13,880.0,64.8
2024-05-31,14,961.0,65.8
2024-05-31,15,986.0,67.3
2024-05-31,16,953.0,68.5
2024-05-31,17,867.0,69.2
2024-05-31,18,733.0,69.5
2024-05-31,19,563.0,69.3
2024-05-31,20,373.0,68.9
2024-05-31,21,182.0,67.4
2024-05-31,22,35.0,63.9
2024-05-31,23,0.0,60.3
2024-05-31,24,0.0,57.1
2024-06-01,1,0.0,53.6
2024-06-01,2,0.0,50.6
2024-06-01,3,0.0,47.3
2024-06-01,4,0.0,45.2
2024-06-01,5,0.0,43.8
2024-06-01,6,0.0,43.4
2024-06-01,7,0.0,42.6
2024-06-01,8,37.0,44.5
2024-06-01,9,150.0,53.8
2024-06-01,10,358.0,60.5
2024-06-01,11,506.0,65.8
2024-06-01,12,677.0,69.8
2024-06-01,13,864.0,73.0
2024-06-01,14,942.0,73.7
2024-06-01,15,920.0,74.5
2024-06-01,16,865.0,75.2
2024-06-01,17,807.0,75.8
2024-06-01,18,698.0,76.1
2024-06-01,19,537.0,75.9
2024-06-01,20,340.0,75.0
2024-06-01,21,132.0,73.4
2024-06-01,22,26.0,71.7
2024-06-01,23,0.0,68.9
2024-06-01,24,0.0,65.1
2024-06-02,1,0.0,61.2
2024-06-02,2,0.0,58.8
2024-06-02,3,0.0,58.5
2024-06-02,4,0.0,58.3
2024-06-02,5,0.0,57.0
2024-06-02,6,0.0,56.5
2024-06-02,7,0.0,55.4
2024-06-02,8,36.0,54.0
2024-06-02,9,70.0,59.9
2024-06-02,10,271.0,63.7
2024-06-02,11,446.0,66.8
2024-06-02,12,607.0,69.3
2024-06-02,13,687.0,72.0
2024-06-02,14,549.0,72.9
2024-06-02,15,597.0,74.0
2024-06-02,16,651.0,74.3
2024-06-02,17,410.0,74.7
2024-06-02,18,310.0,75.2
2024-06-02,19,281.0,74.5
2024-06-02,20,190.0,74.1
2024-06-02,21,94.0,72.7
2024-06-02,22,22.0,69.8
2024-06-02,23,0.0,68.3
2024-06-02,24,0.0,67.7
2024-06-03,1,0.0,65.6
2024-06-03,2,0.0,66.4
2024-06-03,3,0.0,64.4
2024-06-03,4,0.0,62.9
2024-06-03,5,0.0,62.0
2024-06-03,6,0.0,61.5
2024-06-03,7,0.0,61.1
2024-06-03,8,29.0,61.2
2024-06-03,9,65.0,60.7
2024-06-03,10,308.0,64.1
2024-06-03,11,357.0,66.2
2024-06-03,12,240.0,67.3
2024-06-03,13,400.0,67.7
2024-06-03,14,356.0,67.1
2024-06-03,15,193.0,65.1
2024-06-03,16,225.0,64.1
2024-06-03,17,109.0,64.2
2024-06-03,18,148.0,64.6
2024-06-03,19,96.0,65.1
2024-06-03,20,69.0,65.6
2024-06-03,21,58.0,64.2
2024-06-03,22,25.0,62.4
2024-06-03,23,0.0,60.8
2024-06-03,24,0.0,60.3
2024-06-04,1,0.0,59.5
2024-06-04,2,0.0,59.0
2024-06-04,3,0.0,57.4
2024-06-04,4,0.0,56.2
2024-06-04,5,0.0,55.4
2024-06-04,6,0.0,55.9
2024-06-04,7,0.0,56.2
2024-06-04,8,44.0,56.5
2024-06-04,9,157.0,57.0
2024-06-04,10,368.0,58.8
2024-06-04,11,564.0,60.5
2024-06-04,12,712.0,62.7
2024-06-04,13,843.0,64.9
2024-06-04,14,907.0,66.4
2024-06-04,15,949.0,68.5
2024-06-04,16,928.0,70.4
2024-06-04,17,838.0,72.1
2024-06-04,18,699.0,73.0
2024-06-04,19,478.0,72.9
2024-06-04,20,249.0,71.8
2024-06-04,21,149.0,69.7
2024-06-04,22,37.0,67.3
2024-06-04,23,0.0,63.7
2024-06-04,24,0.0,62.8
2024-06-05,1,0.0,62.1
2024-06-05,2,0.0,63.4
2024-06-05,3,0.0,62.4
2024-06-05,4,0.0,61.1
2024-06-05,5,0.0,60.0
2024-06-05,6,0.0,58.8
2024-06-05,7,0.0,57.8
2024-06-05,8,48.0,57.3
2024-06-05,9,198.0,60.5
2024-06-05,10,382.0,67.9
2024-06-05,11,565.0,71.1
2024-06-05,12,727.0,73.6
2024-06-05,13,853.0,76.0
2024-06-05,14,920.0,76.9
2024-06-05,15,933.0,78.7
2024-06-05,16,872.0,80.0
2024-06-05,17,827.0,81.2
2024-06-05,18,696.0,81.7
2024-06-05,19,540.0,81.7
2024-06-05,20,362.0,81.0
2024-06-05,21,183.0,79.4
2024-06-05,22,39.0,77.2
2024-06-05,23,0.0,75.1
2024-06-05,24,0.0,72.4
2024-06-06,1,0.0,69.7
2024-06-06,2,0.0,67.4
2024-06-06,3,0.0,65.4
2024-06-06,4,0.0,63.5
2024-06-06,5,0.0,61.2
2024-06-06,6,0.0,58.8
2024-06-06,7,0.0,56.1
2024-06-06,8,51.0,54.7
2024-06-06,9,205.0,61.2
2024-06-06,10,392.0,69.8
2024-06-06,11,577.0,74.5
2024-06-06,12,740.0,77.7
2024-06-06,13,866.0,80.2
2024-06-06,14,946.0,81.6
2024-06-06,15,971.0,83.2
2024-06-06,16,940.0,84.4
2024-06-06,17,856.0,85.2
2024-06-06,18,718.0,85.4
2024-06-06,19,544.0,85.2
2024-06-06,20,360.0,84.4
2024-06-06,21,176.0,81.7
2024-06-06,22,36.0,77.8
2024-06-06,23,0.0,73.1
2024-06-06,24,0.0,70.5
2024-06-07,1,0.0,67.0
2024-06-07,2,0.0,70.3
2024-06-07,3,0.0,69.1
2024-06-07,4,0.0,65.8
2024-06-07,5,0.0,63.3
2024-06-07,6,0.0,61.3
2024-06-07,7,0.0,59.3
2024-06-07,8,46.0,59.9
2024-06-07,9,177.0,64.8
2024-06-07,10,192.0,71.5
2024-06-07,11,302.0,76.5
2024-06-07,12,686.0,79.9
2024-06-07,13,844.0,82.2
2024-06-07,14,911.0,81.5
2024-06-07,15,925.0,83.0
2024-06-07,16,880.0,84.2
2024-06-07,17,646.0,84.4
2024-06-07,18,380.0,83.4
2024-06-07,19,280.0,82.6
2024-06-07,20,91.0,79.2
2024-06-07,21,55.0,75.2
2024-06-07,22,17.0,73.6
2024-06-07,23,0.0,71.1
2024-06-07,24,0.0,70.6
2024-06-08,1,0.0,70.8
2024-06-08,2,0.0,67.9
2024-06-08,3,0.0,67.0
2024-06-08,4,0.0,67.3
2024-06-08,5,0.0,66.6
2024-06-08,6,0.0,65.7
2024-06-08,7,0.0,63.7
2024-06-08,8,48.0,62.0
2024-06-08,9,195.0,67.3
2024-06-08,10,378.0,72.7
2024-06-08,11,560.0,75.3
2024-06-08,12,721.0,76.7
2024-06-08,13,845.0,78.3
2024-06-08,14,897.0,79.0
2024-06-08,15,920.0,80.0
2024-06-08,16,854.0,80.9
2024-06-08,17,779.0,81.5
2024-06-08,18,668.0,81.7
2024-06-08,19,455.0,81.5
2024-06-08,20,264.0,80.8
2024-06-08,21,160.0,79.0
2024-06-08,22,40.0,76.5
2024-06-08,23,0.0,72.7
2024-06-08,24,0.0,70.4
2024-06-09,1,0.0,70.8
2024-06-09,2,0.0,69.0
2024-06-09,3,0.0,66.4
2024-06-09,4,0.0,63.2
2024-06-09,5,0.0,60.7
2024-06-09,6,0.0,59.8
2024-06-09,7,0.0,59.3
2024-06-09,8,31.0,60.9
2024-06-09,9,148.0,66.1
2024-06-09,10,315.0,71.7
2024-06-09,11,510.0,77.8
2024-06-09,12,674.0,80.5
2024-06-09,13,837.0,81.7
2024-06-09,14,918.0,83.7
2024-06-09,15,857.0,85.3
2024-06-09,16,806.0,86.2
2024-06-09,17,682.0,86.8
2024-06-09,18,588.0,86.7
2024-06-09,19,471.0,86.3
2024-06-09,20,236.0,85.8
2024-06-09,21,126.0,83.8
2024-06-09,22,39.0,78.7
2024-06-09,23,0.0,73.9
2024-06-09,24,0.0,70.8
2024-06-10,1,0.0,68.3
2024-06-10,2,0.0,62.7
2024-06-10,3,0.0,60.8
2024-06-10,4,0.0,59.7
2024-06-10,5,0.0,59.2
2024-06-10,6,0.0,58.8
2024-06-10,7,0.0,57.6
2024-06-10,8,49.0,58.6
2024-06-10,9,196.0,64.3
2024-06-10,10,373.0,68.5
2024-06-10,11,557.0,71.6
2024-06-10,12,719.0,73.8
2024-06-10,13,849.0,75.9
2024-06-10,14,927.0,76.4
2024-06-10,15,923.0,78.1
2024-06-10,16,918.0,79.2
2024-06-10,17,854.0,80.2
2024-06-10,18,716.0,80.7
2024-06-10,19,558.0,80.5
2024-06-10,20,375.0,79.4
2024-06-10,21,191.0,77.9
2024-06-10,22,44.0,75.3
2024-06-10,23,0.0,73.7
2024-06-10,24,0.0,71.2
2024-06-11,1,0.0,69.1
2024-06-11,2,0.0,66.4
2024-06-11,3,0.0,64.4
2024-06-11,4,0.0,62.5
2024-06-11,5,0.0,60.6
2024-06-11,6,0.0,59.1
2024-06-11,7,0.0,57.5
2024-06-11,8,52.0,57.2
2024-06-11,9,205.0,62.2
2024-06-11,10,391.0,69.9
2024-06-11,11,576.0,73.6
2024-06-11,12,738.0,75.9
2024-06-11,13,864.0,78.0
2024-06-11,14,943.0,79.7
2024-06-11,15,967.0,81.3
2024-06-11,16,937.0,82.4
2024-06-11,17,854.0,83.0
2024-06-11,18,726.0,83.3
2024-06-11,19,562.0,83.0
2024-06-11,20,372.0,82.2
2024-06-11,21,187.0,80.1
2024-06-11,22,44.0,77.5
2024-06-11,23,0.0,73.6
2024-06-11,24,0.0,71.9
2024-06-12,1,0.0,72.0
2024-06-12,2,0.0,73.5
2024-06-12,3,0.0,71.3
2024-06-12,4,0.0,67.8
2024-06-12,5,0.0,65.3
2024-06-12,6,0.0,63.5
2024-06-12,7,0.0,61.7
2024-06-12,8,51.0,61.0
2024-06-12,9,201.0,66.9
2024-06-12,10,386.0,74.4
2024-06-12,11,569.0,79.0
2024-06-12,12,733.0,81.7
2024-06-12,13,859.0,83.5
2024-06-12,14,937.0,84.5
2024-06-12,15,936.0,86.0
2024-06-12,16,853.0,87.4
2024-06-12,17,762.0,88.9
2024-06-12,18,631.0,90.2
2024-06-12,19,499.0,90.4
2024-06-12,20,366.0,88.7
2024-06-12,21,166.0,82.5
2024-06-12,22,35.0,79.0
2024-06-12,23,0.0,75.8
2024-06-12,24,0.0,72.9
2024-06-13,1,0.0,72.0
2024-06-13,2,0.0,70.7
2024-06-13,3,0.0,64.7
2024-06-13,4,0.0,65.2
2024-06-13,5,0.0,60.6
2024-06-13,6,0.0,60.1
2024-06-13,7,0.0,60.4
2024-06-13,8,49.0,63.7
2024-06-13,9,198.0,66.7
2024-06-13,10,384.0,70.5
2024-06-13,11,555.0,76.9
2024-06-13,12,717.0,80.5
2024-06-13,13,854.0,83.6
2024-06-13,14,934.0,86.2
2024-06-13,15,963.0,89.2
2024-06-13,16,938.0,90.2
2024-06-13,17,856.0,91.1
2024-06-13,18,730.0,91.9
2024-06-13,19,569.0,91.4
2024-06-13,20,381.0,89.7
2024-06-13,21,195.0,84.1
2024-06-13,22,47.0,79.3
2024-06-13,23,0.0,78.9
2024-06-13,24,0.0,80.7
2024-06-14,1,0.0,80.0
2024-06-14,2,0.0,72.6
2024-06-14,3,0.0,70.4
2024-06-14,4,0.0,68.5
2024-06-14,5,0.0,70.9
2024-06-14,6,0.0,73.7
2024-06-14,7,0.0,74.2
2024-06-14,8,46.0,72.8
2024-06-14,9,177.0,76.9
2024-06-14,10,387.0,79.6
2024-06-14,11,574.0,81.8
2024-06-14,12,733.0,84.6
2024-06-14,13,858.0,85.3
2024-06-14,14,942.0,86.0
2024-06-14,15,819.0,86.3
2024-06-14,16,891.0,87.4
2024-06-14,17,809.0,89.5
2024-06-14,18,627.0,88.6
2024-06-14,19,458.0,89.4
2024-06-14,20,320.0,88.0
2024-06-14,21,183.0,82.8
2024-06-14,22,41.0,75.1
2024-06-14,23,0.0,71.4
2024-06-14,24,0.0,67.2
2024-06-15,1,0.0,67.1
2024-06-15,2,0.0,66.0
2024-06-15,3,0.0,63.3
2024-06-15,4,0.0,62.5
2024-06-15,5,0.0,69.7
2024-06-15,6,0.0,65.6
2024-06-15,7,0.0,64.3
2024-06-15,8,33.0,65.2
2024-06-15,9,93.0,68.3
2024-06-15,10,275.0,73.3
2024-06-15,11,559.0,76.0
2024-06-15,12,742.0,78.8
2024-06-15,13,872.0,81.3
2024-06-15,14,955.0,82.7
2024-06-15,15,986.0,84.4
2024-06-15,16,959.0,85.1
2024-06-15,17,871.0,83.9
2024-06-15,18,732.0,84.1
2024-06-15,19,474.0,84.6
2024-06-15,20,278.0,85.0
2024-06-15,21,160.0,75.3
2024-06-15,22,29.0,69.7
2024-06-15,23,0.0,64.3
2024-06-15,24,0.0,61.6
2024-06-16,1,0.0,62.1
2024-06-16,2,0.0,61.0
2024-06-16,3,0.0,56.6
2024-06-16,4,0.0,56.3
2024-06-16,5,0.0,55.1
2024-06-16,6,0.0,54.1
2024-06-16,7,0.0,55.5
2024-06-16,8,36.0,55.9
2024-06-16,9,161.0,56.6
2024-06-16,10,359.0,58.1
2024-06-16,11,569.0,60.7
2024-06-16,12,672.0,63.8
2024-06-16,13,710.0,65.2
2024-06-16,14,832.0,67.3
2024-06-16,15,885.0,69.8
2024-06-16,16,950.0,71.4
2024-06-16,17,864.0,73.7
2024-06-16,18,738.0,74.8
2024-06-16,19,573.0,75.4
2024-06-16,20,391.0,74.9
2024-06-16,21,196.0,72.0
2024-06-16,22,48.0,67.5
2024-06-16,23,0.0,64.6
2024-06-16,24,0.0,64.5
2024-06-17,1,0.0,65.7
2024-06-17,2,0.0,63.7
2024-06-17,3,0.0,62.5
2024-06-17,4,0.0,61.7
2024-06-17,5,0.0,58.4
2024-06-17,6,0.0,58.4
2024-06-17,7,0.0,53.8
2024-06-17,8,49.0,54.4
2024-06-17,9,160.0,55.2
2024-06-17,10,338.0,55.8
2024-06-17,11,561.0,57.3
2024-06-17,12,697.0,59.9
2024-06-17,13,697.0,60.7
2024-06-17,14,768.0,60.8
2024-06-17,15,781.0,60.9
2024-06-17,16,719.0,61.0
2024-06-17,17,647.0,52.9
2024-06-17,18,148.0,51.6
2024-06-17,19,93.0,52.8
2024-06-17,20,59.0,53.5
2024-06-17,21,43.0,52.9
2024-06-17,22,48.0,49.9
2024-06-17,23,0.0,48.5
2024-06-17,24,0.0,46.6
2024-06-18,1,0.0,44.1
2024-06-18,2,0.0,43.6
2024-06-18,3,0.0,42.4
2024-06-18,4,0.0,45.4
2024-06-18,5,0.0,42.3
2024-06-18,6,0.0,41.3
2024-06-18,7,0.0,40.2
2024-06-18,8,52.0,38.4
2024-06-18,9,208.0,44.7
2024-06-18,10,400.0,47.2
2024-06-18,11,590.0,52.1
2024-06-18,12,759.0,54.7
2024-06-18,13,894.0,56.3
2024-06-18,14,977.0,57.4
2024-06-18,15,1008.0,59.9
2024-06-18,16,987.0,61.2
2024-06-18,17,902.0,63.4
2024-06-18,18,771.0,64.5
2024-06-18,19,600.0,64.8
2024-06-18,20,405.0,65.1
2024-06-18,21,212.0,63.8
2024-06-18,22,53.0,64.0
2024-06-18,23,0.0,59.6
2024-06-18,24,0.0,56.8
2024-06-19,1,0.0,54.9
2024-06-19,2,0.0,52.8
2024-06-19,3,0.0,46.5
2024-06-19,4,0.0,45.3
2024-06-19,5,0.0,42.7
2024-06-19,6,0.0,42.4
2024-06-19,7,0.0,42.4
2024-06-19,8,53.0,43.5
2024-06-19,9,211.0,49.5
2024-06-19,10,402.0,56.5
2024-06-19,11,591.0,60.3
2024-06-19,12,756.0,66.2
2024-06-19,13,885.0,68.2
2024-06-19,14,968.0,69.7
2024-06-19,15,990.0,71.5
2024-06-19,16,956.0,73.0
2024-06-19,17,889.0,75.1
2024-06-19,18,759.0,75.0
2024-06-19,19,576.0,75.1
2024-06-19,20,396.0,75.1
2024-06-19,21,206.0,72.6
2024-06-19,22,51.0,68.0
2024-06-19,23,0.0,64.9
2024-06-19,24,0.0,61.3
2024-06-20,1,0.0,58.2
2024-06-20,2,0.0,57.7
2024-06-20,3,0.0,56.1
2024-06-20,4,0.0,55.1
2024-06-20,5,0.0,53.9
2024-06-20,6,0.0,54.8
2024-06-20,7,0.0,55.9
2024-06-20,8,40.0,55.7
2024-06-20,9,199.0,59.8
2024-06-20,10,390.0,62.8
2024-06-20,11,576.0,69.2
2024-06-20,12,741.0,74.5
2024-06-20,13,871.0,76.5
2024-06-20,14,878.0,78.6
2024-06-20,15,779.0,81.7
2024-06-20,16,713.0,83.3
2024-06-20,17,714.0,85.1
2024-06-20,18,621.0,85.7
2024-06-20,19,548.0,84.3
2024-06-20,20,388.0,83.5
2024-06-20,21,202.0,78.7
2024-06-20,22,50.0,74.0
2024-06-20,23,0.0,72.2
2024-06-20,24,0.0,68.1
2024-06-21,1,0.0,65.4
2024-06-21,2,0.0,63.1
2024-06-21,3,0.0,61.1
2024-06-21,4,0.0,61.0
2024-06-21,5,0.0,60.7
2024-06-21,6,0.0,61.3
2024-06-21,7,0.0,61.7
2024-06-21,8,37.0,62.9
2024-06-21,9,152.0,67.9
2024-06-21,10,361.0,71.4
2024-06-21,11,515.0,74.3
2024-06-21,12,721.0,79.4
2024-06-21,13,829.0,81.5
2024-06-21,14,664.0,81.7
2024-06-21,15,684.0,81.7
2024-06-21,16,697.0,81.3
2024-06-21,17,604.0,86.2
2024-06-21,18,581.0,87.4
2024-06-21,19,513.0,85.1
2024-06-21,20,260.0,84.3
2024-06-21,21,187.0,80.5
2024-06-21,22,50.0,76.1
2024-06-21,23,0.0,75.3
2024-06-21,24,0.0,73.0
2024-06-22,1,0.0,70.8
2024-06-22,2,0.0,67.0
2024-06-22,3,0.0,63.2
2024-06-22,4,0.0,62.4
2024-06-22,5,0.0,60.3
2024-06-22,6,0.0,59.1
2024-06-22,7,0.0,57.7
2024-06-22,8,48.0,62.2
2024-06-22,9,196.0,67.8
2024-06-22,10,382.0,72.0
2024-06-22,11,565.0,77.7
2024-06-22,12,733.0,81.1
2024-06-22,13,857.0,84.1
2024-06-22,14,942.0,85.7
2024-06-22,15,851.0,88.1
2024-06-22,16,894.0,89.9
2024-06-22,17,849.0,92.2
2024-06-22,18,734.0,92.3
2024-06-22,19,570.0,92.0
2024-06-22,20,383.0,89.4
2024-06-22,21,199.0,84.3
2024-06-22,22,50.0,77.8
2024-06-22,23,0.0,79.3
2024-06-22,24,0.0,80.3
2024-06-23,1,0.0,78.2
2024-06-23,2,0.0,76.8
2024-06-23,3,0.0,73.4
2024-06-23,4,0.0,69.6
2024-06-23,5,0.0,61.8
2024-06-23,6,0.0,62.7
2024-06-23,7,0.0,67.0
2024-06-23,8,48.0,67.9
2024-06-23,9,199.0,74.4
2024-06-23,10,384.0,80.2
2024-06-23,11,568.0,84.0
2024-06-23,12,730.0,86.5
2024-06-23,13,856.0,89.2
2024-06-23,14,941.0,91.4
2024-06-23,15,970.0,93.5
2024-06-23,16,945.0,94.9
2024-06-23,17,864.0,95.7
2024-06-23,18,736.0,96.2
2024-06-23,19,577.0,96.0
2024-06-23,20,392.0,95.2
2024-06-23,21,204.0,90.3
2024-06-23,22,51.0,83.0
2024-06-23,23,0.0,85.2
2024-06-23,24,0.0,82.3
2024-06-24,1,0.0,81.3
2024-06-24,2,0.0,76.4
2024-06-24,3,0.0,71.1
2024-06-24,4,0.0,68.7
2024-06-24,5,0.0,62.9
2024-06-24,6,0.0,61.7
2024-06-24,7,0.0,61.6
2024-06-24,8,44.0,63.7
2024-06-24,9,174.0,70.2
2024-06-24,10,358.0,78.8
2024-06-24,11,556.0,83.2
2024-06-24,12,726.0,86.2
2024-06-24,13,854.0,88.3
2024-06-24,14,939.0,89.8
2024-06-24,15,948.0,91.5
2024-06-24,16,912.0,93.4
2024-06-24,17,810.0,94.6
2024-06-24,18,699.0,94.9
2024-06-24,19,581.0,95.2
2024-06-24,20,391.0,94.0
2024-06-24,21,204.0,87.9
2024-06-24,22,52.0,88.0
2024-06-24,23,0.0,76.2
2024-06-24,24,0.0,70.6
2024-06-25,1,0.0,70.0
2024-06-25,2,0.0,70.2
2024-06-25,3,0.0,66.1
2024-06-25,4,0.0,64.1
2024-06-25,5,0.0,59.9
2024-06-25,6,0.0,58.9
2024-06-25,7,0.0,58.0
2024-06-25,8,46.0,62.3
2024-06-25,9,184.0,68.6
2024-06-25,10,341.0,73.5
2024-06-25,11,489.0,77.7
2024-06-25,12,688.0,82.3
2024-06-25,13,770.0,84.6
2024-06-25,14,920.0,87.4
2024-06-25,15,953.0,89.9
2024-06-25,16,936.0,91.0
2024-06-25,17,769.0,94.4
2024-06-25,18,714.0,94.5
2024-06-25,19,544.0,95.1
2024-06-25,20,354.0,94.9
2024-06-25,21,189.0,90.4
2024-06-25,22,42.0,81.0
2024-06-25,23,0.0,80.7
2024-06-25,24,0.0,81.3
2024-06-26,1,0.0,80.5
2024-06-26,2,0.0,78.8
2024-06-26,3,0.0,71.9
2024-06-26,4,0.0,71.2
2024-06-26,5,0.0,70.1
2024-06-26,6,0.0,71.7
2024-06-26,7,0.0,72.6
2024-06-26,8,27.0,73.3
2024-06-26,9,116.0,72.0
2024-06-26,10,145.0,69.9
2024-06-26,11,372.0,71.3
2024-06-26,12,638.0,75.9
2024-06-26,13,834.0,79.6
2024-06-26,14,914.0,81.9
2024-06-26,15,943.0,83.3
2024-06-26,16,917.0,85.2
2024-06-26,17,824.0,84.5
2024-06-26,18,715.0,84.0
2024-06-26,19,526.0,83.6
2024-06-26,20,330.0,83.4
2024-06-26,21,122.0,79.8
2024-06-26,22,28.0,78.0
2024-06-26,23,0.0,79.1
2024-06-26,24,0.0,75.5
2024-06-27,1,0.0,73.3
2024-06-27,2,0.0,75.7
2024-06-27,3,0.0,74.9
2024-06-27,4,0.0,74.1
2024-06-27,5,0.0,71.5
2024-06-27,6,0.0,71.2
2024-06-27,7,0.0,70.2
2024-06-27,8,35.0,72.7
2024-06-27,9,141.0,73.5
2024-06-27,10,307.0,74.5
2024-06-27,11,511.0,76.6
2024-06-27,12,647.0,81.2
2024-06-27,13,760.0,83.4
2024-06-27,14,855.0,83.8
2024-06-27,15,940.0,83.4
2024-06-27,16,939.0,83.8
2024-06-27,17,831.0,86.7
2024-06-27,18,581.0,86.6
2024-06-27,19,469.0,85.5
2024-06-27,20,336.0,84.0
2024-06-27,21,186.0,77.5
2024-06-27,22,47.0,73.7
2024-06-27,23,0.0,70.6
2024-06-27,24,0.0,68.1
2024-06-28,1,0.0,65.7
2024-06-28,2,0.0,66.2
2024-06-28,3,0.0,67.0
2024-06-28,4,0.0,65.8
2024-06-28,5,0.0,63.3
2024-06-28,6,0.0,62.1
2024-06-28,7,0.0,62.0
2024-06-28,8,46.0,58.4
2024-06-28,9,196.0,63.4
2024-06-28,10,382.0,65.9
2024-06-28,11,569.0,68.0
2024-06-28,12,730.0,71.2
2024-06-28,13,858.0,73.0
2024-06-28,14,928.0,75.3
2024-06-28,15,971.0,77.0
2024-06-28,16,938.0,78.2
2024-06-28,17,864.0,80.2
2024-06-28,18,735.0,80.7
2024-06-28,19,568.0,81.0
2024-06-28,20,388.0,81.7
2024-06-28,21,202.0,79.7
2024-06-28,22,51.0,73.4
2024-06-28,23,0.0,69.9
2024-06-28,24,0.0,63.3
2024-06-29,1,0.0,62.0
2024-06-29,2,0.0,59.9
2024-06-29,3,0.0,58.2
2024-06-29,4,0.0,56.3
2024-06-29,5,0.0,54.9
2024-06-29,6,0.0,55.4
2024-06-29,7,0.0,55.9
2024-06-29,8,42.0,57.7
2024-06-29,9,186.0,63.1
2024-06-29,10,368.0,67.7
2024-06-29,11,555.0,72.3
2024-06-29,12,719.0,75.6
2024-06-29,13,847.0,79.5
2024-06-29,14,929.0,83.1
2024-06-29,15,967.0,87.3
2024-06-29,16,947.0,89.3
2024-06-29,17,871.0,90.4
2024-06-29,18,738.0,91.6
2024-06-29,19,574.0,91.7
2024-06-29,20,388.0,91.8
2024-06-29,21,204.0,86.1
2024-06-29,22,51.0,87.7
2024-06-29,23,0.0,83.4
2024-06-29,24,0.0,73.7
2024-06-30,1,0.0,70.8
2024-06-30,2,0.0,69.4
2024-06-30,3,0.0,66.4
2024-06-30,4,0.0,64.9
2024-06-30,5,0.0,72.9
2024-06-30,6,0.0,73.8
2024-06-30,7,0.0,75.1
2024-06-30,8,44.0,72.8
2024-06-30,9,192.0,74.9
2024-06-30,10,378.0,80.5
2024-06-30,11,566.0,84.1
2024-06-30,12,724.0,89.0
2024-06-30,13,858.0,90.8
2024-06-30,14,945.0,91.2
2024-06-30,15,977.0,92.8
2024-06-30,16,955.0,93.2
2024-06-30,17,879.0,94.1
2024-06-30,18,750.0,93.9
2024-06-30,19,584.0,93.5
2024-06-30,20,401.0,92.1
2024-06-30,21,211.0,87.3
2024-06-30,22,51.0,82.7
2024-06-30,23,0.0,77.1
2024-06-30,24,0.0,72.4
2024-07-01,1,0.0,69.9
2024-07-01,2,0.0,69.4
2024-07-01,3,0.0,68.4
2024-07-01,4,0.0,67.8
2024-07-01,5,0.0,64.3
2024-07-01,6,0.0,65.6
2024-07-01,7,0.0,65.7
2024-07-01,8,29.0,64.3
2024-07-01,9,56.0,67.2
2024-07-01,10,161.0,70.1
2024-07-01,11,462.0,73.3
2024-07-01,12,638.0,75.1
2024-07-01,13,735.0,75.8
2024-07-01,14,875.0,77.8
2024-07-01,15,904.0,79.8
2024-07-01,16,905.0,80.4
2024-07-01,17,808.0,81.6
2024-07-01,18,626.0,80.8
2024-07-01,19,386.0,81.2
2024-07-01,20,233.0,80.2
2024-07-01,21,153.0,76.0
2024-07-01,22,35.0,72.3
2024-07-01,23,0.0,68.8
2024-07-01,24,0.0,66.3
2024-07-02,1,0.0,64.0
2024-07-02,2,0.0,63.8
2024-07-02,3,0.0,62.9
2024-07-02,4,0.0,62.5
2024-07-02,5,0.0,56.2
2024-07-02,6,0.0,52.5
2024-07-02,7,0.0,50.8
2024-07-02,8,41.0,53.0
2024-07-02,9,186.0,58.9
2024-07-02,10,370.0,64.0
2024-07-02,11,557.0,67.5
2024-07-02,12,722.0,71.0
2024-07-02,13,853.0,73.7
2024-07-02,14,936.0,75.7
2024-07-02,15,967.0,78.3
2024-07-02,16,942.0,79.5
2024-07-02,17,863.0,80.8
2024-07-02,18,737.0,81.7
2024-07-02,19,574.0,81.4
2024-07-02,20,384.0,81.2
2024-07-02,21,199.0,78.7
2024-07-02,22,49.0,71.0
2024-07-02,23,0.0,71.5
2024-07-02,24,0.0,72.0
2024-07-03,1,0.0,70.4
2024-07-03,2,0.0,69.6
2024-07-03,3,0.0,65.7
2024-07-03,4,0.0,63.4
2024-07-03,5,0.0,57.4
2024-07-03,6,0.0,56.3
2024-07-03,7,0.0,55.9
2024-07-03,8,40.0,57.6
2024-07-03,9,186.0,65.1
2024-07-03,10,372.0,69.7
2024-07-03,11,560.0,71.5
2024-07-03,12,725.0,74.5
2024-07-03,13,856.0,77.1
2024-07-03,14,939.0,79.1
2024-07-03,15,969.0,81.5
2024-07-03,16,959.3,82.9
2024-07-03,17,894.5,84.6
2024-07-03,18,782.5,84.4
2024-07-03,19,638.0,84.5
2024-07-03,20,435.0,82.7
2024-07-03,21,236.0,78.3
2024-07-03,22,63.0,71.6
2024-07-03,23,0.0,69.8
2024-07-03,24,0.0,64.3
2024-07-04,1,0.0,68.2
2024-07-04,2,0.0,68.6
2024-07-04,3,0.0,64.9
2024-07-04,4,0.0,56.9
2024-07-04,5,0.0,53.2
2024-07-04,6,0.0,50.8
2024-07-04,7,0.0,50.5
2024-07-04,8,47.0,54.4
2024-07-04,9,210.0,59.7
2024-07-04,10,407.0,64.7
2024-07-04,11,599.0,68.1
2024-07-04,12,770.0,72.5
2024-07-04,13,903.0,74.6
2024-07-04,14,989.0,76.6
2024-07-04,15,1020.0,79.9
2024-07-04,16,994.0,81.3
2024-07-04,17,913.0,83.5
2024-07-04,18,783.0,84.5
2024-07-04,19,616.0,84.9
2024-07-04,20,426.0,84.8
2024-07-04,21,230.0,82.1
2024-07-04,22,62.0,74.2
2024-07-04,23,0.0,74.5
2024-07-04,24,0.0,71.9
2024-07-05,1,0.0,67.0
2024-07-05,2,0.0,64.9
2024-07-05,3,0.0,59.8
2024-07-05,4,0.0,57.1
2024-07-05,5,0.0,52.9
2024-07-05,6,0.0,51.8
2024-07-05,7,0.0,51.7
2024-07-05,8,46.0,55.7
2024-07-05,9,209.0,63.5
2024-07-05,10,405.0,68.8
2024-07-05,11,598.0,72.0
2024-07-05,12,768.0,75.6
2024-07-05,13,901.0,79.1
2024-07-05,14,987.0,81.5
2024-07-05,15,1019.0,84.1
2024-07-05,16,995.0,85.9
2024-07-05,17,914.0,88.4
2024-07-05,18,785.0,89.6
2024-07-05,19,618.0,89.2
2024-07-05,20,427.0,88.9
2024-07-05,21,230.0,84.6
2024-07-05,22,61.0,80.0
2024-07-05,23,0.0,80.6
2024-07-05,24,0.0,75.0
2024-07-06,1,0.0,73.6
2024-07-06,2,0.0,72.4
2024-07-06,3,0.0,68.3
2024-07-06,4,0.0,66.7
2024-07-06,5,0.0,59.8
2024-07-06,6,0.0,57.1
2024-07-06,7,0.0,54.1
2024-07-06,8,44.0,57.5
2024-07-06,9,206.0,65.9
2024-07-06,10,402.0,71.7
2024-07-06,11,595.0,74.9
2024-07-06,12,765.0,80.0
2024-07-06,13,899.0,82.5
2024-07-06,14,985.0,85.1
2024-07-06,15,1016.0,87.9
2024-07-06,16,991.0,90.0
2024-07-06,17,915.0,91.8
2024-07-06,18,787.0,92.4
2024-07-06,19,622.0,92.2
2024-07-06,20,426.0,91.4
2024-07-06,21,227.0,87.4
2024-07-06,22,59.0,81.0
2024-07-06,23,0.0,75.8
2024-07-06,24,0.0,70.0
2024-07-07,1,0.0,72.1
2024-07-07,2,0.0,72.1
2024-07-07,3,0.0,67.6
2024-07-07,4,0.0,63.3
2024-07-07,5,0.0,54.7
2024-07-07,6,0.0,53.2
2024-07-07,7,0.0,53.8
2024-07-07,8,44.0,58.0
2024-07-07,9,206.0,67.6
2024-07-07,10,403.0,70.6
2024-07-07,11,597.0,74.2
2024-07-07,12,767.0,78.7
2024-07-07,13,900.0,82.4
2024-07-07,14,984.0,84.6
2024-07-07,15,1015.0,85.8
2024-07-07,16,992.0,87.3
2024-07-07,17,914.0,89.3
2024-07-07,18,783.0,89.8
2024-07-07,19,619.0,89.8
2024-07-07,20,429.0,89.2
2024-07-07,21,228.0,85.7
2024-07-07,22,60.0,77.1
2024-07-07,23,0.0,73.3
2024-07-07,24,0.0,74.2
2024-07-08,1,0.0,72.5
2024-07-08,2,0.0,67.5
2024-07-08,3,0.0,62.1
2024-07-08,4,0.0,60.7
2024-07-08,5,0.0,57.5
2024-07-08,6,0.0,56.7
2024-07-08,7,0.0,55.7
2024-07-08,8,42.0,57.9
2024-07-08,9,201.0,66.0
2024-07-08,10,396.0,70.9
2024-07-08,11,588.0,74.6
2024-07-08,12,757.0,80.7
2024-07-08,13,889.0,83.3
2024-07-08,14,974.0,85.3
2024-07-08,15,1006.0,87.6
2024-07-08,16,983.0,88.5
2024-07-08,17,904.0,90.3
2024-07-08,18,777.0,91.3
2024-07-08,19,612.0,90.1
2024-07-08,20,422.0,90.1
2024-07-08,21,226.0,85.7
2024-07-08,22,58.0,80.9
2024-07-08,23,0.0,80.8
2024-07-08,24,0.0,78.6
2024-07-09,1,0.0,77.7
2024-07-09,2,0.0,75.2
2024-07-09,3,0.0,70.6
2024-07-09,4,0.0,68.2
2024-07-09,5,0.0,62.2
2024-07-09,6,0.0,61.3
2024-07-09,7,0.0,60.7
2024-07-09,8,41.0,63.7
2024-07-09,9,200.0,69.7
2024-07-09,10,394.0,73.7
2024-07-09,11,586.0,80.0
2024-07-09,12,756.0,86.8
2024-07-09,13,889.0,87.9
2024-07-09,14,952.0,89.7
2024-07-09,15,966.0,91.1
2024-07-09,16,963.0,92.2
2024-07-09,17,903.0,94.7
2024-07-09,18,776.0,94.8
2024-07-09,19,600.0,94.9
2024-07-09,20,420.0,94.7
2024-07-09,21,224.0,90.4
2024-07-09,22,58.0,84.1
2024-07-09,23,0.0,86.8
2024-07-09,24,0.0,83.4
2024-07-10,1,0.0,80.3
2024-07-10,2,0.0,77.8
2024-07-10,3,0.0,74.9
2024-07-10,4,0.0,71.1
2024-07-10,5,0.0,64.5
2024-07-10,6,0.0,63.5
2024-07-10,7,0.0,62.3
2024-07-10,8,40.0,64.2
2024-07-10,9,197.0,71.3
2024-07-10,10,391.0,75.5
2024-07-10,11,582.0,81.9
2024-07-10,12,752.0,86.7
2024-07-10,13,875.0,90.3
2024-07-10,14,952.0,92.5
2024-07-10,15,963.0,95.0
2024-07-10,16,789.0,96.9
2024-07-10,17,769.0,99.4
2024-07-10,18,661.0,100.5
2024-07-10,19,539.0,100.3
2024-07-10,20,413.0,99.8
2024-07-10,21,221.0,90.8
2024-07-10,22,56.0,85.5
2024-07-10,23,0.0,88.6
2024-07-10,24,0.0,84.9
2024-07-11,1,0.0,82.5
2024-07-11,2,0.0,79.4
2024-07-11,3,0.0,76.4
2024-07-11,4,0.0,71.3
2024-07-11,5,0.0,68.8
2024-07-11,6,0.0,67.4
2024-07-11,7,0.0,66.6
2024-07-11,8,39.0,67.3
2024-07-11,9,197.0,74.0
2024-07-11,10,392.0,78.7
2024-07-11,11,586.0,85.2
2024-07-11,12,757.0,90.2
2024-07-11,13,887.0,92.5
2024-07-11,14,978.0,94.6
2024-07-11,15,963.0,97.4
2024-07-11,16,968.0,99.4
2024-07-11,17,881.0,101.0
2024-07-11,18,755.0,101.8
2024-07-11,19,586.0,101.6
2024-07-11,20,421.0,100.8
2024-07-11,21,225.0,93.0
2024-07-11,22,56.0,92.1
2024-07-11,23,0.0,89.3
2024-07-11,24,0.0,85.0
2024-07-12,1,0.0,83.4
2024-07-12,2,0.0,77.8
2024-07-12,3,0.0,72.1
2024-07-12,4,0.0,70.7
2024-07-12,5,0.0,65.9
2024-07-12,6,0.0,66.1
2024-07-12,7,0.0,65.2
2024-07-12,8,37.0,66.1
2024-07-12,9,191.0,73.6
2024-07-12,10,369.0,78.9
2024-07-12,11,544.0,83.2
2024-07-12,12,721.0,88.2
2024-07-12,13,832.0,91.2
2024-07-12,14,965.0,93.7
2024-07-12,15,954.0,96.8
2024-07-12,16,869.0,98.7
2024-07-12,17,821.0,100.3
2024-07-12,18,670.0,100.3
2024-07-12,19,543.0,100.5
2024-07-12,20,363.0,99.5
2024-07-12,21,147.0,91.0
2024-07-12,22,44.0,89.7
2024-07-12,23,0.0,85.5
2024-07-12,24,0.0,77.4
2024-07-13,1,0.0,74.2
2024-07-13,2,0.0,74.1
2024-07-13,3,0.0,69.8
2024-07-13,4,0.0,70.6
2024-07-13,5,0.0,67.9
2024-07-13,6,0.0,67.9
2024-07-13,7,0.0,67.0
2024-07-13,8,30.0,68.3
2024-07-13,9,165.0,74.0
2024-07-13,10,366.0,80.0
2024-07-13,11,547.0,83.1
2024-07-13,12,713.0,87.7
2024-07-13,13,848.0,91.1
2024-07-13,14,905.0,94.0
2024-07-13,15,888.0,95.9
2024-07-13,16,776.0,96.6
2024-07-13,17,670.0,97.6
2024-07-13,18,544.0,92.2
2024-07-13,19,396.0,93.9
2024-07-13,20,292.0,94.0
2024-07-13,21,165.0,89.6
2024-07-13,22,45.0,90.6
2024-07-13,23,0.0,85.9
2024-07-13,24,0.0,82.0
2024-07-14,1,0.0,82.8
2024-07-14,2,0.0,81.4
2024-07-14,3,0.0,79.5
2024-07-14,4,0.0,78.7
2024-07-14,5,0.0,76.5
2024-07-14,6,0.0,76.1
2024-07-14,7,0.0,76.2
2024-07-14,8,9.0,77.0
2024-07-14,9,49.0,77.9
2024-07-14,10,182.0,81.1
2024-07-14,11,441.0,84.1
2024-07-14,12,515.0,87.7
2024-07-14,13,733.0,90.6
2024-07-14,14,865.0,91.4
2024-07-14,15,845.0,91.4
2024-07-14,16,717.0,93.5
2024-07-14,17,659.0,95.1
2024-07-14,18,600.0,96.6
2024-07-14,19,476.0,94.5
2024-07-14,20,327.0,92.5
2024-07-14,21,172.0,87.9
2024-07-14,22,45.0,81.6
2024-07-14,23,0.0,76.5
2024-07-14,24,0.0,79.4
2024-07-15,1,0.0,74.4
2024-07-15,2,0.0,71.3
2024-07-15,3,0.0,68.8
2024-07-15,4,0.0,68.3
2024-07-15,5,0.0,66.2
2024-07-15,6,0.0,66.0
2024-07-15,7,0.0,65.5
2024-07-15,8,32.0,67.7
2024-07-15,9,174.0,72.1
2024-07-15,10,361.0,77.1
2024-07-15,11,548.0,80.9
2024-07-15,12,683.0,84.2
2024-07-15,13,839.0,85.0
2024-07-15,14,924.0,87.2
2024-07-15,15,876.0,89.8
2024-07-15,16,906.0,90.2
2024-07-15,17,813.0,90.5
2024-07-15,18,680.0,91.0
2024-07-15,19,476.0,91.3
2024-07-15,20,272.0,84.8
2024-07-15,21,136.0,82.3
2024-07-15,22,42.0,81.8
2024-07-15,23,0.0,79.9
2024-07-15,24,0.0,78.4
2024-07-16,1,0.0,77.9
2024-07-16,2,0.0,75.7
2024-07-16,3,0.0,75.1
2024-07-16,4,0.0,73.3
2024-07-16,5,0.0,62.5
2024-07-16,6,0.0,61.7
2024-07-16,7,0.0,62.1
2024-07-16,8,32.0,63.4
2024-07-16,9,181.0,69.8
2024-07-16,10,372.0,74.3
2024-07-16,11,557.0,78.0
2024-07-16,12,721.0,82.6
2024-07-16,13,848.0,84.7
2024-07-16,14,940.0,86.2
2024-07-16,15,932.0,89.1
2024-07-16,16,912.0,90.6
2024-07-16,17,839.0,91.3
2024-07-16,18,709.0,92.2
2024-07-16,19,570.0,91.6
2024-07-16,20,390.0,92.2
2024-07-16,21,185.0,87.7
2024-07-16,22,47.0,82.9
2024-07-16,23,0.0,80.6
2024-07-16,24,0.0,80.4
2024-07-17,1,0.0,79.6
2024-07-17,2,0.0,77.6
2024-07-17,3,0.0,75.3
2024-07-17,4,0.0,73.8
2024-07-17,5,0.0,66.7
2024-07-17,6,0.0,65.4
2024-07-17,7,0.0,64.4
2024-07-17,8,31.0,66.0
2024-07-17,9,180.0,71.3
2024-07-17,10,372.0,75.1
2024-07-17,11,563.0,81.0
2024-07-17,12,728.0,86.3
2024-07-17,13,858.0,88.6
2024-07-17,14,916.0,90.1
2024-07-17,15,901.0,91.8
2024-07-17,16,848.0,92.7
2024-07-17,17,684.0,93.6
2024-07-17,18,368.0,91.7
2024-07-17,19,436.0,91.9
2024-07-17,20,335.0,89.8
2024-07-17,21,191.0,84.9
2024-07-17,22,45.0,81.7
2024-07-17,23,0.0,77.8
2024-07-17,24,0.0,75.3
2024-07-18,1,0.0,74.5
2024-07-18,2,0.0,73.2
2024-07-18,3,0.0,69.9
2024-07-18,4,0.0,68.6
2024-07-18,5,0.0,64.6
2024-07-18,6,0.0,64.1
2024-07-18,7,0.0,63.5
2024-07-18,8,29.0,65.1
2024-07-18,9,178.0,71.0
2024-07-18,10,371.0,76.4
2024-07-18,11,561.0,80.5
2024-07-18,12,731.0,86.8
2024-07-18,13,864.0,90.3
2024-07-18,14,942.0,93.4
2024-07-18,15,986.0,96.1
2024-07-18,16,723.0,95.9
2024-07-18,17,683.0,91.0
2024-07-18,18,574.0,91.7
2024-07-18,19,463.0,92.0
2024-07-18,20,218.0,88.8
2024-07-18,21,151.0,82.9
2024-07-18,22,41.0,84.4
2024-07-18,23,0.0,77.5
2024-07-18,24,0.0,76.0
2024-07-19,1,0.0,75.9
2024-07-19,2,0.0,75.2
2024-07-19,3,0.0,69.6
2024-07-19,4,0.0,69.4
2024-07-19,5,0.0,74.4
2024-07-19,6,0.0,73.6
2024-07-19,7,0.0,73.6
2024-07-19,8,26.0,73.1
2024-07-19,9,154.0,74.3
2024-07-19,10,320.0,76.7
2024-07-19,11,493.0,80.3
2024-07-19,12,679.0,83.6
2024-07-19,13,839.0,86.9
2024-07-19,14,922.0,88.5
2024-07-19,15,878.0,89.2
2024-07-19,16,766.0,88.2
2024-07-19,17,694.0,93.7
2024-07-19,18,579.0,93.9
2024-07-19,19,500.0,88.6
2024-07-19,20,318.0,85.9
2024-07-19,21,130.0,82.5
2024-07-19,22,37.0,83.3
2024-07-19,23,0.0,77.8
2024-07-19,24,0.0,72.2
2024-07-20,1,0.0,70.5
2024-07-20,2,0.0,69.4
2024-07-20,3,0.0,67.1
2024-07-20,4,0.0,66.0
2024-07-20,5,0.0,64.1
2024-07-20,6,0.0,64.1
2024-07-20,7,0.0,63.4
2024-07-20,8,27.0,65.3
2024-07-20,9,174.0,68.6
2024-07-20,10,367.0,74.3
2024-07-20,11,558.0,79.5
2024-07-20,12,724.0,83.1
2024-07-20,13,855.0,87.4
2024-07-20,14,934.0,89.9
2024-07-20,15,957.0,92.9
2024-07-20,16,932.0,95.1
2024-07-20,17,825.0,95.5
2024-07-20,18,653.0,95.4
2024-07-20,19,540.0,95.8
2024-07-20,20,366.0,94.6
2024-07-20,21,192.0,88.9
2024-07-20,22,41.0,81.0
2024-07-20,23,0.0,77.1
2024-07-20,24,0.0,78.6
2024-07-21,1,0.0,79.6
2024-07-21,2,0.0,74.0
2024-07-21,3,0.0,70.0
2024-07-21,4,0.0,68.3
2024-07-21,5,0.0,65.6
2024-07-21,6,0.0,65.2
2024-07-21,7,0.0,64.8
2024-07-21,8,26.0,66.4
2024-07-21,9,172.0,70.8
2024-07-21,10,364.0,74.7
2024-07-21,11,556.0,77.8
2024-07-21,12,727.0,81.5
2024-07-21,13,861.0,83.8
2024-07-21,14,947.0,87.2
2024-07-21,15,969.0,89.9
2024-07-21,16,936.0,92.4
2024-07-21,17,842.0,94.0
2024-07-21,18,745.0,94.6
2024-07-21,19,514.0,94.3
2024-07-21,20,356.0,93.1
2024-07-21,21,178.0,88.2
2024-07-21,22,38.0,88.1
2024-07-21,23,0.0,84.6
2024-07-21,24,0.0,81.0
2024-07-22,1,0.0,78.0
2024-07-22,2,0.0,75.3
2024-07-22,3,0.0,70.1
2024-07-22,4,0.0,68.2
2024-07-22,5,0.0,65.8
2024-07-22,6,0.0,64.0
2024-07-22,7,0.0,63.6
2024-07-22,8,25.0,64.8
2024-07-22,9,170.0,70.0
2024-07-22,10,363.0,75.2
2024-07-22,11,556.0,80.2
2024-07-22,12,728.0,84.8
2024-07-22,13,869.0,87.6
2024-07-22,14,942.0,88.9
2024-07-22,15,981.0,90.7
2024-07-22,16,966.0,91.1
2024-07-22,17,834.0,92.7
2024-07-22,18,737.0,93.6
2024-07-22,19,560.0,94.2
2024-07-22,20,351.0,93.2
2024-07-22,21,171.0,88.5
2024-07-22,22,39.0,88.0
2024-07-22,23,0.0,85.1
2024-07-22,24,0.0,81.1
2024-07-23,1,0.0,77.2
2024-07-23,2,0.0,74.1
2024-07-23,3,0.0,70.6
2024-07-23,4,0.0,69.4
2024-07-23,5,0.0,66.0
2024-07-23,6,0.0,65.8
2024-07-23,7,0.0,65.3
2024-07-23,8,23.0,67.0
2024-07-23,9,166.0,75.1
2024-07-23,10,356.0,77.2
2024-07-23,11,551.0,79.8
2024-07-23,12,723.0,85.3
2024-07-23,13,841.0,88.6
2024-07-23,14,911.0,91.2
2024-07-23,15,916.0,93.8
2024-07-23,16,779.0,95.8
2024-07-23,17,836.0,96.0
2024-07-23,18,730.0,97.7
2024-07-23,19,539.0,98.1
2024-07-23,20,318.0,97.5
2024-07-23,21,185.0,90.9
2024-07-23,22,40.0,83.7
2024-07-23,23,0.0,87.0
2024-07-23,24,0.0,84.3
2024-07-24,1,0.0,84.3
2024-07-24,2,0.0,82.1
2024-07-24,3,0.0,77.8
2024-07-24,4,0.0,74.9
2024-07-24,5,0.0,71.3
2024-07-24,6,0.0,69.9
2024-07-24,7,0.0,68.9
2024-07-24,8,22.0,67.0
2024-07-24,9,165.0,73.5
2024-07-24,10,356.0,80.2
2024-07-24,11,547.0,83.0
2024-07-24,12,711.0,87.9
2024-07-24,13,846.0,91.9
2024-07-24,14,921.0,93.5
2024-07-24,15,893.0,96.4
2024-07-24,16,895.0,97.1
2024-07-24,17,780.0,95.3
2024-07-24,18,690.0,94.9
2024-07-24,19,488.0,100.4
2024-07-24,20,309.0,98.4
2024-07-24,21,158.0,95.5
2024-07-24,22,28.0,89.6
2024-07-24,23,0.0,88.3
2024-07-24,24,0.0,84.5
2024-07-25,1,0.0,83.5
2024-07-25,2,0.0,78.4
2024-07-25,3,0.0,77.3
2024-07-25,4,0.0,77.2
2024-07-25,5,0.0,79.3
2024-07-25,6,0.0,77.4
2024-07-25,7,0.0,75.6
2024-07-25,8,15.0,73.0
2024-07-25,9,119.0,74.8
2024-07-25,10,213.0,78.3
2024-07-25,11,241.0,80.5
2024-07-25,12,441.0,83.9
2024-07-25,13,682.0,86.6
2024-07-25,14,826.0,89.3
2024-07-25,15,907.0,91.8
2024-07-25,16,871.0,92.6
2024-07-25,17,810.0,92.9
2024-07-25,18,684.0,92.8
2024-07-25,19,534.0,92.6
2024-07-25,20,204.0,79.3
2024-07-25,21,81.0,79.1
2024-07-25,22,23.0,78.4
2024-07-25,23,0.0,78.2
2024-07-25,24,0.0,77.6
2024-07-26,1,0.0,74.9
2024-07-26,2,0.0,76.3
2024-07-26,3,0.0,73.0
2024-07-26,4,0.0,71.2
2024-07-26,5,0.0,70.2
2024-07-26,6,0.0,68.4
2024-07-26,7,0.0,72.0
2024-07-26,8,16.0,65.6
2024-07-26,9,135.0,68.3
2024-07-26,10,310.0,72.8
2024-07-26,11,493.0,76.6
2024-07-26,12,659.0,80.4
2024-07-26,13,793.0,83.8
2024-07-26,14,868.0,86.3
2024-07-26,15,911.0,88.8
2024-07-26,16,889.0,90.5
2024-07-26,17,731.0,90.6
2024-07-26,18,664.0,90.1
2024-07-26,19,514.0,89.2
2024-07-26,20,274.0,85.7
2024-07-26,21,133.0,84.5
2024-07-26,22,27.0,78.5
2024-07-26,23,0.0,79.9
2024-07-26,24,0.0,73.8
2024-07-27,1,0.0,74.7
2024-07-27,2,0.0,76.6
2024-07-27,3,0.0,73.9
2024-07-27,4,0.0,70.7
2024-07-27,5,0.0,72.6
2024-07-27,6,0.0,68.3
2024-07-27,7,0.0,65.3
2024-07-27,8,3.0,62.5
2024-07-27,9,77.0,62.5
2024-07-27,10,211.0,65.7
2024-07-27,11,417.0,71.0
2024-07-27,12,617.0,75.0
2024-07-27,13,763.0,79.1
2024-07-27,14,893.0,82.8
2024-07-27,15,891.0,85.8
2024-07-27,16,877.0,86.5
2024-07-27,17,730.0,86.7
2024-07-27,18,643.0,88.6
2024-07-27,19,483.0,85.9
2024-07-27,20,284.0,76.6
2024-07-27,21,161.0,76.3
2024-07-27,22,26.0,73.2
2024-07-27,23,0.0,70.4
2024-07-27,24,0.0,69.2
2024-07-28,1,0.0,67.0
2024-07-28,2,0.0,65.8
2024-07-28,3,0.0,68.5
2024-07-28,4,0.0,67.8
2024-07-28,5,0.0,66.7
2024-07-28,6,0.0,65.1
2024-07-28,7,0.0,64.9
2024-07-28,8,15.0,62.5
2024-07-28,9,132.0,64.2
2024-07-28,10,314.0,68.5
2024-07-28,11,502.0,73.5
2024-07-28,12,670.0,78.3
2024-07-28,13,804.0,82.5
2024-07-28,14,880.0,84.7
2024-07-28,15,899.0,86.2
2024-07-28,16,834.0,87.6
2024-07-28,17,805.0,88.3
2024-07-28,18,695.0,88.6
2024-07-28,19,533.0,87.6
2024-07-28,20,352.0,86.7
2024-07-28,21,168.0,84.2
2024-07-28,22,26.0,76.4
2024-07-28,23,0.0,79.1
2024-07-28,24,0.0,73.2
2024-07-29,1,0.0,72.1
2024-07-29,2,0.0,75.0
2024-07-29,3,0.0,73.6
2024-07-29,4,0.0,72.8
2024-07-29,5,0.0,68.8
2024-07-29,6,0.0,67.1
2024-07-29,7,0.0,66.1
2024-07-29,8,15.0,65.3
2024-07-29,9,136.0,66.1
2024-07-29,10,316.0,70.7
2024-07-29,11,503.0,76.1
2024-07-29,12,676.0,81.3
2024-07-29,13,813.0,86.2
2024-07-29,14,910.0,88.6
2024-07-29,15,798.0,88.8
2024-07-29,16,801.0,90.0
2024-07-29,17,795.0,90.8
2024-07-29,18,689.0,90.7
2024-07-29,19,537.0,90.4
2024-07-29,20,351.0,88.8
2024-07-29,21,158.0,86.0
2024-07-29,22,24.0,77.9
2024-07-29,23,0.0,74.6
2024-07-29,24,0.0,79.2
2024-07-30,1,0.0,77.6
2024-07-30,2,0.0,75.8
2024-07-30,3,0.0,74.5
2024-07-30,4,0.0,73.2
2024-07-30,5,0.0,67.6
2024-07-30,6,0.0,62.6
2024-07-30,7,0.0,61.1
2024-07-30,8,14.0,61.4
2024-07-30,9,135.0,68.0
2024-07-30,10,320.0,72.8
2024-07-30,11,509.0,77.4
2024-07-30,12,678.0,82.3
2024-07-30,13,809.0,86.2
2024-07-30,14,772.0,87.0
2024-07-30,15,690.0,87.1
2024-07-30,16,669.0,87.6
2024-07-30,17,599.0,87.4
2024-07-30,18,595.0,88.2
2024-07-30,19,407.0,87.3
2024-07-30,20,331.0,81.3
2024-07-30,21,146.0,78.8
2024-07-30,22,23.0,74.3
2024-07-30,23,0.0,71.5
2024-07-30,24,0.0,67.6
2024-07-31,1,0.0,65.4
2024-07-31,2,0.0,64.2
2024-07-31,3,0.0,67.1
2024-07-31,4,0.0,66.7
2024-07-31,5,0.0,65.8
2024-07-31,6,0.0,64.8
2024-07-31,7,0.0,63.8
2024-07-31,8,13.0,63.3
2024-07-31,9,129.0,65.0
2024-07-31,10,310.0,69.5
2024-07-31,11,498.0,73.9
2024-07-31,12,668.0,78.2
2024-07-31,13,802.0,81.6
2024-07-31,14,890.0,84.5
2024-07-31,15,922.0,86.7
2024-07-31,16,898.0,88.9
2024-07-31,17,820.0,90.1
2024-07-31,18,693.0,90.0
2024-07-31,19,528.0,89.4
2024-07-31,20,341.0,87.5
2024-07-31,21,156.0,85.0
2024-07-31,22,22.0,77.7
2024-07-31,23,0.0,74.8
2024-07-31,24,0.0,73.1
2024-08-01,1,0.0,72.1
2024-08-01,2,0.0,73.7
2024-08-01,3,0.0,72.1
2024-08-01,4,0.0,71.9
2024-08-01,5,0.0,69.7
2024-08-01,6,0.0,67.9
2024-08-01,7,0.0,67.5
2024-08-01,8,12.0,67.4
2024-08-01,9,130.0,68.3
2024-08-01,10,313.0,73.1
2024-08-01,11,503.0,78.2
2024-08-01,12,674.0,83.1
2024-08-01,13,809.0,87.4
2024-08-01,14,897.0,90.6
2024-08-01,15,931.0,92.9
2024-08-01,16,907.0,94.8
2024-08-01,17,827.0,96.1
2024-08-01,18,698.0,96.3
2024-08-01,19,531.0,95.9
2024-08-01,20,341.0,93.1
2024-08-01,21,155.0,88.2
2024-08-01,22,21.0,82.1
2024-08-01,23,0.0,78.4
2024-08-01,24,0.0,77.3
2024-08-02,1,0.0,80.4
2024-08-02,2,0.0,78.6
2024-08-02,3,0.0,77.4
2024-08-02,4,0.0,75.3
2024-08-02,5,0.0,74.0
2024-08-02,6,0.0,72.4
2024-08-02,7,0.0,71.8
2024-08-02,8,11.0,70.2
2024-08-02,9,128.0,70.8
2024-08-02,10,311.0,75.9
2024-08-02,11,501.0,81.6
2024-08-02,12,672.0,87.2
2024-08-02,13,809.0,92.3
2024-08-02,14,899.0,96.1
2024-08-02,15,933.0,98.2
2024-08-02,16,908.0,99.7
2024-08-02,17,829.0,100.5
2024-08-02,18,702.0,100.5
2024-08-02,19,536.0,99.5
2024-08-02,20,340.0,97.1
2024-08-02,21,154.0,91.7
2024-08-02,22,19.0,90.1
2024-08-02,23,0.0,88.2
2024-08-02,24,0.0,87.1
2024-08-03,1,0.0,82.3
2024-08-03,2,0.0,82.5
2024-08-03,3,0.0,81.0
2024-08-03,4,0.0,78.5
2024-08-03,5,0.0,75.3
2024-08-03,6,0.0,74.2
2024-08-03,7,0.0,73.5
2024-08-03,8,10.0,70.3
2024-08-03,9,120.0,72.3
2024-08-03,10,269.0,76.9
2024-08-03,11,423.0,82.1
2024-08-03,12,625.0,88.3
2024-08-03,13,780.0,93.7
2024-08-03,14,857.0,96.9
2024-08-03,15,884.0,99.1
2024-08-03,16,880.0,99.8
2024-08-03,17,801.0,98.2
2024-08-03,18,527.0,94.0
2024-08-03,19,255.0,91.6
2024-08-03,20,310.0,95.7
2024-08-03,21,117.0,93.6
2024-08-03,22,14.0,85.3
2024-08-03,23,0.0,82.4
2024-08-03,24,0.0,78.9
2024-08-04,1,0.0,76.6
2024-08-04,2,0.0,74.5
2024-08-04,3,0.0,73.6
2024-08-04,4,0.0,72.7
2024-08-04,5,0.0,71.2
2024-08-04,6,0.0,71.7
2024-08-04,7,0.0,73.1
2024-08-04,8,7.0,71.7
2024-08-04,9,103.0,73.9
2024-08-04,10,289.0,78.0
2024-08-04,11,475.0,82.6
2024-08-04,12,643.0,86.5
2024-08-04,13,771.0,89.2
2024-08-04,14,848.0,91.9
2024-08-04,15,847.0,94.1
2024-08-04,16,830.0,94.9
2024-08-04,17,730.0,95.9
2024-08-04,18,554.0,95.3
2024-08-04,19,451.0,94.7
2024-08-04,20,310.0,94.5
2024-08-04,21,133.0,90.9
2024-08-04,22,16.0,86.3
2024-08-04,23,0.0,83.6
2024-08-04,24,0.0,79.0
2024-08-05,1,0.0,76.8
2024-08-05,2,0.0,78.7
2024-08-05,3,0.0,78.2
2024-08-05,4,0.0,78.0
2024-08-05,5,0.0,76.5
2024-08-05,6,0.0,75.0
2024-08-05,7,0.0,74.0
2024-08-05,8,9.0,69.9
2024-08-05,9,119.0,73.7
2024-08-05,10,299.0,77.8
2024-08-05,11,485.0,83.5
2024-08-05,12,653.0,88.7
2024-08-05,13,790.0,93.4
2024-08-05,14,867.0,95.8
2024-08-05,15,898.0,97.8
2024-08-05,16,755.0,98.7
2024-08-05,17,697.0,96.7
2024-08-05,18,587.0,97.0
2024-08-05,19,385.0,95.0
2024-08-05,20,307.0,93.2
2024-08-05,21,120.0,87.4
2024-08-05,22,14.0,83.2
2024-08-05,23,0.0,80.0
2024-08-05,24,0.0,77.9
2024-08-06,1,0.0,78.4
2024-08-06,2,0.0,78.7
2024-08-06,3,0.0,75.5
2024-08-06,4,0.0,75.3
2024-08-06,5,0.0,73.9
2024-08-06,6,0.0,72.5
2024-08-06,7,0.0,72.5
2024-08-06,8,8.0,71.2
2024-08-06,9,114.0,72.1
2024-08-06,10,291.0,76.5
2024-08-06,11,482.0,82.1
2024-08-06,12,649.0,87.8
2024-08-06,13,768.0,92.8
2024-08-06,14,857.0,95.3
2024-08-06,15,896.0,96.5
2024-08-06,16,819.0,97.3
2024-08-06,17,654.0,98.6
2024-08-06,18,598.0,98.5
2024-08-06,19,495.0,98.0
2024-08-06,20,303.0,97.7
2024-08-06,21,104.0,90.9
2024-08-06,22,12.0,86.0
2024-08-06,23,0.0,86.3
2024-08-06,24,0.0,83.8
2024-08-07,1,0.0,78.1
2024-08-07,2,0.0,81.4
2024-08-07,3,0.0,78.4
2024-08-07,4,0.0,73.0
2024-08-07,5,0.0,77.8
2024-08-07,6,0.0,76.3
2024-08-07,7,0.0,75.7
2024-08-07,8,7.0,72.0
2024-08-07,9,78.0,73.9
2024-08-07,10,260.0,77.6
2024-08-07,11,481.0,82.4
2024-08-07,12,667.0,87.2
2024-08-07,13,805.0,90.7
2024-08-07,14,892.0,93.3
2024-08-07,15,922.0,95.3
2024-08-07,16,896.0,95.6
2024-08-07,17,816.0,96.0
2024-08-07,18,685.0,95.5
2024-08-07,19,513.0,94.6
2024-08-07,20,326.0,92.3
2024-08-07,21,139.0,88.9
2024-08-07,22,14.0,82.8
2024-08-07,23,0.0,78.6
2024-08-07,24,0.0,75.7
2024-08-08,1,0.0,73.8
2024-08-08,2,0.0,74.8
2024-08-08,3,0.0,77.6
2024-08-08,4,0.0,77.2
2024-08-08,5,0.0,74.6
2024-08-08,6,0.0,74.5
2024-08-08,7,0.0,72.3
2024-08-08,8,6.0,70.8
2024-08-08,9,100.0,70.8
2024-08-08,10,299.0,75.5
2024-08-08,11,498.0,80.0
2024-08-08,12,672.0,84.2
2024-08-08,13,807.0,87.8
2024-08-08,14,877.0,90.6
2024-08-08,15,833.0,92.2
2024-08-08,16,563.0,92.3
2024-08-08,17,600.0,92.9
2024-08-08,18,459.0,92.0
2024-08-08,19,384.0,91.8
2024-08-08,20,321.0,89.9
2024-08-08,21,134.0,85.9
2024-08-08,22,13.0,79.3
2024-08-08,23,0.0,74.8
2024-08-08,24,0.0,73.8
2024-08-09,1,0.0,74.8
2024-08-09,2,0.0,74.8
2024-08-09,3,0.0,75.7
2024-08-09,4,0.0,72.7
2024-08-09,5,0.0,71.7
2024-08-09,6,0.0,70.5
2024-08-09,7,0.0,67.3
2024-08-09,8,6.0,72.1
2024-08-09,9,103.0,71.1
2024-08-09,10,280.0,73.4
2024-08-09,11,487.0,78.8
2024-08-09,12,651.0,84.7
2024-08-09,13,789.0,89.9
2024-08-09,14,886.0,91.2
2024-08-09,15,860.0,93.2
2024-08-09,16,641.0,91.0
2024-08-09,17,782.0,92.9
2024-08-09,18,578.0,92.6
2024-08-09,19,320.0,87.4
2024-08-09,20,230.0,89.5
2024-08-09,21,105.0,86.2
2024-08-09,22,10.0,79.2
2024-08-09,23,0.0,76.3
2024-08-09,24,0.0,74.6
2024-08-10,1,0.0,75.1
2024-08-10,2,0.0,74.5
2024-08-10,3,0.0,71.7
2024-08-10,4,0.0,72.3
2024-08-10,5,0.0,72.0
2024-08-10,6,0.0,70.3
2024-08-10,7,0.0,68.7
2024-08-10,8,6.0,67.8
2024-08-10,9,107.0,69.3
2024-08-10,10,276.0,73.0
2024-08-10,11,454.0,77.0
2024-08-10,12,655.0,82.0
2024-08-10,13,788.0,89.2
2024-08-10,14,874.0,91.4
2024-08-10,15,875.0,93.4
2024-08-10,16,832.0,91.9
2024-08-10,17,670.0,91.7
2024-08-10,18,609.0,92.7
2024-08-10,19,462.0,93.4
2024-08-10,20,250.0,92.9
2024-08-10,21,114.0,87.2
2024-08-10,22,11.0,79.3
2024-08-10,23,0.0,76.6
2024-08-10,24,0.0,77.9
2024-08-11,1,0.0,73.4
2024-08-11,2,0.0,77.7
2024-08-11,3,0.0,76.5
2024-08-11,4,0.0,75.4
2024-08-11,5,0.0,73.1
2024-08-11,6,0.0,71.4
2024-08-11,7,0.0,70.6
2024-08-11,8,6.0,68.5
2024-08-11,9,110.0,68.2
2024-08-11,10,293.0,72.1
2024-08-11,11,485.0,76.8
2024-08-11,12,659.0,81.5
2024-08-11,13,796.0,84.9
2024-08-11,14,883.0,87.8
2024-08-11,15,914.0,90.1
2024-08-11,16,890.0,92.3
2024-08-11,17,805.0,93.4
2024-08-11,18,617.0,92.5
2024-08-11,19,495.0,93.1
2024-08-11,20,315.0,90.5
2024-08-11,21,127.0,85.3
2024-08-11,22,10.0,82.9
2024-08-11,23,0.0,77.8
2024-08-11,24,0.0,75.7
2024-08-12,1,0.0,79.4
2024-08-12,2,0.0,72.6
2024-08-12,3,0.0,67.1
2024-08-12,4,0.0,63.8
2024-08-12,5,0.0,63.4
2024-08-12,6,0.0,63.6
2024-08-12,7,0.0,61.9
2024-08-12,8,5.0,62.6
2024-08-12,9,101.0,65.4
2024-08-12,10,269.0,69.0
2024-08-12,11,291.0,71.5
2024-08-12,12,274.0,74.0
2024-08-12,13,457.0,78.3
2024-08-12,14,587.0,81.1
2024-08-12,15,560.0,78.0
2024-08-12,16,430.0,78.1
2024-08-12,17,702.0,78.6
2024-08-12,18,389.0,79.0
2024-08-12,19,286.0,77.8
2024-08-12,20,270.0,76.5
2024-08-12,21,101.0,75.6
2024-08-12,22,8.0,71.9
2024-08-12,23,0.0,71.9
2024-08-12,24,0.0,70.1
2024-08-13,1,0.0,67.9
2024-08-13,2,0.0,67.9
2024-08-13,3,0.0,66.8
2024-08-13,4,0.0,64.9
2024-08-13,5,0.0,64.1
2024-08-13,6,0.0,63.1
2024-08-13,7,0.0,61.7
2024-08-13,8,4.0,62.1
2024-08-13,9,95.0,63.8
2024-08-13,10,250.0,67.9
2024-08-13,11,456.0,72.5
2024-08-13,12,620.0,77.1
2024-08-13,13,735.0,78.8
2024-08-13,14,783.0,80.5
2024-08-13,15,871.0,75.3
2024-08-13,16,619.0,78.3
2024-08-13,17,594.0,75.2
2024-08-13,18,349.0,74.1
2024-08-13,19,384.0,73.3
2024-08-13,20,156.0,66.9
2024-08-13,21,41.0,65.7
2024-08-13,22,5.0,64.6
2024-08-13,23,0.0,62.2
2024-08-13,24,0.0,63.1
2024-08-14,1,0.0,60.3
2024-08-14,2,0.0,60.8
2024-08-14,3,0.0,63.4
2024-08-14,4,0.0,62.3
2024-08-14,5,0.0,61.4
2024-08-14,6,0.0,58.9
2024-08-14,7,0.0,60.7
2024-08-14,8,4.0,60.1
2024-08-14,9,88.0,60.6
2024-08-14,10,274.0,65.3
2024-08-14,11,457.0,68.3
2024-08-14,12,479.0,66.7
2024-08-14,13,674.0,69.7
2024-08-14,14,775.0,73.3
2024-08-14,15,623.0,74.6
2024-08-14,16,786.0,76.4
2024-08-14,17,773.0,78.0
2024-08-14,18,605.3,78.5
2024-08-14,19,495.0,79.1
2024-08-14,20,242.0,76.7
2024-08-14,21,100.0,74.0
2024-08-14,22,8.0,66.1
2024-08-14,23,0.0,65.4
2024-08-14,24,0.0,65.0
2024-08-15,1,0.0,63.0
2024-08-15,2,0.0,61.5
2024-08-15,3,0.0,60.9
2024-08-15,4,0.0,61.2
2024-08-15,5,0.0,58.3
2024-08-15,6,0.0,58.1
2024-08-15,7,0.0,58.2
2024-08-15,8,4.0,58.4
2024-08-15,9,111.0,62.3
2024-08-15,10,303.0,66.7
2024-08-15,11,500.0,70.6
2024-08-15,12,666.0,76.0
2024-08-15,13,810.0,80.5
2024-08-15,14,871.0,82.2
2024-08-15,15,888.0,84.2
2024-08-15,16,862.0,84.2
2024-08-15,17,698.0,86.7
2024-08-15,18,664.0,86.4
2024-08-15,19,464.0,85.8
2024-08-15,20,283.0,85.7
2024-08-15,21,109.0,83.1
2024-08-15,22,7.0,76.5
2024-08-15,23,0.0,69.6
2024-08-15,24,0.0,68.5
2024-08-16,1,0.0,67.6
2024-08-16,2,0.0,66.1
2024-08-16,3,0.0,62.6
2024-08-16,4,0.0,59.8
2024-08-16,5,0.0,59.0
2024-08-16,6,0.0,57.8
2024-08-16,7,0.0,56.6
2024-08-16,8,3.0,57.1
2024-08-16,9,110.0,63.7
2024-08-16,10,303.0,67.0
2024-08-16,11,503.0,70.7
2024-08-16,12,680.0,75.9
2024-08-16,13,818.0,79.1
2024-08-16,14,906.0,81.2
2024-08-16,15,941.0,84.1
2024-08-16,16,911.0,85.0
2024-08-16,17,816.0,87.7
2024-08-16,18,693.0,87.9
2024-08-16,19,521.0,87.7
2024-08-16,20,311.0,86.0
2024-08-16,21,126.0,82.1
2024-08-16,22,7.0,78.2
2024-08-16,23,0.0,77.4
2024-08-16,24,0.0,70.8
2024-08-17,1,0.0,67.5
2024-08-17,2,0.0,65.8
2024-08-17,3,0.0,63.6
2024-08-17,4,0.0,62.1
2024-08-17,5,0.0,59.4
2024-08-17,6,0.0,58.6
2024-08-17,7,0.0,57.5
2024-08-17,8,3.0,58.0
2024-08-17,9,108.0,66.5
2024-08-17,10,302.0,72.4
2024-08-17,11,501.0,76.4
2024-08-17,12,679.0,82.3
2024-08-17,13,777.0,86.5
2024-08-17,14,616.0,84.7
2024-08-17,15,514.0,79.3
2024-08-17,16,432.0,74.2
2024-08-17,17,233.0,69.1
2024-08-17,18,153.0,67.0
2024-08-17,19,289.0,69.2
2024-08-17,20,212.0,69.3
2024-08-17,21,72.0,68.4
2024-08-17,22,3.0,68.0
2024-08-17,23,0.0,67.9
2024-08-17,24,0.0,66.3
2024-08-18,1,0.0,64.3
2024-08-18,2,0.0,63.7
2024-08-18,3,0.0,64.3
2024-08-18,4,0.0,66.2
2024-08-18,5,0.0,61.3
2024-08-18,6,0.0,62.4
2024-08-18,7,0.0,64.7
2024-08-18,8,2.0,66.8
2024-08-18,9,100.0,68.3
2024-08-18,10,287.0,73.1
2024-08-18,11,483.0,76.5
2024-08-18,12,654.0,80.2
2024-08-18,13,761.0,82.4
2024-08-18,14,859.0,84.1
2024-08-18,15,851.0,86.3
2024-08-18,16,827.0,86.2
2024-08-18,17,708.0,84.1
2024-08-18,18,588.0,83.9
2024-08-18,19,398.0,81.4
2024-08-18,20,251.0,83.1
2024-08-18,21,58.0,76.0
2024-08-18,22,2.0,70.5
2024-08-18,23,0.0,70.6
2024-08-18,24,0.0,68.7
2024-08-19,1,0.0,66.7
2024-08-19,2,0.0,65.0
2024-08-19,3,0.0,64.1
2024-08-19,4,0.0,64.1
2024-08-19,5,0.0,61.5
2024-08-19,6,0.0,60.7
2024-08-19,7,0.0,60.4
2024-08-19,8,2.0,60.3
2024-08-19,9,98.0,64.3
2024-08-19,10,287.0,67.9
2024-08-19,11,484.0,72.1
2024-08-19,12,660.0,77.1
2024-08-19,13,798.0,81.6
2024-08-19,14,883.0,84.3
2024-08-19,15,904.0,86.3
2024-08-19,16,874.0,86.8
2024-08-19,17,739.0,88.0
2024-08-19,18,644.0,88.9
2024-08-19,19,485.0,88.7
2024-08-19,20,309.0,87.5
2024-08-19,21,109.0,82.0
2024-08-19,22,4.0,78.3
2024-08-19,23,0.0,76.3
2024-08-19,24,0.0,74.7
2024-08-20,1,0.0,76.3
2024-08-20,2,0.0,77.7
2024-08-20,3,0.0,75.6
2024-08-20,4,0.0,75.2
2024-08-20,5,0.0,63.2
2024-08-20,6,0.0,63.6
2024-08-20,7,0.0,67.4
2024-08-20,8,2.0,69.3
2024-08-20,9,97.0,70.9
2024-08-20,10,289.0,74.5
2024-08-20,11,486.0,78.7
2024-08-20,12,661.0,82.6
2024-08-20,13,781.0,85.6
2024-08-20,14,874.0,88.0
2024-08-20,15,859.0,90.1
2024-08-20,16,855.0,90.4
2024-08-20,17,778.0,92.7
2024-08-20,18,682.0,93.0
2024-08-20,19,509.0,92.5
2024-08-20,20,306.0,89.5
2024-08-20,21,112.0,82.6
2024-08-20,22,3.0,79.6
2024-08-20,23,0.0,81.9
2024-08-20,24,0.0,78.2
2024-08-21,1,0.0,68.7
2024-08-21,2,0.0,67.5
2024-08-21,3,0.0,66.5
2024-08-21,4,0.0,64.5
2024-08-21,5,0.0,62.0
2024-08-21,6,0.0,61.2
2024-08-21,7,0.0,61.4
2024-08-21,8,2.0,62.2
2024-08-21,9,98.0,66.9
2024-08-21,10,293.0,70.5
2024-08-21,11,494.0,75.7
2024-08-21,12,672.0,79.7
2024-08-21,13,809.0,82.4
2024-08-21,14,899.0,84.0
2024-08-21,15,931.0,86.3
2024-08-21,16,899.0,88.2
2024-08-21,17,804.0,88.5
2024-08-21,18,685.0,89.7
2024-08-21,19,500.0,89.1
2024-08-21,20,298.0,86.8
2024-08-21,21,109.0,82.2
2024-08-21,22,3.0,79.9
2024-08-21,23,0.0,73.0
2024-08-21,24,0.0,63.8
2024-08-22,1,0.0,62.5
2024-08-22,2,0.0,62.9
2024-08-22,3,0.0,59.2
2024-08-22,4,0.0,59.0
2024-08-22,5,0.0,55.9
2024-08-22,6,0.0,54.4
2024-08-22,7,0.0,54.9
2024-08-22,8,1.0,54.4
2024-08-22,9,96.0,59.9
2024-08-22,10,292.0,67.4
2024-08-22,11,492.0,76.2
2024-08-22,12,669.0,80.1
2024-08-22,13,789.0,81.9
2024-08-22,14,859.0,83.2
2024-08-22,15,886.0,87.7
2024-08-22,16,789.0,87.3
2024-08-22,17,682.0,85.9
2024-08-22,18,606.0,87.6
2024-08-22,19,448.0,86.5
2024-08-22,20,221.0,85.9
2024-08-22,21,66.0,81.7
2024-08-22,22,2.0,79.2
2024-08-22,23,0.0,75.5
2024-08-22,24,0.0,71.5
2024-08-23,1,0.0,67.9
2024-08-23,2,0.0,67.8
2024-08-23,3,0.0,66.4
2024-08-23,4,0.0,66.1
2024-08-23,5,0.0,63.8
2024-08-23,6,0.0,63.4
2024-08-23,7,0.0,63.4
2024-08-23,8,1.0,63.5
2024-08-23,9,90.0,70.6
2024-08-23,10,278.0,74.6
2024-08-23,11,473.0,78.6
2024-08-23,12,635.0,78.5
2024-08-23,13,611.0,82.4
2024-08-23,14,855.0,81.9
2024-08-23,15,834.0,81.9
2024-08-23,16,670.0,83.1
2024-08-23,17,609.0,83.2
2024-08-23,18,558.0,85.3
2024-08-23,19,429.0,85.7
2024-08-23,20,255.0,85.7
2024-08-23,21,91.0,79.8
2024-08-23,22,2.0,74.4
2024-08-23,23,0.0,73.5
2024-08-23,24,0.0,77.7
2024-08-24,1,0.0,75.4
2024-08-24,2,0.0,72.9
2024-08-24,3,0.0,69.7
2024-08-24,4,0.0,67.8
2024-08-24,5,0.0,57.6
2024-08-24,6,0.0,57.9
2024-08-24,7,0.0,58.7
2024-08-24,8,1.0,59.8
2024-08-24,9,91.0,62.6
2024-08-24,10,265.0,68.7
2024-08-24,11,462.0,71.5
2024-08-24,12,656.0,75.5
2024-08-24,13,793.0,79.2
2024-08-24,14,895.0,82.2
2024-08-24,15,935.0,83.2
2024-08-24,16,894.0,83.3
2024-08-24,17,743.0,83.8
2024-08-24,18,450.0,83.0
2024-08-24,19,298.0,81.7
2024-08-24,20,162.0,74.7
2024-08-24,21,72.0,64.3
2024-08-24,22,1.0,62.4
2024-08-24,23,0.0,61.6
2024-08-24,24,0.0,60.8
2024-08-25,1,0.0,58.4
2024-08-25,2,0.0,57.0
2024-08-25,3,0.0,55.9
2024-08-25,4,0.0,56.3
2024-08-25,5,0.0,55.1
2024-08-25,6,0.0,54.0
2024-08-25,7,0.0,53.6
2024-08-25,8,0.0,53.5
2024-08-25,9,67.0,55.3
2024-08-25,10,223.0,58.8
2024-08-25,11,455.0,62.0
2024-08-25,12,615.0,66.8
2024-08-25,13,758.0,70.5
2024-08-25,14,853.0,73.9
2024-08-25,15,845.0,77.6
2024-08-25,16,694.0,77.4
2024-08-25,17,558.0,77.7
2024-08-25,18,469.0,77.1
2024-08-25,19,369.0,76.6
2024-08-25,20,249.0,73.4
2024-08-25,21,80.0,69.8
2024-08-25,22,1.0,67.3
2024-08-25,23,0.0,64.2
2024-08-25,24,0.0,58.8
2024-08-26,1,0.0,61.4
2024-08-26,2,0.0,59.8
2024-08-26,3,0.0,57.6
2024-08-26,4,0.0,55.6
2024-08-26,5,0.0,54.1
2024-08-26,6,0.0,52.1
2024-08-26,7,0.0,52.2
2024-08-26,8,0.0,51.7
2024-08-26,9,81.0,55.6
2024-08-26,10,262.0,60.7
2024-08-26,11,446.0,64.5
2024-08-26,12,645.0,67.3
2024-08-26,13,762.0,68.3
2024-08-26,14,872.0,70.6
2024-08-26,15,884.0,73.4
2024-08-26,16,855.0,74.6
2024-08-26,17,772.0,75.9
2024-08-26,18,626.0,76.6
2024-08-26,19,479.0,77.0
2024-08-26,20,278.0,76.7
2024-08-26,21,86.0,70.7
2024-08-26,22,1.0,69.0
2024-08-26,23,0.0,69.2
2024-08-26,24,0.0,65.2
2024-08-27,1,0.0,63.4
2024-08-27,2,0.0,60.6
2024-08-27,3,0.0,58.3
2024-08-27,4,0.0,57.5
2024-08-27,5,0.0,52.2
2024-08-27,6,0.0,50.1
2024-08-27,7,0.0,49.4
2024-08-27,8,0.0,48.7
2024-08-27,9,84.0,55.2
2024-08-27,10,277.0,60.9
2024-08-27,11,480.0,66.7
2024-08-27,12,661.0,72.3
2024-08-27,13,801.0,75.8
2024-08-27,14,888.0,77.9
2024-08-27,15,918.0,80.2
2024-08-27,16,887.0,81.7
2024-08-27,17,799.0,83.6
2024-08-27,18,659.0,84.1
2024-08-27,19,480.0,83.7
2024-08-27,20,277.0,82.9
2024-08-27,21,83.0,73.4
2024-08-27,22,0.0,69.6
2024-08-27,23,0.0,73.8
2024-08-27,24,0.0,73.8
2024-08-28,1,0.0,73.5
2024-08-28,2,0.0,73.3
2024-08-28,3,0.0,73.9
2024-08-28,4,0.0,72.5
2024-08-28,5,0.0,67.0
2024-08-28,6,0.0,60.2
2024-08-28,7,0.0,61.4
2024-08-28,8,0.0,59.9
2024-08-28,9,78.0,63.4
2024-08-28,10,268.0,65.9
2024-08-28,11,468.0,67.7
2024-08-28,12,646.0,71.5
2024-08-28,13,786.0,73.7
2024-08-28,14,877.0,75.8
2024-08-28,15,909.0,77.8
2024-08-28,16,880.0,79.5
2024-08-28,17,793.0,80.8
2024-08-28,18,654.0,81.4
2024-08-28,19,475.0,80.8
2024-08-28,20,273.0,79.6
2024-08-28,21,80.0,71.5
2024-08-28,22,0.0,66.5
2024-08-28,23,0.0,62.2
2024-08-28,24,0.0,58.9
2024-08-29,1,0.0,57.5
2024-08-29,2,0.0,56.1
2024-08-29,3,0.0,52.6
2024-08-29,4,0.0,51.4
2024-08-29,5,0.0,46.8
2024-08-29,6,0.0,45.0
2024-08-29,7,0.0,44.6
2024-08-29,8,0.0,45.4
2024-08-29,9,81.0,51.9
2024-08-29,10,280.0,55.9
2024-08-29,11,487.0,60.3
2024-08-29,12,671.0,65.7
2024-08-29,13,812.0,68.8
2024-08-29,14,903.0,71.3
2024-08-29,15,932.0,74.8
2024-08-29,16,899.0,76.9
2024-08-29,17,807.0,79.3
2024-08-29,18,662.0,80.1
2024-08-29,19,478.0,80.0
2024-08-29,20,271.0,79.6
2024-08-29,21,76.0,72.9
2024-08-29,22,0.0,69.3
2024-08-29,23,0.0,66.5
2024-08-29,24,0.0,60.8
2024-08-30,1,0.0,58.1
2024-08-30,2,0.0,55.1
2024-08-30,3,0.0,52.4
2024-08-30,4,0.0,52.4
2024-08-30,5,0.0,49.0
2024-08-30,6,0.0,49.0
2024-08-30,7,0.0,47.9
2024-08-30,8,0.0,47.2
2024-08-30,9,76.0,53.2
2024-08-30,10,272.0,58.8
2024-08-30,11,475.0,65.9
2024-08-30,12,657.0,70.8
2024-08-30,13,798.0,74.2
2024-08-30,14,889.0,77.3
2024-08-30,15,919.0,80.4
2024-08-30,16,886.0,81.9
2024-08-30,17,795.0,84.4
2024-08-30,18,651.0,85.0
2024-08-30,19,469.0,85.2
2024-08-30,20,264.0,84.6
2024-08-30,21,72.0,78.8
2024-08-30,22,0.0,74.0
2024-08-30,23,0.0,71.7
2024-08-30,24,0.0,65.8
2024-08-31,1,0.0,61.6
2024-08-31,2,0.0,58.6
2024-08-31,3,0.0,56.2
2024-08-31,4,0.0,54.1
2024-08-31,5,0.0,52.0
2024-08-31,6,0.0,51.8
2024-08-31,7,0.0,50.8
2024-08-31,8,0.0,50.9
2024-08-31,9,73.0,56.4
2024-08-31,10,266.0,62.1
2024-08-31,11,469.0,68.3
2024-08-31,12,650.0,73.7
2024-08-31,13,791.0,77.6
2024-08-31,14,879.0,80.2
2024-08-31,15,908.0,84.1
2024-08-31,16,876.0,85.9
2024-08-31,17,785.0,88.4
2024-08-31,18,642.0,89.3
2024-08-31,19,459.0,88.2
2024-08-31,20,255.0,87.6
2024-08-31,21,66.0,81.6
2024-08-31,22,0.0,76.7
2024-08-31,23,0.0,76.3
2024-08-31,24,0.0,73.7
2024-09-01,1,0.0,70.9
2024-09-01,2,0.0,66.5
2024-09-01,3,0.0,61.9
2024-09-01,4,0.0,61.1
2024-09-01,5,0.0,59.2
2024-09-01,6,0.0,58.0
2024-09-01,7,0.0,56.7
2024-09-01,8,0.0,55.9
2024-09-01,9,71.0,60.5
2024-09-01,10,263.0,66.1
2024-09-01,11,468.0,71.0
2024-09-01,12,649.0,77.2
2024-09-01,13,788.0,83.0
2024-09-01,14,872.0,85.0
2024-09-01,15,898.0,88.6
2024-09-01,16,817.0,90.4
2024-09-01,17,711.0,92.0
2024-09-01,18,619.0,92.2
2024-09-01,19,441.0,91.4
2024-09-01,20,243.0,88.9
2024-09-01,21,62.0,87.4
2024-09-01,22,0.0,81.6
2024-09-01,23,0.0,78.8
2024-09-01,24,0.0,75.2
2024-09-02,1,0.0,74.4
2024-09-02,2,0.0,73.9
2024-09-02,3,0.0,67.8
2024-09-02,4,0.0,66.9
2024-09-02,5,0.0,67.8
2024-09-02,6,0.0,63.6
2024-09-02,7,0.0,62.3
2024-09-02,8,0.0,62.8
2024-09-02,9,66.0,65.7
2024-09-02,10,247.0,70.1
2024-09-02,11,441.0,73.3
2024-09-02,12,606.0,81.6
2024-09-02,13,698.0,85.2
2024-09-02,14,812.0,88.1
2024-09-02,15,831.0,89.5
2024-09-02,16,776.0,89.9
2024-09-02,17,558.0,86.8
2024-09-02,18,491.0,86.2
2024-09-02,19,404.0,86.3
2024-09-02,20,223.0,84.7
2024-09-02,21,50.0,81.2
2024-09-02,22,0.0,82.6
2024-09-02,23,0.0,82.2
2024-09-02,24,0.0,79.6
2024-09-03,1,0.0,78.2
2024-09-03,2,0.0,74.1
2024-09-03,3,0.0,78.0
2024-09-03,4,0.0,78.0
2024-09-03,5,0.0,68.0
2024-09-03,6,0.0,68.6
2024-09-03,7,0.0,68.9
2024-09-03,8,0.0,68.8
2024-09-03,9,60.0,68.7
2024-09-03,10,242.0,71.5
2024-09-03,11,436.0,75.5
2024-09-03,12,609.0,79.6
2024-09-03,13,739.0,82.1
2024-09-03,14,731.0,84.1
2024-09-03,15,776.0,85.7
2024-09-03,16,778.0,86.2
2024-09-03,17,681.0,85.0
2024-09-03,18,541.0,84.8
2024-09-03,19,348.0,83.7
2024-09-03,20,204.0,80.6
2024-09-03,21,44.0,75.2
2024-09-03,22,0.0,71.0
2024-09-03,23,0.0,71.3
2024-09-03,24,0.0,66.3
2024-09-04,1,0.0,63.4
2024-09-04,2,0.0,61.7
2024-09-04,3,0.0,61.6
2024-09-04,4,0.0,60.1
2024-09-04,5,0.0,59.9
2024-09-04,6,0.0,59.0
2024-09-04,7,0.0,57.8
2024-09-04,8,0.0,57.5
2024-09-04,9,55.0,57.8
2024-09-04,10,227.0,62.5
2024-09-04,11,440.0,65.4
2024-09-04,12,618.0,69.1
2024-09-04,13,759.0,71.1
2024-09-04,14,849.0,73.9
2024-09-04,15,875.0,77.0
2024-09-04,16,846.0,78.0
2024-09-04,17,757.0,79.8
2024-09-04,18,612.0,79.7
2024-09-04,19,389.0,79.7
2024-09-04,20,209.0,75.9
2024-09-04,21,41.0,70.2
2024-09-04,22,0.0,72.5
2024-09-04,23,0.0,70.5
2024-09-04,24,0.0,65.3
2024-09-05,1,0.0,66.4
2024-09-05,2,0.0,66.9
2024-09-05,3,0.0,64.9
2024-09-05,4,0.0,63.3
2024-09-05,5,0.0,62.0
2024-09-05,6,0.0,61.3
2024-09-05,7,0.0,60.4
2024-09-05,8,0.0,60.0
2024-09-05,9,52.0,58.5
2024-09-05,10,221.0,62.2
2024-09-05,11,414.0,67.4
2024-09-05,12,588.0,72.3
2024-09-05,13,725.0,76.4
2024-09-05,14,810.0,79.7
2024-09-05,15,837.0,82.0
2024-09-05,16,803.0,83.7
2024-09-05,17,712.0,84.7
2024-09-05,18,572.0,85.0
2024-09-05,19,394.0,84.4
2024-09-05,20,201.0,81.1
2024-09-05,21,38.0,74.6
2024-09-05,22,0.0,73.2
2024-09-05,23,0.0,73.9
2024-09-05,24,0.0,72.7
2024-09-06,1,0.0,70.4
2024-09-06,2,0.0,68.8
2024-09-06,3,0.0,67.1
2024-09-06,4,0.0,65.7
2024-09-06,5,0.0,64.6
2024-09-06,6,0.0,63.1
2024-09-06,7,0.0,62.2
2024-09-06,8,0.0,63.1
2024-09-06,9,50.0,60.6
2024-09-06,10,220.0,64.9
2024-09-06,11,412.0,70.3
2024-09-06,12,585.0,75.9
2024-09-06,13,721.0,80.6
2024-09-06,14,806.0,84.2
2024-09-06,15,834.0,86.5
2024-09-06,16,802.0,87.9
2024-09-06,17,712.0,88.4
2024-09-06,18,571.0,88.1
2024-09-06,19,392.0,87.4
2024-09-06,20,199.0,84.7
2024-09-06,21,36.0,76.7
2024-09-06,22,0.0,80.1
2024-09-06,23,0.0,74.4
2024-09-06,24,0.0,72.7
2024-09-07,1,0.0,74.2
2024-09-07,2,0.0,71.9
2024-09-07,3,0.0,70.1
2024-09-07,4,0.0,68.8
2024-09-07,5,0.0,67.9
2024-09-07,6,0.0,67.3
2024-09-07,7,0.0,65.6
2024-09-07,8,0.0,63.3
2024-09-07,9,48.0,60.5
2024-09-07,10,215.0,67.2
2024-09-07,11,409.0,72.3
2024-09-07,12,582.0,77.4
2024-09-07,13,719.0,82.4
2024-09-07,14,805.0,86.1
2024-09-07,15,848.0,88.9
2024-09-07,16,792.0,90.2
2024-09-07,17,687.0,90.9
2024-09-07,18,542.0,90.6
2024-09-07,19,371.0,89.7
2024-09-07,20,184.0,86.3
2024-09-07,21,32.0,84.6
2024-09-07,22,0.0,82.0
2024-09-07,23,0.0,79.8
2024-09-07,24,0.0,77.3
2024-09-08,1,0.0,75.7
2024-09-08,2,0.0,74.4
2024-09-08,3,0.0,73.0
2024-09-08,4,0.0,70.9
2024-09-08,5,0.0,69.4
2024-09-08,6,0.0,68.3
2024-09-08,7,0.0,67.6
2024-09-08,8,0.0,67.1
2024-09-08,9,39.0,64.8
2024-09-08,10,182.0,68.3
2024-09-08,11,348.0,73.2
2024-09-08,12,518.0,78.7
2024-09-08,13,627.0,83.7
2024-09-08,14,731.0,87.0
2024-09-08,15,828.0,89.0
2024-09-08,16,627.0,88.0
2024-09-08,17,505.0,87.8
2024-09-08,18,537.0,89.2
2024-09-08,19,354.0,88.0
2024-09-08,20,186.0,86.1
2024-09-08,21,30.0,79.1
2024-09-08,22,0.0,81.7
2024-09-08,23,0.0,76.2
2024-09-08,24,0.0,74.8
2024-09-09,1,0.0,70.6
2024-09-09,2,0.0,74.3
2024-09-09,3,0.0,73.0
2024-09-09,4,0.0,71.5
2024-09-09,5,0.0,68.5
2024-09-09,6,0.0,66.5
2024-09-09,7,0.0,65.3
2024-09-09,8,0.0,67.8
2024-09-09,9,43.0,66.8
2024-09-09,10,201.0,70.7
2024-09-09,11,367.0,75.6
2024-09-09,12,556.0,80.5
2024-09-09,13,693.0,84.7
2024-09-09,14,742.0,87.1
2024-09-09,15,736.0,86.6
2024-09-09,16,714.0,87.5
2024-09-09,17,546.0,84.1
2024-09-09,18,473.0,85.5
2024-09-09,19,363.0,85.8
2024-09-09,20,155.0,84.7
2024-09-09,21,22.0,77.6
2024-09-09,22,0.0,77.9
2024-09-09,23,0.0,72.0
2024-09-09,24,0.0,70.5
2024-09-10,1,0.0,74.2
2024-09-10,2,0.0,69.8
2024-09-10,3,0.0,69.8
2024-09-10,4,0.0,67.8
2024-09-10,5,0.0,69.2
2024-09-10,6,0.0,66.2
2024-09-10,7,0.0,64.3
2024-09-10,8,0.0,66.0
2024-09-10,9,40.0,65.8
2024-09-10,10,201.0,68.5
2024-09-10,11,374.0,72.6
2024-09-10,12,510.0,77.4
2024-09-10,13,679.0,82.1
2024-09-10,14,757.0,86.4
2024-09-10,15,741.0,88.4
2024-09-10,16,675.0,87.8
2024-09-10,17,594.0,88.2
2024-09-10,18,473.0,87.7
2024-09-10,19,340.0,87.1
2024-09-10,20,149.0,83.2
2024-09-10,21,19.0,75.8
2024-09-10,22,0.0,73.5
2024-09-10,23,0.0,69.9
2024-09-10,24,0.0,66.7
2024-09-11,1,0.0,66.7
2024-09-11,2,0.0,69.5
2024-09-11,3,0.0,65.8
2024-09-11,4,0.0,64.0
2024-09-11,5,0.0,62.1
2024-09-11,6,0.0,62.2
2024-09-11,7,0.0,61.8
2024-09-11,8,0.0,61.1
2024-09-11,9,40.0,61.5
2024-09-11,10,206.0,65.0
2024-09-11,11,377.0,69.6
2024-09-11,12,479.0,74.9
2024-09-11,13,699.0,84.3
2024-09-11,14,763.0,85.6
2024-09-11,15,770.0,87.3
2024-09-11,16,709.0,87.4
2024-09-11,17,601.0,87.7
2024-09-11,18,404.0,86.5
2024-09-11,19,225.0,84.4
2024-09-11,20,51.0,70.2
2024-09-11,21,7.0,66.9
2024-09-11,22,0.0,63.9
2024-09-11,23,0.0,61.9
2024-09-11,24,0.0,62.1
2024-09-12,1,0.0,61.4
2024-09-12,2,0.0,61.2
2024-09-12,3,0.0,58.1
2024-09-12,4,0.0,57.7
2024-09-12,5,0.0,57.7
2024-09-12,6,0.0,55.0
2024-09-12,7,0.0,53.4
2024-09-12,8,0.0,50.2
2024-09-12,9,38.0,52.2
2024-09-12,10,199.0,55.0
2024-09-12,11,377.0,57.7
2024-09-12,12,538.0,60.1
2024-09-12,13,613.0,61.9
2024-09-12,14,667.0,63.0
2024-09-12,15,710.0,64.4
2024-09-12,16,699.0,65.5
2024-09-12,17,631.0,66.0
2024-09-12,18,460.0,66.3
2024-09-12,19,304.0,66.1
2024-09-12,20,105.0,63.8
2024-09-12,21,10.0,62.5
2024-09-12,22,0.0,59.8
2024-09-12,23,0.0,56.2
2024-09-12,24,0.0,54.6
2024-09-13,1,0.0,52.3
2024-09-13,2,0.0,50.4
2024-09-13,3,0.0,52.7
2024-09-13,4,0.0,52.2
2024-09-13,5,0.0,49.9
2024-09-13,6,0.0,50.5
2024-09-13,7,0.0,50.9
2024-09-13,8,0.0,50.4
2024-09-13,9,36.0,49.2
2024-09-13,10,198.0,52.8
2024-09-13,11,391.0,56.8
2024-09-13,12,566.0,60.4
2024-09-13,13,703.0,63.5
2024-09-13,14,788.0,66.4
2024-09-13,15,813.0,68.7
2024-09-13,16,778.0,70.3
2024-09-13,17,685.0,71.0
2024-09-13,18,540.0,70.9
2024-09-13,19,360.0,70.3
2024-09-13,20,166.0,67.4
2024-09-13,21,19.0,65.9
2024-09-13,22,0.0,64.6
2024-09-13,23,0.0,63.2
2024-09-13,24,0.0,62.3
2024-09-14,1,0.0,60.7
2024-09-14,2,0.0,57.6
2024-09-14,3,0.0,55.9
2024-09-14,4,0.0,53.8
2024-09-14,5,0.0,54.6
2024-09-14,6,0.0,54.4
2024-09-14,7,0.0,54.0
2024-09-14,8,0.0,53.7
2024-09-14,9,35.0,53.2
2024-09-14,10,197.0,55.5
2024-09-14,11,390.0,60.4
2024-09-14,12,565.0,65.4
2024-09-14,13,701.0,70.3
2024-09-14,14,784.0,74.8
2024-09-14,15,808.0,77.5
2024-09-14,16,771.0,78.4
2024-09-14,17,676.0,79.1
2024-09-14,18,530.0,79.2
2024-09-14,19,350.0,77.9
2024-09-14,20,158.0,72.5
2024-09-14,21,17.0,73.6
2024-09-14,22,0.0,71.8
2024-09-14,23,0.0,69.0
2024-09-14,24,0.0,64.7
2024-09-15,1,0.0,62.9
2024-09-15,2,0.0,63.8
2024-09-15,3,0.0,63.1
2024-09-15,4,0.0,61.7
2024-09-15,5,0.0,60.7
2024-09-15,6,0.0,60.3
2024-09-15,7,0.0,59.5
2024-09-15,8,0.0,55.7
2024-09-15,9,34.0,54.0
2024-09-15,10,193.0,59.6
2024-09-15,11,384.0,65.0
2024-09-15,12,557.0,71.4
2024-09-15,13,691.0,77.8
2024-09-15,14,760.0,82.3
2024-09-15,15,774.0,83.1
2024-09-15,16,738.0,83.6
2024-09-15,17,648.0,83.0
2024-09-15,18,518.0,82.0
2024-09-15,19,326.0,80.3
2024-09-15,20,132.0,72.1
2024-09-15,21,5.0,67.6
2024-09-15,22,0.0,63.9
2024-09-15,23,0.0,62.0
2024-09-15,24,0.0,61.0
2024-09-16,1,0.0,62.7
2024-09-16,2,0.0,63.1
2024-09-16,3,0.0,61.7
2024-09-16,4,0.0,60.6
2024-09-16,5,0.0,58.4
2024-09-16,6,0.0,54.9
2024-09-16,7,0.0,59.4
2024-09-16,8,0.0,61.3
2024-09-16,9,31.0,60.5
2024-09-16,10,176.0,61.5
2024-09-16,11,328.0,66.1
2024-09-16,12,488.0,72.5
2024-09-16,13,634.0,77.9
2024-09-16,14,698.0,80.8
2024-09-16,15,610.0,80.3
2024-09-16,16,466.0,79.5
2024-09-16,17,426.0,79.3
2024-09-16,18,230.0,75.2
2024-09-16,19,263.0,74.1
2024-09-16,20,93.0,68.1
2024-09-16,21,10.0,65.3
2024-09-16,22,0.0,62.6
2024-09-16,23,0.0,61.3
2024-09-16,24,0.0,63.8
2024-09-17,1,0.0,62.2
2024-09-17,2,0.0,59.8
2024-09-17,3,0.0,60.1
2024-09-17,4,0.0,59.2
2024-09-17,5,0.0,58.1
2024-09-17,6,0.0,57.4
2024-09-17,7,0.0,56.0
2024-09-17,8,0.0,55.3
2024-09-17,9,7.0,54.2
2024-09-17,10,78.0,53.8
2024-09-17,11,137.0,54.1
2024-09-17,12,278.0,55.9
2024-09-17,13,167.0,54.0
2024-09-17,14,308.0,53.5
2024-09-17,15,239.0,50.4
2024-09-17,16,380.0,54.0
2024-09-17,17,426.0,55.4
2024-09-17,18,400.0,58.3
2024-09-17,19,246.0,57.4
2024-09-17,20,48.0,52.0
2024-09-17,21,8.0,49.7
2024-09-17,22,0.0,50.6
2024-09-17,23,0.0,51.7
2024-09-17,24,0.0,49.8
2024-09-18,1,0.0,47.8
2024-09-18,2,0.0,47.4
2024-09-18,3,0.0,47.2
2024-09-18,4,0.0,46.7
2024-09-18,5,0.0,47.1
2024-09-18,6,0.0,46.6
2024-09-18,7,0.0,46.3
2024-09-18,8,0.0,45.5
2024-09-18,9,19.0,48.7
2024-09-18,10,110.0,51.6
2024-09-18,11,305.0,55.5
2024-09-18,12,462.0,60.0
2024-09-18,13,544.0,62.7
2024-09-18,14,532.0,63.8
2024-09-18,15,551.0,65.3
2024-09-18,16,375.0,65.4
2024-09-18,17,336.0,65.8
2024-09-18,18,339.0,66.0
2024-09-18,19,171.0,64.9
2024-09-18,20,77.0,63.1
2024-09-18,21,9.0,61.6
2024-09-18,22,0.0,59.5
2024-09-18,23,0.0,54.8
2024-09-18,24,0.0,57.3
2024-09-19,1,0.0,56.0
2024-09-19,2,0.0,54.8
2024-09-19,3,0.0,53.5
2024-09-19,4,0.0,52.9
2024-09-19,5,0.0,52.3
2024-09-19,6,0.0,51.3
2024-09-19,7,0.0,50.6
2024-09-19,8,0.0,51.1
2024-09-19,9,26.0,49.7
2024-09-19,10,176.0,52.7
2024-09-19,11,363.0,57.1
2024-09-19,12,534.0,61.6
2024-09-19,13,667.0,65.5
2024-09-19,14,749.0,68.5
2024-09-19,15,775.0,70.8
2024-09-19,16,738.0,72.5
2024-09-19,17,640.0,73.3
2024-09-19,18,495.0,73.1
2024-09-19,19,315.0,72.1
2024-09-19,20,129.0,70.3
2024-09-19,21,8.0,67.6
2024-09-19,22,0.0,65.7
2024-09-19,23,0.0,58.3
2024-09-19,24,0.0,60.3
2024-09-20,1,0.0,60.6
2024-09-20,2,0.0,59.8
2024-09-20,3,0.0,58.8
2024-09-20,4,0.0,57.4
2024-09-20,5,0.0,56.4
2024-09-20,6,0.0,55.9
2024-09-20,7,0.0,55.6
2024-09-20,8,0.0,55.3
2024-09-20,9,25.0,54.1
2024-09-20,10,175.0,56.5
2024-09-20,11,364.0,60.3
2024-09-20,12,536.0,64.9
2024-09-20,13,668.0,69.5
2024-09-20,14,751.0,72.9
2024-09-20,15,756.0,75.2
2024-09-20,16,726.0,76.5
2024-09-20,17,635.0,77.2
2024-09-20,18,489.0,77.0
2024-09-20,19,309.0,75.6
2024-09-20,20,124.0,70.5
2024-09-20,21,7.0,69.0
2024-09-20,22,0.0,64.7
2024-09-20,23,0.0,62.0
2024-09-20,24,0.0,57.8
2024-09-21,1,0.0,57.3
2024-09-21,2,0.0,56.4
2024-09-21,3,0.0,58.2
2024-09-21,4,0.0,59.5
2024-09-21,5,0.0,55.0
2024-09-21,6,0.0,57.4
2024-09-21,7,0.0,56.2
2024-09-21,8,0.0,55.9
2024-09-21,9,24.0,54.3
2024-09-21,10,173.0,57.8
2024-09-21,11,362.0,62.2
2024-09-21,12,531.0,66.3
2024-09-21,13,618.0,70.2
2024-09-21,14,631.0,73.0
2024-09-21,15,612.0,74.6
2024-09-21,16,642.0,76.4
2024-09-21,17,583.0,76.8
2024-09-21,18,466.0,76.4
2024-09-21,19,298.0,75.3
2024-09-21,20,116.0,70.5
2024-09-21,21,6.0,63.6
2024-09-21,22,0.0,61.6
2024-09-21,23,0.0,60.8
2024-09-21,24,0.0,57.8
2024-09-22,1,0.0,59.8
2024-09-22,2,0.0,61.2
2024-09-22,3,0.0,57.7
2024-09-22,4,0.0,60.6
2024-09-22,5,0.0,58.7
2024-09-22,6,0.0,57.5
2024-09-22,7,0.0,56.9
2024-09-22,8,0.0,56.2
2024-09-22,9,22.0,54.5
2024-09-22,10,168.0,56.8
2024-09-22,11,355.0,60.4
2024-09-22,12,522.0,64.9
2024-09-22,13,650.0,69.5
2024-09-22,14,735.0,73.4
2024-09-22,15,760.0,75.7
2024-09-22,16,722.0,77.1
2024-09-22,17,626.0,77.5
2024-09-22,18,480.0,77.3
2024-09-22,19,300.0,76.1
2024-09-22,20,115.0,71.9
2024-09-22,21,5.0,72.2
2024-09-22,22,0.0,69.1
2024-09-22,23,0.0,61.8
2024-09-22,24,0.0,63.1
2024-09-23,1,0.0,64.4
2024-09-23,2,0.0,62.2
2024-09-23,3,0.0,63.2
2024-09-23,4,0.0,62.0
2024-09-23,5,0.0,60.6
2024-09-23,6,0.0,59.2
2024-09-23,7,0.0,58.5
2024-09-23,8,0.0,56.9
2024-09-23,9,21.0,56.0
2024-09-23,10,160.0,57.3
2024-09-23,11,350.0,61.3
2024-09-23,12,508.0,65.8
2024-09-23,13,633.0,69.6
2024-09-23,14,728.0,72.7
2024-09-23,15,716.0,74.8
2024-09-23,16,643.0,75.6
2024-09-23,17,615.0,76.0
2024-09-23,18,469.0,76.0
2024-09-23,19,290.0,75.4
2024-09-23,20,107.0,70.3
2024-09-23,21,4.0,65.9
2024-09-23,22,0.0,63.6
2024-09-23,23,0.0,62.0
2024-09-23,24,0.0,64.4
2024-09-24,1,0.0,64.8
2024-09-24,2,0.0,63.7
2024-09-24,3,0.0,62.6
2024-09-24,4,0.0,61.2
2024-09-24,5,0.0,60.1
2024-09-24,6,0.0,59.5
2024-09-24,7,0.0,58.9
2024-09-24,8,0.0,56.8
2024-09-24,9,20.0,55.1
2024-09-24,10,160.0,57.5
2024-09-24,11,345.0,62.4
2024-09-24,12,514.0,67.4
2024-09-24,13,645.0,72.1
2024-09-24,14,725.0,75.7
2024-09-24,15,746.0,78.4
2024-09-24,16,707.0,79.9
2024-09-24,17,611.0,80.5
2024-09-24,18,465.0,80.5
2024-09-24,19,287.0,79.8
2024-09-24,20,104.0,78.0
2024-09-24,21,3.0,75.6
2024-09-24,22,0.0,72.8
2024-09-24,23,0.0,70.8
2024-09-24,24,0.0,69.1
2024-09-25,1,0.0,66.5
2024-09-25,2,0.0,64.8
2024-09-25,3,0.0,63.2
2024-09-25,4,0.0,63.0
2024-09-25,5,0.0,63.0
2024-09-25,6,0.0,60.4
2024-09-25,7,0.0,58.3
2024-09-25,8,0.0,58.3
2024-09-25,9,19.0,56.3
2024-09-25,10,159.0,60.2
2024-09-25,11,345.0,64.3
2024-09-25,12,514.0,70.9
2024-09-25,13,645.0,76.6
2024-09-25,14,725.0,80.8
2024-09-25,15,746.0,83.4
2024-09-25,16,706.0,84.2
2024-09-25,17,610.0,84.7
2024-09-25,18,465.0,84.3
2024-09-25,19,286.0,82.8
2024-09-25,20,101.0,77.1
2024-09-25,21,3.0,77.8
2024-09-25,22,0.0,75.1
2024-09-25,23,0.0,69.4
2024-09-25,24,0.0,73.3
2024-09-26,1,0.0,71.1
2024-09-26,2,0.0,68.3
2024-09-26,3,0.0,66.1
2024-09-26,4,0.0,64.1
2024-09-26,5,0.0,62.2
2024-09-26,6,0.0,58.8
2024-09-26,7,0.0,55.7
2024-09-26,8,0.0,54.7
2024-09-26,9,18.0,56.8
2024-09-26,10,157.0,63.1
2024-09-26,11,345.0,69.2
2024-09-26,12,515.0,74.0
2024-09-26,13,647.0,78.0
2024-09-26,14,729.0,81.2
2024-09-26,15,746.0,83.2
2024-09-26,16,705.0,84.8
2024-09-26,17,607.0,85.4
2024-09-26,18,459.0,84.8
2024-09-26,19,279.0,83.4
2024-09-26,20,97.0,74.8
2024-09-26,21,2.0,76.5
2024-09-26,22,0.0,74.5
2024-09-26,23,0.0,73.4
2024-09-26,24,0.0,71.7
2024-09-27,1,0.0,69.5
2024-09-27,2,0.0,67.5
2024-09-27,3,0.0,65.1
2024-09-27,4,0.0,62.8
2024-09-27,5,0.0,61.4
2024-09-27,6,0.0,61.2
2024-09-27,7,0.0,61.2
2024-09-27,8,0.0,60.8
2024-09-27,9,17.0,59.4
2024-09-27,10,157.0,60.2
2024-09-27,11,345.0,65.2
2024-09-27,12,517.0,71.0
2024-09-27,13,649.0,76.5
2024-09-27,14,728.0,81.1
2024-09-27,15,749.0,84.5
2024-09-27,16,707.0,86.1
2024-09-27,17,608.0,86.5
2024-09-27,18,460.0,86.1
2024-09-27,19,278.0,84.7
2024-09-27,20,93.0,82.2
2024-09-27,21,2.0,79.3
2024-09-27,22,0.0,72.1
2024-09-27,23,0.0,73.0
2024-09-27,24,0.0,71.9
2024-09-28,1,0.0,69.4
2024-09-28,2,0.0,67.5
2024-09-28,3,0.0,66.4
2024-09-28,4,0.0,65.7
2024-09-28,5,0.0,64.5
2024-09-28,6,0.0,63.4
2024-09-28,7,0.0,62.2
2024-09-28,8,0.0,61.3
2024-09-28,9,16.0,59.5
2024-09-28,10,154.0,60.4
2024-09-28,11,342.0,65.7
2024-09-28,12,513.0,72.1
2024-09-28,13,643.0,77.8
2024-09-28,14,721.0,82.8
2024-09-28,15,739.0,86.3
2024-09-28,16,696.0,88.3
2024-09-28,17,597.0,89.1
2024-09-28,18,448.0,88.9
2024-09-28,19,268.0,87.1
2024-09-28,20,87.0,82.5
2024-09-28,21,1.0,82.1
2024-09-28,22,0.0,78.9
2024-09-28,23,0.0,76.1
2024-09-28,24,0.0,66.6
2024-09-29,1,0.0,74.8
2024-09-29,2,0.0,72.8
2024-09-29,3,0.0,70.6
2024-09-29,4,0.0,68.9
2024-09-29,5,0.0,67.7
2024-09-29,6,0.0,66.8
2024-09-29,7,0.0,64.2
2024-09-29,8,0.0,57.3
2024-09-29,9,14.0,57.7
2024-09-29,10,144.0,64.1
2024-09-29,11,333.0,70.4
2024-09-29,12,495.0,77.1
2024-09-29,13,625.0,82.3
2024-09-29,14,709.0,86.5
2024-09-29,15,720.0,88.6
2024-09-29,16,665.0,89.2
2024-09-29,17,590.0,89.1
2024-09-29,18,441.0,87.9
2024-09-29,19,263.0,86.2
2024-09-29,20,82.0,82.0
2024-09-29,21,1.0,75.5
2024-09-29,22,0.0,72.9
2024-09-29,23,0.0,68.4
2024-09-29,24,0.0,63.4
2024-09-30,1,0.0,62.1
2024-09-30,2,0.0,60.8
2024-09-30,3,0.0,59.3
2024-09-30,4,0.0,57.3
2024-09-30,5,0.0,55.3
2024-09-30,6,0.0,53.8
2024-09-30,7,0.0,52.9
2024-09-30,8,0.0,51.2
2024-09-30,9,13.0,52.3
2024-09-30,10,148.0,57.6
2024-09-30,11,338.0,60.5
2024-09-30,12,512.0,63.2
2024-09-30,13,646.0,64.9
2024-09-30,14,725.0,66.8
2024-09-30,15,736.0,68.8
2024-09-30,16,695.0,70.3
2024-09-30,17,598.0,71.2
2024-09-30,18,444.0,71.2
2024-09-30,19,262.0,70.1
2024-09-30,20,80.0,63.3
2024-09-30,21,0.0,59.7
2024-09-30,22,0.0,57.0
2024-09-30,23,0.0,54.9
2024-09-30,24,0.0,52.8
2024-10-01,1,0.0,56.4
2024-10-01,2,0.0,54.6
2024-10-01,3,0.0,54.6
2024-10-01,4,0.0,54.1
2024-10-01,5,0.0,49.1
2024-10-01,6,0.0,52.5
2024-10-01,7,0.0,48.8
2024-10-01,8,0.0,50.0
2024-10-01,9,12.0,49.6
2024-10-01,10,145.0,51.4
2024-10-01,11,332.0,56.0
2024-10-01,12,504.0,60.9
2024-10-01,13,635.0,65.2
2024-10-01,14,714.0,69.0
2024-10-01,15,733.0,72.0
2024-10-01,16,690.0,74.0
2024-10-01,17,589.0,74.8
2024-10-01,18,437.0,74.4
2024-10-01,19,255.0,72.8
2024-10-01,20,75.0,66.0
2024-10-01,21,0.0,67.3
2024-10-01,22,0.0,63.0
2024-10-01,23,0.0,65.1
2024-10-01,24,0.0,64.3
2024-10-02,1,0.0,63.1
2024-10-02,2,0.0,61.3
2024-10-02,3,0.0,59.7
2024-10-02,4,0.0,59.3
2024-10-02,5,0.0,58.3
2024-10-02,6,0.0,54.9
2024-10-02,7,0.0,54.0
2024-10-02,8,0.0,48.8
2024-10-02,9,11.0,49.1
2024-10-02,10,141.0,56.5
2024-10-02,11,328.0,62.8
2024-10-02,12,499.0,67.7
2024-10-02,13,629.0,71.6
2024-10-02,14,707.0,74.6
2024-10-02,15,725.0,76.8
2024-10-02,16,681.0,78.2
2024-10-02,17,579.0,78.5
2024-10-02,18,428.0,78.1
2024-10-02,19,246.0,76.3
2024-10-02,20,70.0,68.3
2024-10-02,21,0.0,65.8
2024-10-02,22,0.0,61.3
2024-10-02,23,0.0,59.8
2024-10-02,24,0.0,58.2
2024-10-03,1,0.0,57.9
2024-10-03,2,0.0,55.9
2024-10-03,3,0.0,53.4
2024-10-03,4,0.0,52.8
2024-10-03,5,0.0,51.8
2024-10-03,6,0.0,52.4
2024-10-03,7,0.0,51.9
2024-10-03,8,0.0,49.1
2024-10-03,9,11.0,52.5
2024-10-03,10,138.0,55.1
2024-10-03,11,322.0,60.4
2024-10-03,12,491.0,64.6
2024-10-03,13,618.0,68.5
2024-10-03,14,687.0,71.3
2024-10-03,15,711.0,73.5
2024-10-03,16,668.0,74.9
2024-10-03,17,566.0,75.8
2024-10-03,18,417.0,75.8
2024-10-03,19,239.0,74.8
2024-10-03,20,65.0,72.1
2024-10-03,21,0.0,69.0
2024-10-03,22,0.0,65.4
2024-10-03,23,0.0,65.2
2024-10-03,24,0.0,64.4
2024-10-04,1,0.0,63.4
2024-10-04,2,0.0,62.5
2024-10-04,3,0.0,60.9
2024-10-04,4,0.0,59.8
2024-10-04,5,0.0,59.5
2024-10-04,6,0.0,59.4
2024-10-04,7,0.0,58.7
2024-10-04,8,0.0,57.2
2024-10-04,9,10.0,56.6
2024-10-04,10,134.0,57.2
2024-10-04,11,318.0,61.4
2024-10-04,12,487.0,66.8
2024-10-04,13,617.0,72.9
2024-10-04,14,694.0,77.8
2024-10-04,15,710.0,80.6
2024-10-04,16,665.0,81.6
2024-10-04,17,563.0,82.0
2024-10-04,18,414.0,80.8
2024-10-04,19,234.0,78.1
2024-10-04,20,61.0,68.2
2024-10-04,21,0.0,65.2
2024-10-04,22,0.0,63.0
2024-10-04,23,0.0,61.7
2024-10-04,24,0.0,60.2
2024-10-05,1,0.0,59.3
2024-10-05,2,0.0,57.2
2024-10-05,3,0.0,55.5
2024-10-05,4,0.0,54.1
2024-10-05,5,0.0,53.1
2024-10-05,6,0.0,53.3
2024-10-05,7,0.0,52.4
2024-10-05,8,0.0,51.2
2024-10-05,9,8.0,53.4
2024-10-05,10,128.0,59.5
2024-10-05,11,308.0,64.3
2024-10-05,12,476.0,67.9
2024-10-05,13,604.0,71.1
2024-10-05,14,681.0,73.5
2024-10-05,15,698.0,74.9
2024-10-05,16,655.0,75.7
2024-10-05,17,553.0,75.6
2024-10-05,18,405.0,75.3
2024-10-05,19,226.0,74.0
2024-10-05,20,57.0,70.5
2024-10-05,21,0.0,67.3
2024-10-05,22,0.0,64.4
2024-10-05,23,0.0,59.3
2024-10-05,24,0.0,59.6
2024-10-06,1,0.0,61.6
2024-10-06,2,0.0,60.2
2024-10-06,3,0.0,58.2
2024-10-06,4,0.0,56.7
2024-10-06,5,0.0,56.0
2024-10-06,6,0.0,55.9
2024-10-06,7,0.0,55.5
2024-10-06,8,0.0,54.6
2024-10-06,9,8.0,53.9
2024-10-06,10,124.0,55.2
2024-10-06,11,305.0,60.5
2024-10-06,12,471.0,65.3
2024-10-06,13,598.0,69.9
2024-10-06,14,674.0,73.9
2024-10-06,15,691.0,77.0
2024-10-06,16,648.0,78.5
2024-10-06,17,547.0,79.0
2024-10-06,18,398.0,78.4
2024-10-06,19,218.0,76.3
2024-10-06,20,52.0,70.2
2024-10-06,21,0.0,65.9
2024-10-06,22,0.0,65.1
2024-10-06,23,0.0,65.8
2024-10-06,24,0.0,66.7
2024-10-07,1,0.0,64.2
2024-10-07,2,0.0,62.5
2024-10-07,3,0.0,61.6
2024-10-07,4,0.0,60.5
2024-10-07,5,0.0,59.8
2024-10-07,6,0.0,59.4
2024-10-07,7,0.0,58.4
2024-10-07,8,0.0,58.6
2024-10-07,9,7.0,56.8
2024-10-07,10,120.0,57.7
2024-10-07,11,299.0,62.8
2024-10-07,12,466.0,67.8
2024-10-07,13,594.0,72.4
2024-10-07,14,673.0,76.1
2024-10-07,15,690.0,78.4
2024-10-07,16,645.0,79.5
2024-10-07,17,543.0,80.1
2024-10-07,18,395.0,79.7
2024-10-07,19,217.0,77.7
2024-10-07,20,49.0,75.5
2024-10-07,21,0.0,66.7
2024-10-07,22,0.0,66.1
2024-10-07,23,0.0,67.9
2024-10-07,24,0.0,66.1
2024-10-08,1,0.0,64.5
2024-10-08,2,0.0,63.1
2024-10-08,3,0.0,62.0
2024-10-08,4,0.0,61.2
2024-10-08,5,0.0,60.1
2024-10-08,6,0.0,59.0
2024-10-08,7,0.0,58.4
2024-10-08,8,0.0,57.2
2024-10-08,9,6.0,56.3
2024-10-08,10,114.0,57.1
2024-10-08,11,291.0,62.1
2024-10-08,12,456.0,67.1
2024-10-08,13,585.0,72.1
2024-10-08,14,661.0,76.3
2024-10-08,15,681.0,79.3
2024-10-08,16,644.0,81.2
2024-10-08,17,540.0,81.8
2024-10-08,18,385.0,80.8
2024-10-08,19,192.0,78.4
2024-10-08,20,45.0,70.9
2024-10-08,21,0.0,73.9
2024-10-08,22,0.0,71.6
2024-10-08,23,0.0,69.9
2024-10-08,24,0.0,68.9
2024-10-09,1,0.0,67.1
2024-10-09,2,0.0,64.4
2024-10-09,3,0.0,63.0
2024-10-09,4,0.0,62.3
2024-10-09,5,0.0,61.7
2024-10-09,6,0.0,60.4
2024-10-09,7,0.0,59.1
2024-10-09,8,0.0,58.0
2024-10-09,9,6.0,57.9
2024-10-09,10,116.0,58.9
2024-10-09,11,295.0,63.8
2024-10-09,12,459.0,68.7
2024-10-09,13,584.0,73.4
2024-10-09,14,659.0,76.9
2024-10-09,15,675.0,79.2
2024-10-09,16,630.0,80.3
2024-10-09,17,529.0,80.3
2024-10-09,18,379.0,79.8
2024-10-09,19,204.0,77.5
2024-10-09,20,42.0,68.4
2024-10-09,21,0.0,71.7
2024-10-09,22,0.0,70.2
2024-10-09,23,0.0,69.2
2024-10-09,24,0.0,67.8
2024-10-10,1,0.0,65.9
2024-10-10,2,0.0,63.4
2024-10-10,3,0.0,62.3
2024-10-10,4,0.0,61.7
2024-10-10,5,0.0,61.1
2024-10-10,6,0.0,60.5
2024-10-10,7,0.0,59.4
2024-10-10,8,0.0,54.3
2024-10-10,9,5.0,52.2
2024-10-10,10,104.0,58.4
2024-10-10,11,275.0,63.6
2024-10-10,12,427.0,68.7
2024-10-10,13,548.0,73.4
2024-10-10,14,555.0,77.2
2024-10-10,15,570.0,79.8
2024-10-10,16,610.0,81.0
2024-10-10,17,488.0,81.1
2024-10-10,18,255.0,79.9
2024-10-10,19,150.0,77.6
2024-10-10,20,35.0,73.8
2024-10-10,21,0.0,72.9
2024-10-10,22,0.0,69.3
2024-10-10,23,0.0,66.9
2024-10-10,24,0.0,69.4
2024-10-11,1,0.0,66.6
2024-10-11,2,0.0,63.8
2024-10-11,3,0.0,62.0
2024-10-11,4,0.0,60.0
2024-10-11,5,0.0,58.3
2024-10-11,6,0.0,56.3
2024-10-11,7,0.0,55.6
2024-10-11,8,0.0,55.6
2024-10-11,9,4.0,53.2
2024-10-11,10,108.0,57.9
2024-10-11,11,286.0,63.6
2024-10-11,12,452.0,69.3
2024-10-11,13,576.0,74.3
2024-10-11,14,654.0,78.6
2024-10-11,15,670.0,80.0
2024-10-11,16,625.0,80.5
2024-10-11,17,523.0,80.2
2024-10-11,18,373.0,79.2
2024-10-11,19,179.0,76.7
2024-10-11,20,36.0,73.9
2024-10-11,21,0.0,72.1
2024-10-11,22,0.0,70.3
2024-10-11,23,0.0,63.2
2024-10-11,24,0.0,66.1
2024-10-12,1,0.0,64.6
2024-10-12,2,0.0,61.9
2024-10-12,3,0.0,61.7
2024-10-12,4,0.0,61.4
2024-10-12,5,0.0,60.2
2024-10-12,6,0.0,59.6
2024-10-12,7,0.0,58.8
2024-10-12,8,0.0,57.9
2024-10-12,9,3.0,56.8
2024-10-12,10,78.0,57.7
2024-10-12,11,245.0,61.5
2024-10-12,12,406.0,66.7
2024-10-12,13,537.0,71.8
2024-10-12,14,622.0,75.9
2024-10-12,15,657.0,78.7
2024-10-12,16,616.0,79.9
2024-10-12,17,512.0,79.8
2024-10-12,18,359.0,78.9
2024-10-12,19,183.0,76.3
2024-10-12,20,32.0,74.4
2024-10-12,21,0.0,71.8
2024-10-12,22,0.0,70.2
2024-10-12,23,0.0,69.0
2024-10-12,24,0.0,66.9
2024-10-13,1,0.0,65.1
2024-10-13,2,0.0,63.6
2024-10-13,3,0.0,62.1
2024-10-13,4,0.0,60.8
2024-10-13,5,0.0,59.0
2024-10-13,6,0.0,58.7
2024-10-13,7,0.0,57.8
2024-10-13,8,0.0,57.5
2024-10-13,9,3.0,56.7
2024-10-13,10,102.0,56.3
2024-10-13,11,279.0,60.5
2024-10-13,12,443.0,65.7
2024-10-13,13,569.0,70.9
2024-10-13,14,642.0,75.0
2024-10-13,15,656.0,77.7
2024-10-13,16,609.0,78.9
2024-10-13,17,507.0,79.6
2024-10-13,18,356.0,79.6
2024-10-13,19,183.0,78.1
2024-10-13,20,31.0,75.6
2024-10-13,21,0.0,73.0
2024-10-13,22,0.0,70.7
2024-10-13,23,0.0,68.9
2024-10-13,24,0.0,66.9
2024-10-14,1,0.0,65.7
2024-10-14,2,0.0,63.5
2024-10-14,3,0.0,62.0
2024-10-14,4,0.0,61.4
2024-10-14,5,0.0,60.6
2024-10-14,6,0.0,59.8
2024-10-14,7,0.0,58.4
2024-10-14,8,0.0,57.2
2024-10-14,9,3.0,55.9
2024-10-14,10,98.0,55.8
2024-10-14,11,271.0,60.1
2024-10-14,12,434.0,65.8
2024-10-14,13,558.0,71.1
2024-10-14,14,631.0,75.7
2024-10-14,15,645.0,78.7
2024-10-14,16,600.0,79.8
2024-10-14,17,500.0,79.6
2024-10-14,18,354.0,78.7
2024-10-14,19,177.0,76.2
2024-10-14,20,28.0,73.3
2024-10-14,21,0.0,71.2
2024-10-14,22,0.0,70.0
2024-10-14,23,0.0,68.5
2024-10-14,24,0.0,66.7
2024-10-15,1,0.0,64.5
2024-10-15,2,0.0,61.9
2024-10-15,3,0.0,60.4
2024-10-15,4,0.0,59.3
2024-10-15,5,0.0,58.6
2024-10-15,6,0.0,57.2
2024-10-15,7,0.0,56.6
2024-10-15,8,0.0,56.7
2024-10-15,9,2.0,56.5
2024-10-15,10,95.0,55.9
2024-10-15,11,267.0,60.0
2024-10-15,12,430.0,65.4
2024-10-15,13,555.0,71.0
2024-10-15,14,628.0,75.7
2024-10-15,15,642.0,78.7
2024-10-15,16,595.0,80.2
2024-10-15,17,494.0,80.2
2024-10-15,18,346.0,79.2
2024-10-15,19,171.0,76.0
2024-10-15,20,26.0,67.8
2024-10-15,21,0.0,67.3
2024-10-15,22,0.0,68.5
2024-10-15,23,0.0,68.4
2024-10-15,24,0.0,66.9
2024-10-16,1,0.0,65.1
2024-10-16,2,0.0,62.2
2024-10-16,3,0.0,60.2
2024-10-16,4,0.0,59.7
2024-10-16,5,0.0,58.4
2024-10-16,6,0.0,56.2
2024-10-16,7,0.0,55.5
2024-10-16,8,0.0,51.9
2024-10-16,9,2.0,51.1
2024-10-16,10,92.0,55.2
2024-10-16,11,263.0,60.3
2024-10-16,12,424.0,65.3
2024-10-16,13,549.0,70.2
2024-10-16,14,621.0,75.6
2024-10-16,15,633.0,76.4
2024-10-16,16,591.0,76.6
2024-10-16,17,467.0,76.3
2024-10-16,18,323.0,75.7
2024-11-06,19,95.0,38.6
2024-11-06,20,2.0,34.1
2024-11-06,21,0.0,32.2
2024-11-06,22,0.0,29.7
2024-11-06,23,0.0,29.3
2024-11-06,24,0.0,28.8
2024-11-07,1,0.0,28.9
2024-11-07,2,0.0,28.3
2024-11-07,3,0.0,27.0
2024-11-07,4,0.0,27.3
2024-11-07,5,0.0,25.8
2024-11-07,6,0.0,25.3
2024-11-07,7,0.0,24.8
2024-11-07,8,0.0,24.8
2024-11-07,9,0.0,25.3
2024-11-07,10,35.0,27.5
2024-11-07,11,189.0,31.9
2024-11-07,12,347.0,36.2
2024-11-07,13,472.0,38.2
2024-11-07,14,545.0,40.5
2024-11-07,15,557.0,43.1
2024-11-07,16,509.0,44.5
2024-11-07,17,404.0,44.6
2024-11-07,18,255.0,44.5
2024-11-07,19,89.0,40.8
2024-11-07,20,1.0,36.4
2024-11-07,21,0.0,33.7
2024-11-07,22,0.0,31.5
2024-11-07,23,0.0,30.3
2024-11-07,24,0.0,29.3
2024-11-08,1,0.0,28.9
2024-11-08,2,0.0,28.8
2024-11-08,3,0.0,28.4
2024-11-08,4,0.0,28.1
2024-11-08,5,0.0,27.9
2024-11-08,6,0.0,27.2
2024-11-08,7,0.0,27.1
2024-11-08,8,0.0,26.6
2024-11-08,9,0.0,26.7
2024-11-08,10,32.0,29.2
2024-11-08,11,181.0,34.2
2024-11-08,12,339.0,38.5
2024-11-08,13,462.0,41.5
2024-11-08,14,535.0,43.7
2024-11-08,15,549.0,47.9
2024-11-08,16,501.0,49.0
2024-11-08,17,398.0,50.4
2024-11-08,18,251.0,50.4
2024-11-08,19,86.0,44.0
2024-11-08,20,1.0,40.8
2024-11-08,21,0.0,40.8
2024-11-08,22,0.0,37.7
2024-11-08,23,0.0,35.5
2024-11-08,24,0.0,33.3
2024-11-09,1,0.0,32.0
2024-11-09,2,0.0,31.1
2024-11-09,3,0.0,31.1
2024-11-09,4,0.0,30.8
2024-11-09,5,0.0,29.9
2024-11-09,6,0.0,28.9
2024-11-09,7,0.0,28.6
2024-11-09,8,0.0,28.6
2024-11-09,9,0.0,29.0
2024-11-09,10,30.0,30.2
2024-11-09,11,179.0,35.5
2024-11-09,12,338.0,41.3
2024-11-09,13,460.0,44.9
2024-11-09,14,531.0,46.6
2024-11-09,15,543.0,49.9
2024-11-09,16,495.0,51.3
2024-11-09,17,392.0,49.9
2024-11-09,18,246.0,49.2
2024-11-09,19,83.0,45.0
2024-11-09,20,1.0,45.8
2024-11-09,21,0.0,44.1
2024-11-09,22,0.0,43.8
2024-11-09,23,0.0,43.0
2024-11-09,24,0.0,41.2
2024-11-10,1,0.0,40.0
2024-11-10,2,0.0,39.6
2024-11-10,3,0.0,36.7
2024-11-10,4,0.0,35.0
2024-11-10,5,0.0,33.5
2024-11-10,6,0.0,33.6
2024-11-10,7,0.0,33.2
2024-11-10,8,0.0,32.6
2024-11-10,9,0.0,33.5
2024-11-10,10,27.0,33.6
2024-11-10,11,161.0,38.6
2024-11-10,12,305.0,46.6
2024-11-10,13,424.0,48.8
2024-11-10,14,497.0,51.7
2024-11-10,15,515.0,56.6
2024-11-10,16,464.0,57.2
2024-11-10,17,366.0,54.3
2024-11-10,18,211.0,53.9
2024-11-10,19,56.0,53.4
2024-11-10,20,0.0,51.6
2024-11-10,21,0.0,49.8
2024-11-10,22,0.0,48.8
2024-11-10,23,0.0,47.6
2024-11-10,24,0.0,44.8
2024-11-11,1,0.0,45.6
2024-11-11,2,0.0,42.0
2024-11-11,3,0.0,39.9
2024-11-11,4,0.0,38.1
2024-11-11,5,0.0,36.1
2024-11-11,6,0.0,36.7
2024-11-11,7,0.0,38.0
2024-11-11,8,0.0,40.3
2024-11-11,9,0.0,40.9
2024-11-11,10,25.0,39.4
2024-11-11,11,169.0,45.7
2024-11-11,12,327.0,52.9
2024-11-11,13,445.0,56.2
2024-11-11,14,521.0,59.8
2024-11-11,15,534.0,63.0
2024-11-11,16,487.0,64.1
2024-11-11,17,384.0,63.4
2024-11-11,18,240.0,62.3
2024-11-11,19,78.0,60.2
2024-11-11,20,0.0,63.7
2024-11-11,21,0.0,60.5
2024-11-11,22,0.0,59.1
2024-11-11,23,0.0,57.7
2024-11-11,24,0.0,52.0
2024-11-12,1,0.0,50.6
2024-11-12,2,0.0,51.0
2024-11-12,3,0.0,51.1
2024-11-12,4,0.0,49.2
2024-11-12,5,0.0,44.4
2024-11-12,6,0.0,42.3
2024-11-12,7,0.0,40.7
2024-11-12,8,0.0,39.8
2024-11-12,9,0.0,39.3
2024-11-12,10,5.0,38.2
2024-11-12,11,20.0,37.3
2024-11-12,12,58.0,37.7
2024-11-12,13,164.0,39.1
2024-11-12,14,139.0,40.8
2024-11-12,15,135.0,42.9
2024-11-12,16,358.0,43.6
2024-11-12,17,284.0,43.8
2024-11-12,18,172.0,43.6
2024-11-12,19,69.0,42.9
2024-11-12,20,0.0,41.1
2024-11-12,21,0.0,40.0
2024-11-12,22,0.0,40.0
2024-11-12,23,0.0,41.3
2024-11-12,24,0.0,39.3
2024-11-13,1,0.0,38.0
2024-11-13,2,0.0,36.7
2024-11-13,3,0.0,35.1
2024-11-13,4,0.0,33.4
2024-11-13,5,0.0,34.0
2024-11-13,6,0.0,30.8
2024-11-13,7,0.0,31.3
2024-11-13,8,0.0,31.3
2024-11-13,9,0.0,31.3
2024-11-13,10,22.0,33.7
2024-11-13,11,156.0,39.3
2024-11-13,12,303.0,40.9
2024-11-13,13,429.0,42.4
2024-11-13,14,445.0,42.3
2024-11-13,15,451.0,43.7
2024-11-13,16,409.0,44.7
2024-11-13,17,322.0,44.9
2024-11-13,18,216.0,44.4
2024-11-13,19,69.0,41.9
2024-11-13,20,0.0,41.9
2024-11-13,21,0.0,43.6
2024-11-13,22,0.0,43.1
2024-11-13,23,0.0,43.6
2024-11-13,24,0.0,45.4
2024-11-14,1,0.0,43.9
2024-11-14,2,0.0,41.1
2024-11-14,3,0.0,40.2
2024-11-14,4,0.0,40.7
2024-11-14,5,0.0,38.9
2024-11-14,6,0.0,39.9
2024-11-14,7,0.0,38.5
2024-11-14,8,0.0,37.3
2024-11-14,9,0.0,35.8
2024-11-14,10,20.0,37.9
2024-11-14,11,153.0,41.7
2024-11-14,12,302.0,47.6
2024-11-14,13,413.0,49.1
2024-11-14,14,438.0,50.0
2024-11-14,15,445.0,51.7
2024-11-14,16,388.0,52.2
2024-11-14,17,303.0,50.0
2024-11-14,18,196.0,49.2
2024-11-14,19,59.0,49.8
2024-11-14,20,0.0,47.3
2024-11-14,21,0.0,44.0
2024-11-14,22,0.0,40.8
2024-11-14,23,0.0,38.8
2024-11-14,24,0.0,36.5
2024-11-15,1,0.0,35.8
2024-11-15,2,0.0,36.3
2024-11-15,3,0.0,36.3
2024-11-15,4,0.0,36.7
2024-11-15,5,0.0,35.5
2024-11-15,6,0.0,35.7
2024-11-15,7,0.0,35.2
2024-11-15,8,0.0,34.2
2024-11-15,9,0.0,34.3
2024-11-15,10,15.0,36.1
2024-11-15,11,87.0,38.2
2024-11-15,12,156.0,40.3
2024-11-15,13,206.0,40.1
2024-11-15,14,203.0,43.0
2024-11-15,15,215.0,45.6
2024-11-15,16,208.0,46.4
2024-11-15,17,209.0,41.8
2024-11-15,18,136.0,42.4
2024-11-15,19,43.0,43.0
2024-11-15,20,0.0,42.2
2024-11-15,21,0.0,39.1
2024-11-15,22,0.0,37.7
2024-11-15,23,0.0,36.9
2024-11-15,24,0.0,37.5
2024-11-16,1,0.0,36.4
2024-11-16,2,0.0,36.1
2024-11-16,3,0.0,35.6
2024-11-16,4,0.0,34.8
2024-11-16,5,0.0,35.7
2024-11-16,6,0.0,35.5
2024-11-16,7,0.0,35.7
2024-11-16,8,0.0,35.9
2024-11-16,9,0.0,35.3
2024-11-16,10,13.0,35.4
2024-11-16,11,89.0,35.8
2024-11-16,12,194.0,36.8
2024-11-16,13,284.0,37.8
2024-11-16,14,454.0,38.3
2024-11-16,15,427.0,39.9
2024-11-16,16,370.0,40.7
2024-11-16,17,186.0,41.0
2024-11-16,18,144.0,40.9
2024-11-16,19,31.0,40.3
2024-11-16,20,0.0,40.9
2024-11-16,21,0.0,40.0
2024-11-16,22,0.0,38.8
2024-11-16,23,0.0,38.2
2024-11-16,24,0.0,36.7
2024-11-17,1,0.0,36.4
2024-11-17,2,0.0,36.1
2024-11-17,3,0.0,34.9
2024-11-17,4,0.0,34.6
2024-11-17,5,0.0,34.6
2024-11-17,6,0.0,33.8
2024-11-17,7,0.0,33.9
2024-11-17,8,0.0,33.8
2024-11-17,9,0.0,33.7
2024-11-17,10,12.0,35.9
2024-11-17,11,93.0,37.0
2024-11-17,12,236.0,39.2
2024-11-17,13,374.0,40.3
2024-11-17,14,493.0,40.9
2024-11-17,15,456.0,41.8
2024-11-17,16,373.0,42.2
2024-11-17,17,224.0,41.8
2024-11-17,18,136.0,41.5
2024-11-17,19,30.0,40.9
2024-11-17,20,0.0,42.1
2024-11-17,21,0.0,43.1
2024-11-17,22,0.0,42.8
2024-11-17,23,0.0,40.2
2024-11-17,24,0.0,40.2
2024-11-18,1,0.0,40.6
2024-11-18,2,0.0,39.7
2024-11-18,3,0.0,39.3
2024-11-18,4,0.0,39.7
2024-11-18,5,0.0,35.7
2024-11-18,6,0.0,36.9
2024-11-18,7,0.0,38.7
2024-11-18,8,0.0,36.4
2024-11-18,9,0.0,34.8
2024-11-18,10,7.0,37.0
2024-11-18,11,51.0,36.8
2024-11-18,12,166.0,36.7
2024-11-18,13,268.0,37.4
2024-11-18,14,283.0,37.8
2024-11-18,15,417.0,39.9
2024-11-18,16,434.0,39.5
2024-11-18,17,338.0,37.6
2024-11-18,18,212.0,37.5
2024-11-18,19,61.0,35.3
2024-11-18,20,0.0,33.4
2024-11-18,21,0.0,31.2
2024-11-18,22,0.0,31.5
2024-11-18,23,0.0,31.2
2024-11-18,24,0.0,31.0
2024-11-19,1,0.0,31.4
2024-11-19,2,0.0,30.8
2024-11-19,3,0.0,30.2
2024-11-19,4,0.0,29.3
2024-11-19,5,0.0,30.2
2024-11-19,6,0.0,30.8
2024-11-19,7,0.0,31.2
2024-11-19,8,0.0,31.2
2024-11-19,9,0.0,32.1
2024-11-19,10,12.0,31.0
2024-11-19,11,138.0,32.8
2024-11-19,12,294.0,34.3
2024-11-19,13,411.0,35.2
2024-11-19,14,471.0,35.7
2024-11-19,15,465.0,37.9
2024-11-19,16,430.0,38.2
2024-11-19,17,354.0,38.3
2024-11-19,18,216.0,37.4
2024-11-19,19,61.0,32.7
2024-11-19,20,0.0,31.7
2024-11-19,21,0.0,30.3
2024-11-19,22,0.0,28.9
2024-11-19,23,0.0,30.3
2024-11-19,24,0.0,29.8
2024-11-20,1,0.0,30.4
2024-11-20,2,0.0,30.9
2024-11-20,3,0.0,29.7
2024-11-20,4,0.0,29.8
2024-11-20,5,0.0,27.6
2024-11-20,6,0.0,27.8
2024-11-20,7,0.0,28.1
2024-11-20,8,0.0,28.1
2024-11-20,9,0.0,28.6
2024-11-20,10,9.0,31.7
2024-11-20,11,91.0,35.1
2024-11-20,12,271.0,39.5
2024-11-20,13,411.0,40.9
2024-11-20,14,486.0,42.9
2024-11-20,15,506.0,46.4
2024-11-20,16,421.0,46.7
2024-11-20,17,332.0,45.3
2024-11-20,18,178.0,44.2
2024-11-20,19,43.0,44.9
2024-11-20,20,0.0,45.1
2024-11-20,21,0.0,43.4
2024-11-20,22,0.0,43.5
2024-11-20,23,0.0,42.3
2024-11-20,24,0.0,39.9
2024-11-21,1,0.0,39.9
2024-11-21,2,0.0,39.2
2024-11-21,3,0.0,40.5
2024-11-21,4,0.0,38.0
2024-11-21,5,0.0,38.1
2024-11-21,6,0.0,38.5
2024-11-21,7,0.0,38.0
2024-11-21,8,0.0,39.1
2024-11-21,9,0.0,40.1
2024-11-21,10,8.0,38.5
2024-11-21,11,103.0,43.0
2024-11-21,12,214.0,47.1
2024-11-21,13,302.0,48.4
2024-11-21,14,420.0,48.7
2024-11-21,15,461.0,51.8
2024-11-21,16,451.0,52.3
2024-11-21,17,328.0,51.2
2024-11-21,18,191.0,50.5
2024-11-21,19,49.0,49.8
2024-11-21,20,0.0,49.6
2024-11-21,21,0.0,47.2
2024-11-21,22,0.0,46.5
2024-11-21,23,0.0,44.5
2024-11-21,24,0.0,43.9
2024-11-22,1,0.0,41.8
2024-11-22,2,0.0,40.3
2024-11-22,3,0.0,40.2
2024-11-22,4,0.0,38.2
2024-11-22,5,0.0,35.2
2024-11-22,6,0.0,34.8
2024-11-22,7,0.0,35.5
2024-11-22,8,0.0,37.3
2024-11-22,9,0.0,39.1
2024-11-22,10,10.0,39.6
2024-11-22,11,123.0,42.8
2024-11-22,12,241.0,51.2
2024-11-22,13,337.0,53.8
2024-11-22,14,430.0,53.0
2024-11-22,15,411.0,54.6
2024-11-22,16,331.0,54.1
2024-11-22,17,215.0,50.8
2024-11-22,18,130.0,50.7
2024-11-22,19,35.0,53.3
2024-11-22,20,0.0,53.1
2024-11-22,21,0.0,49.9
2024-11-22,22,0.0,49.0
2024-11-22,23,0.0,49.2
2024-11-22,24,0.0,45.3
2024-11-23,1,0.0,44.8
2024-11-23,2,0.0,44.4
2024-11-23,3,0.0,46.8
2024-11-23,4,0.0,46.3
2024-11-23,5,0.0,44.5
2024-11-23,6,0.0,50.3
2024-11-23,7,0.0,50.3
2024-11-23,8,0.0,49.5
2024-11-23,9,0.0,47.5
2024-11-23,10,3.0,49.5
2024-11-23,11,23.0,48.5
2024-11-23,12,45.0,49.3
2024-11-23,13,90.0,50.6
2024-11-23,14,92.0,53.3
2024-11-23,15,191.0,53.5
2024-11-23,16,219.0,53.5
2024-11-23,17,106.0,53.6
2024-11-23,18,57.0,50.7
2024-11-23,19,19.0,48.5
2024-11-23,20,0.0,47.4
2024-11-23,21,0.0,46.4
2024-11-23,22,0.0,43.4
2024-11-23,23,0.0,43.6
2024-11-23,24,0.0,43.2
2024-11-24,1,0.0,41.9
2024-11-24,2,0.0,41.4
2024-11-24,3,0.0,39.3
2024-11-24,4,0.0,38.5
2024-11-24,5,0.0,36.3
2024-11-24,6,0.0,36.3
2024-11-24,7,0.0,34.9
2024-11-24,8,0.0,33.7
2024-11-24,9,0.0,34.1
2024-11-24,10,8.0,31.9
2024-11-24,11,110.0,34.0
2024-11-24,12,242.0,37.0
2024-11-24,13,394.0,38.8
2024-11-24,14,448.0,41.8
2024-11-24,15,366.0,43.4
2024-11-24,16,364.0,44.3
2024-11-24,17,285.0,41.8
2024-11-24,18,178.0,40.4
2024-11-24,19,51.0,37.7
2024-11-24,20,0.0,35.4
2024-11-24,21,0.0,38.0
2024-11-24,22,0.0,37.0
2024-11-24,23,0.0,32.8
2024-11-24,24,0.0,31.0
2024-11-25,1,0.0,29.4
2024-11-25,2,0.0,29.1
2024-11-25,3,0.0,27.9
2024-11-25,4,0.0,27.5
2024-11-25,5,0.0,24.3
2024-11-25,6,0.0,24.7
2024-11-25,7,0.0,27.2
2024-11-25,8,0.0,27.3
2024-11-25,9,0.0,28.0
2024-11-25,10,8.0,26.6
2024-11-25,11,116.0,32.9
2024-11-25,12,273.0,35.5
2024-11-25,13,406.0,38.0
2024-11-25,14,474.0,39.6
2024-11-25,15,492.0,41.3
2024-11-25,16,448.0,42.1
2024-11-25,17,350.0,41.7
2024-11-25,18,178.0,41.2
2024-11-25,19,43.0,40.5
2024-11-25,20,0.0,41.2
2024-11-25,21,0.0,40.4
2024-11-25,22,0.0,41.5
2024-11-25,23,0.0,41.8
2024-11-25,24,0.0,39.5
2024-11-26,1,0.0,38.9
2024-11-26,2,0.0,38.9
2024-11-26,3,0.0,37.4
2024-11-26,4,0.0,37.3
2024-11-26,5,0.0,36.9
2024-11-26,6,0.0,37.2
2024-11-26,7,0.0,36.3
2024-11-26,8,0.0,36.8
2024-11-26,9,0.0,36.4
2024-11-26,10,3.0,35.9
2024-11-26,11,46.0,36.4
2024-11-26,12,126.0,38.2
2024-11-26,13,180.0,39.1
2024-11-26,14,220.0,38.6
2024-11-26,15,222.0,37.4
2024-11-26,16,121.0,37.7
2024-11-26,17,75.0,35.8
2024-11-26,18,54.0,35.7
2024-11-26,19,24.0,34.7
2024-11-26,20,0.0,34.5
2024-11-26,21,0.0,32.3
2024-11-26,22,0.0,31.0
2024-11-26,23,0.0,31.3
2024-11-26,24,0.0,27.3
2024-11-27,1,0.0,28.4
2024-11-27,2,0.0,26.5
2024-11-27,3,0.0,28.3
2024-11-27,4,0.0,30.1
2024-11-27,5,0.0,30.8
2024-11-27,6,0.0,30.7
2024-11-27,7,0.0,27.7
2024-11-27,8,0.0,28.3
2024-11-27,9,0.0,30.7
2024-11-27,10,4.0,31.2
2024-11-27,11,77.0,31.1
2024-11-27,12,198.0,33.7
2024-11-27,13,326.0,34.0
2024-11-27,14,434.0,35.4
2024-11-27,15,424.0,36.8
2024-11-27,16,380.0,37.3
2024-11-27,17,278.0,36.5
2024-11-27,18,158.0,38.2
2024-11-27,19,41.0,26.9
2024-11-27,20,0.0,28.9
2024-11-27,21,0.0,29.5
2024-11-27,22,0.0,28.9
2024-11-27,23,0.0,27.2
2024-11-27,24,0.0,25.4
2024-11-28,1,0.0,23.1
2024-11-28,2,0.0,20.6
2024-11-28,3,0.0,19.9
2024-11-28,4,0.0,17.7
2024-11-28,5,0.0,17.0
2024-11-28,6,0.0,17.6
2024-11-28,7,0.0,17.2
2024-11-28,8,0.0,19.9
2024-11-28,9,0.0,20.5
2024-11-28,10,3.0,21.1
2024-11-28,11,58.0,21.9
2024-11-28,12,170.0,23.1
2024-11-28,13,312.0,24.7
2024-11-28,14,393.0,26.4
2024-11-28,15,421.0,27.9
2024-11-28,16,381.0,28.8
2024-11-28,17,300.0,28.8
2024-11-28,18,175.0,26.8
2024-11-28,19,43.0,23.2
2024-11-28,20,0.0,24.5
2024-11-28,21,0.0,21.8
2024-11-28,22,0.0,20.1
2024-11-28,23,0.0,18.6
2024-11-28,24,0.0,17.2
2024-11-29,1,0.0,15.9
2024-11-29,2,0.0,14.3
2024-11-29,3,0.0,14.6
2024-11-29,4,0.0,14.0
2024-11-29,5,0.0,13.6
2024-11-29,6,0.0,13.1
2024-11-29,7,0.0,12.2
2024-11-29,8,0.0,7.8
2024-11-29,9,0.0,7.0
2024-11-29,10,4.0,6.9
2024-11-29,11,81.0,10.2
2024-11-29,12,210.0,14.7
2024-11-29,13,350.0,20.4
2024-11-29,14,421.0,24.6
2024-11-29,15,441.0,27.6
2024-11-29,16,387.0,28.7
2024-11-29,17,312.0,28.7
2024-11-29,18,175.0,26.1
2024-11-29,19,42.0,21.4
2024-11-29,20,0.0,21.5
2024-11-29,21,0.0,20.0
2024-11-29,22,0.0,18.5
2024-11-29,23,0.0,17.5
2024-11-29,24,0.0,15.7
2024-11-30,1,0.0,14.0
2024-11-30,2,0.0,13.7
2024-11-30,3,0.0,13.4
2024-11-30,4,0.0,12.4
2024-11-30,5,0.0,11.5
2024-11-30,6,0.0,10.0
2024-11-30,7,0.0,10.4
2024-11-30,8,0.0,9.3
2024-11-30,9,0.0,10.3
2024-11-30,10,4.0,9.6
2024-11-30,11,83.0,12.8
2024-11-30,12,223.0,17.5
2024-11-30,13,323.0,22.8
2024-11-30,14,398.0,27.3
2024-11-30,15,330.0,28.9
2024-11-30,16,323.0,30.3
2024-11-30,17,288.0,30.7
2024-11-30,18,175.0,27.6
2024-11-30,19,42.0,22.9
2024-11-30,20,0.0,23.4
2024-11-30,21,0.0,22.3
2024-11-30,22,0.0,22.7
2024-11-30,23,0.0,21.7
2024-11-30,24,0.0,21.1
2024-12-01,1,0.0,20.3
2024-12-01,2,0.0,19.5
2024-12-01,3,0.0,18.8
2024-12-01,4,0.0,18.1
2024-12-01,5,0.0,17.7
2024-12-01,6,0.0,16.9
2024-12-01,7,0.0,17.2
2024-12-01,8,0.0,14.5
2024-12-01,9,0.0,13.7
2024-12-01,10,4.0,12.2
2024-12-01,11,86.0,15.2
2024-12-01,12,220.0,20.7
2024-12-01,13,342.0,27.0
2024-12-01,14,422.0,30.8
2024-12-01,15,443.0,33.1
2024-12-01,16,403.0,34.3
2024-12-01,17,312.0,34.3
2024-12-01,18,177.0,32.5
2024-12-01,19,41.0,29.8
2024-12-01,20,0.0,29.7
2024-12-01,21,0.0,28.6
2024-12-01,22,0.0,27.1
2024-12-01,23,0.0,26.2
2024-12-01,24,0.0,25.3
2024-12-02,1,0.0,24.3
2024-12-02,2,0.0,22.8
2024-12-02,3,0.0,21.7
2024-12-02,4,0.0,20.2
2024-12-02,5,0.0,19.7
2024-12-02,6,0.0,18.7
2024-12-02,7,0.0,18.6
2024-12-02,8,0.0,18.7
2024-12-02,9,0.0,19.0
2024-12-02,10,3.0,19.8
2024-12-02,11,91.0,23.0
2024-12-02,12,233.0,27.4
2024-12-02,13,356.0,31.6
2024-12-02,14,428.0,34.5
2024-12-02,15,444.0,36.1
2024-12-02,16,405.0,36.6
2024-12-02,17,312.0,36.5
2024-12-02,18,178.0,34.4
2024-12-02,19,41.0,31.6
2024-12-02,20,0.0,30.7
2024-12-02,21,0.0,29.8
2024-12-02,22,0.0,29.1
2024-12-02,23,0.0,27.7
2024-12-02,24,0.0,27.8
2024-12-03,1,0.0,27.1
2024-12-03,2,0.0,26.2
2024-12-03,3,0.0,25.3
2024-12-03,4,0.0,23.6
2024-12-03,5,0.0,23.5
2024-12-03,6,0.0,22.0
2024-12-03,7,0.0,22.5
2024-12-03,8,0.0,22.6
2024-12-03,9,0.0,21.3
2024-12-03,10,3.0,20.8
2024-12-03,11,88.0,24.3
2024-12-03,12,228.0,29.8
2024-12-03,13,349.0,34.8
2024-12-03,14,426.0,37.4
2024-12-03,15,443.0,38.8
2024-12-03,16,403.0,39.5
2024-12-03,17,310.0,39.7
2024-12-03,18,177.0,36.9
2024-12-03,19,40.0,33.7
2024-12-03,20,0.0,32.2
2024-12-03,21,0.0,31.9
2024-12-03,22,0.0,31.6
2024-12-03,23,0.0,31.0
2024-12-03,24,0.0,30.4
2024-12-04,1,0.0,28.9
2024-12-04,2,0.0,28.0
2024-12-04,3,0.0,26.8
2024-12-04,4,0.0,25.8
2024-12-04,5,0.0,24.7
2024-12-04,6,0.0,24.4
2024-12-04,7,0.0,23.8
2024-12-04,8,0.0,22.7
2024-12-04,9,0.0,21.8
2024-12-04,10,2.0,22.1
2024-12-04,11,84.0,26.1
2024-12-04,12,225.0,31.5
2024-12-04,13,345.0,35.9
2024-12-04,14,420.0,38.8
2024-12-04,15,439.0,40.5
2024-12-04,16,399.0,41.5
2024-12-04,17,307.0,41.3
2024-12-04,18,175.0,37.8
2024-12-04,19,39.0,33.0
2024-12-04,20,0.0,32.3
2024-12-04,21,0.0,30.7
2024-12-04,22,0.0,29.9
2024-12-04,23,0.0,29.2
2024-12-04,24,0.0,28.6
2024-12-05,1,0.0,28.0
2024-12-05,2,0.0,27.4
2024-12-05,3,0.0,26.2
2024-12-05,4,0.0,26.0
2024-12-05,5,0.0,25.3
2024-12-05,6,0.0,24.5
2024-12-05,7,0.0,24.0
2024-12-05,8,0.0,22.6
2024-12-05,9,0.0,22.4
2024-12-05,10,2.0,22.4
2024-12-05,11,81.0,26.7
2024-12-05,12,219.0,31.6
2024-12-05,13,340.0,35.2
2024-12-05,14,417.0,38.1
2024-12-05,15,436.0,40.3
2024-12-05,16,398.0,41.5
2024-12-05,17,308.0,41.5
2024-12-05,18,177.0,37.9
2024-12-05,19,40.0,33.4
2024-12-05,20,0.0,32.6
2024-12-05,21,0.0,31.3
2024-12-05,22,0.0,30.3
2024-12-05,23,0.0,29.1
2024-12-05,24,0.0,28.2
2024-12-06,1,0.0,27.7
2024-12-06,2,0.0,26.8
2024-12-06,3,0.0,27.6
2024-12-06,4,0.0,27.2
2024-12-06,5,0.0,26.6
2024-12-06,6,0.0,26.4
2024-12-06,7,0.0,26.7
2024-12-06,8,0.0,23.0
2024-12-06,9,0.0,23.0
2024-12-06,10,1.0,23.1
2024-12-06,11,62.0,26.2
2024-12-06,12,164.0,28.9
2024-12-06,13,258.0,30.9
2024-12-06,14,338.0,33.9
2024-12-06,15,363.0,36.4
2024-12-06,16,349.0,37.6
2024-12-06,17,274.0,37.5
2024-12-06,18,152.0,35.3
2024-12-06,19,36.0,30.3
2024-12-06,20,0.0,29.6
2024-12-06,21,0.0,28.2
2024-12-06,22,0.0,27.1
2024-12-06,23,0.0,27.4
2024-12-06,24,0.0,27.3
2024-12-07,1,0.0,27.4
2024-12-07,2,0.0,27.6
2024-12-07,3,0.0,28.0
2024-12-07,4,0.0,27.6
2024-12-07,5,0.0,27.4
2024-12-07,6,0.0,27.6
2024-12-07,7,0.0,27.6
2024-12-07,8,0.0,24.4
2024-12-07,9,0.0,24.5
2024-12-07,10,1.0,24.8
2024-12-07,11,49.0,25.8
2024-12-07,12,160.0,28.9
2024-12-07,13,248.0,32.0
2024-12-07,14,341.0,34.9
2024-12-07,15,381.0,36.8
2024-12-07,16,357.0,37.4
2024-12-07,17,286.0,37.4
2024-12-07,18,158.0,35.8
2024-12-07,19,36.0,31.6
2024-12-07,20,0.0,30.9
2024-12-07,21,0.0,29.8
2024-12-07,22,0.0,28.9
2024-12-07,23,0.0,27.5
2024-12-07,24,0.0,27.3
2024-12-08,1,0.0,27.4
2024-12-08,2,0.0,27.4
2024-12-08,3,0.0,27.4
2024-12-08,4,0.0,28.3
2024-12-08,5,0.0,29.1
2024-12-08,6,0.0,29.7
2024-12-08,7,0.0,30.9
2024-12-08,8,0.0,27.8
2024-12-08,9,0.0,25.3
2024-12-08,10,1.0,24.2
2024-12-08,11,66.0,27.1
2024-12-08,12,151.0,32.5
2024-12-08,13,209.0,34.5
2024-12-08,14,309.0,36.3
2024-12-08,15,400.0,37.8
2024-12-08,16,395.0,38.3
2024-12-08,17,290.0,37.9
2024-12-08,18,145.0,35.5
2024-12-08,19,36.0,30.5
2024-12-08,20,0.0,29.1
2024-12-08,21,0.0,27.6
2024-12-08,22,0.0,26.2
2024-12-08,23,0.0,24.2
2024-12-08,24,0.0,23.5
2024-12-09,1,0.0,24.0
2024-12-09,2,0.0,23.6
2024-12-09,3,0.0,23.3
2024-12-09,4,0.0,23.1
2024-12-09,5,0.0,22.8
2024-12-09,6,0.0,21.9
2024-12-09,7,0.0,20.0
2024-12-09,8,0.0,21.2
2024-12-09,9,0.0,22.1
2024-12-09,10,1.0,23.6
2024-12-09,11,46.0,26.0
2024-12-09,12,130.0,28.2
2024-12-09,13,221.0,29.8
2024-12-09,14,248.0,31.1
2024-12-09,15,281.0,32.7
2024-12-09,16,251.0,33.3
2024-12-09,17,224.0,33.4
2024-12-09,18,130.0,32.5
2024-12-09,19,26.0,29.1
2024-12-09,20,0.0,28.3
2024-12-09,21,0.0,27.0
2024-12-09,22,0.0,25.7
2024-12-09,23,0.0,26.2
2024-12-09,24,0.0,26.2
2024-12-10,1,0.0,25.8
2024-12-10,2,0.0,24.8
2024-12-10,3,0.0,23.5
2024-12-10,4,0.0,23.2
2024-12-10,5,0.0,22.9
2024-12-10,6,0.0,21.2
2024-12-10,7,0.0,19.5
2024-12-10,8,0.0,20.2
2024-12-10,9,0.0,19.4
2024-12-10,10,1.0,18.9
2024-12-10,11,66.0,21.7
2024-12-10,12,198.0,27.2
2024-12-10,13,300.0,30.4
2024-12-10,14,310.0,32.2
2024-12-10,15,315.0,33.2
2024-12-10,16,265.0,33.6
2024-12-10,17,195.0,33.2
2024-12-10,18,127.0,32.1
2024-12-10,19,33.0,27.2
2024-12-10,20,0.0,26.8
2024-12-10,21,0.0,24.9
2024-12-10,22,0.0,23.9
2024-12-10,23,0.0,23.5
2024-12-10,24,0.0,23.2
2024-12-11,1,0.0,22.8
2024-12-11,2,0.0,22.3
2024-12-11,3,0.0,21.7
2024-12-11,4,0.0,21.7
2024-12-11,5,0.0,21.2
2024-12-11,6,0.0,21.0
2024-12-11,7,0.0,20.8
2024-12-11,8,0.0,17.7
2024-12-11,9,0.0,17.8
2024-12-11,10,1.0,18.3
2024-12-11,11,63.0,21.9
2024-12-11,12,175.0,27.3
2024-12-11,13,256.0,31.3
2024-12-11,14,360.0,34.6
2024-12-11,15,420.0,36.7
2024-12-11,16,311.0,37.2
2024-12-11,17,227.0,37.4
2024-12-11,18,121.0,34.9
2024-12-11,19,28.0,30.0
2024-12-11,20,0.0,27.4
2024-12-11,21,0.0,26.5
2024-12-11,22,0.0,26.2
2024-12-11,23,0.0,27.7
2024-12-11,24,0.0,28.0
2024-12-12,1,0.0,29.0
2024-12-12,2,0.0,28.9
2024-12-12,3,0.0,29.3
2024-12-12,4,0.0,28.6
2024-12-12,5,0.0,28.2
2024-12-12,6,0.0,28.4
2024-12-12,7,0.0,28.6
2024-12-12,8,0.0,27.0
2024-12-12,9,0.0,27.4
2024-12-12,10,1.0,26.8
2024-12-12,11,56.0,29.8
2024-12-12,12,122.0,32.2
2024-12-12,13,216.0,35.8
2024-12-12,14,269.0,38.6
2024-12-12,15,352.0,42.0
2024-12-12,16,365.0,43.8
2024-12-12,17,303.0,43.7
2024-12-12,18,176.0,39.7
2024-12-12,19,36.0,35.8
2024-12-12,20,0.0,34.5
2024-12-12,21,0.0,32.9
2024-12-12,22,0.0,31.9
2024-12-12,23,0.0,29.8
2024-12-12,24,0.0,29.5
2024-12-13,1,0.0,28.1
2024-12-13,2,0.0,29.4
2024-12-13,3,0.0,31.1
2024-12-13,4,0.0,30.8
2024-12-13,5,0.0,30.9
2024-12-13,6,0.0,29.6
2024-12-13,7,0.0,29.8
2024-12-13,8,0.0,28.9
2024-12-13,9,0.0,29.7
2024-12-13,10,0.0,30.3
2024-12-13,11,19.0,30.7
2024-12-13,12,54.0,31.6
2024-12-13,13,73.0,32.3
2024-12-13,14,159.0,33.9
2024-12-13,15,144.0,34.3
2024-12-13,16,116.0,34.5
2024-12-13,17,117.0,35.3
2024-12-13,18,52.0,35.3
2024-12-13,19,22.0,32.8
2024-12-13,20,0.0,30.6
2024-12-13,21,0.0,29.0
2024-12-13,22,0.0,28.4
2024-12-13,23,0.0,27.3
2024-12-13,24,0.0,27.0
2024-12-14,1,0.0,25.8
2024-12-14,2,0.0,25.5
2024-12-14,3,0.0,27.6
2024-12-14,4,0.0,26.3
2024-12-14,5,0.0,25.5
2024-12-14,6,0.0,26.9
2024-12-14,7,0.0,28.1
2024-12-14,8,0.0,29.8
2024-12-14,9,0.0,29.8
2024-12-14,10,0.0,31.1
2024-12-14,11,33.0,32.5
2024-12-14,12,69.0,35.2
2024-12-14,13,184.0,37.4
2024-12-14,14,124.0,36.8
2024-12-14,15,170.0,38.5
2024-12-14,16,217.0,40.7
2024-12-14,17,116.0,40.0
2024-12-14,18,166.0,36.9
2024-12-14,19,29.0,33.0
2024-12-14,20,0.0,33.3
2024-12-14,21,0.0,33.3
2024-12-14,22,0.0,33.0
2024-12-14,23,0.0,32.5
2024-12-14,24,0.0,31.7
2024-12-15,1,0.0,30.7
2024-12-15,2,0.0,31.1
2024-12-15,3,0.0,29.9
2024-12-15,4,0.0,30.1
2024-12-15,5,0.0,28.3
2024-12-15,6,0.0,27.3
2024-12-15,7,0.0,27.7
2024-12-15,8,0.0,29.9
2024-12-15,9,0.0,28.2
2024-12-15,10,0.0,26.6
2024-12-15,11,62.0,26.2
2024-12-15,12,203.0,28.3
2024-12-15,13,344.0,30.3
2024-12-15,14,413.0,31.6
2024-12-15,15,455.0,31.7
2024-12-15,16,421.0,30.5
2024-12-15,17,330.0,28.6
2024-12-15,18,188.0,26.3
2024-12-15,19,44.0,22.0
2024-12-15,20,0.0,21.7
2024-12-15,21,0.0,20.4
2024-12-15,22,0.0,19.7
2024-12-15,23,0.0,19.0
2024-12-15,24,0.0,20.5
2024-12-16,1,0.0,20.8
2024-12-16,2,0.0,18.5
2024-12-16,3,0.0,17.4
2024-12-16,4,0.0,17.1
2024-12-16,5,0.0,17.2
2024-12-16,6,0.0,19.0
2024-12-16,7,0.0,22.5
2024-12-16,8,0.0,21.1
2024-12-16,9,0.0,22.7
2024-12-16,10,0.0,23.6
2024-12-16,11,27.0,25.1
2024-12-16,12,72.0,26.4
2024-12-16,13,140.0,28.3
2024-12-16,14,268.0,30.7
2024-12-16,15,191.0,31.9
2024-12-16,16,209.0,33.1
2024-12-16,17,190.0,31.9
2024-12-16,18,86.0,31.2
2024-12-16,19,16.0,30.1
2024-12-16,20,0.0,30.0
2024-12-16,21,0.0,29.8
2024-12-16,22,0.0,29.3
2024-12-16,23,0.0,29.6
2024-12-16,24,0.0,29.7
2024-12-17,1,0.0,29.8
2024-12-17,2,0.0,29.5
2024-12-17,3,0.0,29.2
2024-12-17,4,0.0,29.0
2024-12-17,5,0.0,29.7
2024-12-17,6,0.0,28.6
2024-12-17,7,0.0,29.1
2024-12-17,8,0.0,28.7
2024-12-17,9,0.0,29.2
2024-12-17,10,0.0,28.0
2024-12-17,11,46.0,28.3
2024-12-17,12,123.0,30.9
2024-12-17,13,180.0,32.8
2024-12-17,14,294.0,34.3
2024-12-17,15,387.0,35.0
2024-12-17,16,267.0,35.5
2024-12-17,17,191.0,35.8
2024-12-17,18,131.0,35.2
2024-12-17,19,38.0,32.2
2024-12-17,20,0.0,31.1
2024-12-17,21,0.0,29.2
2024-12-17,22,0.0,27.4
2024-12-17,23,0.0,26.9
2024-12-17,24,0.0,27.1
2024-12-18,1,0.0,26.6
2024-12-18,2,0.0,24.7
2024-12-18,3,0.0,23.8
2024-12-18,4,0.0,22.4
2024-12-18,5,0.0,21.6
2024-12-18,6,0.0,21.5
2024-12-18,7,0.0,22.3
2024-12-18,8,0.0,22.2
2024-12-18,9,0.0,23.7
2024-12-18,10,0.0,21.6
2024-12-18,11,55.0,23.3
2024-12-18,12,195.0,25.9
2024-12-18,13,331.0,28.4
2024-12-18,14,408.0,31.5
2024-12-18,15,419.0,33.1
2024-12-18,16,352.0,34.2
2024-12-18,17,307.0,33.4
2024-12-18,18,168.0,31.9
2024-12-18,19,43.0,28.5
2024-12-18,20,0.0,30.6
2024-12-18,21,0.0,30.2
2024-12-18,22,0.0,27.4
2024-12-18,23,0.0,26.7
2024-12-18,24,0.0,25.4
2024-12-19,1,0.0,24.3
2024-12-19,2,0.0,23.3
2024-12-19,3,0.0,22.8
2024-12-19,4,0.0,22.6
2024-12-19,5,0.0,22.9
2024-12-19,6,0.0,22.7
2024-12-19,7,0.0,21.9
2024-12-19,8,0.0,20.2
2024-12-19,9,0.0,19.9
2024-12-19,10,0.0,19.8
2024-12-19,11,57.0,21.6
2024-12-19,12,192.0,24.9
2024-12-19,13,316.0,27.7
2024-12-19,14,387.0,30.7
2024-12-19,15,434.0,34.4
2024-12-19,16,404.0,36.1
2024-12-19,17,316.0,36.1
2024-12-19,18,181.0,33.8
2024-12-19,19,45.0,30.2
2024-12-19,20,0.0,29.2
2024-12-19,21,0.0,27.4
2024-12-19,22,0.0,26.6
2024-12-19,23,0.0,26.0
2024-12-19,24,0.0,25.7
2024-12-20,1,0.0,25.2
2024-12-20,2,0.0,23.6
2024-12-20,3,0.0,22.1
2024-12-20,4,0.0,21.1
2024-12-20,5,0.0,21.0
2024-12-20,6,0.0,21.2
2024-12-20,7,0.0,21.3
2024-12-20,8,0.0,19.6
2024-12-20,9,0.0,19.6
2024-12-20,10,0.0,21.1
2024-12-20,11,54.0,22.2
2024-12-20,12,200.0,25.3
2024-12-20,13,330.0,29.3
2024-12-20,14,411.0,33.0
2024-12-20,15,439.0,34.8
2024-12-20,16,410.0,36.5
2024-12-20,17,322.0,36.4
2024-12-20,18,184.0,33.9
2024-12-20,19,43.0,30.7
2024-12-20,20,0.0,30.4
2024-12-20,21,0.0,29.5
2024-12-20,22,0.0,28.6
2024-12-20,23,0.0,28.0
2024-12-20,24,0.0,27.2
2024-12-21,1,0.0,25.7
2024-12-21,2,0.0,23.9
2024-12-21,3,0.0,22.6
2024-12-21,4,0.0,21.4
2024-12-21,5,0.0,21.0
2024-12-21,6,0.0,20.8
2024-12-21,7,0.0,20.8
2024-12-21,8,0.0,19.9
2024-12-21,9,0.0,20.8
2024-12-21,10,0.0,20.8
2024-12-21,11,59.0,22.7
2024-12-21,12,183.0,26.3
2024-12-21,13,320.0,29.6
2024-12-21,14,360.0,31.6
2024-12-21,15,397.0,32.5
2024-12-21,16,385.0,34.0
2024-12-21,17,313.0,34.7
2024-12-21,18,182.0,32.6
2024-12-21,19,46.0,29.1
2024-12-21,20,0.0,29.5
2024-12-21,21,0.0,31.3
2024-12-21,22,0.0,32.8
2024-12-21,23,0.0,33.8
2024-12-21,24,0.0,34.0
2024-12-22,1,0.0,32.6
2024-12-22,2,0.0,29.5
2024-12-22,3,0.0,31.4
2024-12-22,4,0.0,27.8
2024-12-22,5,0.0,27.4
2024-12-22,6,0.0,27.6
2024-12-22,7,0.0,27.1
2024-12-22,8,0.0,28.2
2024-12-22,9,0.0,27.6
2024-12-22,10,0.0,26.2
2024-12-22,11,44.0,28.9
2024-12-22,12,129.0,31.8
2024-12-22,13,243.0,33.9
2024-12-22,14,375.0,35.8
2024-12-22,15,376.0,37.3
2024-12-22,16,347.0,37.9
2024-12-22,17,198.0,37.9
2024-12-22,18,42.0,37.0
2024-12-22,19,15.0,36.5
2024-12-22,20,0.0,36.6
2024-12-22,21,0.0,36.1
2024-12-22,22,0.0,32.7
2024-12-22,23,0.0,32.2
2024-12-22,24,0.0,30.7
2024-12-23,1,0.0,29.1
2024-12-23,2,0.0,28.4
2024-12-23,3,0.0,30.3
2024-12-23,4,0.0,31.2
2024-12-23,5,0.0,30.7
2024-12-23,6,0.0,30.5
2024-12-23,7,0.0,31.0
2024-12-23,8,0.0,33.2
2024-12-23,9,0.0,33.3
2024-12-23,10,0.0,34.0
2024-12-23,11,16.0,34.3
2024-12-23,12,86.0,34.6
2024-12-23,13,176.0,35.4
2024-12-23,14,227.0,36.1
2024-12-23,15,236.0,36.4
2024-12-23,16,283.0,36.9
2024-12-23,17,253.0,36.8
2024-12-23,18,172.0,35.4
2024-12-23,19,44.0,32.4
2024-12-23,20,0.0,31.9
2024-12-23,21,0.0,30.8
2024-12-23,22,0.0,29.4
2024-12-23,23,0.0,29.1
2024-12-23,24,0.0,28.7
2024-12-24,1,0.0,27.0
2024-12-24,2,0.0,26.9
2024-12-24,3,0.0,26.6
2024-12-24,4,0.0,27.9
2024-12-24,5,0.0,27.3
2024-12-24,6,0.0,27.1
2024-12-24,7,0.0,26.7
2024-12-24,8,0.0,27.7
2024-12-24,9,0.0,28.0
2024-12-24,10,0.0,28.0
2024-12-24,11,38.0,29.6
2024-12-24,12,137.0,30.4
2024-12-24,13,233.0,31.3
2024-12-24,14,269.0,32.5
2024-12-24,15,293.0,34.0
2024-12-24,16,291.0,35.4
2024-12-24,17,210.0,35.7
2024-12-24,18,95.0,34.7
2024-12-24,19,26.0,34.3
2024-12-24,20,0.0,33.4
2024-12-24,21,0.0,33.3
2024-12-24,22,0.0,33.2
2024-12-24,23,0.0,33.0
2024-12-24,24,0.0,33.3
2024-12-25,1,0.0,32.8
2024-12-25,2,0.0,33.5
2024-12-25,3,0.0,33.1
2024-12-25,4,0.0,33.0
2024-12-25,5,0.0,32.8
2024-12-25,6,0.0,33.2
2024-12-25,7,0.0,33.5
2024-12-25,8,0.0,35.0
2024-12-25,9,0.0,34.4
2024-12-25,10,0.0,33.9
2024-12-25,11,17.0,34.0
2024-12-25,12,57.0,34.3
2024-12-25,13,114.0,34.5
2024-12-25,14,192.0,35.0
2024-12-25,15,232.0,35.8
2024-12-25,16,163.0,36.0
2024-12-25,17,108.0,36.1
2024-12-25,18,58.0,35.3
2024-12-25,19,26.0,33.0
2024-12-25,20,0.0,31.7
2024-12-25,21,0.0,31.3
2024-12-25,22,0.0,31.6
2024-12-25,23,0.0,31.4
2024-12-25,24,0.0,31.7
2024-12-26,1,0.0,29.8
2024-12-26,2,0.0,28.3
2024-12-26,3,0.0,26.9
2024-12-26,4,0.0,25.7
2024-12-26,5,0.0,24.9
2024-12-26,6,0.0,23.6
2024-12-26,7,0.0,27.0
2024-12-26,8,0.0,29.8
2024-12-26,9,0.0,29.7
2024-12-26,10,0.0,29.8
2024-12-26,11,15.0,30.5
2024-12-26,12,48.0,31.5
2024-12-26,13,165.0,33.1
2024-12-26,14,305.0,34.3
2024-12-26,15,312.0,34.6
2024-12-26,16,148.0,34.1
2024-12-26,17,139.0,33.7
2024-12-26,18,143.0,31.6
2024-12-26,19,37.0,30.6
2024-12-26,20,0.0,31.9
2024-12-26,21,0.0,27.0
2024-12-26,22,0.0,26.3
2024-12-26,23,0.0,27.0
2024-12-26,24,0.0,28.5
2024-12-27,1,0.0,27.3
2024-12-27,2,0.0,26.3
2024-12-27,3,0.0,25.7
2024-12-27,4,0.0,25.4
2024-12-27,5,0.0,24.8
2024-12-27,6,0.0,24.0
2024-12-27,7,0.0,23.9
2024-12-27,8,0.0,24.2
2024-12-27,9,0.0,23.9
2024-12-27,10,0.0,23.9
2024-12-27,11,20.0,25.3
2024-12-27,12,47.0,27.1
2024-12-27,13,93.0,28.7
2024-12-27,14,98.0,29.8
2024-12-27,15,119.0,30.8
2024-12-27,16,111.0,32.3
2024-12-27,17,90.0,32.8
2024-12-27,18,72.0,33.2
2024-12-27,19,17.0,33.5
2024-12-27,20,0.0,35.2
2024-12-27,21,0.0,33.8
2024-12-27,22,0.0,32.3
2024-12-27,23,0.0,33.8
2024-12-27,24,0.0,33.4
2024-12-28,1,0.0,32.5
2024-12-28,2,0.0,31.6
2024-12-28,3,0.0,32.5
2024-12-28,4,0.0,32.5
2024-12-28,5,0.0,32.0
2024-12-28,6,0.0,32.6
2024-12-28,7,0.0,33.1
2024-12-28,8,0.0,34.0
2024-12-28,9,0.0,33.4
2024-12-28,10,0.0,33.4
2024-12-28,11,16.0,33.6
2024-12-28,12,56.0,33.8
2024-12-28,13,137.0,34.5
2024-12-28,14,139.0,35.6
2024-12-28,15,226.0,36.4
2024-12-28,16,249.0,36.1
2024-12-28,17,138.0,35.8
2024-12-28,18,118.0,35.7
2024-12-28,19,19.0,35.4
2024-12-28,20,0.0,35.2
2024-12-28,21,0.0,34.0
2024-12-28,22,0.0,34.1
2024-12-28,23,0.0,34.1
2024-12-28,24,0.0,34.3
2024-12-29,1,0.0,34.2
2024-12-29,2,0.0,33.9
2024-12-29,3,0.0,33.7
2024-12-29,4,0.0,33.6
2024-12-29,5,0.0,34.1
2024-12-29,6,0.0,34.3
2024-12-29,7,0.0,33.9
2024-12-29,8,0.0,30.6
2024-12-29,9,0.0,28.6
2024-12-29,10,0.0,27.3
2024-12-29,11,52.0,28.5
2024-12-29,12,189.0,31.3
2024-12-29,13,283.0,35.0
2024-12-29,14,242.0,35.8
2024-12-29,15,240.0,36.7
2024-12-29,16,146.0,37.2
2024-12-29,17,56.0,37.1
2024-12-29,18,63.0,36.1
2024-12-29,19,13.0,36.0
2024-12-29,20,0.0,34.9
2024-12-29,21,0.0,34.7
2024-12-29,22,0.0,33.9
2024-12-29,23,0.0,31.4
2024-12-29,24,0.0,28.7
2024-12-30,1,0.0,30.7
2024-12-30,2,0.0,26.7
2024-12-30,3,0.0,25.8
2024-12-30,4,0.0,22.9
2024-12-30,5,0.0,21.4
2024-12-30,6,0.0,21.7
2024-12-30,7,0.0,21.0
2024-12-30,8,0.0,24.1
2024-12-30,9,0.0,20.8
2024-12-30,10,0.0,19.0
2024-12-30,11,54.0,18.9
2024-12-30,12,195.0,21.3
2024-12-30,13,323.0,26.1
2024-12-30,14,395.0,29.6
2024-12-30,15,393.0,30.6
2024-12-30,16,389.0,30.8
2024-12-30,17,274.0,30.6
2024-12-30,18,156.0,28.3
2024-12-30,19,46.0,25.3
2024-12-30,20,0.0,23.9
2024-12-30,21,0.0,22.3
2024-12-30,22,0.0,20.4
2024-12-30,23,0.0,20.2
2024-12-30,24,0.0,20.8
2024-12-31,1,0.0,20.0
2024-12-31,2,0.0,17.7
2024-12-31,3,0.0,15.2
2024-12-31,4,0.0,12.3
2024-12-31,5,0.0,10.6
2024-12-31,6,0.0,11.5
2024-12-31,7,0.0,13.3
2024-12-31,8,0.0,13.3
2024-12-31,9,0.0,13.2
2024-12-31,10,0.0,13.2
2024-12-31,11,29.0,14.8
2024-12-31,12,121.0,17.1
2024-12-31,13,236.0,19.5
2024-12-31,14,349.0,22.3
2024-12-31,15,387.0,23.9
2024-12-31,16,371.0,25.0
2024-12-31,17,312.0,24.9
2024-12-31,18,181.0,22.2
2024-12-31,19,51.0,18.6
2024-12-31,20,0.0,22.1
2024-12-31,21,0.0,20.3
2024-12-31,22,0.0,16.4
2024-12-31,23,0.0,13.5
2024-12-31,24,0.0,11.5
2025-01-01,1,0.0,10.0
2025-01-01,2,0.0,8.3
2025-01-01,3,0.0,7.6
2025-01-01,4,0.0,7.3
2025-01-01,5,0.0,6.5
2025-01-01,6,0.0,8.2
2025-01-01,7,0.0,10.2
2025-01-01,8,0.0,10.7
2025-01-01,9,0.0,12.4
2025-01-01,10,0.0,14.2
2025-01-01,11,19.0,16.3
2025-01-01,12,72.0,18.6
2025-01-01,13,105.0,20.9
2025-01-01,14,143.0,23.5
2025-01-01,15,175.0,25.6
2025-01-01,16,159.0,26.8
2025-01-01,17,98.0,27.1
2025-01-01,18,56.0,27.5
2025-01-01,19,21.0,27.3
2025-01-01,20,0.0,27.0
2025-01-01,21,0.0,27.1
2025-01-01,22,0.0,27.5
2025-01-01,23,0.0,28.0
2025-01-01,24,0.0,28.9
2025-01-02,1,0.0,28.9
2025-01-02,2,0.0,28.9
2025-01-02,3,0.0,29.8
2025-01-02,4,0.0,28.1
2025-01-02,5,0.0,28.5
2025-01-02,6,0.0,28.9
2025-01-02,7,0.0,27.8
2025-01-02,8,0.0,28.9
2025-01-02,9,0.0,29.7
2025-01-02,10,0.0,29.3
2025-01-02,11,43.0,28.0
2025-01-02,12,158.0,31.1
2025-01-02,13,273.0,33.8
2025-01-02,14,367.0,35.6
2025-01-02,15,388.0,36.3
2025-01-02,16,364.0,36.3
2025-01-02,17,301.0,36.3
2025-01-02,18,178.0,35.1
2025-01-02,19,56.0,31.6
2025-01-02,20,0.0,30.7
2025-01-02,21,0.0,29.3
2025-01-02,22,0.0,28.5
2025-01-02,23,0.0,28.0
2025-01-02,24,0.0,27.7
2025-01-03,1,0.0,26.8
2025-01-03,2,0.0,26.2
2025-01-03,3,0.0,25.6
2025-01-03,4,0.0,25.3
2025-01-03,5,0.0,23.6
2025-01-03,6,0.0,22.7
2025-01-03,7,0.0,22.6
2025-01-03,8,0.0,24.0
2025-01-03,9,0.0,23.3
2025-01-03,10,0.0,22.5
2025-01-03,11,47.0,24.7
2025-01-03,12,164.0,29.8
2025-01-03,13,278.0,32.0
2025-01-03,14,368.0,33.8
2025-01-03,15,368.0,35.2
2025-01-03,16,287.0,35.6
2025-01-03,17,283.0,35.8
2025-01-03,18,141.0,35.6
2025-01-03,19,38.0,34.5
2025-01-03,20,0.0,34.9
2025-01-03,21,0.0,35.0
2025-01-03,22,0.0,33.5
2025-01-03,23,0.0,33.4
2025-01-03,24,0.0,34.2
2025-01-04,1,0.0,33.7
2025-01-04,2,0.0,31.9
2025-01-04,3,0.0,32.4
2025-01-04,4,0.0,32.5
2025-01-04,5,0.0,33.8
2025-01-04,6,0.0,33.5
2025-01-04,7,0.0,34.5
2025-01-04,8,0.0,34.1
2025-01-04,9,0.0,32.3
2025-01-04,10,0.0,31.4
2025-01-04,11,20.0,30.8
2025-01-04,12,80.0,32.1
2025-01-04,13,105.0,32.9
2025-01-04,14,155.0,33.0
2025-01-04,15,192.0,33.6
2025-01-04,16,213.0,34.3
2025-01-04,17,185.0,34.8
2025-01-04,18,154.0,34.0
2025-01-04,19,53.0,31.4
2025-01-04,20,0.0,29.8
2025-01-04,21,0.0,28.8
2025-01-04,22,0.0,26.4
2025-01-04,23,0.0,24.7
2025-01-04,24,0.0,22.7
2025-01-05,1,0.0,22.6
2025-01-05,2,0.0,22.9
2025-01-05,3,0.0,21.3
2025-01-05,4,0.0,20.2
2025-01-05,5,0.0,21.8
2025-01-05,6,0.0,22.1
2025-01-05,7,0.0,20.5
2025-01-05,8,0.0,20.7
2025-01-05,9,0.0,23.4
2025-01-05,10,0.0,23.7
2025-01-05,11,23.0,25.0
2025-01-05,12,74.0,26.9
2025-01-05,13,150.0,29.3
2025-01-05,14,199.0,30.7
2025-01-05,15,156.0,31.3
2025-01-05,16,176.0,32.4
2025-01-05,17,130.0,33.1
2025-01-05,18,69.0,33.3
2025-01-05,19,22.0,32.6
2025-01-05,20,0.0,33.1
2025-01-05,21,0.0,32.4
2025-01-05,22,0.0,31.8
2025-01-05,23,0.0,31.7
2025-01-05,24,0.0,31.2
2025-01-06,1,0.0,30.4
2025-01-06,2,0.0,30.8
2025-01-06,3,0.0,30.4
2025-01-06,4,0.0,29.9
2025-01-06,5,0.0,30.0
2025-01-06,6,0.0,29.8
2025-01-06,7,0.0,29.8
2025-01-06,8,0.0,28.1
2025-01-06,9,0.0,28.6
2025-01-06,10,0.0,29.8
2025-01-06,11,17.0,30.1
2025-01-06,12,56.0,31.1
2025-01-06,13,97.0,32.1
2025-01-06,14,128.0,32.8
2025-01-06,15,233.0,33.4
2025-01-06,16,223.0,33.7
2025-01-06,17,251.0,33.7
2025-01-06,18,189.0,32.3
2025-01-06,19,57.0,30.2
2025-01-06,20,1.0,29.7
2025-01-06,21,0.0,28.1
2025-01-06,22,0.0,26.6
2025-01-06,23,0.0,26.1
2025-01-06,24,0.0,23.5
2025-01-07,1,0.0,21.9
2025-01-07,2,0.0,21.3
2025-01-07,3,0.0,19.7
2025-01-07,4,0.0,18.0
2025-01-07,5,0.0,16.3
2025-01-07,6,0.0,16.3
2025-01-07,7,0.0,16.5
2025-01-07,8,0.0,18.4
2025-01-07,9,0.0,16.7
2025-01-07,10,0.0,15.2
2025-01-07,11,40.0,17.7
2025-01-07,12,154.0,20.1
2025-01-07,13,294.0,22.6
2025-01-07,14,392.0,25.4
2025-01-07,15,451.0,27.6
2025-01-07,16,430.0,29.1
2025-01-07,17,351.0,29.2
2025-01-07,18,220.0,27.2
2025-01-07,19,74.0,23.3
2025-01-07,20,1.0,21.4
2025-01-07,21,0.0,19.7
2025-01-07,22,0.0,18.5
2025-01-07,23,0.0,17.2
2025-01-07,24,0.0,15.2
2025-01-08,1,0.0,13.1
2025-01-08,2,0.0,10.9
2025-01-08,3,0.0,9.6
2025-01-08,4,0.0,8.0
2025-01-08,5,0.0,7.3
2025-01-08,6,0.0,4.4
2025-01-08,7,0.0,4.0
2025-01-08,8,0.0,5.5
2025-01-08,9,0.0,5.7
2025-01-08,10,0.0,7.7
2025-01-08,11,43.0,7.0
2025-01-08,12,181.0,10.2
2025-01-08,13,320.0,14.5
2025-01-08,14,412.0,18.8
2025-01-08,15,452.0,21.2
2025-01-08,16,414.0,23.7
2025-01-08,17,330.0,25.6
2025-01-08,18,119.0,26.6
2025-01-29,19,177.0,26.9
2025-01-29,20,23.0,22.7
2025-01-29,21,0.0,19.6
2025-01-29,22,0.0,20.9
2025-01-29,23,0.0,22.0
2025-01-29,24,0.0,20.0
2025-01-30,1,0.0,16.3
2025-01-30,2,0.0,14.7
2025-01-30,3,0.0,13.6
2025-01-30,4,0.0,11.3
2025-01-30,5,0.0,11.2
2025-01-30,6,0.0,11.6
2025-01-30,7,0.0,10.6
2025-01-30,8,0.0,10.1
2025-01-30,9,0.0,7.7
2025-01-30,10,2.0,6.8
2025-01-30,11,109.0,7.3
2025-01-30,12,289.0,14.7
2025-01-30,13,442.0,19.3
2025-01-30,14,546.0,24.6
2025-01-30,15,590.0,29.1
2025-01-30,16,571.0,31.0
2025-01-30,17,491.0,32.2
2025-01-30,18,357.0,32.8
2025-01-30,19,185.0,32.3
2025-01-30,20,26.0,30.4
2025-01-30,21,0.0,26.3
2025-01-30,22,0.0,27.1
2025-01-30,23,0.0,25.2
2025-01-30,24,0.0,22.0
2025-01-31,1,0.0,22.2
2025-01-31,2,0.0,20.9
2025-01-31,3,0.0,19.9
2025-01-31,4,0.0,18.7
2025-01-31,5,0.0,18.4
2025-01-31,6,0.0,20.2
2025-01-31,7,0.0,21.2
2025-01-31,8,0.0,21.1
2025-01-31,9,0.0,19.5
2025-01-31,10,2.0,19.6
2025-01-31,11,86.0,21.9
2025-01-31,12,215.0,25.8
2025-01-31,13,420.0,28.4
2025-01-31,14,524.0,28.9
2025-01-31,15,501.0,33.6
2025-01-31,16,391.0,34.9
2025-01-31,17,310.0,34.4
2025-01-31,18,168.0,34.7
2025-01-31,19,44.0,33.6
2025-01-31,20,5.0,34.6
2025-01-31,21,0.0,35.0
2025-01-31,22,0.0,36.1
2025-01-31,23,0.0,35.6
2025-01-31,24,0.0,36.7
2025-02-01,1,0.0,35.7
2025-02-01,2,0.0,35.4
2025-02-01,3,0.0,33.2
2025-02-01,4,0.0,32.8
2025-02-01,5,0.0,34.7
2025-02-01,6,0.0,35.8
2025-02-01,7,0.0,37.1
2025-02-01,8,0.0,36.8
2025-02-01,9,0.0,37.1
2025-02-01,10,2.0,36.9
2025-02-01,11,50.0,38.2
2025-02-01,12,131.0,39.8
2025-02-01,13,209.0,39.3
2025-02-01,14,264.0,38.2
2025-02-01,15,353.0,38.2
2025-02-01,16,366.0,38.3
2025-02-01,17,329.0,38.6
2025-02-01,18,217.0,39.0
2025-02-01,19,94.0,38.7
2025-02-01,20,13.0,37.3
2025-02-01,21,0.0,37.0
2025-02-01,22,0.0,37.3
2025-02-01,23,0.0,37.4
2025-02-01,24,0.0,37.6
2025-02-02,1,0.0,37.4
2025-02-02,2,0.0,37.0
2025-02-02,3,0.0,36.6
2025-02-02,4,0.0,36.2
2025-02-02,5,0.0,38.2
2025-02-02,6,0.0,38.9
2025-02-02,7,0.0,37.9
2025-02-02,8,0.0,36.9
2025-02-02,9,0.0,38.8
2025-02-02,10,2.0,38.1
2025-02-02,11,79.0,40.9
2025-02-02,12,179.0,43.7
2025-02-02,13,254.0,43.9
2025-02-02,14,241.0,45.4
2025-02-02,15,212.0,46.5
2025-02-02,16,251.0,46.7
2025-02-02,17,200.0,48.1
2025-02-02,18,182.0,47.9
2025-02-02,19,57.0,47.7
2025-02-02,20,11.0,47.2
2025-02-02,21,0.0,43.7
2025-02-02,22,0.0,43.5
2025-02-02,23,0.0,43.3
2025-02-02,24,0.0,44.0
2025-02-03,1,0.0,42.7
2025-02-03,2,0.0,44.9
2025-02-03,3,0.0,44.3
2025-02-03,4,0.0,45.0
2025-02-03,5,0.0,38.9
2025-02-03,6,0.0,38.0
2025-02-03,7,0.0,38.2
2025-02-03,8,0.0,39.5
2025-02-03,9,0.0,39.3
2025-02-03,10,3.0,40.1
2025-02-03,11,70.0,41.8
2025-02-03,12,134.0,43.9
2025-02-03,13,231.0,42.7
2025-02-03,14,364.0,42.1
2025-02-03,15,402.0,43.8
2025-02-03,16,427.0,45.3
2025-02-03,17,389.0,47.7
2025-02-03,18,238.0,48.4
2025-02-03,19,94.0,50.3
2025-02-03,20,17.0,51.8
2025-02-03,21,0.0,51.2
2025-02-03,22,0.0,52.0
2025-02-03,23,0.0,46.5
2025-02-03,24,0.0,46.6
2025-02-04,1,0.0,48.1
2025-02-04,2,0.0,46.8
2025-02-04,3,0.0,46.3
2025-02-04,4,0.0,44.7
2025-02-04,5,0.0,44.0
2025-02-04,6,0.0,45.4
2025-02-04,7,0.0,46.9
2025-02-04,8,0.0,47.6
2025-02-04,9,0.0,48.2
2025-02-04,10,3.0,48.5
2025-02-04,11,63.0,47.5
2025-02-04,12,148.0,49.1
2025-02-04,13,255.0,48.7
2025-02-04,14,379.0,49.5
2025-02-04,15,410.0,53.1
2025-02-04,16,487.0,55.0
2025-02-04,17,478.0,52.5
2025-02-04,18,344.0,54.8
2025-02-04,19,193.0,56.0
2025-02-04,20,33.0,56.5
2025-02-04,21,0.0,55.0
2025-02-04,22,0.0,55.1
2025-02-04,23,0.0,50.6
2025-02-04,24,0.0,45.0
2025-02-05,1,0.0,45.5
2025-02-05,2,0.0,46.2
2025-02-05,3,0.0,48.1
2025-02-05,4,0.0,47.3
2025-02-05,5,0.0,46.7
2025-02-05,6,0.0,46.3
2025-02-05,7,0.0,47.1
2025-02-05,8,0.0,46.3
2025-02-05,9,0.0,44.9
2025-02-05,10,4.0,42.6
2025-02-05,11,97.0,44.3
2025-02-05,12,221.0,44.3
2025-02-05,13,311.0,46.0
2025-02-05,14,286.0,45.1
2025-02-05,15,490.0,42.0
2025-02-05,16,511.0,40.3
2025-02-05,17,452.0,38.2
2025-02-05,18,375.0,38.1
2025-02-05,19,203.0,34.9
2025-02-05,20,37.0,37.5
2025-02-05,21,0.0,33.7
2025-02-05,22,0.0,31.0
2025-02-05,23,0.0,28.8
2025-02-05,24,0.0,24.4
2025-02-06,1,0.0,20.3
2025-02-06,2,0.0,19.1
2025-02-06,3,0.0,17.3
2025-02-06,4,0.0,16.5
2025-02-06,5,0.0,10.9
2025-02-06,6,0.0,10.1
2025-02-06,7,0.0,9.8
2025-02-06,8,0.0,10.3
2025-02-06,9,0.0,10.6
2025-02-06,10,5.0,10.3
2025-02-06,11,107.0,16.0
2025-02-06,12,277.0,23.4
2025-02-06,13,409.0,27.2
2025-02-06,14,509.0,29.3
2025-02-06,15,552.0,32.7
2025-02-06,16,500.0,34.2
2025-02-06,17,327.0,35.5
2025-02-06,18,177.0,35.5
2025-02-06,19,93.0,35.8
2025-02-06,20,19.0,33.9
2025-02-06,21,0.0,33.5
2025-02-06,22,0.0,33.7
2025-02-06,23,0.0,34.6
2025-02-06,24,0.0,32.6
2025-02-07,1,0.0,31.0
2025-02-07,2,0.0,29.7
2025-02-07,3,0.0,33.7
2025-02-07,4,0.0,32.1
2025-02-07,5,0.0,31.6
2025-02-07,6,0.0,34.1
2025-02-07,7,0.0,34.6
2025-02-07,8,0.0,36.5
2025-02-07,9,0.0,38.3
2025-02-07,10,5.0,37.7
2025-02-07,11,90.0,42.7
2025-02-07,12,234.0,43.3
2025-02-07,13,327.0,42.7
2025-02-07,14,318.0,43.8
2025-02-07,15,426.0,43.1
2025-02-07,16,492.0,45.1
2025-02-07,17,452.0,40.6
2025-02-07,18,338.0,39.2
2025-02-07,19,203.0,37.3
2025-02-07,20,43.0,33.7
2025-02-07,21,0.0,31.5
2025-02-07,22,0.0,30.3
2025-02-07,23,0.0,30.2
2025-02-07,24,0.0,29.2
2025-02-08,1,0.0,30.7
2025-02-08,2,0.0,29.1
2025-02-08,3,0.0,25.0
2025-02-08,4,0.0,22.3
2025-02-08,5,0.0,18.4
2025-02-08,6,0.0,16.3
2025-02-08,7,0.0,15.6
2025-02-08,8,0.0,14.7
2025-02-08,9,0.0,15.7
2025-02-08,10,6.0,16.0
2025-02-08,11,116.0,19.0
2025-02-08,12,273.0,24.3
2025-02-08,13,415.0,28.7
2025-02-08,14,462.0,30.1
2025-02-08,15,552.0,31.6
2025-02-08,16,506.0,32.6
2025-02-08,17,439.0,31.9
2025-02-08,18,282.0,31.1
2025-02-08,19,180.0,30.2
2025-02-08,20,44.0,31.3
2025-02-08,21,0.0,29.0
2025-02-08,22,0.0,27.4
2025-02-08,23,0.0,25.9
2025-02-08,24,0.0,23.4
2025-02-09,1,0.0,21.7
2025-02-09,2,0.0,19.7
2025-02-09,3,0.0,15.1
2025-02-09,4,0.0,12.3
2025-02-09,5,0.0,10.3
2025-02-09,6,0.0,9.7
2025-02-09,7,0.0,10.2
2025-02-09,8,0.0,10.4
2025-02-09,9,0.0,10.1
2025-02-09,10,9.0,9.3
2025-02-09,11,136.0,13.2
2025-02-09,12,311.0,20.1
2025-02-09,13,479.0,24.8
2025-02-09,14,591.0,27.2
2025-02-09,15,625.0,29.7
2025-02-09,16,618.0,30.9
2025-02-09,17,481.0,32.7
2025-02-09,18,390.0,32.8
2025-02-09,19,211.0,32.7
2025-02-09,20,51.0,32.8
2025-02-09,21,0.0,28.2
2025-02-09,22,0.0,26.9
2025-02-09,23,0.0,23.8
2025-02-09,24,0.0,20.2
2025-02-10,1,0.0,16.6
2025-02-10,2,0.0,14.4
2025-02-10,3,0.0,7.7
2025-02-10,4,0.0,7.3
2025-02-10,5,0.0,5.5
2025-02-10,6,0.0,5.8
2025-02-10,7,0.0,5.0
2025-02-10,8,0.0,4.4
2025-02-10,9,0.0,3.5
2025-02-10,10,10.0,3.8
2025-02-10,11,145.0,9.7
2025-02-10,12,326.0,16.4
2025-02-10,13,458.0,20.1
2025-02-10,14,593.0,23.8
2025-02-10,15,642.0,26.9
2025-02-10,16,587.0,28.3
2025-02-10,17,503.0,29.2
2025-02-10,18,302.0,29.2
2025-02-10,19,191.0,28.9
2025-02-10,20,52.0,25.9
2025-02-10,21,0.0,22.5
2025-02-10,22,0.0,19.4
2025-02-10,23,0.0,16.6
2025-02-10,24,0.0,10.4
2025-02-11,1,0.0,10.6
2025-02-11,2,0.0,11.2
2025-02-11,3,0.0,9.1
2025-02-11,4,0.0,11.0
2025-02-11,5,0.0,12.0
2025-02-11,6,0.0,13.5
2025-02-11,7,0.0,12.9
2025-02-11,8,0.0,12.1
2025-02-11,9,0.0,11.2
2025-02-11,10,9.0,11.2
2025-02-11,11,127.0,14.8
2025-02-11,12,288.0,18.4
2025-02-11,13,423.0,19.6
2025-02-11,14,531.0,20.2
2025-02-11,15,570.0,21.1
2025-02-11,16,557.0,21.5
2025-02-11,17,473.0,22.0
2025-02-11,18,339.0,22.0
2025-02-11,19,204.0,21.5
2025-02-11,20,51.0,17.9
2025-02-11,21,0.0,19.4
2025-02-11,22,0.0,19.8
2025-02-11,23,0.0,17.6
2025-02-11,24,0.0,13.9
2025-02-12,1,0.0,11.1
2025-02-12,2,0.0,9.9
2025-02-12,3,0.0,5.9
2025-02-12,4,0.0,4.1
2025-02-12,5,0.0,-0.0
2025-02-12,6,0.0,-1.5
2025-02-12,7,0.0,-1.7
2025-02-12,8,0.0,-2.0
2025-02-12,9,0.0,-3.1
2025-02-12,10,12.0,-2.2
2025-02-12,11,155.0,3.1
2025-02-12,12,339.0,9.6
2025-02-12,13,497.0,15.6
2025-02-12,14,593.0,17.7
2025-02-12,15,595.0,19.4
2025-02-12,16,562.0,20.7
2025-02-12,17,435.0,22.4
2025-02-12,18,301.0,22.8
2025-02-12,19,174.0,22.0
2025-02-12,20,52.0,21.1
2025-02-12,21,0.0,18.1
2025-02-12,22,0.0,15.1
2025-02-12,23,0.0,12.3
2025-02-12,24,0.0,10.3
2025-02-13,1,0.0,7.2
2025-02-13,2,0.0,8.3
2025-02-13,3,0.0,7.1
2025-02-13,4,0.0,6.8
2025-02-13,5,0.0,4.7
2025-02-13,6,0.0,0.6
2025-02-13,7,0.0,-1.6
2025-02-13,8,0.0,-2.1
2025-02-13,9,0.0,2.2
2025-02-13,10,11.0,4.4
2025-02-13,11,128.0,8.3
2025-02-13,12,279.0,15.0
2025-02-13,13,306.0,17.9
2025-02-13,14,230.0,20.7
2025-02-13,15,188.0,21.9
2025-02-13,16,194.0,22.3
2025-02-13,17,152.0,24.6
2025-02-13,18,96.0,25.8
2025-02-13,19,39.0,26.1
2025-02-13,20,10.0,27.1
2025-02-13,21,0.0,27.6
2025-02-13,22,0.0,28.1
2025-02-13,23,0.0,28.9
2025-02-13,24,0.0,31.2
2025-02-14,1,0.0,32.8
2025-02-14,2,0.0,33.7
2025-02-14,3,0.0,34.8
2025-02-14,4,0.0,33.5
2025-02-14,5,0.0,32.4
2025-02-14,6,0.0,32.6
2025-02-14,7,0.0,32.0
2025-02-14,8,0.0,33.0
2025-02-14,9,0.0,31.7
2025-02-14,10,11.0,32.8
2025-02-14,11,117.0,33.7
2025-02-14,12,257.0,38.0
2025-02-14,13,410.0,37.9
2025-02-14,14,558.0,38.5
2025-02-14,15,526.0,39.4
2025-02-14,16,449.0,40.7
2025-02-14,17,293.0,38.2
2025-02-14,18,219.0,38.3
2025-02-14,19,122.0,38.2
2025-02-14,20,24.0,38.7
2025-02-14,21,0.0,38.2
2025-02-14,22,0.0,37.6
2025-02-14,23,0.0,37.2
2025-02-14,24,0.0,36.0
2025-02-15,1,0.0,36.7
2025-02-15,2,0.0,37.2
2025-02-15,3,0.0,36.0
2025-02-15,4,0.0,34.7
2025-02-15,5,0.0,32.2
2025-02-15,6,0.0,32.1
2025-02-15,7,0.0,31.7
2025-02-15,8,0.0,31.8
2025-02-15,9,0.0,30.9
2025-02-15,10,12.0,30.1
2025-02-15,11,110.0,30.2
2025-02-15,12,277.0,30.7
2025-02-15,13,441.0,31.0
2025-02-15,14,532.0,31.5
2025-02-15,15,582.0,32.6
2025-02-15,16,557.0,33.1
2025-02-15,17,458.0,33.6
2025-02-15,18,276.0,33.4
2025-02-15,19,192.0,34.0
2025-02-15,20,62.0,35.2
2025-02-15,21,0.0,32.7
2025-02-15,22,0.0,31.8
2025-02-15,23,0.0,31.8
2025-02-15,24,0.0,30.8
2025-02-16,1,0.0,30.7
2025-02-16,2,0.0,30.1
2025-02-16,3,0.0,29.5
2025-02-16,4,0.0,28.8
2025-02-16,5,0.0,30.9
2025-02-16,6,0.0,31.7
2025-02-16,7,0.0,31.8
2025-02-16,8,0.0,31.9
2025-02-16,9,0.0,30.1
2025-02-16,10,8.0,30.3
2025-02-16,11,69.0,29.4
2025-02-16,12,119.0,31.5
2025-02-16,13,267.0,31.4
2025-02-16,14,232.0,31.0
2025-02-16,15,254.0,31.5
2025-02-16,16,263.0,31.0
2025-02-16,17,208.0,32.5
2025-02-16,18,95.0,33.2
2025-02-16,19,104.0,34.1
2025-02-16,20,17.0,34.0
2025-02-16,21,0.0,34.1
2025-02-16,22,0.0,32.9
2025-02-16,23,0.0,33.9
2025-02-16,24,0.0,32.4
2025-02-17,1,0.0,32.8
2025-02-17,2,0.0,32.1
2025-02-17,3,0.0,30.8
2025-02-17,4,0.0,29.4
2025-02-17,5,0.0,28.5
2025-02-17,6,0.0,28.3
2025-02-17,7,0.0,28.6
2025-02-17,8,0.0,29.2
2025-02-17,9,0.0,31.8
2025-02-17,10,16.0,31.6
2025-02-17,11,146.0,31.4
2025-02-17,12,309.0,33.1
2025-02-17,13,355.0,35.1
2025-02-17,14,509.0,34.7
2025-02-17,15,508.0,36.0
2025-02-17,16,516.0,36.1
2025-02-17,17,424.0,37.5
2025-02-17,18,299.0,37.4
2025-02-17,19,170.0,37.1
2025-02-17,20,53.0,36.4
2025-02-17,21,0.0,33.9
2025-02-17,22,0.0,33.7
2025-02-17,23,0.0,34.6
2025-02-17,24,0.0,34.1
2025-02-18,1,0.0,34.3
2025-02-18,2,0.0,33.5
2025-02-18,3,0.0,31.8
2025-02-18,4,0.0,32.3
2025-02-18,5,0.0,32.5
2025-02-18,6,0.0,31.5
2025-02-18,7,0.0,31.6
2025-02-18,8,0.0,31.8
2025-02-18,9,0.0,32.2
2025-02-18,10,13.0,32.7
2025-02-18,11,112.0,34.0
2025-02-18,12,256.0,35.5
2025-02-18,13,397.0,35.7
2025-02-18,14,555.0,36.2
2025-02-18,15,601.0,38.7
2025-02-18,16,509.0,38.5
2025-02-18,17,442.0,39.1
2025-02-18,18,370.0,39.6
2025-02-18,19,244.0,40.7
2025-02-18,20,72.0,40.8
2025-02-18,21,0.0,39.1
2025-02-18,22,0.0,37.6
2025-02-18,23,0.0,37.6
2025-02-18,24,0.0,35.9
2025-02-19,1,0.0,35.2
2025-02-19,2,0.0,34.2
2025-02-19,3,0.0,32.0
2025-02-19,4,0.0,31.7
2025-02-19,5,0.0,30.3
2025-02-19,6,0.0,29.4
2025-02-19,7,0.0,29.1
2025-02-19,8,0.0,27.4
2025-02-19,9,0.0,26.5
2025-02-19,10,24.0,28.1
2025-02-19,11,179.0,28.0
2025-02-19,12,345.0,29.3
2025-02-19,13,467.0,31.4
2025-02-19,14,525.0,32.6
2025-02-19,15,500.0,34.3
2025-02-19,16,400.0,34.6
2025-02-19,17,312.0,36.1
2025-02-19,18,287.0,37.2
2025-02-19,19,92.0,31.6
2025-02-19,20,44.0,29.6
2025-02-19,21,0.0,28.6
2025-02-19,22,0.0,29.5
2025-02-19,23,0.0,28.3
2025-02-19,24,0.0,28.7
2025-02-20,1,0.0,28.9
2025-02-20,2,0.0,29.2
2025-02-20,3,0.0,28.9
2025-02-20,4,0.0,28.9
2025-02-20,5,0.0,28.7
2025-02-20,6,0.0,28.4
2025-02-20,7,0.0,28.9
2025-02-20,8,0.0,31.0
2025-02-20,9,0.0,30.7
2025-02-20,10,10.0,30.8
2025-02-20,11,68.0,31.4
2025-02-20,12,150.0,32.5
2025-02-20,13,242.0,33.4
2025-02-20,14,349.0,34.0
2025-02-20,15,420.0,34.4
2025-02-20,16,412.0,34.8
2025-02-20,17,380.0,35.3
2025-02-20,18,296.0,35.6
2025-02-20,19,172.0,34.9
2025-02-20,20,44.0,33.8
2025-02-20,21,0.0,32.0
2025-02-20,22,0.0,31.0
2025-02-20,23,0.0,28.9
2025-02-20,24,0.0,24.9
2025-02-21,1,0.0,22.1
2025-02-21,2,0.0,20.6
2025-02-21,3,0.0,19.9
2025-02-21,4,0.0,18.4
2025-02-21,5,0.0,15.4
2025-02-21,6,0.0,14.2
2025-02-21,7,0.0,15.4
2025-02-21,8,0.0,17.1
2025-02-21,9,0.0,17.6
2025-02-21,10,18.0,19.6
2025-02-21,11,117.0,21.3
2025-02-21,12,247.0,23.4
2025-02-21,13,405.0,24.9
2025-02-21,14,550.0,26.2
2025-02-21,15,623.0,27.4
2025-02-21,16,630.0,28.8
2025-02-21,17,562.0,30.0
2025-02-21,18,422.0,30.4
2025-02-21,19,251.0,28.6
2025-02-21,20,77.0,25.2
2025-02-21,21,0.0,22.4
2025-02-21,22,0.0,20.2
2025-02-21,23,0.0,18.6
2025-02-21,24,0.0,16.9
2025-02-22,1,0.0,14.0
2025-02-22,2,0.0,11.8
2025-02-22,3,0.0,10.9
2025-02-22,4,0.0,9.7
2025-02-22,5,0.0,8.2
2025-02-22,6,0.0,7.5
2025-02-22,7,0.0,8.2
2025-02-22,8,0.0,11.3
2025-02-22,9,0.0,12.5
2025-02-22,10,22.0,13.1
2025-02-22,11,145.0,16.3
2025-02-22,12,258.0,19.9
2025-02-22,13,375.0,23.6
2025-02-22,14,493.0,25.9
2025-02-22,15,502.0,27.6
2025-02-22,16,530.0,29.0
2025-02-22,17,497.0,30.0
2025-02-22,18,376.0,30.9
2025-02-22,19,227.0,30.7
2025-02-22,20,72.0,28.1
2025-02-22,21,0.0,26.4
2025-02-22,22,0.0,24.7
2025-02-22,23,0.0,23.5
2025-02-22,24,0.0,22.8
2025-02-23,1,0.0,21.7
2025-02-23,2,0.0,20.2
2025-02-23,3,0.0,18.6
2025-02-23,4,0.0,17.7
2025-02-23,5,0.0,17.1
2025-02-23,6,0.0,15.9
2025-02-23,7,0.0,15.4
2025-02-23,8,0.0,14.2
2025-02-23,9,0.0,14.7
2025-02-23,10,30.0,16.9
2025-02-23,11,178.0,22.1
2025-02-23,12,250.0,25.8
2025-02-23,13,181.0,27.5
2025-02-23,14,199.0,30.3
2025-02-23,15,242.0,32.1
2025-02-23,16,177.0,33.0
2025-02-23,17,130.0,33.1
2025-02-23,18,101.0,33.4
2025-02-23,19,66.0,33.6
2025-02-23,20,28.0,34.8
2025-02-23,21,0.0,34.7
2025-02-23,22,0.0,34.3
2025-02-23,23,0.0,34.8
2025-02-23,24,0.0,35.1
2025-02-24,1,0.0,34.9
2025-02-24,2,0.0,33.1
2025-02-24,3,0.0,33.3
2025-02-24,4,0.0,34.0
2025-02-24,5,0.0,34.3
2025-02-24,6,0.0,34.6
2025-02-24,7,0.0,33.7
2025-02-24,8,0.0,33.7
2025-02-24,9,0.0,34.1
2025-02-24,10,12.0,34.7
2025-02-24,11,91.0,35.7
2025-02-24,12,254.0,37.1
2025-02-24,13,521.0,38.8
2025-02-24,14,630.0,39.9
2025-02-24,15,624.0,40.5
2025-02-24,16,662.0,40.9
2025-02-24,17,579.0,40.8
2025-02-24,18,351.0,40.3
2025-02-24,19,208.0,39.1
2025-02-24,20,77.0,37.0
2025-02-24,21,1.0,36.3
2025-02-24,22,0.0,36.3
2025-02-24,23,0.0,36.1
2025-02-24,24,0.0,35.2
2025-02-25,1,0.0,34.4
2025-02-25,2,0.0,34.7
2025-02-25,3,0.0,34.3
2025-02-25,4,0.0,32.6
2025-02-25,5,0.0,30.9
2025-02-25,6,0.0,29.5
2025-02-25,7,0.0,27.3
2025-02-25,8,0.0,27.5
2025-02-25,9,0.0,26.1
2025-02-25,10,34.0,33.4
2025-02-25,11,200.0,35.6
2025-02-25,12,400.0,37.6
2025-02-25,13,545.0,38.2
2025-02-25,14,653.0,38.5
2025-02-25,15,708.0,38.9
2025-02-25,16,547.0,38.5
2025-02-25,17,509.0,38.1
2025-02-25,18,444.0,37.9
2025-02-25,19,279.0,36.5
2025-02-25,20,94.0,32.9
2025-02-25,21,1.0,31.1
2025-02-25,22,0.0,28.6
2025-02-25,23,0.0,26.6
2025-02-25,24,0.0,24.6
2025-02-26,1,0.0,22.9
2025-02-26,2,0.0,21.5
2025-02-26,3,0.0,20.2
2025-02-26,4,0.0,18.8
2025-02-26,5,0.0,18.0
2025-02-26,6,0.0,17.6
2025-02-26,7,0.0,16.7
2025-02-26,8,0.0,18.3
2025-02-26,9,0.0,18.2
2025-02-26,10,38.0,19.5
2025-02-26,11,205.0,24.0
2025-02-26,12,394.0,28.6
2025-02-26,13,554.0,30.3
2025-02-26,14,665.0,31.7
2025-02-26,15,714.0,32.7
2025-02-26,16,687.0,34.0
2025-02-26,17,605.0,35.0
2025-02-26,18,466.0,34.8
2025-02-26,19,285.0,33.3
2025-02-26,20,96.0,31.6
2025-02-26,21,2.0,29.1
2025-02-26,22,0.0,26.6
2025-02-26,23,0.0,24.8
2025-02-26,24,0.0,23.9
2025-02-27,1,0.0,23.2
2025-02-27,2,0.0,22.2
2025-02-27,3,0.0,20.6
2025-02-27,4,0.0,18.9
2025-02-27,5,0.0,17.7
2025-02-27,6,0.0,16.8
2025-02-27,7,0.0,15.4
2025-02-27,8,0.0,15.5
2025-02-27,9,0.0,13.5
2025-02-27,10,42.0,14.4
2025-02-27,11,213.0,20.1
2025-02-27,12,405.0,25.6
2025-02-27,13,567.0,28.2
2025-02-27,14,677.0,30.7
2025-02-27,15,723.0,32.4
2025-02-27,16,701.0,33.6
2025-02-27,17,617.0,34.6
2025-02-27,18,475.0,34.6
2025-02-27,19,293.0,33.4
2025-02-27,20,102.0,29.8
2025-02-27,21,2.0,26.6
2025-02-27,22,0.0,25.5
2025-02-27,23,0.0,25.2
2025-02-27,24,0.0,24.3
2025-02-28,1,0.0,22.9
2025-02-28,2,0.0,22.2
2025-02-28,3,0.0,21.4
2025-02-28,4,0.0,20.0
2025-02-28,5,0.0,18.9
2025-02-28,6,0.0,17.7
2025-02-28,7,0.0,17.0
2025-02-28,8,0.0,17.3
2025-02-28,9,0.0,16.3
2025-02-28,10,48.0,18.3
2025-02-28,11,228.0,24.4
2025-02-28,12,422.0,29.5
2025-02-28,13,583.0,33.6
2025-02-28,14,693.0,35.7
2025-02-28,15,740.0,36.7
2025-02-28,16,719.0,37.0
2025-02-28,17,633.0,37.4
2025-02-28,18,490.0,37.2
2025-02-28,19,305.0,36.5
2025-02-28,20,108.0,32.2
2025-02-28,21,2.0,29.1
2025-02-28,22,0.0,27.8
2025-02-28,23,0.0,27.3
2025-02-28,24,0.0,26.7
2025-03-01,1,0.0,26.0
2025-03-01,2,0.0,25.0
2025-03-01,3,0.0,23.7
2025-03-01,4,0.0,22.3
2025-03-01,5,0.0,20.4
2025-03-01,6,0.0,19.1
2025-03-01,7,0.0,18.3
2025-03-01,8,0.0,18.8
2025-03-01,9,0.0,15.8
2025-03-01,10,53.0,16.6
2025-03-01,11,239.0,23.6
2025-03-01,12,436.0,29.8
2025-03-01,13,598.0,32.9
2025-03-01,14,708.0,36.1
2025-03-01,15,754.0,37.4
2025-03-01,16,733.0,37.8
2025-03-01,17,646.0,38.3
2025-03-01,18,502.0,38.6
2025-03-01,19,314.0,37.5
2025-03-01,20,114.0,34.7
2025-03-01,21,3.0,30.7
2025-03-01,22,0.0,28.7
2025-03-01,23,0.0,28.0
2025-03-01,24,0.0,27.5
2025-03-02,1,0.0,27.0
2025-03-02,2,0.0,25.6
2025-03-02,3,0.0,24.6
2025-03-02,4,0.0,24.7
2025-03-02,5,0.0,24.0
2025-03-02,6,0.0,22.6
2025-03-02,7,0.0,21.4
2025-03-02,8,0.0,21.0
2025-03-02,9,0.0,18.5
2025-03-02,10,54.0,21.2
2025-03-02,11,235.0,28.1
2025-03-02,12,425.0,32.5
2025-03-02,13,580.0,36.6
2025-03-02,14,691.0,38.5
2025-03-02,15,734.0,39.7
2025-03-02,16,713.0,40.3
2025-03-02,17,626.0,40.6
2025-03-02,18,485.0,39.8
2025-03-02,19,304.0,38.5
2025-03-02,20,99.0,36.8
2025-03-02,21,3.0,37.0
2025-03-02,22,0.0,36.1
2025-03-02,23,0.0,36.8
2025-03-02,24,0.0,37.9
2025-03-03,1,0.0,37.7
2025-03-03,2,0.0,37.7
2025-03-03,3,0.0,35.5
2025-03-03,4,0.0,34.3
2025-03-03,5,0.0,30.6
2025-03-03,6,0.0,29.5
2025-03-03,7,0.0,27.1
2025-03-03,8,0.0,28.9
2025-03-03,9,0.0,28.3
2025-03-03,10,40.0,30.1
2025-03-03,11,175.0,33.3
2025-03-03,12,315.0,35.4
2025-03-03,13,420.0,37.2
2025-03-03,14,361.0,37.8
2025-03-03,15,361.0,37.4
2025-03-03,16,397.0,38.1
2025-03-03,17,258.0,37.5
2025-03-03,18,191.0,37.1
2025-03-03,19,139.0,36.7
2025-03-03,20,43.0,37.0
2025-03-03,21,2.0,36.0
2025-03-03,22,0.0,35.4
2025-03-03,23,0.0,35.0
2025-03-03,24,0.0,34.1
2025-03-04,1,0.0,33.4
2025-03-04,2,0.0,32.8
2025-03-04,3,0.0,32.3
2025-03-04,4,0.0,32.0
2025-03-04,5,0.0,32.4
2025-03-04,6,0.0,31.5
2025-03-04,7,0.0,30.6
2025-03-04,8,0.0,31.4
2025-03-04,9,0.0,30.4
2025-03-04,10,45.0,31.0
2025-03-04,11,202.0,33.9
2025-03-04,12,399.0,36.2
2025-03-04,13,554.0,37.7
2025-03-04,14,672.0,38.7
2025-03-04,15,702.0,39.4
2025-03-04,16,655.0,39.7
2025-03-04,17,422.0,39.3
2025-03-04,18,250.0,38.8
2025-03-04,19,92.0,38.0
2025-03-04,20,32.0,37.0
2025-03-04,21,2.0,35.8
2025-03-04,22,0.0,34.6
2025-03-04,23,0.0,32.3
2025-03-04,24,0.0,31.5
2025-03-05,1,0.0,31.8
2025-03-05,2,0.0,31.9
2025-03-05,3,0.0,30.7
2025-03-05,4,0.0,28.2
2025-03-05,5,0.0,29.0
2025-03-05,6,0.0,30.3
2025-03-05,7,0.0,30.4
2025-03-05,8,0.0,30.7
2025-03-05,9,0.0,29.1
2025-03-05,10,44.0,30.2
2025-03-05,11,187.0,32.9
2025-03-05,12,375.0,35.5
2025-03-05,13,511.0,37.8
2025-03-05,14,641.0,39.6
2025-03-05,15,637.0,40.6
2025-03-05,16,584.0,41.9
2025-03-05,17,525.0,42.8
2025-03-05,18,269.0,41.1
2025-03-05,19,88.0,40.0
2025-03-05,20,33.0,36.8
2025-03-05,21,2.0,34.3
2025-03-05,22,0.0,33.5
2025-03-05,23,0.0,32.8
2025-03-05,24,0.0,32.7
2025-03-06,1,0.0,32.6
2025-03-06,2,0.0,32.6
2025-03-06,3,0.0,32.7
2025-03-06,4,0.0,32.7
2025-03-06,5,0.0,32.9
2025-03-06,6,0.0,32.9
2025-03-06,7,0.0,33.0
2025-03-06,8,0.0,33.1
2025-03-06,9,0.0,33.0
2025-03-06,10,19.0,33.0
2025-03-06,11,88.0,33.3
2025-03-06,12,177.0,33.4
2025-03-06,13,323.0,33.7
2025-03-06,14,348.0,33.9
2025-03-06,15,329.0,34.0
2025-03-06,16,328.0,33.8
2025-03-06,17,360.0,34.0
2025-03-06,18,256.0,34.2
2025-03-06,19,123.0,33.9
2025-03-06,20,47.0,33.4
2025-03-06,21,2.0,33.4
2025-03-06,22,0.0,33.1
2025-03-06,23,0.0,33.0
2025-03-06,24,0.0,32.7
2025-03-07,1,0.0,31.7
2025-03-07,2,0.0,31.9
2025-03-07,3,0.0,31.4
2025-03-07,4,0.0,31.1
2025-03-07,5,0.0,30.5
2025-03-07,6,0.0,29.7
2025-03-07,7,0.0,29.2
2025-03-07,8,0.0,28.0
2025-03-07,9,0.0,26.7
2025-03-07,10,62.0,24.4
2025-03-07,11,245.0,27.0
2025-03-07,12,423.0,30.8
2025-03-07,13,554.0,32.1
2025-03-07,14,690.0,33.2
2025-03-07,15,756.0,34.0
2025-03-07,16,739.0,34.4
2025-03-07,17,639.0,34.5
2025-03-07,18,485.0,34.7
2025-03-07,19,322.0,33.3
2025-03-07,20,122.0,32.2
2025-03-07,21,7.0,28.0
2025-03-07,22,0.0,24.5
2025-03-07,23,0.0,22.1
2025-03-07,24,0.0,19.9
2025-03-08,1,0.0,19.1
2025-03-08,2,0.0,19.0
2025-03-08,3,0.0,18.8
2025-03-08,4,0.0,17.6
2025-03-08,5,0.0,16.0
2025-03-08,6,0.0,14.1
2025-03-08,7,0.0,12.7
2025-03-08,8,0.0,16.2
2025-03-08,9,0.0,13.4
2025-03-08,10,75.0,13.9
2025-03-08,11,256.0,18.1
2025-03-08,12,450.0,22.7
2025-03-08,13,612.0,26.6
2025-03-08,14,723.0,29.3
2025-03-08,15,775.0,31.1
2025-03-08,16,754.0,31.9
2025-03-08,17,667.0,32.4
2025-03-08,18,522.0,32.6
2025-03-08,19,335.0,31.6
2025-03-08,20,133.0,30.2
2025-03-08,21,8.0,26.1
2025-03-08,22,0.0,23.6
2025-03-08,23,0.0,22.7
2025-03-08,24,0.0,22.6
2025-03-09,1,0.0,22.2
2025-03-09,2,0.0,21.8
2025-03-09,3,0.0,20.6
2025-03-09,4,0.0,18.9
2025-03-09,5,0.0,17.9
2025-03-09,6,0.0,17.5
2025-03-09,7,0.0,16.8
2025-03-09,8,0.0,16.6
2025-03-09,9,0.0,16.6
2025-03-09,10,79.0,18.8
2025-03-09,11,269.0,22.6
2025-03-09,12,465.0,26.6
2025-03-09,13,627.0,30.0
2025-03-09,14,738.0,33.3
2025-03-09,15,779.0,35.4
2025-03-09,16,755.0,36.7
2025-03-09,17,667.0,37.6
2025-03-09,18,524.0,38.1
2025-03-09,19,340.0,37.5
2025-03-09,20,139.0,35.5
2025-03-09,21,9.0,32.5
2025-03-09,22,0.0,30.8
2025-03-09,23,0.0,30.2
2025-03-09,24,0.0,29.6
2025-03-10,1,0.0,29.2
2025-03-10,2,0.0,27.6
2025-03-10,3,0.0,25.7
2025-03-10,4,0.0,24.9
2025-03-10,5,0.0,24.4
2025-03-10,6,0.0,23.9
2025-03-10,7,0.0,22.7
2025-03-10,8,0.0,20.7
2025-03-10,9,1.0,20.9
2025-03-10,10,88.0,24.8
2025-03-10,11,283.0,30.0
2025-03-10,12,477.0,33.8
2025-03-10,13,636.0,36.4
2025-03-10,14,742.0,39.0
2025-03-10,15,785.0,40.9
2025-03-10,16,761.0,42.1
2025-03-10,17,670.0,42.7
2025-03-10,18,524.0,42.5
2025-03-10,19,339.0,41.1
2025-03-10,20,139.0,37.2
2025-03-10,21,9.0,34.3
2025-03-10,22,0.0,33.6
2025-03-10,23,0.0,33.4
2025-03-10,24,0.0,32.4
2025-03-11,1,0.0,31.9
2025-03-11,2,0.0,30.9
2025-03-11,3,0.0,29.8
2025-03-11,4,0.0,28.1
2025-03-11,5,0.0,26.5
2025-03-11,6,0.0,25.5
2025-03-11,7,0.0,25.1
2025-03-11,8,0.0,26.0
2025-03-11,9,1.0,25.4
2025-03-11,10,84.0,28.0
2025-03-11,11,275.0,33.2
2025-03-11,12,477.0,36.4
2025-03-11,13,636.0,39.7
2025-03-11,14,742.0,42.4
2025-03-11,15,784.0,44.6
2025-03-11,16,758.0,46.0
2025-03-11,17,667.0,46.9
2025-03-11,18,520.0,46.9
2025-03-11,19,335.0,45.6
2025-03-11,20,136.0,42.0
2025-03-11,21,10.0,38.4
2025-03-11,22,0.0,36.9
2025-03-11,23,0.0,36.2
2025-03-11,24,0.0,36.1
2025-03-12,1,0.0,35.4
2025-03-12,2,0.0,35.1
2025-03-12,3,0.0,32.7
2025-03-12,4,0.0,31.0
2025-03-12,5,0.0,28.6
2025-03-12,6,0.0,28.0
2025-03-12,7,0.0,27.2
2025-03-12,8,0.0,28.2
2025-03-12,9,1.0,28.2
2025-03-12,10,93.0,33.1
2025-03-12,11,281.0,36.4
2025-03-12,12,470.0,39.6
2025-03-12,13,607.0,42.7
2025-03-12,14,718.0,45.6
2025-03-12,15,758.0,47.1
2025-03-12,16,672.0,47.9
2025-03-12,17,573.0,47.9
2025-03-12,18,464.0,47.2
2025-04-02,19,401.0,45.4
2025-04-02,20,205.0,44.8
2025-04-02,21,41.0,42.2
2025-04-02,22,0.0,39.3
2025-04-02,23,0.0,38.3
2025-04-02,24,0.0,33.0
2025-04-03,1,0.0,30.6
2025-04-03,2,0.0,29.1
2025-04-03,3,0.0,26.9
2025-04-03,4,0.0,25.7
2025-04-03,5,0.0,27.2
2025-04-03,6,0.0,27.5
2025-04-03,7,0.0,27.7
2025-04-03,8,0.0,28.0
2025-04-03,9,43.0,30.2
2025-04-03,10,229.0,34.9
2025-04-03,11,444.0,37.8
2025-04-03,12,637.0,42.0
2025-04-03,13,796.0,44.3
2025-04-03,14,794.0,45.3
2025-04-03,15,658.0,46.8
2025-04-03,16,726.0,47.2
2025-04-03,17,527.0,46.9
2025-04-03,18,513.0,48.9
2025-04-03,19,371.0,47.4
2025-04-03,20,195.0,46.2
2025-04-03,21,46.0,43.8
2025-04-03,22,0.0,42.6
2025-04-03,23,0.0,38.4
2025-04-03,24,0.0,34.7
2025-04-04,1,0.0,32.7
2025-04-04,2,0.0,32.6
2025-04-04,3,0.0,29.6
2025-04-04,4,0.0,29.3
2025-04-04,5,0.0,28.3
2025-04-04,6,0.0,28.0
2025-04-04,7,0.0,28.3
2025-04-04,8,0.0,29.1
2025-04-04,9,45.0,32.9
2025-04-04,10,225.0,37.9
2025-04-04,11,438.0,40.0
2025-04-04,12,625.0,44.2
2025-04-04,13,776.0,45.7
2025-04-04,14,829.0,46.4
2025-04-04,15,879.0,47.8
2025-04-04,16,784.0,48.2
2025-04-04,17,723.0,49.3
2025-04-04,18,547.0,49.0
2025-04-04,19,419.0,49.8
2025-04-04,20,230.0,48.8
2025-04-04,21,55.0,43.8
2025-04-04,22,0.0,43.6
2025-04-04,23,0.0,39.1
2025-04-04,24,0.0,33.1
2025-04-05,1,0.0,31.0
2025-04-05,2,0.0,30.4
2025-04-05,3,0.0,27.6
2025-04-05,4,0.0,27.7
2025-04-05,5,0.0,27.4
2025-04-05,6,0.0,27.1
2025-04-05,7,0.0,27.1
2025-04-05,8,0.0,27.3
2025-04-05,9,50.0,32.1
2025-04-05,10,241.0,36.6
2025-04-05,11,453.0,39.5
2025-04-05,12,645.0,45.5
2025-04-05,13,796.0,47.1
2025-04-05,14,891.0,48.2
2025-04-05,15,925.0,50.8
2025-04-05,16,894.0,51.8
2025-04-05,17,801.0,53.5
2025-04-05,18,652.0,53.5
2025-04-05,19,461.0,53.2
2025-04-05,20,249.0,51.7
2025-04-05,21,58.0,46.0
2025-04-05,22,0.0,44.9
2025-04-05,23,0.0,43.4
2025-04-05,24,0.0,36.9
2025-04-06,1,0.0,35.1
2025-04-06,2,0.0,33.7
2025-04-06,3,0.0,31.7
2025-04-06,4,0.0,30.0
2025-04-06,5,0.0,29.3
2025-04-06,6,0.0,29.6
2025-04-06,7,0.0,29.2
2025-04-06,8,0.0,28.6
2025-04-06,9,52.0,33.8
2025-04-06,10,241.0,41.1
2025-04-06,11,449.0,43.4
2025-04-06,12,638.0,50.8
2025-04-06,13,787.0,52.9
2025-04-06,14,882.0,54.2
2025-04-06,15,914.0,57.8
2025-04-06,16,883.0,59.3
2025-04-06,17,789.0,60.5
2025-04-06,18,643.0,61.4
2025-04-06,19,456.0,61.3
2025-04-06,20,248.0,60.7
2025-04-06,21,59.0,57.1
2025-04-06,22,0.0,53.4
2025-04-06,23,0.0,54.0
2025-04-06,24,0.0,49.8
2025-04-07,1,0.0,49.9
2025-04-07,2,0.0,48.7
2025-04-07,3,0.0,45.2
2025-04-07,4,0.0,44.4
2025-04-07,5,0.0,39.6
2025-04-07,6,0.0,38.9
2025-04-07,7,0.0,38.8
2025-04-07,8,0.0,37.7
2025-04-07,9,53.0,40.0
2025-04-07,10,228.0,45.9
2025-04-07,11,435.0,50.6
2025-04-07,12,597.0,57.0
2025-04-07,13,724.0,59.6
2025-04-07,14,793.0,61.7
2025-04-07,15,827.0,64.7
2025-04-07,16,835.0,65.7
2025-04-07,17,779.0,66.1
2025-04-07,18,653.0,67.3
2025-04-07,19,416.0,67.0
2025-04-07,20,227.0,65.3
2025-04-07,21,58.0,63.4
2025-04-07,22,0.0,63.4
2025-04-07,23,0.0,63.4
2025-04-07,24,0.0,52.0
2025-04-08,1,0.0,52.6
2025-04-08,2,0.0,49.0
2025-04-08,3,0.0,46.0
2025-04-08,4,0.0,44.7
2025-04-08,5,0.0,45.5
2025-04-08,6,0.0,45.9
2025-04-08,7,0.0,46.0
2025-04-08,8,0.0,45.7
2025-04-08,9,35.0,46.6
2025-04-08,10,177.0,48.5
2025-04-08,11,426.0,52.5
2025-04-08,12,614.0,57.1
2025-04-08,13,774.0,59.1
2025-04-08,14,788.0,60.1
2025-04-08,15,686.0,62.4
2025-04-08,16,787.0,62.6
2025-04-08,17,659.0,63.3
2025-04-08,18,486.0,63.2
2025-04-08,19,346.0,62.8
2025-04-08,20,220.0,62.4
2025-04-08,21,56.0,54.9
2025-04-08,22,0.0,54.9
2025-04-08,23,0.0,53.3
2025-04-08,24,0.0,48.6
2025-04-09,1,0.0,48.4
2025-04-09,2,0.0,48.3
2025-04-09,3,0.0,47.7
2025-04-09,4,0.0,46.3
2025-04-09,5,0.0,36.8
2025-04-09,6,0.0,36.9
2025-04-09,7,0.0,36.7
2025-04-09,8,0.0,35.9
2025-04-09,9,61.0,40.5
2025-04-09,10,220.0,46.9
2025-04-09,11,420.0,52.2
2025-04-09,12,601.0,58.0
2025-04-09,13,778.0,60.1
2025-04-09,14,878.0,61.6
2025-04-09,15,908.0,64.5
2025-04-09,16,876.0,65.5
2025-04-09,17,789.0,66.4
2025-04-09,18,627.0,66.4
2025-04-09,19,406.0,66.4
2025-04-09,20,186.0,64.1
2025-04-09,21,53.0,62.1
2025-04-09,22,0.0,59.2
2025-04-09,23,0.0,57.8
2025-04-09,24,0.0,54.9
2025-04-10,1,0.0,49.6
2025-04-10,2,0.0,47.6
2025-04-10,3,0.0,41.3
2025-04-10,4,0.0,40.0
2025-04-10,5,0.0,37.0
2025-04-10,6,0.0,37.6
2025-04-10,7,0.0,37.7
2025-04-10,8,0.0,37.8
2025-04-10,9,68.0,43.9
2025-04-10,10,261.0,49.0
2025-04-10,11,470.0,51.9
2025-04-10,12,658.0,59.9
2025-04-10,13,804.0,63.6
2025-04-10,14,898.0,66.7
2025-04-10,15,928.0,71.3
2025-04-10,16,894.0,72.7
2025-04-10,17,798.0,74.3
2025-04-10,18,616.0,74.8
2025-04-10,19,407.0,74.6
2025-04-10,20,233.0,72.4
2025-04-10,21,68.0,72.6
2025-04-10,22,0.0,71.1
2025-04-10,23,0.0,70.7
2025-04-10,24,0.0,65.2
2025-04-11,1,0.0,57.6
2025-04-11,2,0.0,52.2
2025-04-11,3,0.0,49.1
2025-04-11,4,0.0,45.4
2025-04-11,5,0.0,47.4
2025-04-11,6,0.0,47.1
2025-04-11,7,0.0,45.7
2025-04-11,8,0.0,45.7
2025-04-11,9,69.0,51.7
2025-04-11,10,261.0,56.3
2025-04-11,11,467.0,60.4
2025-04-11,12,648.0,67.9
2025-04-11,13,792.0,70.4
2025-04-11,14,843.0,72.1
2025-04-11,15,853.0,75.1
2025-04-11,16,800.0,76.1
2025-04-11,17,678.0,74.8
2025-04-11,18,539.0,74.8
2025-04-11,19,401.0,73.9
2025-04-11,20,163.0,72.0
2025-04-11,21,36.0,71.5
2025-04-11,22,0.0,63.1
2025-04-11,23,0.0,60.7
2025-04-11,24,0.0,57.5
2025-04-12,1,0.0,58.7
2025-04-12,2,0.0,57.1
2025-04-12,3,0.0,50.9
2025-04-12,4,0.0,48.6
2025-04-12,5,0.0,51.1
2025-04-12,6,0.0,50.0
2025-04-12,7,0.0,48.0
2025-04-12,8,0.0,47.1
2025-04-12,9,66.0,53.1
2025-04-12,10,214.0,55.5
2025-04-12,11,415.0,57.8
2025-04-12,12,601.0,62.3
2025-04-12,13,645.0,63.8
2025-04-12,14,779.0,64.3
2025-04-12,15,709.0,67.5
2025-04-12,16,797.0,68.4
2025-04-12,17,736.0,66.8
2025-04-12,18,585.0,65.5
2025-04-12,19,393.0,64.5
2025-04-12,20,213.0,63.4
2025-04-12,21,67.0,56.5
2025-04-12,22,0.0,51.0
2025-04-12,23,0.0,49.8
2025-04-12,24,0.0,45.1
2025-04-13,1,0.0,43.9
2025-04-13,2,0.0,42.8
2025-04-13,3,0.0,37.2
2025-04-13,4,0.0,36.9
2025-04-13,5,0.0,32.7
2025-04-13,6,0.0,32.4
2025-04-13,7,0.0,32.4
2025-04-13,8,0.0,33.4
2025-04-13,9,74.0,37.9
2025-04-13,10,259.0,41.8
2025-04-13,11,478.0,43.2
2025-04-13,12,674.0,48.3
2025-04-13,13,827.0,49.4
2025-04-13,14,918.0,50.1
2025-04-13,15,954.0,52.8
2025-04-13,16,923.0,53.5
2025-04-13,17,828.0,54.5
2025-04-13,18,680.0,55.0
2025-04-13,19,492.0,54.7
2025-04-13,20,281.0,53.7
2025-04-13,21,82.0,46.0
2025-04-13,22,0.0,47.9
2025-04-13,23,0.0,47.3
2025-04-13,24,0.0,43.6
2025-04-14,1,0.0,39.4
2025-04-14,2,0.0,35.3
2025-04-14,3,0.0,31.0
2025-04-14,4,0.0,30.3
2025-04-14,5,0.0,28.3
2025-04-14,6,0.0,28.3
2025-04-14,7,0.0,27.9
2025-04-14,8,0.0,27.2
2025-04-14,9,88.0,34.6
2025-04-14,10,289.0,41.7
2025-04-14,11,498.0,46.4
2025-04-14,12,684.0,52.2
2025-04-14,13,829.0,54.0
2025-04-14,14,920.0,55.3
2025-04-14,15,950.0,58.9
2025-04-14,16,916.0,59.9
2025-04-14,17,822.0,62.1
2025-04-14,18,676.0,63.0
2025-04-14,19,489.0,63.3
2025-04-14,20,280.0,62.7
2025-04-14,21,83.0,55.3
2025-04-14,22,0.0,53.5
2025-04-14,23,0.0,53.0
2025-04-14,24,0.0,47.1
2025-04-15,1,0.0,44.1
2025-04-15,2,0.0,40.8
2025-04-15,3,0.0,36.5
2025-04-15,4,0.0,36.8
2025-04-15,5,0.0,34.5
2025-04-15,6,0.0,33.7
2025-04-15,7,0.0,33.3
2025-04-15,8,1.0,33.6
2025-04-15,9,92.0,42.7
2025-04-15,10,294.0,47.2
2025-04-15,11,502.0,51.2
2025-04-15,12,688.0,58.9
2025-04-15,13,828.0,62.2
2025-04-15,14,923.0,64.6
2025-04-15,15,945.0,67.9
2025-04-15,16,885.0,69.3
2025-04-15,17,782.0,69.9
2025-04-15,18,612.0,69.5
2025-04-15,19,390.0,69.2
2025-04-15,20,210.0,67.3
2025-04-15,21,54.0,64.5
2025-04-15,22,0.0,64.2
2025-04-15,23,0.0,61.9
2025-04-15,24,0.0,58.8
2025-04-16,1,0.0,59.4
2025-04-16,2,0.0,57.7
2025-04-16,3,0.0,50.6
2025-04-16,4,0.0,46.6
2025-04-16,5,0.0,43.5
2025-04-16,6,0.0,43.2
2025-04-16,7,0.0,42.5
2025-04-16,8,1.0,41.0
2025-04-16,9,91.0,47.8
2025-04-16,10,268.0,52.6
2025-04-16,11,445.0,55.8
2025-04-16,12,617.0,61.6
2025-04-16,13,769.0,64.5
2025-04-16,14,830.0,67.0
2025-04-16,15,853.0,70.1
2025-04-16,16,859.0,70.9
2025-04-16,17,771.0,71.3
2025-04-16,18,578.0,70.6
2025-04-16,19,282.0,68.9
2025-04-16,20,135.0,65.0
2025-04-16,21,29.0,60.9
2025-04-16,22,0.0,64.7
2025-04-16,23,0.0,60.4
2025-04-16,24,0.0,58.2
2025-04-17,1,0.0,57.4
2025-04-17,2,0.0,58.0
2025-04-17,3,0.0,54.2
2025-04-17,4,0.0,49.4
2025-04-17,5,0.0,48.0
2025-04-17,6,0.0,46.7
2025-04-17,7,0.0,48.0
2025-04-17,8,1.0,45.7
2025-04-17,9,28.0,40.7
2025-04-17,10,58.0,38.1
2025-04-17,11,141.0,37.6
2025-04-17,12,220.0,38.2
2025-04-17,13,476.0,41.0
2025-04-17,14,836.0,43.6
2025-04-17,15,872.0,47.2
2025-04-17,16,855.0,48.8
2025-04-17,17,788.0,49.6
2025-04-17,18,593.0,49.4
2025-04-17,19,411.0,47.2
2025-04-17,20,170.0,44.2
2025-04-17,21,51.0,39.0
2025-04-17,22,0.0,36.9
2025-04-17,23,0.0,36.9
2025-04-17,24,0.0,35.2
2025-04-18,1,0.0,34.4
2025-04-18,2,0.0,34.3
2025-04-18,3,0.0,34.1
2025-04-18,4,0.0,34.0
2025-04-18,5,0.0,32.4
2025-04-18,6,0.0,32.7
2025-04-18,7,0.0,32.8
2025-04-18,8,1.0,32.4
2025-04-18,9,59.0,32.6
2025-04-18,10,116.0,34.9
2025-04-18,11,280.0,37.3
2025-04-18,12,441.0,40.9
2025-04-18,13,570.0,43.6
2025-04-18,14,786.0,45.5
2025-04-18,15,886.0,46.5
2025-04-18,16,809.0,47.0
2025-04-18,17,712.0,47.0
2025-04-18,18,638.0,47.4
2025-04-18,19,471.0,47.2
2025-04-18,20,294.0,47.1
2025-04-18,21,93.0,41.4
2025-04-18,22,1.0,44.3
2025-04-18,23,0.0,42.4
2025-04-18,24,0.0,37.2
2025-04-19,1,0.0,33.0
2025-04-19,2,0.0,31.8
2025-04-19,3,0.0,28.4
2025-04-19,4,0.0,28.0
2025-04-19,5,0.0,27.6
2025-04-19,6,0.0,27.8
2025-04-19,7,0.0,28.0
2025-04-19,8,2.0,27.4
2025-04-19,9,110.0,34.0
2025-04-19,10,316.0,39.8
2025-04-19,11,524.0,43.2
2025-04-19,12,707.0,48.1
2025-04-19,13,848.0,49.6
2025-04-19,14,935.0,51.0
2025-04-19,15,961.0,54.4
2025-04-19,16,925.0,55.8
2025-04-19,17,830.0,57.6
2025-04-19,18,679.0,58.0
2025-04-19,19,500.0,57.9
2025-04-19,20,294.0,57.4
2025-04-19,21,97.0,52.4
2025-04-19,22,1.0,49.9
2025-04-19,23,0.0,46.9
2025-04-19,24,0.0,50.1
2025-04-20,1,0.0,48.5
2025-04-20,2,0.0,47.9
2025-04-20,3,0.0,46.1
2025-04-20,4,0.0,46.1
2025-04-20,5,0.0,45.8
2025-04-20,6,0.0,45.8
2025-04-20,7,0.0,46.7
2025-04-20,8,2.0,44.7
2025-04-20,9,99.0,46.3
2025-04-20,10,274.0,49.9
2025-04-20,11,497.0,52.8
2025-04-20,12,686.0,56.9
2025-04-20,13,796.0,59.1
2025-04-20,14,821.0,60.8
2025-04-20,15,849.0,63.8
2025-04-20,16,783.0,63.8
2025-04-20,17,610.0,63.6
2025-04-20,18,510.0,63.4
2025-04-20,19,368.0,63.1
2025-04-20,20,202.0,62.4
2025-04-20,21,72.0,57.4
2025-04-20,22,1.0,59.7
2025-04-20,23,0.0,61.3
2025-04-20,24,0.0,57.1
2025-04-21,1,0.0,56.1
2025-04-21,2,0.0,52.6
2025-04-21,3,0.0,49.2
2025-04-21,4,0.0,48.8
2025-04-21,5,0.0,45.0
2025-04-21,6,0.0,44.2
2025-04-21,7,0.0,42.7
2025-04-21,8,3.0,43.5
2025-04-21,9,105.0,46.8
2025-04-21,10,313.0,49.1
2025-04-21,11,526.0,50.5
2025-04-21,12,708.0,54.4
2025-04-21,13,854.0,55.5
2025-04-21,14,910.0,56.6
2025-04-21,15,793.0,59.8
2025-04-21,16,785.0,61.4
2025-04-21,17,672.0,62.4
2025-04-21,18,475.0,62.5
2025-04-21,19,323.0,62.3
2025-04-21,20,267.0,62.1
2025-04-21,21,73.0,60.2
2025-04-21,22,2.0,57.7
2025-04-21,23,0.0,57.0
2025-04-21,24,0.0,54.7
2025-04-22,1,0.0,48.8
2025-04-22,2,0.0,46.7
2025-04-22,3,0.0,42.2
2025-04-22,4,0.0,42.4
2025-04-22,5,0.0,42.8
2025-04-22,6,0.0,39.7
2025-04-22,7,0.0,37.5
2025-04-22,8,4.0,34.9
2025-04-22,9,120.0,42.1
2025-04-22,10,323.0,47.4
2025-04-22,11,529.0,50.1
2025-04-22,12,712.0,55.0
2025-04-22,13,853.0,57.1
2025-04-22,14,941.0,58.7
2025-04-22,15,973.0,62.5
2025-04-22,16,871.0,63.4
2025-04-22,17,797.0,64.4
2025-04-22,18,655.0,64.9
2025-04-22,19,479.0,65.2
2025-04-22,20,266.0,64.2
2025-04-22,21,94.0,60.5
2025-04-22,22,2.0,58.9
2025-04-22,23,0.0,57.6
2025-04-22,24,0.0,53.6
2025-04-23,1,0.0,49.9
2025-04-23,2,0.0,46.7
2025-04-23,3,0.0,42.9
2025-04-23,4,0.0,43.4
2025-04-23,5,0.0,42.2
2025-04-23,6,0.0,43.3
2025-04-23,7,0.0,44.5
2025-04-23,8,2.0,44.5
2025-04-23,9,49.0,48.1
2025-04-23,10,168.0,50.4
2025-04-23,11,325.0,54.3
2025-04-23,12,557.0,61.0
2025-04-23,13,774.0,63.9
2025-04-23,14,903.0,64.5
2025-04-23,15,750.0,67.3
2025-04-23,16,695.0,68.3
2025-04-23,17,666.0,67.9
2025-04-23,18,476.0,68.3
2025-04-23,19,387.0,64.2
2025-04-23,20,182.0,58.5
2025-04-23,21,52.0,54.8
2025-04-23,22,1.0,52.3
2025-04-23,23,0.0,49.9
2025-04-23,24,0.0,47.6
2025-04-24,1,0.0,46.6
2025-04-24,2,0.0,45.6
2025-04-24,3,0.0,45.0
2025-04-24,4,0.0,44.5
2025-04-24,5,0.0,43.6
2025-04-24,6,0.0,43.2
2025-04-24,7,0.0,43.0
2025-04-24,8,5.0,41.4
2025-04-24,9,97.0,43.8
2025-04-24,10,235.0,46.8
2025-04-24,11,411.0,51.1
2025-04-24,12,589.0,54.8
2025-04-24,13,790.0,58.4
2025-04-24,14,859.0,59.8
2025-04-24,15,886.0,61.3
2025-04-24,16,789.0,62.6
2025-04-24,17,708.0,52.2
2025-04-24,18,537.0,53.8
2025-04-24,19,401.0,57.0
2025-04-24,20,228.0,55.7
2025-04-24,21,69.0,51.7
2025-04-24,22,2.0,48.8
2025-04-24,23,0.0,46.9
2025-04-24,24,0.0,44.9
2025-04-25,1,0.0,42.7
2025-04-25,2,0.0,43.7
2025-04-25,3,0.0,43.3
2025-04-25,4,0.0,42.1
2025-04-25,5,0.0,42.0
2025-04-25,6,0.0,42.0
2025-04-25,7,0.0,40.6
2025-04-25,8,6.0,39.7
2025-04-25,9,113.0,43.6
2025-04-25,10,267.0,47.9
2025-04-25,11,418.0,51.2
2025-04-25,12,544.0,54.4
2025-04-25,13,731.0,58.2
2025-04-25,14,867.0,61.3
2025-04-25,15,816.0,63.5
2025-04-25,16,801.0,64.9
2025-04-25,17,568.0,61.0
2025-04-25,18,576.0,63.6
2025-04-25,19,415.0,63.5
2025-04-25,20,232.0,61.5
2025-04-25,21,85.0,56.2
2025-04-25,22,3.0,52.8
2025-04-25,23,0.0,51.1
2025-04-25,24,0.0,49.7
2025-04-26,1,0.0,47.1
2025-04-26,2,0.0,46.5
2025-04-26,3,0.0,45.6
2025-04-26,4,0.0,46.0
2025-04-26,5,0.0,45.4
2025-04-26,6,0.0,43.5
2025-04-26,7,0.0,43.5
2025-04-26,8,7.0,42.3
2025-04-26,9,120.0,46.9
2025-04-26,10,308.0,51.1
2025-04-26,11,511.0,56.2
2025-04-26,12,686.0,62.0
2025-04-26,13,809.0,65.1
2025-04-26,14,903.0,66.5
2025-04-26,15,924.0,67.2
2025-04-26,16,902.0,68.6
2025-04-26,17,797.0,68.7
2025-04-26,18,623.0,68.4
2025-04-26,19,460.0,68.4
2025-04-26,20,270.0,65.1
2025-04-26,21,97.0,59.7
2025-04-26,22,3.0,55.6
2025-04-26,23,0.0,54.1
2025-04-26,24,0.0,51.8
2025-04-27,1,0.0,50.5
2025-04-27,2,0.0,49.0
2025-04-27,3,0.0,47.1
2025-04-27,4,0.0,43.7
2025-04-27,5,0.0,43.9
2025-04-27,6,0.0,44.0
2025-04-27,7,0.0,42.9
2025-04-27,8,4.0,46.0
2025-04-27,9,62.0,47.7
2025-04-27,10,184.0,51.5
2025-04-27,11,336.0,54.5
2025-04-27,12,518.0,56.8
2025-04-27,13,600.0,56.4
2025-04-27,14,702.0,54.5
2025-04-27,15,710.0,53.7
2025-04-27,16,616.0,51.8
2025-04-27,17,395.0,51.7
2025-04-27,18,661.0,55.2
2025-04-27,19,452.0,55.9
2025-04-27,20,290.0,52.8
2025-04-27,21,101.0,48.0
2025-04-27,22,4.0,46.8
2025-04-27,23,0.0,44.8
2025-04-27,24,0.0,43.3
2025-04-28,1,0.0,41.5
2025-04-28,2,0.0,40.5
2025-04-28,3,0.0,40.5
2025-04-28,4,0.0,39.2
2025-04-28,5,0.0,37.6
2025-04-28,6,0.0,36.8
2025-04-28,7,0.0,35.7
2025-04-28,8,9.0,34.3
2025-04-28,9,125.0,38.1
2025-04-28,10,313.0,43.6
2025-04-28,11,457.0,47.2
2025-04-28,12,572.0,49.9
2025-04-28,13,609.0,52.1
2025-04-28,14,566.0,53.5
2025-04-28,15,547.0,54.5
2025-04-28,16,548.0,55.0
2025-04-28,17,481.0,55.9
2025-04-28,18,398.0,55.7
2025-04-28,19,208.0,54.7
2025-04-28,20,268.0,52.6
2025-04-28,21,94.0,49.0
2025-04-28,22,4.0,46.1
2025-04-28,23,0.0,44.7
2025-04-28,24,0.0,44.0
2025-04-29,1,0.0,43.3
2025-04-29,2,0.0,42.4
2025-04-29,3,0.0,41.5
2025-04-29,4,0.0,40.4
2025-04-29,5,0.0,39.4
2025-04-29,6,0.0,39.1
2025-04-29,7,0.0,37.9
2025-04-29,8,10.0,38.0
2025-04-29,9,126.0,40.8
2025-04-29,10,317.0,44.4
2025-04-29,11,514.0,49.0
2025-04-29,12,688.0,53.9
2025-04-29,13,828.0,57.5
2025-04-29,14,839.0,59.7
2025-04-29,15,770.0,61.3
2025-04-29,16,651.0,62.6
2025-04-29,17,524.0,62.6
2025-04-29,18,427.0,63.1
2025-04-29,19,252.0,62.7
2025-04-29,20,175.0,60.6
2025-04-29,21,78.0,56.2
2025-04-29,22,4.0,52.9
2025-04-29,23,0.0,51.0
2025-04-29,24,0.0,51.1
2025-04-30,1,0.0,49.5
2025-04-30,2,0.0,48.7
2025-04-30,3,0.0,48.2
2025-04-30,4,0.0,47.0
2025-04-30,5,0.0,46.7
2025-04-30,6,0.0,46.5
2025-04-30,7,0.0,46.2
2025-04-30,8,4.0,46.6
2025-04-30,9,76.0,46.9
2025-04-30,10,274.0,49.0
2025-04-30,11,462.0,52.3
2025-04-30,12,494.0,53.3
2025-04-30,13,494.0,54.3
2025-04-30,14,670.0,55.9
2025-04-30,15,707.0,57.7
2025-04-30,16,681.0,58.4
2025-04-30,17,698.0,58.6
2025-04-30,18,537.0,59.0
2025-04-30,19,399.0,58.9
2025-04-30,20,236.0,55.4
2025-04-30,21,85.0,52.1
2025-04-30,22,5.0,48.1
2025-04-30,23,0.0,47.2
2025-04-30,24,0.0,46.0
2025-05-01,1,0.0,45.1
2025-05-01,2,0.0,44.2
2025-05-01,3,0.0,43.8
2025-05-01,4,0.0,43.0
2025-05-01,5,0.0,41.7
2025-05-01,6,0.0,40.7
2025-05-01,7,0.0,40.0
2025-05-01,8,12.0,40.7
2025-05-01,9,134.0,44.4
2025-05-01,10,325.0,48.7
2025-05-01,11,521.0,53.0
2025-05-01,12,695.0,56.8
2025-05-01,13,836.0,60.0
2025-05-01,14,905.0,62.6
2025-05-01,15,891.0,64.0
2025-05-01,16,771.0,64.2
2025-05-01,17,676.0,64.7
2025-05-01,18,592.0,65.0
2025-05-01,19,441.0,63.0
2025-05-01,20,294.0,61.4
2025-05-01,21,111.0,56.8
2025-05-01,22,6.0,53.2
2025-05-01,23,0.0,51.4
2025-05-01,24,0.0,50.4
2025-05-02,1,0.0,49.2
2025-05-02,2,0.0,47.7
2025-05-02,3,0.0,45.7
2025-05-02,4,0.0,44.6
2025-05-02,5,0.0,43.2
2025-05-02,6,0.0,42.5
2025-05-02,7,0.0,41.7
2025-05-02,8,14.0,42.1
2025-05-02,9,141.0,45.0
2025-05-02,10,335.0,49.1
2025-05-02,11,531.0,54.1
2025-05-02,12,704.0,58.5
2025-05-02,13,838.0,62.3
2025-05-02,14,921.0,65.8
2025-05-02,15,941.0,68.0
2025-05-02,16,915.0,69.4
2025-05-02,17,828.0,70.1
2025-05-02,18,688.0,70.4
2025-05-02,19,508.0,69.8
2025-05-02,20,307.0,68.4
2025-05-02,21,117.0,62.1
2025-05-02,22,7.0,58.6
2025-05-02,23,0.0,56.1
2025-05-02,24,0.0,55.0
2025-05-03,1,0.0,53.3
2025-05-03,2,0.0,50.7
2025-05-03,3,0.0,48.8
2025-05-03,4,0.0,47.5
2025-05-03,5,0.0,46.7
2025-05-03,6,0.0,46.1
2025-05-03,7,0.0,45.3
2025-05-03,8,15.0,45.9
2025-05-03,9,147.0,49.9
2025-05-03,10,342.0,54.3
2025-05-03,11,537.0,58.8
2025-05-03,12,708.0,63.6
2025-05-03,13,842.0,67.7
2025-05-03,14,924.0,71.0
2025-05-03,15,949.0,73.5
2025-05-03,16,903.0,75.6
2025-05-03,17,834.0,75.7
2025-05-03,18,693.0,74.7
2025-05-03,19,502.0,72.7
2025-05-03,20,280.0,69.5
2025-05-03,21,101.0,64.0
2025-05-03,22,7.0,60.0
2025-05-03,23,0.0,59.1
2025-05-03,24,0.0,58.8
2025-05-04,1,0.0,57.7
2025-05-04,2,0.0,54.6
2025-05-04,3,0.0,52.3
2025-05-04,4,0.0,50.0
2025-05-04,5,0.0,49.6
2025-05-04,6,0.0,50.9
2025-05-04,7,0.0,50.7
2025-05-04,8,15.0,48.7
2025-05-04,9,145.0,52.0
2025-05-04,10,330.0,56.7
2025-05-04,11,495.0,60.6
2025-05-04,12,630.0,64.2
2025-05-04,13,686.0,67.5
2025-05-04,14,792.0,69.8
2025-05-04,15,386.0,58.2
2025-05-04,16,422.0,59.7
2025-05-04,17,618.0,65.7
2025-05-04,18,564.0,62.3
2025-05-04,19,291.0,63.4
2025-05-04,20,261.0,58.4
2025-05-04,21,102.0,56.7
2025-05-04,22,7.0,53.8
2025-05-04,23,0.0,52.3
2025-05-04,24,0.0,51.1
2025-05-05,1,0.0,49.4
2025-05-05,2,0.0,46.3
2025-05-05,3,0.0,45.2
2025-05-05,4,0.0,43.9
2025-05-05,5,0.0,43.0
2025-05-05,6,0.0,42.2
2025-05-05,7,0.0,41.0
2025-05-05,8,15.0,43.5
2025-05-05,9,120.0,48.2
2025-05-05,10,280.0,51.4
2025-05-05,11,396.0,53.2
2025-05-05,12,530.0,55.3
2025-05-05,13,599.0,59.7
2025-05-05,14,704.0,62.2
2025-05-05,15,580.0,62.5
2025-05-05,16,633.0,63.3
2025-05-05,17,434.0,62.4
2025-05-05,18,253.0,59.5
2025-05-05,19,233.0,56.3
2025-05-05,20,33.0,52.0
2025-05-05,21,17.0,48.5
2025-05-05,22,1.0,46.7
2025-05-05,23,0.0,43.8
2025-05-05,24,0.0,39.9
2025-05-06,1,0.0,39.5
2025-05-06,2,0.0,40.6
2025-05-06,3,0.0,40.6
2025-05-06,4,0.0,41.0
2025-05-06,5,0.0,41.3
2025-05-06,6,0.0,41.5
2025-05-06,7,0.0,41.7
2025-05-06,8,12.0,42.7
2025-05-06,9,64.0,44.3
2025-05-06,10,236.0,47.6
2025-05-06,11,436.0,51.0
2025-05-06,12,614.0,53.5
2025-05-06,13,756.0,55.6
2025-05-06,14,882.0,57.5
2025-05-06,15,860.0,58.8
2025-05-06,16,850.0,60.2
2025-05-06,17,727.0,60.1
2025-05-06,18,520.0,59.5
2025-05-06,19,360.0,60.5
2025-05-06,20,278.0,59.5
2025-05-06,21,115.0,55.7
2025-05-06,22,9.0,53.3
2025-05-06,23,0.0,51.4
2025-05-06,24,0.0,48.9
2025-05-07,1,0.0,47.5
2025-05-07,2,0.0,45.1
2025-05-07,3,0.0,43.2
2025-05-07,4,0.0,41.5
2025-05-07,5,0.0,40.6
2025-05-07,6,0.0,39.8
2025-05-07,7,0.0,39.3
2025-05-07,8,20.0,41.2
2025-05-07,9,159.0,45.3
2025-05-07,10,358.0,49.0
2025-05-07,11,555.0,52.3
2025-05-07,12,722.0,55.2
2025-05-07,13,844.0,58.4
2025-05-07,14,920.0,61.4
2025-05-07,15,944.0,64.0
2025-05-07,16,905.0,66.3
2025-05-07,17,803.0,67.6
2025-05-07,18,662.0,67.8
2025-05-07,19,491.0,67.4
2025-05-07,20,312.0,66.6
2025-05-07,21,126.0,62.2
2025-05-07,22,10.0,58.4
2025-05-07,23,0.0,56.2
2025-05-07,24,0.0,54.8
2025-05-08,1,0.0,54.1
2025-05-08,2,0.0,52.2
2025-05-08,3,0.0,50.7
2025-05-08,4,0.0,49.0
2025-05-08,5,0.0,47.7
2025-05-08,6,0.0,47.0
2025-05-08,7,0.0,46.5
2025-05-08,8,20.0,48.7
2025-05-08,9,146.0,52.1
2025-05-08,10,339.0,56.0
2025-05-08,11,531.0,60.4
2025-05-08,12,704.0,64.4
2025-05-08,13,828.0,67.4
2025-05-08,14,819.0,69.2
2025-05-08,15,854.0,70.8
2025-05-08,16,833.0,72.0
2025-05-08,17,789.0,72.8
2025-05-08,18,613.0,72.4
2025-05-08,19,433.0,67.6
2025-05-08,20,270.0,70.6
2025-05-08,21,110.0,65.5
2025-05-08,22,10.0,60.7
2025-05-08,23,0.0,58.2
2025-05-08,24,0.0,57.1
2025-05-09,1,0.0,56.3
2025-05-09,2,0.0,54.9
2025-05-09,3,0.0,53.4
2025-05-09,4,0.0,51.7
2025-05-09,5,0.0,50.7
2025-05-09,6,0.0,49.9
2025-05-09,7,0.0,49.3
2025-05-09,8,22.0,50.1
2025-05-09,9,160.0,53.6
2025-05-09,10,351.0,58.6
2025-05-09,11,544.0,63.2
2025-05-09,12,713.0,67.6
2025-05-09,13,844.0,71.5
2025-05-09,14,911.0,74.6
2025-05-09,15,947.0,75.8
2025-05-09,16,894.0,76.6
2025-05-09,17,824.0,77.0
2025-05-09,18,695.0,77.0
2025-05-09,19,512.0,75.9
2025-05-09,20,317.0,74.8
2025-05-09,21,133.0,67.4
2025-05-09,22,12.0,63.2
2025-05-09,23,0.0,61.8
2025-05-09,24,0.0,60.4
2025-05-10,1,0.0,58.8
2025-05-10,2,0.0,58.2
2025-05-10,3,0.0,56.3
2025-05-10,4,0.0,54.3
2025-05-10,5,0.0,53.4
2025-05-10,6,0.0,52.4
2025-05-10,7,0.0,51.9
2025-05-10,8,24.0,52.3
2025-05-10,9,164.0,55.7
2025-05-10,10,356.0,59.7
2025-05-10,11,547.0,64.5
2025-05-10,12,717.0,69.5
2025-05-10,13,848.0,73.9
2025-05-10,14,921.0,77.4
2025-05-10,15,936.0,80.8
2025-05-10,16,915.0,82.6
2025-05-10,17,831.0,82.1
2025-05-10,18,697.0,82.0
2025-05-10,19,518.0,80.9
2025-05-10,20,327.0,77.5
2025-05-10,21,132.0,70.6
2025-05-10,22,12.0,67.7
2025-05-10,23,0.0,65.5
2025-05-10,24,0.0,63.5
2025-05-11,1,0.0,62.0
2025-05-11,2,0.0,59.7
2025-05-11,3,0.0,56.8
2025-05-11,4,0.0,56.4
2025-05-11,5,0.0,56.2
2025-05-11,6,0.0,56.3
2025-05-11,7,0.0,55.8
2025-05-11,8,21.0,58.3
2025-05-11,9,139.0,60.5
2025-05-11,10,313.0,66.6
2025-05-11,11,426.0,70.4
2025-05-11,12,577.0,75.0
2025-05-11,13,769.0,75.8
2025-05-11,14,866.0,75.2
2025-05-11,15,730.0,80.1
2025-05-11,16,712.0,74.1
2025-05-11,17,649.0,78.1
2025-05-11,18,506.0,73.4
2025-05-11,19,333.0,71.2
2025-05-11,20,177.0,67.5
2025-05-11,21,98.0,65.1
2025-05-11,22,13.0,61.4
2025-05-11,23,0.0,60.3
2025-05-11,24,0.0,60.2
2025-05-12,1,0.0,59.2
2025-05-12,2,0.0,56.7
2025-05-12,3,0.0,54.7
2025-05-12,4,0.0,52.9
2025-05-12,5,0.0,51.1
2025-05-12,6,0.0,50.2
2025-05-12,7,0.0,49.7
2025-05-12,8,24.0,54.3
2025-05-12,9,148.0,59.5
2025-05-12,10,346.0,64.4
2025-05-12,11,542.0,69.6
2025-05-12,12,724.0,75.7
2025-05-12,13,851.0,76.7
2025-05-12,14,940.0,78.5
2025-05-12,15,966.0,80.0
2025-05-12,16,936.0,81.1
2025-05-12,17,846.0,82.0
2025-05-12,18,705.0,82.0
2025-05-12,19,454.0,81.5
2025-05-12,20,269.0,79.0
2025-05-12,21,105.0,76.4
2025-05-12,22,14.0,58.6
2025-05-12,23,0.0,56.6
2025-05-12,24,0.0,53.6
2025-05-13,1,0.0,51.2
2025-05-13,2,0.0,49.1
2025-05-13,3,0.0,46.8
2025-05-13,4,0.0,44.7
2025-05-13,5,0.0,43.5
2025-05-13,6,0.0,42.4
2025-05-13,7,0.0,41.8
2025-05-13,8,26.0,42.4
2025-05-13,9,155.0,46.0
2025-05-13,10,233.0,47.8
2025-05-13,11,490.0,50.9
2025-05-13,12,412.0,52.5
2025-05-13,13,641.0,54.1
2025-05-13,14,563.0,52.5
2025-05-13,15,682.0,53.1
2025-05-13,16,566.0,51.5
2025-05-13,17,539.0,53.1
2025-05-13,18,560.0,53.4
2025-05-13,19,371.0,52.9
2025-05-13,20,222.0,48.4
2025-05-13,21,98.0,43.7
2025-05-13,22,10.0,41.9
2025-05-13,23,0.0,40.3
2025-05-13,24,0.0,35.3
2025-05-14,1,0.0,32.8
2025-05-14,2,0.0,32.6
2025-05-14,3,0.0,30.6
2025-05-14,4,0.0,30.5
2025-05-14,5,0.0,29.6
2025-05-14,6,0.0,29.4
2025-05-14,7,0.0,29.9
2025-05-14,8,29.0,33.2
2025-05-14,9,152.0,35.2
2025-05-14,10,325.0,37.2
2025-05-14,11,503.0,38.9
2025-05-14,12,513.0,41.8
2025-05-14,13,493.0,42.6
2025-05-14,14,681.0,43.1
2025-05-14,15,572.0,44.5
2025-05-14,16,484.0,45.1
2025-05-14,17,370.0,44.5
2025-05-14,18,519.0,49.5
2025-05-14,19,221.0,48.4
2025-05-14,20,168.0,43.9
2025-05-14,21,64.0,42.4
2025-05-14,22,12.0,40.9
2025-05-14,23,0.0,39.4
2025-05-14,24,0.0,38.0
2025-05-15,1,0.0,37.5
2025-05-15,2,0.0,36.1
2025-05-15,3,0.0,35.3
2025-05-15,4,0.0,35.7
2025-05-15,5,0.0,35.1
2025-05-15,6,0.0,35.3
2025-05-15,7,0.0,35.7
2025-05-15,8,26.0,38.4
2025-05-15,9,165.0,41.7
2025-05-15,10,348.0,45.6
2025-05-15,11,545.0,49.3
2025-05-15,12,660.0,52.2
2025-05-15,13,392.0,52.6
2025-05-15,14,455.0,52.2
2025-05-15,15,608.0,54.6
2025-05-15,16,808.0,57.4
2025-05-15,17,667.0,57.7
2025-05-15,18,632.0,58.1
2025-05-15,19,440.0,59.4
2025-05-15,20,341.0,53.3
2025-05-15,21,144.0,49.6
2025-05-15,22,17.0,46.0
2025-05-15,23,0.0,45.4
2025-05-15,24,0.0,44.9
2025-05-16,1,0.0,44.2
2025-05-16,2,0.0,44.3
2025-05-16,3,0.0,43.4
2025-05-16,4,0.0,42.3
2025-05-16,5,0.0,41.6
2025-05-16,6,0.0,41.7
2025-05-16,7,0.0,41.2
2025-05-16,8,19.0,42.4
2025-05-16,9,101.0,45.7
2025-05-16,10,241.0,48.7
2025-05-16,11,461.0,52.4
2025-05-16,12,607.0,55.4
2025-05-16,13,625.0,57.6
2025-05-16,14,619.0,59.6
2025-05-16,15,393.0,59.2
2025-05-16,16,334.0,58.8
2025-05-16,17,288.0,59.2
2025-05-16,18,280.0,59.9
2025-05-16,19,235.0,58.9
2025-05-16,20,199.0,58.5
2025-05-16,21,101.0,55.9
2025-05-16,22,7.0,55.0
2025-05-16,23,0.0,51.7
2025-05-16,24,0.0,48.2
2025-05-17,1,0.0,46.9
2025-05-17,2,0.0,46.0
2025-05-17,3,0.0,45.1
2025-05-17,4,0.0,44.5
2025-05-17,5,0.0,43.7
2025-05-17,6,0.0,43.2
2025-05-17,7,0.0,43.0
2025-05-17,8,22.0,46.3
2025-05-17,9,110.0,47.2
2025-05-17,10,238.0,48.4
2025-05-17,11,435.0,52.3
2025-05-17,12,540.0,55.9
2025-05-17,13,663.0,59.5
2025-05-17,14,640.0,61.8
2025-05-17,15,685.0,63.3
2025-05-17,16,850.0,66.4
2025-05-17,17,768.0,65.4
2025-05-17,18,483.0,63.7
2025-05-17,19,265.0,58.4
2025-05-17,20,142.0,59.4
2025-05-17,21,74.0,56.8
2025-05-17,22,9.0,54.0
2025-05-17,23,0.0,50.4
2025-05-17,24,0.0,49.9
2025-05-18,1,0.0,49.1
2025-05-18,2,0.0,48.8
2025-05-18,3,0.0,48.7
2025-05-18,4,0.0,48.7
2025-05-18,5,0.0,48.0
2025-05-18,6,0.0,46.9
2025-05-18,7,0.0,46.4
2025-05-18,8,7.0,46.5
2025-05-18,9,39.0,46.7
2025-05-18,10,78.0,45.8
2025-05-18,11,140.0,45.6
2025-05-18,12,235.0,47.3
2025-05-18,13,352.0,50.3
2025-05-18,14,306.0,51.7
2025-05-18,15,284.0,52.5
2025-05-18,16,322.0,53.6
2025-05-18,17,378.0,54.2
2025-05-18,18,314.0,53.5
2025-05-18,19,264.0,53.4
2025-05-18,20,219.0,52.8
2025-05-18,21,88.0,50.8
2025-05-18,22,13.0,48.0
2025-05-18,23,0.0,45.6
2025-05-18,24,0.0,42.9
2025-05-19,1,0.0,41.6
2025-05-19,2,0.0,40.3
2025-05-19,3,0.0,37.8
2025-05-19,4,0.0,33.9
2025-05-19,5,0.0,31.9
2025-05-19,6,0.0,30.8
2025-05-19,7,0.0,35.3
2025-05-19,8,35.0,38.3
2025-05-19,9,175.0,40.9
2025-05-19,10,336.0,43.0
2025-05-19,11,427.0,44.7
2025-05-19,12,388.0,45.4
2025-05-19,13,309.0,45.5
2025-05-19,14,408.0,47.8
2025-05-19,15,493.0,50.0
2025-05-19,16,389.0,51.2
2025-05-19,17,361.0,52.4
2025-05-19,18,290.0,53.4
2025-05-19,19,263.0,54.4
2025-05-19,20,205.0,54.5
2025-05-19,21,124.0,52.0
2025-05-19,22,21.0,46.6
2025-05-19,23,0.0,44.2
2025-05-19,24,0.0,41.9
2025-05-20,1,0.0,41.1
2025-05-20,2,0.0,40.7
2025-05-20,3,0.0,39.7
2025-05-20,4,0.0,40.3
2025-05-20,5,0.0,41.8
2025-05-20,6,0.0,40.7
2025-05-20,7,0.0,38.8
2025-05-20,8,20.0,41.3
2025-05-20,9,97.0,44.2
2025-05-20,10,354.0,48.3
2025-05-20,11,524.0,52.3
2025-05-20,12,686.0,56.2
2025-05-20,13,626.0,57.1
2025-05-20,14,801.0,59.1
2025-05-20,15,820.0,60.0
2025-05-20,16,739.0,59.6
2025-05-20,17,557.0,61.0
2025-05-20,18,462.0,60.3
2025-05-20,19,441.0,60.8
2025-05-20,20,303.0,61.4
2025-05-20,21,141.0,56.7
2025-05-20,22,22.0,49.5
2025-05-20,23,0.0,48.4
2025-05-20,24,0.0,47.2
2025-05-21,1,0.0,46.0
2025-05-21,2,0.0,45.7
2025-05-21,3,0.0,44.5
2025-05-21,4,0.0,42.4
2025-05-21,5,0.0,41.5
2025-05-21,6,0.0,40.3
2025-05-21,7,0.0,39.1
2025-05-21,8,38.0,40.3
2025-05-21,9,192.0,45.0
2025-05-21,10,387.0,50.5
2025-05-21,11,579.0,53.5
2025-05-21,12,747.0,55.8
2025-05-21,13,875.0,57.7
2025-05-21,14,953.0,59.6
2025-05-21,15,977.0,61.1
2025-05-21,16,940.0,62.1
2025-05-21,17,855.0,63.1
2025-05-21,18,711.0,64.1
2025-05-21,19,540.0,63.8
2025-05-21,20,344.0,61.8
2025-05-21,21,158.0,57.7
2025-05-21,22,24.0,54.8
2025-05-21,23,0.0,52.9
2025-05-21,24,0.0,51.0
2025-05-22,1,0.0,48.4
2025-05-22,2,0.0,47.8
2025-05-22,3,0.0,47.0
2025-05-22,4,0.0,45.4
2025-05-22,5,0.0,44.2
2025-05-22,6,0.0,43.6
2025-05-22,7,0.0,43.6
2025-05-22,8,39.0,45.7
2025-05-22,9,190.0,49.1
2025-05-22,10,382.0,53.5
2025-05-22,11,560.0,58.4
2025-05-22,12,723.0,64.0
2025-05-22,13,789.0,68.4
2025-05-22,14,888.0,72.2
2025-05-22,15,929.0,74.0
2025-05-22,16,934.0,75.7
2025-05-22,17,835.0,75.6
2025-05-22,18,704.0,75.7
2025-05-22,19,527.0,74.2
2025-05-22,20,348.0,73.2
2025-05-22,21,162.0,65.1
2025-05-22,22,24.0,58.9
2025-05-22,23,0.0,55.1
2025-05-22,24,0.0,52.1
2025-05-23,1,0.0,50.7
2025-05-23,2,0.0,50.5
2025-05-23,3,0.0,50.8
2025-05-23,4,0.0,50.4
2025-05-23,5,0.0,49.4
2025-05-23,6,0.0,47.8
2025-05-23,7,0.0,46.4
2025-05-23,8,41.0,47.4
2025-05-23,9,194.0,52.8
2025-05-23,10,387.0,57.6
2025-05-23,11,577.0,61.5
2025-05-23,12,745.0,65.4
2025-05-23,13,875.0,68.5
2025-05-23,14,956.0,70.5
2025-05-23,15,972.0,72.1
2025-05-23,16,929.0,73.4
2025-05-23,17,842.0,74.5
2025-05-23,18,601.0,74.9
2025-05-23,19,497.0,74.2
2025-05-23,20,336.0,70.3
2025-05-23,21,154.0,65.3
2025-05-23,22,24.0,60.4
2025-05-23,23,0.0,57.0
2025-05-23,24,0.0,55.3
2025-05-24,1,0.0,54.2
2025-05-24,2,0.0,54.3
2025-05-24,3,0.0,54.9
2025-05-24,4,0.0,54.1
2025-05-24,5,0.0,53.0
2025-05-24,6,0.0,51.5
2025-05-24,7,0.0,51.8
2025-05-24,8,37.0,52.4
2025-05-24,9,190.0,57.5
2025-05-24,10,381.0,62.2
2025-05-24,11,567.0,66.3
2025-05-24,12,704.0,69.1
2025-05-24,13,857.0,71.2
2025-05-24,14,930.0,73.3
2025-05-24,15,881.0,74.3
2025-05-24,16,886.0,75.3
2025-05-24,17,790.0,75.2
2025-05-24,18,639.0,74.7
2025-05-24,19,482.0,73.7
2025-05-24,20,336.0,72.1
2025-05-24,21,165.0,66.9
2025-05-24,22,27.0,62.0
2025-05-24,23,0.0,59.1
2025-05-24,24,0.0,56.8
2025-05-25,1,0.0,55.5
2025-05-25,2,0.0,54.6
2025-05-25,3,0.0,53.3
2025-05-25,4,0.0,51.6
2025-05-25,5,0.0,50.0
2025-05-25,6,0.0,48.7
2025-05-25,7,0.0,47.7
2025-05-25,8,43.0,49.0
2025-05-25,9,197.0,53.0
2025-05-25,10,389.0,57.4
2025-05-25,11,578.0,61.5
2025-05-25,12,743.0,65.6
2025-05-25,13,862.0,69.3
2025-05-25,14,922.0,72.1
2025-05-25,15,953.0,73.6
2025-05-25,16,929.0,74.2
2025-05-25,17,812.0,75.0
2025-05-25,18,673.0,74.8
2025-05-25,19,498.0,71.9
2025-05-25,20,325.0,70.6
2025-05-25,21,163.0,66.0
2025-05-25,22,27.0,61.8
2025-05-25,23,0.0,60.6
2025-05-25,24,0.0,58.9
2025-05-26,1,0.0,57.7
2025-05-26,2,0.0,56.8
2025-05-26,3,0.0,54.8
2025-05-26,4,0.0,52.6
2025-05-26,5,0.0,51.6
2025-05-26,6,0.0,50.8
2025-05-26,7,0.0,49.6
2025-05-26,8,43.0,51.3
2025-05-26,9,196.0,55.1
2025-05-26,10,385.0,59.3
2025-05-26,11,573.0,64.2
2025-05-26,12,737.0,69.0
2025-05-26,13,865.0,73.3
2025-05-26,14,952.0,76.6
2025-05-26,15,949.0,78.7
2025-05-26,16,916.0,79.7
2025-05-26,17,827.0,80.4
2025-05-26,18,713.0,80.5
2025-05-26,19,533.0,79.4
2025-05-26,20,355.0,77.2
2025-05-26,21,143.0,71.1
2025-05-26,22,25.0,65.8
2025-05-26,23,0.0,63.5
2025-05-26,24,0.0,62.0
2025-05-27,1,0.0,60.7
2025-05-27,2,0.0,60.5
2025-05-27,3,0.0,59.4
2025-05-27,4,0.0,57.9
2025-05-27,5,0.0,56.2
2025-05-27,6,0.0,54.6
2025-05-27,7,0.0,53.9
2025-05-27,8,43.0,54.6
2025-05-27,9,192.0,59.2
2025-05-27,10,378.0,63.3
2025-05-27,11,564.0,67.8
2025-05-27,12,729.0,72.1
2025-05-27,13,858.0,75.4
2025-05-27,14,931.0,77.5
2025-05-27,15,941.0,79.3
2025-05-27,16,893.0,80.3
2025-05-27,17,793.0,74.3
2025-05-27,18,425.0,75.6
2025-05-27,19,358.0,73.1
2025-05-27,20,293.0,75.3
2025-05-27,21,160.0,70.6
2025-05-27,22,28.0,66.2
2025-05-27,23,0.0,64.1
2025-05-27,24,0.0,63.3
2025-05-28,1,0.0,63.0
2025-05-28,2,0.0,61.8
2025-05-28,3,0.0,59.6
2025-05-28,4,0.0,57.7
2025-05-28,5,0.0,56.5
2025-05-28,6,0.0,55.0
2025-05-28,7,0.0,54.8
2025-05-28,8,40.0,56.3
2025-05-28,9,178.0,60.6
2025-05-28,10,330.0,64.5
2025-05-28,11,509.0,68.5
2025-05-28,12,673.0,72.1
2025-05-28,13,770.0,75.1
2025-05-28,14,812.0,77.0
2025-05-28,15,783.0,78.5
2025-05-28,16,719.0,79.5
2025-05-28,17,666.0,80.1
2025-05-28,18,553.0,80.2
2025-05-28,19,442.0,79.8
2025-05-28,20,273.0,78.1
2025-05-28,21,118.0,73.4
2025-05-28,22,24.0,67.6
2025-05-28,23,0.0,66.1
2025-05-28,24,0.0,64.5
2025-05-29,1,0.0,63.7
2025-05-29,2,0.0,62.9
2025-05-29,3,0.0,59.5
2025-05-29,4,0.0,57.5
2025-05-29,5,0.0,55.8
2025-05-29,6,0.0,54.1
2025-05-29,7,0.0,52.7
2025-05-29,8,44.0,55.1
2025-05-29,9,194.0,57.6
2025-05-29,10,384.0,61.8
2025-05-29,11,569.0,66.6
2025-05-29,12,733.0,71.3
2025-05-29,13,860.0,75.3
2025-05-29,14,940.0,78.2
2025-05-29,15,940.0,80.3
2025-05-29,16,893.0,82.5
2025-05-29,17,766.0,83.2
2025-05-29,18,646.0,81.1
2025-05-29,19,500.0,80.3
2025-05-29,20,326.0,76.4
2025-05-29,21,153.0,71.9
2025-05-29,22,28.0,69.1
2025-05-29,23,0.0,68.7
2025-05-29,24,0.0,66.2
2025-05-30,1,0.0,65.5
2025-05-30,2,0.0,62.5
2025-05-30,3,0.0,60.7
2025-05-30,4,0.0,59.5
2025-05-30,5,0.0,58.9
2025-05-30,6,0.0,58.5
2025-05-30,7,0.0,58.1
2025-05-30,8,46.0,58.9
2025-05-30,9,196.0,63.8
2025-05-30,10,382.0,68.9
2025-05-30,11,567.0,72.4
2025-05-30,12,730.0,75.5
2025-05-30,13,858.0,77.7
2025-05-30,14,935.0,79.4
2025-05-30,15,958.0,80.6
2025-05-30,16,920.0,81.9
2025-05-30,17,834.0,82.7
2025-05-30,18,710.0,82.0
2025-05-30,19,544.0,80.5
2025-05-30,20,356.0,76.6
2025-05-30,21,173.0,74.0
2025-05-30,22,33.0,68.5
2025-05-30,23,0.0,65.4
2025-05-30,24,0.0,63.2
2025-05-31,1,0.0,62.5
2025-05-31,2,0.0,62.0
2025-05-31,3,0.0,60.6
2025-05-31,4,0.0,59.2
2025-05-31,5,0.0,57.8
2025-05-31,6,0.0,56.7
2025-05-31,7,0.0,55.6
2025-05-31,8,48.0,56.0
2025-05-31,9,203.0,59.8
2025-05-31,10,394.0,63.9
2025-05-31,11,582.0,68.2
2025-05-31,12,747.0,72.5
2025-05-31,13,874.0,75.9
2025-05-31,14,952.0,78.7
2025-05-31,15,977.0,81.0
2025-05-31,16,945.0,82.4
2025-05-31,17,858.0,83.1
2025-05-31,18,724.0,83.1
2025-05-31,19,554.0,81.5
2025-05-31,20,365.0,78.8
2025-05-31,21,178.0,74.6
2025-05-31,22,34.0,70.1
2025-05-31,23,0.0,68.5
2025-05-31,24,0.0,68.5
2025-06-01,1,0.0,66.8
2025-06-01,2,0.0,64.0
2025-06-01,3,0.0,62.8
2025-06-01,4,0.0,61.0
2025-06-01,5,0.0,59.5
2025-06-01,6,0.0,59.9
2025-06-01,7,0.0,58.6
2025-06-01,8,48.0,59.0
2025-06-01,9,201.0,62.0
2025-06-01,10,388.0,66.7
2025-06-01,11,574.0,71.8
2025-06-01,12,736.0,76.4
2025-06-01,13,862.0,79.8
2025-06-01,14,947.0,82.6
2025-06-01,15,963.0,86.1
2025-06-01,16,785.0,83.6
2025-06-01,17,750.0,83.8
2025-06-01,18,631.0,82.5
2025-06-01,19,422.0,79.8
2025-06-01,20,293.0,77.5
2025-06-01,21,131.0,73.9
2025-06-01,22,33.0,70.2
2025-06-01,23,0.0,66.9
2025-06-01,24,0.0,67.3
2025-06-02,1,0.0,67.0
2025-06-02,2,0.0,64.4
2025-06-02,3,0.0,60.7
2025-06-02,4,0.0,60.3
2025-06-02,5,0.0,59.4
2025-06-02,6,0.0,59.2
2025-06-02,7,0.0,56.0
2025-06-02,8,42.0,57.3
2025-06-02,9,155.0,60.1
2025-06-02,10,333.0,63.1
2025-06-02,11,536.0,64.8
2025-06-02,12,744.0,66.2
2025-06-02,13,879.0,68.1
2025-06-02,14,964.0,69.9
2025-06-02,15,994.0,71.9
2025-06-02,16,962.0,73.2
2025-06-02,17,872.0,73.9
2025-06-02,18,736.0,73.7
2025-06-02,19,565.0,72.9
2025-06-02,20,376.0,70.4
2025-06-02,21,186.0,66.7
2025-06-02,22,37.0,61.7
2025-06-02,23,0.0,58.8
2025-06-02,24,0.0,56.3
2025-06-03,1,0.0,54.5
2025-06-03,2,0.0,55.0
2025-06-03,3,0.0,54.9
2025-06-03,4,0.0,52.0
2025-06-03,5,0.0,50.2
2025-06-03,6,0.0,48.4
2025-06-03,7,0.0,46.9
2025-06-03,8,50.0,49.5
2025-06-03,9,204.0,53.5
2025-06-03,10,395.0,56.6
2025-06-03,11,583.0,59.0
2025-06-03,12,748.0,61.5
2025-06-03,13,876.0,64.0
2025-06-03,14,959.0,66.0
2025-06-03,15,924.0,68.5
2025-06-03,16,685.0,69.6
2025-06-03,17,662.0,70.9
2025-06-03,18,622.0,70.2
2025-06-03,19,531.0,68.9
2025-06-03,20,246.0,67.1
2025-06-03,21,177.0,63.3
2025-06-03,22,38.0,59.1
2025-06-03,23,0.0,55.9
2025-06-03,24,0.0,54.1
2025-06-04,1,0.0,52.6
2025-06-04,2,0.0,51.4
2025-06-04,3,0.0,49.6
2025-06-04,4,0.0,48.1
2025-06-04,5,0.0,47.1
2025-06-04,6,0.0,47.3
2025-06-04,7,0.0,47.7
2025-06-04,8,51.0,48.5
2025-06-04,9,209.0,52.3
2025-06-04,10,402.0,55.9
2025-06-04,11,592.0,59.7
2025-06-04,12,759.0,63.3
2025-06-04,13,889.0,66.2
2025-06-04,14,970.0,68.1
2025-06-04,15,997.0,69.7
2025-06-04,16,964.0,71.3
2025-06-04,17,870.0,72.0
2025-06-04,18,734.0,72.2
2025-06-25,19,612.0,80.4
2025-06-25,20,406.0,79.4
2025-06-25,21,226.0,77.5
2025-06-25,22,57.0,75.0
2025-06-25,23,0.0,71.4
2025-06-25,24,0.0,70.6
2025-06-26,1,0.0,67.4
2025-06-26,2,0.0,65.4
2025-06-26,3,0.0,62.0
2025-06-26,4,0.0,59.5
2025-06-26,5,0.0,57.7
2025-06-26,6,0.0,55.4
2025-06-26,7,0.0,53.0
2025-06-26,8,53.0,54.3
2025-06-26,9,209.0,62.5
2025-06-26,10,384.0,71.5
2025-06-26,11,554.0,77.2
2025-06-26,12,735.0,81.0
2025-06-26,13,816.0,83.5
2025-06-26,14,912.0,84.4
2025-06-26,15,946.0,85.4
2025-06-26,16,916.0,86.2
2025-06-26,17,830.0,86.5
2025-06-26,18,686.0,86.3
2025-06-26,19,603.0,86.0
2025-06-26,20,413.0,84.9
2025-06-26,21,216.0,83.1
2025-06-26,22,57.0,80.2
2025-06-26,23,0.0,75.6
2025-06-26,24,0.0,74.2
2025-06-27,1,0.0,69.3
2025-06-27,2,0.0,67.6
2025-06-27,3,0.0,64.7
2025-06-27,4,0.0,64.1
2025-06-27,5,0.0,63.1
2025-06-27,6,0.0,61.4
2025-06-27,7,0.0,59.2
2025-06-27,8,49.0,58.6
2025-06-27,9,203.0,65.5
2025-06-27,10,410.0,73.6
2025-06-27,11,598.0,78.7
2025-06-27,12,765.0,81.9
2025-06-27,13,892.0,84.4
2025-06-27,14,981.0,84.9
2025-06-27,15,990.0,86.3
2025-06-27,16,949.0,87.2
2025-06-27,17,896.0,87.7
2025-06-27,18,744.0,87.5
2025-06-27,19,569.0,87.0
2025-06-27,20,384.0,85.9
2025-06-27,21,210.0,84.1
2025-06-27,22,60.0,81.5
2025-06-27,23,0.0,78.4
2025-06-27,24,0.0,76.2
2025-06-28,1,0.0,70.2
2025-06-28,2,0.0,68.2
2025-06-28,3,0.0,66.4
2025-06-28,4,0.0,65.3
2025-06-28,5,0.0,64.4
2025-06-28,6,0.0,63.2
2025-06-28,7,0.0,62.2
2025-06-28,8,49.0,61.6
2025-06-28,9,207.0,67.6
2025-06-28,10,383.0,74.7
2025-06-28,11,571.0,78.1
2025-06-28,12,735.0,80.6
2025-06-28,13,878.0,82.7
2025-06-28,14,934.0,83.6
2025-06-28,15,995.0,85.1
2025-06-28,16,964.0,86.2
2025-06-28,17,885.0,86.7
2025-06-28,18,761.0,86.7
2025-06-28,19,559.0,86.0
2025-06-28,20,371.0,85.3
2025-06-28,21,153.0,83.1
2025-06-28,22,46.0,81.6
2025-06-28,23,0.0,79.2
2025-06-28,24,0.0,76.2
2025-06-29,1,0.0,71.8
2025-06-29,2,0.0,69.1
2025-06-29,3,0.0,66.7
2025-06-29,4,0.0,65.3
2025-06-29,5,0.0,65.5
2025-06-29,6,0.0,65.5
2025-06-29,7,0.0,64.1
2025-06-29,8,51.0,62.7
2025-06-29,9,212.0,67.8
2025-06-29,10,405.0,74.6
2025-06-29,11,595.0,77.6
2025-06-29,12,763.0,79.9
2025-06-29,13,894.0,82.2
2025-06-29,14,970.0,84.0
2025-06-29,15,1000.0,85.7
2025-06-29,16,972.0,86.7
2025-06-29,17,902.0,87.3
2025-06-29,18,774.0,87.3
2025-06-29,19,606.0,86.7
2025-06-29,20,427.0,85.7
2025-06-29,21,230.0,83.7
2025-06-29,22,62.0,81.3
2025-06-29,23,0.0,76.8
2025-06-29,24,0.0,72.8
2025-06-30,1,0.0,69.8
2025-06-30,2,0.0,66.9
2025-06-30,3,0.0,63.8
2025-06-30,4,0.0,61.0
2025-06-30,5,0.0,58.2
2025-06-30,6,0.0,56.5
2025-06-30,7,0.0,55.6
2025-06-30,8,51.0,57.7
2025-06-30,9,212.0,65.7
2025-06-30,10,405.0,72.8
2025-06-30,11,594.0,76.6
2025-06-30,12,761.0,80.6
2025-06-30,13,890.0,84.6
2025-06-30,14,962.0,87.2
2025-06-30,15,981.0,88.9
2025-06-30,16,957.0,90.2
2025-06-30,17,851.0,90.7
2025-06-30,18,727.0,90.7
2025-06-30,19,601.0,90.6
2025-06-30,20,395.0,89.8
2025-06-30,21,208.0,88.4
2025-06-30,22,46.0,85.5
2025-06-30,23,0.0,80.9
2025-06-30,24,0.0,76.3
2025-07-01,1,0.0,72.2
2025-07-01,2,0.0,70.3
2025-07-01,3,0.0,67.2
2025-07-01,4,0.0,64.7
2025-07-01,5,0.0,62.8
2025-07-01,6,0.0,61.3
2025-07-01,7,0.0,60.1
2025-07-01,8,47.0,61.5
2025-07-01,9,180.0,69.1
2025-07-01,10,334.0,77.2
2025-07-01,11,495.0,83.5
2025-07-01,12,597.0,88.3
2025-07-01,13,700.0,91.3
2025-07-01,14,753.0,91.4
2025-07-01,15,918.0,91.4
2025-07-01,16,857.0,91.7
2025-07-01,17,563.0,90.8
2025-07-01,18,439.0,91.0
2025-07-01,19,454.0,90.7
2025-07-01,20,381.0,90.1
2025-07-01,21,203.0,88.9
2025-07-01,22,56.0,85.7
2025-07-01,23,0.0,80.2
2025-07-01,24,0.0,75.8
2025-07-02,1,0.0,71.7
2025-07-02,2,0.0,71.1
2025-07-02,3,0.0,68.3
2025-07-02,4,0.0,66.4
2025-07-02,5,0.0,65.2
2025-07-02,6,0.0,66.6
2025-07-02,7,0.0,65.7
2025-07-02,8,36.0,65.5
2025-07-02,9,147.0,70.9
2025-07-02,10,330.0,78.4
2025-07-02,11,535.0,82.8
2025-07-02,12,711.0,83.7
2025-07-02,13,648.0,83.0
2025-07-02,14,804.0,87.8
2025-07-02,15,779.0,87.0
2025-07-02,16,604.0,86.7
2025-07-02,17,657.0,86.9
2025-07-02,18,699.0,87.4
2025-07-02,19,528.0,87.1
2025-07-02,20,359.0,85.0
2025-07-02,21,143.0,82.7
2025-07-02,22,35.0,80.8
2025-07-02,23,0.0,78.6
2025-07-02,24,0.0,76.0
2025-07-03,1,0.0,73.9
2025-07-03,2,0.0,70.9
2025-07-03,3,0.0,70.1
2025-07-03,4,0.0,69.3
2025-07-03,5,0.0,68.2
2025-07-03,6,0.0,68.4
2025-07-03,7,0.0,68.2
2025-07-03,8,31.0,67.4
2025-07-03,9,96.0,70.0
2025-07-03,10,220.0,72.8
2025-07-03,11,388.0,76.0
2025-07-03,12,595.0,78.8
2025-07-03,13,766.0,81.4
2025-07-03,14,789.0,80.8
2025-07-03,15,848.0,82.3
2025-07-03,16,714.0,82.6
2025-07-03,17,607.0,82.6
2025-07-03,18,498.0,82.6
2025-07-03,19,424.0,82.1
2025-07-03,20,323.0,81.6
2025-07-03,21,185.0,80.2
2025-07-03,22,44.0,78.4
2025-07-03,23,0.0,75.1
2025-07-03,24,0.0,71.5
2025-07-04,1,0.0,68.2
2025-07-04,2,0.0,68.1
2025-07-04,3,0.0,66.2
2025-07-04,4,0.0,65.0
2025-07-04,5,0.0,64.8
2025-07-04,6,0.0,63.5
2025-07-04,7,0.0,61.5
2025-07-04,8,40.0,62.3
2025-07-04,9,188.0,68.7
2025-07-04,10,355.0,74.0
2025-07-04,11,492.0,75.8
2025-07-04,12,677.0,78.1
2025-07-04,13,643.0,75.3
2025-07-04,14,883.0,77.4
2025-07-04,15,930.0,79.7
2025-07-04,16,893.0,81.0
2025-07-04,17,736.0,81.3
2025-07-04,18,683.0,81.6
2025-07-04,19,539.0,80.7
2025-07-04,20,403.0,80.2
2025-07-04,21,181.0,78.8
2025-07-04,22,47.0,76.2
2025-07-04,23,0.0,74.5
2025-07-04,24,0.0,71.3
2025-07-05,1,0.0,69.0
2025-07-05,2,0.0,63.0
2025-07-05,3,0.0,61.3
2025-07-05,4,0.0,60.3
2025-07-05,5,0.0,59.1
2025-07-05,6,0.0,57.4
2025-07-05,7,0.0,56.4
2025-07-05,8,42.0,57.8
2025-07-05,9,189.0,64.7
2025-07-05,10,376.0,69.6
2025-07-05,11,567.0,73.4
2025-07-05,12,742.0,76.6
2025-07-05,13,870.0,79.0
2025-07-05,14,961.0,79.7
2025-07-05,15,989.0,81.0
2025-07-05,16,923.0,81.6
2025-07-05,17,856.0,82.4
2025-07-05,18,772.0,82.6
2025-07-05,19,561.0,82.1
2025-07-05,20,366.0,81.0
2025-07-05,21,198.0,79.0
2025-07-05,22,57.0,76.9
2025-07-05,23,0.0,73.5
2025-07-05,24,0.0,70.4
2025-07-06,1,0.0,67.8
2025-07-06,2,0.0,65.5
2025-07-06,3,0.0,63.7
2025-07-06,4,0.0,62.2
2025-07-06,5,0.0,60.6
2025-07-06,6,0.0,58.8
2025-07-06,7,0.0,57.1
2025-07-06,8,44.0,56.8
2025-07-06,9,204.0,64.5
2025-07-06,10,398.0,71.6
2025-07-06,11,590.0,75.7
2025-07-06,12,759.0,78.9
2025-07-06,13,891.0,81.2
2025-07-06,14,971.0,82.1
2025-07-06,15,1006.0,83.7
2025-07-06,16,982.0,84.7
2025-07-06,17,907.0,85.3
2025-07-06,18,780.0,85.4
2025-07-06,19,617.0,85.0
2025-07-06,20,428.0,84.1
2025-07-06,21,229.0,82.6
2025-07-06,22,60.0,80.6
2025-07-06,23,0.0,76.5
2025-07-06,24,0.0,72.2
2025-07-07,1,0.0,68.7
2025-07-07,2,0.0,67.3
2025-07-07,3,0.0,64.5
2025-07-07,4,0.0,61.9
2025-07-07,5,0.0,59.3
2025-07-07,6,0.0,57.1
2025-07-07,7,0.0,55.6
2025-07-07,8,44.0,56.5
2025-07-07,9,204.0,65.4
2025-07-07,10,398.0,73.8
2025-07-07,11,590.0,79.4
2025-07-07,12,760.0,83.2
2025-07-07,13,879.0,85.8
2025-07-07,14,951.0,87.0
2025-07-07,15,941.0,88.6
2025-07-07,16,886.0,89.5
2025-07-07,17,872.0,90.0
2025-07-07,18,766.0,90.1
2025-07-07,19,607.0,89.6
2025-07-07,20,403.0,88.4
2025-07-07,21,209.0,86.5
2025-07-07,22,55.0,84.0
2025-07-07,23,0.0,80.2
2025-07-07,24,0.0,77.0
2025-07-08,1,0.0,72.3
2025-07-08,2,0.0,70.2
2025-07-08,3,0.0,66.4
2025-07-08,4,0.0,63.1
2025-07-08,5,0.0,60.7
2025-07-08,6,0.0,58.9
2025-07-08,7,0.0,57.6
2025-07-08,8,43.0,58.6
2025-07-08,9,204.0,67.5
2025-07-08,10,400.0,77.1
2025-07-08,11,593.0,83.6
2025-07-08,12,763.0,88.2
2025-07-08,13,881.0,90.5
2025-07-08,14,958.0,90.5
2025-07-08,15,972.0,91.6
2025-07-08,16,928.0,92.5
2025-07-08,17,836.0,92.5
2025-07-08,18,725.0,92.3
2025-07-08,19,608.0,91.7
2025-07-08,20,426.0,90.6
2025-07-08,21,230.0,88.6
2025-07-08,22,59.0,85.9
2025-07-08,23,0.0,80.8
2025-07-08,24,0.0,77.7
2025-07-09,1,0.0,74.5
2025-07-09,2,0.0,69.7
2025-07-09,3,0.0,66.1
2025-07-09,4,0.0,63.2
2025-07-09,5,0.0,61.3
2025-07-09,6,0.0,60.1
2025-07-09,7,0.0,59.1
2025-07-09,8,41.0,60.3
2025-07-09,9,200.0,69.0
2025-07-09,10,395.0,79.2
2025-07-09,11,585.0,85.8
2025-07-09,12,754.0,89.1
2025-07-09,13,887.0,91.6
2025-07-09,14,963.0,92.1
2025-07-09,15,1005.0,93.3
2025-07-09,16,975.0,93.9
2025-07-09,17,875.0,94.0
2025-07-09,18,757.0,93.8
2025-07-09,19,606.0,93.1
2025-07-09,20,403.0,91.9
2025-07-09,21,187.0,89.6
2025-07-09,22,58.0,86.9
2025-07-09,23,0.0,85.0
2025-07-09,24,0.0,78.1
2025-07-10,1,0.0,78.1
2025-07-10,2,0.0,77.6
2025-07-10,3,0.0,76.5
2025-07-10,4,0.0,73.6
2025-07-10,5,0.0,70.8
2025-07-10,6,0.0,73.1
2025-07-10,7,0.0,72.7
2025-07-10,8,39.0,71.8
2025-07-10,9,196.0,71.1
2025-07-10,10,390.0,75.5
2025-07-10,11,581.0,78.0
2025-07-10,12,751.0,80.7
2025-07-10,13,884.0,83.2
2025-07-10,14,964.0,84.4
2025-07-10,15,992.0,86.0
2025-07-10,16,973.0,87.1
2025-07-10,17,897.0,87.6
2025-07-10,18,777.0,87.6
2025-07-10,19,612.0,87.2
2025-07-10,20,422.0,86.2
2025-07-10,21,226.0,84.7
2025-07-10,22,58.0,82.5
2025-07-10,23,0.0,79.1
2025-07-10,24,0.0,76.3
2025-07-11,1,0.0,73.6
2025-07-11,2,0.0,73.1
2025-07-11,3,0.0,72.7
2025-07-11,4,0.0,70.8
2025-07-11,5,0.0,68.9
2025-07-11,6,0.0,67.3
2025-07-11,7,0.0,65.8
2025-07-11,8,38.0,65.0
2025-07-11,9,193.0,67.3
2025-07-11,10,384.0,73.2
2025-07-11,11,574.0,75.8
2025-07-11,12,741.0,78.4
2025-07-11,13,873.0,80.8
2025-07-11,14,959.0,82.4
2025-07-11,15,991.0,84.0
2025-07-11,16,956.0,85.3
2025-07-11,17,865.0,85.9
2025-07-11,18,755.0,86.2
2025-07-11,19,593.0,86.2
2025-07-11,20,404.0,85.3
2025-07-11,21,217.0,84.0
2025-07-11,22,55.0,81.9
2025-07-11,23,0.0,78.4
2025-07-11,24,0.0,77.5
2025-07-12,1,0.0,75.5
2025-07-12,2,0.0,72.5
2025-07-12,3,0.0,70.2
2025-07-12,4,0.0,67.3
2025-07-12,5,0.0,64.8
2025-07-12,6,0.0,62.2
2025-07-12,7,0.0,60.5
2025-07-12,8,37.0,60.7
2025-07-12,9,193.0,67.3
2025-07-12,10,386.0,75.1
2025-07-12,11,578.0,79.6
2025-07-12,12,748.0,82.4
2025-07-12,13,883.0,84.6
2025-07-12,14,969.0,85.5
2025-07-12,15,1002.0,86.9
2025-07-12,16,979.0,87.8
2025-07-12,17,900.0,88.4
2025-07-12,18,773.0,88.7
2025-07-12,19,607.0,88.5
2025-07-12,20,418.0,87.9
2025-07-12,21,223.0,86.6
2025-07-12,22,55.0,84.4
2025-07-12,23,0.0,79.6
2025-07-12,24,0.0,78.9
2025-07-13,1,0.0,76.6
2025-07-13,2,0.0,74.7
2025-07-13,3,0.0,72.4
2025-07-13,4,0.0,70.0
2025-07-13,5,0.0,67.7
2025-07-13,6,0.0,65.2
2025-07-13,7,0.0,62.6
2025-07-13,8,37.0,61.6
2025-07-13,9,194.0,67.9
2025-07-13,10,389.0,76.9
2025-07-13,11,582.0,82.1
2025-07-13,12,753.0,85.4
2025-07-13,13,886.0,88.0
2025-07-13,14,975.0,88.9
2025-07-13,15,1008.0,90.2
2025-07-13,16,985.0,91.0
2025-07-13,17,906.0,91.6
2025-07-13,18,780.0,91.8
2025-07-13,19,612.0,91.4
2025-07-13,20,419.0,90.5
2025-07-13,21,216.0,88.9
2025-07-13,22,53.0,86.3
2025-07-13,23,0.0,82.9
2025-07-13,24,0.0,81.5
2025-07-14,1,0.0,79.3
2025-07-14,2,0.0,77.9
2025-07-14,3,0.0,75.7
2025-07-14,4,0.0,73.9
2025-07-14,5,0.0,72.2
2025-07-14,6,0.0,70.8
2025-07-14,7,0.0,69.5
2025-07-14,8,36.0,68.3
2025-07-14,9,192.0,69.5
2025-07-14,10,386.0,79.1
2025-07-14,11,579.0,83.7
2025-07-14,12,749.0,86.6
2025-07-14,13,882.0,88.9
2025-07-14,14,968.0,90.4
2025-07-14,15,1002.0,91.7
2025-07-14,16,975.0,92.8
2025-07-14,17,894.0,93.6
2025-07-14,18,763.0,94.0
2025-07-14,19,556.0,93.8
2025-07-14,20,322.0,92.1
2025-07-14,21,188.0,90.4
2025-07-14,22,45.0,88.1
2025-07-14,23,0.0,85.3
2025-07-14,24,0.0,82.0
2025-07-15,1,0.0,79.9
2025-07-15,2,0.0,77.9
2025-07-15,3,0.0,77.1
2025-07-15,4,0.0,76.2
2025-07-15,5,0.0,75.3
2025-07-15,6,0.0,74.3
2025-07-15,7,0.0,73.2
2025-07-15,8,34.0,72.3
2025-07-15,9,189.0,73.2
2025-07-15,10,381.0,80.2
2025-07-15,11,565.0,84.4
2025-07-15,12,718.0,87.5
2025-07-15,13,791.0,89.8
2025-07-15,14,859.0,90.9
2025-07-15,15,934.0,92.4
2025-07-15,16,793.0,92.3
2025-07-15,17,590.0,91.5
2025-07-15,18,646.0,91.9
2025-07-15,19,567.0,92.5
2025-07-15,20,310.0,90.5
2025-07-15,21,80.0,84.8
2025-07-15,22,17.0,81.1
2025-07-15,23,0.0,79.4
2025-07-15,24,0.0,77.6
2025-07-16,1,0.0,76.0
2025-07-16,2,0.0,72.9
2025-07-16,3,0.0,71.8
2025-07-16,4,0.0,73.3
2025-07-16,5,0.0,71.0
2025-07-16,6,0.0,70.3
2025-07-16,7,0.0,69.6
2025-07-16,8,31.0,68.4
2025-07-16,9,182.0,70.8
2025-07-16,10,373.0,75.9
2025-07-16,11,565.0,79.0
2025-07-16,12,736.0,81.7
2025-07-16,13,860.0,83.8
2025-07-16,14,959.0,84.6
2025-07-16,15,992.0,86.3
2025-07-16,16,962.0,87.7
2025-07-16,17,885.0,88.3
2025-07-16,18,768.0,88.5
2025-07-16,19,511.0,90.1
2025-07-16,20,360.0,89.6
2025-07-16,21,173.0,86.4
2025-07-16,22,37.0,79.8
2025-07-16,23,0.0,77.4
2025-07-16,24,0.0,74.6
2025-07-17,1,0.0,71.5
2025-07-17,2,0.0,70.3
2025-07-17,3,0.0,69.4
2025-07-17,4,0.0,69.4
2025-07-17,5,0.0,68.5
2025-07-17,6,0.0,67.3
2025-07-17,7,0.0,66.2
2025-07-17,8,24.0,65.4
2025-07-17,9,148.0,68.9
2025-07-17,10,332.0,73.2
2025-07-17,11,523.0,77.9
2025-07-17,12,668.0,82.1
2025-07-17,13,822.0,85.5
2025-07-17,14,905.0,88.2
2025-07-17,15,901.0,90.2
2025-07-17,16,872.0,91.7
2025-07-17,17,763.0,93.0
2025-07-17,18,687.0,93.9
2025-07-17,19,515.0,92.7
2025-07-17,20,333.0,91.2
2025-07-17,21,166.0,86.9
2025-07-17,22,34.0,82.9
2025-07-17,23,0.0,79.6
2025-07-17,24,0.0,78.0
2025-07-18,1,0.0,76.4
2025-07-18,2,0.0,74.0
2025-07-18,3,0.0,72.5
2025-07-18,4,0.0,71.5
2025-07-18,5,0.0,70.3
2025-07-18,6,0.0,68.6
2025-07-18,7,0.0,67.4
2025-07-18,8,20.0,68.0
2025-07-18,9,99.0,71.1
2025-07-18,10,168.0,73.9
2025-07-18,11,308.0,77.3
2025-07-18,12,418.0,79.9
2025-07-18,13,559.0,82.9
2025-07-18,14,543.0,82.7
2025-07-18,15,804.0,84.2
2025-07-18,16,662.0,81.1
2025-07-18,17,518.0,81.7
2025-07-18,18,608.0,82.7
2025-07-18,19,482.0,82.5
2025-07-18,20,280.0,79.5
2025-07-18,21,147.0,78.2
2025-07-18,22,29.0,74.5
2025-07-18,23,0.0,74.8
2025-07-18,24,0.0,73.4
2025-07-19,1,0.0,70.4
2025-07-19,2,0.0,69.8
2025-07-19,3,0.0,68.9
2025-07-19,4,0.0,67.7
2025-07-19,5,0.0,66.7
2025-07-19,6,0.0,65.8
2025-07-19,7,0.0,64.6
2025-07-19,8,21.0,63.8
2025-07-19,9,143.0,67.3
2025-07-19,10,326.0,72.3
2025-07-19,11,513.0,76.5
2025-07-19,12,680.0,80.8
2025-07-19,13,807.0,83.6
2025-07-19,14,857.0,85.3
2025-07-19,15,794.0,86.8
2025-07-19,16,820.0,87.9
2025-07-19,17,827.0,88.5
2025-07-19,18,684.0,88.4
2025-07-19,19,482.0,87.4
2025-07-19,20,295.0,84.2
2025-07-19,21,162.0,79.5
2025-07-19,22,36.0,74.6
2025-07-19,23,0.0,73.6
2025-07-19,24,0.0,70.8
2025-07-20,1,0.0,69.4
2025-07-20,2,0.0,69.1
2025-07-20,3,0.0,67.9
2025-07-20,4,0.0,67.5
2025-07-20,5,0.0,66.7
2025-07-20,6,0.0,66.1
2025-07-20,7,0.0,65.2
2025-07-20,8,23.0,64.1
2025-07-20,9,152.0,66.8
2025-07-20,10,334.0,71.5
2025-07-20,11,519.0,75.7
2025-07-20,12,688.0,79.5
2025-07-20,13,822.0,83.6
2025-07-20,14,909.0,87.1
2025-07-20,15,916.0,89.2
2025-07-20,16,822.0,90.2
2025-07-20,17,822.0,91.0
2025-07-20,18,714.0,91.0
2025-07-20,19,553.0,90.5
2025-07-20,20,363.0,89.3
2025-07-20,21,172.0,83.4
2025-07-20,22,33.0,78.4
2025-07-20,23,0.0,76.8
2025-07-20,24,0.0,75.2
2025-07-21,1,0.0,74.8
2025-07-21,2,0.0,74.8
2025-07-21,3,0.0,72.1
2025-07-21,4,0.0,69.9
2025-07-21,5,0.0,67.6
2025-07-21,6,0.0,66.6
2025-07-21,7,0.0,65.2
2025-07-21,8,21.0,65.5
2025-07-21,9,144.0,69.1
2025-07-21,10,332.0,74.6
2025-07-21,11,521.0,80.6
2025-07-21,12,688.0,85.8
2025-07-21,13,821.0,87.9
2025-07-21,14,842.0,88.8
2025-07-21,15,841.0,90.5
2025-07-21,16,894.0,91.6
2025-07-21,17,827.0,91.6
2025-07-21,18,662.0,89.3
2025-07-21,19,545.0,88.7
2025-07-21,20,307.0,86.1
2025-07-21,21,157.0,83.9
2025-07-21,22,35.0,76.9
2025-07-21,23,0.0,74.5
2025-07-21,24,0.0,72.3
2025-07-22,1,0.0,67.9
2025-07-22,2,0.0,68.1
2025-07-22,3,0.0,66.3
2025-07-22,4,0.0,65.7
2025-07-22,5,0.0,64.2
2025-07-22,6,0.0,65.3
2025-07-22,7,0.0,65.3
2025-07-22,8,20.0,63.2
2025-07-22,9,144.0,66.7
2025-07-22,10,328.0,71.2
2025-07-22,11,453.0,74.4
2025-07-22,12,588.0,77.0
2025-07-22,13,812.0,81.3
2025-07-22,14,885.0,84.4
2025-07-22,15,793.0,84.8
2025-07-22,16,827.0,86.5
2025-07-22,17,834.0,87.4
2025-07-22,18,714.0,86.9
2025-07-22,19,550.0,86.3
2025-07-22,20,366.0,85.5
2025-07-22,21,176.0,81.3
2025-07-22,22,32.0,77.6
2025-07-22,23,0.0,73.6
2025-07-22,24,0.0,70.0
2025-07-23,1,0.0,67.0
2025-07-23,2,0.0,66.1
2025-07-23,3,0.0,64.9
2025-07-23,4,0.0,64.5
2025-07-23,5,0.0,63.9
2025-07-23,6,0.0,62.0
2025-07-23,7,0.0,61.0
2025-07-23,8,18.0,63.4
2025-07-23,9,134.0,66.0
2025-07-23,10,322.0,71.0
2025-07-23,11,511.0,74.8
2025-07-23,12,680.0,78.3
2025-07-23,13,813.0,81.1
2025-07-23,14,906.0,83.6
2025-07-23,15,904.0,85.6
2025-07-23,16,862.0,86.8
2025-07-23,17,783.0,88.2
2025-07-23,18,673.0,88.4
2025-07-23,19,466.0,87.2
2025-07-23,20,312.0,85.9
2025-07-23,21,153.0,81.6
2025-07-23,22,31.0,75.7
2025-07-23,23,0.0,73.0
2025-07-23,24,0.0,71.1
2025-07-24,1,0.0,69.6
2025-07-24,2,0.0,68.7
2025-07-24,3,0.0,67.7
2025-07-24,4,0.0,66.7
2025-07-24,5,0.0,65.8
2025-07-24,6,0.0,64.9
2025-07-24,7,0.0,63.8
2025-07-24,8,19.0,63.1
2025-07-24,9,139.0,67.2
2025-07-24,10,324.0,70.9
2025-07-24,11,512.0,76.1
2025-07-24,12,681.0,80.4
2025-07-24,13,811.0,83.4
2025-07-24,14,899.0,85.9
2025-07-24,15,940.0,87.2
2025-07-24,16,757.0,87.2
2025-07-24,17,830.0,89.0
2025-07-24,18,706.0,89.6
2025-07-24,19,542.0,89.3
2025-07-24,20,348.0,87.4
2025-07-24,21,165.0,83.1
2025-07-24,22,31.0,75.8
2025-07-24,23,0.0,72.0
2025-07-24,24,0.0,70.2
2025-07-25,1,0.0,69.4
2025-07-25,2,0.0,67.7
2025-07-25,3,0.0,66.3
2025-07-25,4,0.0,65.4
2025-07-25,5,0.0,64.1
2025-07-25,6,0.0,62.8
2025-07-25,7,0.0,62.2
2025-07-25,8,19.0,61.7
2025-07-25,9,148.0,64.8
2025-07-25,10,334.0,69.1
2025-07-25,11,526.0,73.9
2025-07-25,12,699.0,79.0
2025-07-25,13,835.0,84.0
2025-07-25,14,924.0,87.4
2025-07-25,15,959.0,88.6
2025-07-25,16,937.0,89.5
2025-07-25,17,858.0,89.9
2025-07-25,18,731.0,89.2
2025-07-25,19,563.0,88.1
2025-07-25,20,368.0,86.9
2025-07-25,21,175.0,82.5
2025-07-25,22,31.0,76.9
2025-07-25,23,0.0,74.7
2025-07-25,24,0.0,71.5
2025-07-26,1,0.0,71.2
2025-07-26,2,0.0,70.5
2025-07-26,3,0.0,69.1
2025-07-26,4,0.0,66.8
2025-07-26,5,0.0,66.1
2025-07-26,6,0.0,65.0
2025-07-26,7,0.0,63.9
2025-07-26,8,10.0,65.3
2025-07-26,9,54.0,66.5
2025-07-26,10,174.0,69.8
2025-07-26,11,391.0,74.6
2025-07-26,12,448.0,77.3
2025-07-26,13,677.0,81.6
2025-07-26,14,819.0,84.8
2025-07-26,15,903.0,88.0
2025-07-26,16,890.0,87.2
2025-07-26,17,830.0,88.0
2025-07-26,18,726.0,87.7
2025-07-26,19,555.0,87.4
2025-07-26,20,358.0,87.1
2025-07-26,21,174.0,82.8
2025-07-26,22,29.0,76.9
2025-07-26,23,0.0,74.6
2025-07-26,24,0.0,72.7
2025-07-27,1,0.0,70.5
2025-07-27,2,0.0,68.9
2025-07-27,3,0.0,68.6
2025-07-27,4,0.0,66.8
2025-07-27,5,0.0,64.0
2025-07-27,6,0.0,61.9
2025-07-27,7,0.0,61.3
2025-07-27,8,17.0,59.5
2025-07-27,9,146.0,63.5
2025-07-27,10,334.0,68.9
2025-07-27,11,528.0,74.6
2025-07-27,12,694.0,79.7
2025-07-27,13,803.0,84.4
2025-07-27,14,901.0,86.8
2025-07-27,15,958.0,88.0
2025-07-27,16,934.0,88.5
2025-07-27,17,854.0,88.9
2025-07-27,18,725.0,88.8
2025-07-27,19,557.0,88.4
2025-07-27,20,364.0,87.0
2025-07-27,21,173.0,82.2
2025-07-27,22,29.0,77.8
2025-07-27,23,0.0,75.1
2025-07-27,24,0.0,72.1
2025-07-28,1,0.0,70.5
2025-07-28,2,0.0,69.8
2025-07-28,3,0.0,68.3
2025-07-28,4,0.0,66.9
2025-07-28,5,0.0,65.8
2025-07-28,6,0.0,64.0
2025-07-28,7,0.0,62.2
2025-07-28,8,16.0,60.6
2025-07-28,9,143.0,63.4
2025-07-28,10,329.0,68.5
2025-07-28,11,520.0,74.7
2025-07-28,12,692.0,80.7
2025-07-28,13,830.0,86.1
2025-07-28,14,924.0,89.1
2025-07-28,15,956.0,90.8
2025-07-28,16,930.0,91.8
2025-07-28,17,850.0,92.0
2025-07-28,18,722.0,91.6
2025-07-28,19,550.0,91.0
2025-07-28,20,361.0,89.7
2025-07-28,21,170.0,86.2
2025-07-28,22,27.0,81.1
2025-07-28,23,0.0,78.5
2025-07-28,24,0.0,75.9
2025-07-29,1,0.0,73.4
2025-07-29,2,0.0,72.6
2025-07-29,3,0.0,70.3
2025-07-29,4,0.0,68.4
2025-07-29,5,0.0,67.8
2025-07-29,6,0.0,66.6
2025-07-29,7,0.0,65.5
2025-07-29,8,15.0,65.3
2025-07-29,9,131.0,67.4
2025-07-29,10,237.0,70.1
2025-07-29,11,403.0,74.8
2025-07-29,12,467.0,78.4
2025-07-29,13,611.0,83.6
2025-07-29,14,589.0,86.1
2025-07-29,15,947.0,90.8
2025-07-29,16,862.0,93.4
2025-07-29,17,739.0,93.6
2025-07-29,18,622.0,92.8
2025-07-29,19,505.0,91.6
2025-07-29,20,310.0,90.3
2025-07-29,21,152.0,86.2
2025-07-29,22,25.0,82.0
2025-07-29,23,0.0,76.2
2025-07-29,24,0.0,72.6
2025-07-30,1,0.0,71.2
2025-07-30,2,0.0,71.2
2025-07-30,3,0.0,70.2
2025-07-30,4,0.0,68.6
2025-07-30,5,0.0,66.7
2025-07-30,6,0.0,65.3
2025-07-30,7,0.0,65.1
2025-07-30,8,14.0,63.4
2025-07-30,9,136.0,65.8
2025-07-30,10,321.0,69.5
2025-07-30,11,512.0,74.6
2025-07-30,12,683.0,79.2
2025-07-30,13,815.0,84.0
2025-07-30,14,902.0,88.4
2025-07-30,15,874.0,91.9
2025-07-30,16,919.0,93.7
2025-07-30,17,857.0,93.7
2025-07-30,18,725.0,93.6
2025-07-30,19,548.0,93.2
2025-07-30,20,353.0,91.2
2025-07-30,21,166.0,85.6
2025-07-30,22,25.0,81.7
2025-07-30,23,0.0,78.9
2025-07-30,24,0.0,75.6
2025-07-31,1,0.0,73.9
2025-07-31,2,0.0,71.9
2025-07-31,3,0.0,69.5
2025-07-31,4,0.0,68.3
2025-07-31,5,0.0,65.5
2025-07-31,6,0.0,63.6
2025-07-31,7,0.0,63.0
2025-07-31,8,13.0,60.2
2025-07-31,9,134.0,62.8
2025-07-31,10,320.0,67.6
2025-07-31,11,512.0,73.0
2025-07-31,12,684.0,78.8
2025-07-31,13,817.0,84.2
2025-07-31,14,909.0,88.9
2025-07-31,15,932.0,89.8
2025-07-31,16,904.0,90.4
2025-07-31,17,796.0,90.1
2025-07-31,18,699.0,89.6
2025-07-31,19,544.0,88.9
2025-07-31,20,343.0,88.3
2025-07-31,21,158.0,83.3
2025-07-31,22,23.0,78.5
2025-07-31,23,0.0,76.0
2025-07-31,24,0.0,72.4
2025-08-01,1,0.0,70.7
2025-08-01,2,0.0,69.0
2025-08-01,3,0.0,67.8
2025-08-01,4,0.0,67.2
2025-08-01,5,0.0,66.2
2025-08-01,6,0.0,64.6
2025-08-01,7,0.0,63.8
2025-08-01,8,12.0,60.4
2025-08-01,9,130.0,64.4
2025-08-01,10,313.0,69.6
2025-08-01,11,508.0,74.3
2025-08-01,12,679.0,78.9
2025-08-01,13,817.0,82.7
2025-08-01,14,914.0,86.3
2025-08-01,15,887.0,88.2
2025-08-01,16,814.0,89.2
2025-08-01,17,777.0,89.7
2025-08-01,18,691.0,90.0
2025-08-01,19,533.0,89.3
2025-08-01,20,349.0,88.4
2025-08-01,21,159.0,84.0
2025-08-01,22,22.0,78.2
2025-08-01,23,0.0,74.0
2025-08-01,24,0.0,71.3
2025-08-02,1,0.0,69.4
2025-08-02,2,0.0,67.9
2025-08-02,3,0.0,67.6
2025-08-02,4,0.0,67.6
2025-08-02,5,0.0,66.9
2025-08-02,6,0.0,65.5
2025-08-02,7,0.0,64.9
2025-08-02,8,11.0,63.2
2025-08-02,9,127.0,65.8
2025-08-02,10,309.0,70.3
2025-08-02,11,509.0,75.3
2025-08-02,12,682.0,79.6
2025-08-02,13,812.0,82.7
2025-08-02,14,886.0,85.6
2025-08-02,15,672.0,84.7
2025-08-02,16,847.0,85.9
2025-08-02,17,699.0,84.8
2025-08-02,18,669.0,85.9
2025-08-02,19,470.0,83.8
2025-08-02,20,271.0,83.1
2025-08-02,21,139.0,80.3
2025-08-02,22,20.0,75.6
2025-08-02,23,0.0,72.2
2025-08-02,24,0.0,70.2
2025-08-03,1,0.0,68.5
2025-08-03,2,0.0,67.7
2025-08-03,3,0.0,66.8
2025-08-03,4,0.0,65.3
2025-08-03,5,0.0,64.0
2025-08-03,6,0.0,62.8
2025-08-03,7,0.0,61.7
2025-08-03,8,11.0,61.1
2025-08-03,9,128.0,64.2
2025-08-03,10,312.0,68.4
2025-08-03,11,505.0,72.5
2025-08-03,12,677.0,77.4
2025-08-03,13,816.0,81.4
2025-08-03,14,903.0,84.6
2025-08-03,15,935.0,86.7
2025-08-03,16,910.0,88.3
2025-08-03,17,824.0,89.5
2025-08-03,18,705.0,90.0
2025-08-03,19,527.0,89.2
2025-08-03,20,335.0,87.8
2025-08-03,21,113.0,82.9
2025-08-03,22,15.0,78.4
2025-08-03,23,0.0,75.2
2025-08-03,24,0.0,71.6
2025-08-04,1,0.0,69.1
2025-08-04,2,0.0,67.7
2025-08-04,3,0.0,68.8
2025-08-04,4,0.0,69.5
2025-08-04,5,0.0,68.1
2025-08-04,6,0.0,66.5
2025-08-04,7,0.0,64.3
2025-08-04,8,10.0,63.4
2025-08-04,9,127.0,65.2
2025-08-04,10,313.0,69.6
2025-08-04,11,506.0,75.6
2025-08-04,12,678.0,81.3
2025-08-04,13,814.0,86.1
2025-08-04,14,910.0,89.5
2025-08-04,15,941.0,89.9
2025-08-04,16,879.0,90.3
2025-08-04,17,833.0,91.0
2025-08-04,18,708.0,90.8
2025-08-04,19,536.0,90.0
2025-08-04,20,300.0,88.5
2025-08-04,21,122.0,84.9
2025-08-04,22,17.0,77.9
2025-08-04,23,0.0,75.4
2025-08-04,24,0.0,71.2
2025-08-05,1,0.0,69.0
2025-08-05,2,0.0,67.3
2025-08-05,3,0.0,64.8
2025-08-05,4,0.0,63.2
2025-08-05,5,0.0,62.0
2025-08-05,6,0.0,60.9
2025-08-05,7,0.0,60.4
2025-08-05,8,9.0,61.0
2025-08-05,9,123.0,64.8
2025-08-05,10,306.0,68.6
2025-08-05,11,498.0,72.6
2025-08-05,12,670.0,76.7
2025-08-05,13,807.0,80.3
2025-08-05,14,894.0,83.5
2025-08-05,15,927.0,85.7
2025-08-05,16,903.0,87.5
2025-08-05,17,822.0,88.9
2025-08-05,18,693.0,89.4
2025-08-05,19,526.0,88.8
2025-08-05,20,338.0,87.6
2025-08-05,21,148.0,83.2
2025-08-05,22,17.0,78.5
2025-08-05,23,0.0,76.3
2025-08-05,24,0.0,72.8
2025-08-06,1,0.0,71.0
2025-08-06,2,0.0,70.3
2025-08-06,3,0.0,68.6
2025-08-06,4,0.0,67.6
2025-08-06,5,0.0,67.0
2025-08-06,6,0.0,65.8
2025-08-06,7,0.0,64.5
2025-08-06,8,9.0,62.9
2025-08-06,9,123.0,65.8
2025-08-06,10,309.0,69.8
2025-08-06,11,503.0,74.9
2025-08-06,12,677.0,80.5
2025-08-06,13,816.0,85.6
2025-08-06,14,903.0,89.8
2025-08-06,15,934.0,91.4
2025-08-06,16,913.0,92.1
2025-08-06,17,832.0,92.4
2025-08-06,18,700.0,92.3
2025-08-06,19,529.0,91.7
2025-08-06,20,339.0,90.3
2025-08-06,21,148.0,85.0
2025-08-06,22,15.0,81.1
2025-08-06,23,0.0,77.1
2025-08-06,24,0.0,74.5
2025-08-07,1,0.0,72.5
2025-08-07,2,0.0,72.8
2025-08-07,3,0.0,70.1
2025-08-07,4,0.0,67.2
2025-08-07,5,0.0,65.7
2025-08-07,6,0.0,65.1
2025-08-07,7,0.0,63.2
2025-08-07,8,8.0,63.5
2025-08-07,9,117.0,67.6
2025-08-07,10,302.0,72.5
2025-08-07,11,492.0,76.8
2025-08-07,12,665.0,80.2
2025-08-07,13,799.0,83.4
2025-08-07,14,886.0,87.0
2025-08-07,15,907.0,89.9
2025-08-07,16,888.0,91.1
2025-08-07,17,817.0,91.3
2025-08-07,18,682.0,90.1
2025-08-07,19,505.0,89.4
2025-08-07,20,304.0,87.9
2025-08-07,21,109.0,86.3
2025-08-07,22,10.0,80.1
2025-08-07,23,0.0,76.2
2025-08-07,24,0.0,73.6
2025-08-08,1,0.0,72.8
2025-08-08,2,0.0,70.8
2025-08-08,3,0.0,69.4
2025-08-08,4,0.0,68.6
2025-08-08,5,0.0,67.4
2025-08-08,6,0.0,66.7
2025-08-08,7,0.0,66.3
2025-08-08,8,3.0,65.9
2025-08-08,9,30.0,66.2
2025-08-08,10,142.0,67.3
2025-08-08,11,457.0,70.5
2025-08-08,12,657.0,73.0
2025-08-08,13,814.0,75.1
2025-08-08,14,911.0,76.5
2025-08-08,15,947.0,77.9
2025-08-08,16,923.0,79.3
2025-08-08,17,839.0,80.1
2025-08-08,18,704.0,80.3
2025-08-08,19,532.0,79.9
2025-08-08,20,339.0,78.4
2025-08-08,21,145.0,74.3
2025-08-08,22,14.0,70.6
2025-08-08,23,0.0,67.4
2025-08-08,24,0.0,64.5
2025-08-09,1,0.0,62.8
2025-08-09,2,0.0,61.2
2025-08-09,3,0.0,59.5
2025-08-09,4,0.0,57.7
2025-08-09,5,0.0,56.8
2025-08-09,6,0.0,56.3
2025-08-09,7,0.0,55.8
2025-08-09,8,7.0,53.3
2025-08-09,9,107.0,57.3
2025-08-09,10,285.0,62.0
2025-08-09,11,464.0,66.0
2025-08-09,12,597.0,69.7
2025-08-09,13,571.0,71.8
2025-08-09,14,715.0,74.4
2025-08-09,15,772.0,76.2
2025-08-09,16,719.0,77.3
2025-08-09,17,697.0,78.4
2025-08-09,18,640.0,77.5
2025-08-09,19,514.0,75.9
2025-08-09,20,325.0,73.4
2025-08-09,21,136.0,70.7
2025-08-09,22,12.0,67.1
2025-08-09,23,0.0,65.8
2025-08-09,24,0.0,64.2
2025-08-10,1,0.0,63.5
2025-08-10,2,0.0,63.1
2025-08-10,3,0.0,62.2
2025-08-10,4,0.0,61.2
2025-08-10,5,0.0,59.7
2025-08-10,6,0.0,58.6
2025-08-10,7,0.0,58.2
2025-08-10,8,6.0,56.4
2025-08-10,9,113.0,59.4
2025-08-10,10,296.0,63.8
2025-08-10,11,488.0,68.7
2025-08-10,12,659.0,73.8
2025-08-10,13,796.0,77.7
2025-08-10,14,894.0,80.7
2025-08-10,15,920.0,82.9
2025-08-10,16,897.0,84.7
2025-08-10,17,810.0,87.7
2025-08-10,18,651.0,86.3
2025-08-10,19,497.0,85.8
2025-08-10,20,303.0,81.9
2025-08-10,21,128.0,77.2
2025-08-10,22,11.0,73.7
2025-08-10,23,0.0,70.6
2025-08-10,24,0.0,68.5
2025-08-11,1,0.0,67.5
2025-08-11,2,0.0,67.2
2025-08-11,3,0.0,66.6
2025-08-11,4,0.0,64.9
2025-08-11,5,0.0,63.7
2025-08-11,6,0.0,62.4
2025-08-11,7,0.0,61.1
2025-08-11,8,6.0,59.7
2025-08-11,9,109.0,63.6
2025-08-11,10,292.0,68.5
2025-08-11,11,484.0,73.2
2025-08-11,12,656.0,77.7
2025-08-11,13,791.0,81.5
2025-08-11,14,879.0,84.6
2025-08-11,15,909.0,86.8
2025-08-11,16,882.0,88.4
2025-08-11,17,790.0,89.5
2025-08-11,18,664.0,90.0
2025-08-11,19,496.0,89.2
2025-08-11,20,310.0,86.0
2025-08-11,21,125.0,81.4
2025-08-11,22,10.0,77.4
2025-08-11,23,0.0,74.8
2025-08-11,24,0.0,73.0
2025-08-12,1,0.0,71.4
2025-08-12,2,0.0,70.6
2025-08-12,3,0.0,69.3
2025-08-12,4,0.0,67.9
2025-08-12,5,0.0,66.5
2025-08-12,6,0.0,65.2
2025-08-12,7,0.0,64.2
2025-08-12,8,5.0,63.7
2025-08-12,9,108.0,66.6
2025-08-12,10,292.0,70.6
2025-08-12,11,484.0,75.4
2025-08-12,12,657.0,79.8
2025-08-12,13,793.0,84.0
2025-08-12,14,881.0,87.4
2025-08-12,15,912.0,89.8
2025-08-12,16,885.0,91.4
2025-08-12,17,801.0,92.6
2025-08-12,18,669.0,92.6
2025-08-12,19,501.0,91.8
2025-08-12,20,311.0,90.6
2025-08-12,21,125.0,84.6
2025-08-12,22,9.0,79.5
2025-08-12,23,0.0,77.5
2025-08-12,24,0.0,75.6
2025-08-13,1,0.0,74.4
2025-08-13,2,0.0,72.4
2025-08-13,3,0.0,70.2
2025-08-13,4,0.0,68.2
2025-08-13,5,0.0,67.4
2025-08-13,6,0.0,67.1
2025-08-13,7,0.0,66.2
2025-08-13,8,4.0,64.4
2025-08-13,9,99.0,68.6
2025-08-13,10,269.0,73.5
2025-08-13,11,462.0,78.5
2025-08-13,12,643.0,83.8
2025-08-13,13,786.0,88.0
2025-08-13,14,827.0,91.4
2025-08-13,15,911.0,94.6
2025-08-13,16,858.0,96.7
2025-08-13,17,632.0,90.9
2025-08-13,18,434.0,92.7
2025-08-13,19,416.0,92.8
2025-08-13,20,188.0,89.4
2025-08-13,21,117.0,86.5
2025-08-13,22,7.0,82.5
2025-08-13,23,0.0,78.7
2025-08-13,24,0.0,76.7
2025-08-14,1,0.0,76.8
2025-08-14,2,0.0,75.7
2025-08-14,3,0.0,74.2
2025-08-14,4,0.0,72.1
2025-08-14,5,0.0,69.4
2025-08-14,6,0.0,69.0
2025-08-14,7,0.0,69.4
2025-08-14,8,4.0,65.3
2025-08-14,9,94.0,68.9
2025-08-14,10,269.0,73.6
2025-08-14,11,465.0,78.4
2025-08-14,12,624.0,83.0
2025-08-14,13,648.0,85.5
2025-08-14,14,768.0,87.4
2025-08-14,15,825.0,88.5
2025-08-14,16,831.0,91.4
2025-08-14,17,573.0,88.1
2025-08-14,18,586.0,89.5
2025-08-14,19,445.0,90.5
2025-08-14,20,268.0,89.7
2025-08-14,21,80.0,80.8
2025-08-14,22,4.0,78.8
2025-08-14,23,0.0,74.8
2025-08-14,24,0.0,73.0
2025-08-15,1,0.0,72.7
2025-08-15,2,0.0,71.2
2025-08-15,3,0.0,70.3
2025-08-15,4,0.0,67.2
2025-08-15,5,0.0,66.4
2025-08-15,6,0.0,66.2
2025-08-15,7,0.0,65.4
2025-08-15,8,4.0,64.5
2025-08-15,9,102.0,67.4
2025-08-15,10,273.0,70.8
2025-08-15,11,462.0,75.6
2025-08-15,12,635.0,80.4
2025-08-15,13,780.0,85.3
2025-08-15,14,865.0,88.2
2025-08-15,15,769.0,90.5
2025-08-15,16,842.0,91.9
2025-08-15,17,737.0,92.4
2025-08-15,18,632.0,92.0
2025-08-15,19,412.0,88.2
2025-08-15,20,179.0,81.0
2025-08-15,21,83.0,78.1
2025-08-15,22,5.0,74.3
2025-08-15,23,0.0,71.7
2025-08-15,24,0.0,70.4
2025-08-16,1,0.0,70.1
2025-08-16,2,0.0,69.4
2025-08-16,3,0.0,68.0
2025-08-16,4,0.0,67.8
2025-08-16,5,0.0,66.8
2025-08-16,6,0.0,65.5
2025-08-16,7,0.0,63.6
2025-08-16,8,3.0,63.4
2025-08-16,9,92.0,65.5
2025-08-16,10,258.0,68.9
2025-08-16,11,458.0,74.8
2025-08-16,12,665.0,79.8
2025-08-16,13,788.0,84.7
2025-08-16,14,867.0,86.0
2025-08-16,15,886.0,87.7
2025-08-16,16,835.0,88.4
2025-08-16,17,741.0,89.3
2025-08-16,18,617.0,88.4
2025-08-16,19,484.0,87.9
2025-08-16,20,297.0,87.1
2025-08-16,21,93.0,80.8
2025-08-16,22,5.0,77.5
2025-08-16,23,0.0,75.8
2025-08-16,24,0.0,73.0
2025-08-17,1,0.0,71.6
2025-08-17,2,0.0,69.6
2025-08-17,3,0.0,68.0
2025-08-17,4,0.0,66.8
2025-08-17,5,0.0,65.8
2025-08-17,6,0.0,64.1
2025-08-17,7,0.0,62.4
2025-08-17,8,3.0,63.0
2025-08-17,9,96.0,65.1
2025-08-17,10,271.0,69.3
2025-08-17,11,453.0,74.3
2025-08-17,12,638.0,79.2
2025-08-17,13,783.0,84.1
2025-08-17,14,855.0,84.6
2025-08-17,15,877.0,87.9
2025-08-17,16,828.0,87.4
2025-08-17,17,755.0,88.0
2025-08-17,18,662.0,88.0
2025-08-17,19,490.0,86.5
2025-08-17,20,297.0,86.3
2025-08-17,21,105.0,81.2
2025-08-17,22,5.0,77.7
2025-08-17,23,0.0,73.9
2025-08-17,24,0.0,71.3
2025-08-18,1,0.0,69.9
2025-08-18,2,0.0,68.5
2025-08-18,3,0.0,67.3
2025-08-18,4,0.0,66.6
2025-08-18,5,0.0,65.8
2025-08-18,6,0.0,64.1
2025-08-18,7,0.0,63.1
2025-08-18,8,2.0,60.8
2025-08-18,9,94.0,63.8
2025-08-18,10,279.0,68.0
2025-08-18,11,474.0,73.0
2025-08-18,12,649.0,78.6
2025-08-18,13,789.0,83.9
2025-08-18,14,886.0,88.6
2025-08-18,15,923.0,90.1
2025-08-18,16,895.0,90.5
2025-08-18,17,805.0,90.5
2025-08-18,18,670.0,90.2
2025-08-18,19,496.0,89.4
2025-08-18,20,298.0,88.0
2025-08-18,21,108.0,82.6
2025-08-18,22,4.0,79.3
2025-08-18,23,0.0,76.4
2025-08-18,24,0.0,74.3
2025-08-19,1,0.0,72.7
2025-08-19,2,0.0,69.4
2025-08-19,3,0.0,67.6
2025-08-19,4,0.0,67.1
2025-08-19,5,0.0,65.6
2025-08-19,6,0.0,64.2
2025-08-19,7,0.0,63.5
2025-08-19,8,2.0,62.8
2025-08-19,9,95.0,65.2
2025-08-19,10,282.0,69.6
2025-08-19,11,479.0,74.8
2025-08-19,12,656.0,80.6
2025-08-19,13,796.0,86.1
2025-08-19,14,887.0,90.7
2025-08-19,15,921.0,94.0
2025-08-19,16,894.0,95.6
2025-08-19,17,809.0,96.3
2025-08-19,18,670.0,95.8
2025-08-19,19,457.0,95.0
2025-08-19,20,291.0,92.7
2025-08-19,21,104.0,87.1
2025-08-19,22,3.0,83.1
2025-08-19,23,0.0,80.5
2025-08-19,24,0.0,79.2
2025-08-20,1,0.0,76.2
2025-08-20,2,0.0,73.1
2025-08-20,3,0.0,71.3
2025-08-20,4,0.0,71.2
2025-08-20,5,0.0,69.8
2025-08-20,6,0.0,68.3
2025-08-20,7,0.0,68.1
2025-08-20,8,2.0,67.1
2025-08-20,9,89.0,68.9
2025-08-20,10,271.0,74.5
2025-08-20,11,464.0,80.1
2025-08-20,12,639.0,84.9
2025-08-20,13,770.0,89.7
2025-08-20,14,857.0,92.6
2025-08-20,15,883.0,94.5
2025-08-20,16,780.0,95.7
2025-08-20,17,749.0,96.6
2025-08-20,18,605.0,96.3
2025-08-20,19,444.0,95.5
2025-08-20,20,259.0,92.8
2025-08-20,21,88.0,87.1
2025-08-20,22,3.0,82.5
2025-08-20,23,0.0,78.9
2025-08-20,24,0.0,76.4
2025-08-21,1,0.0,74.8
2025-08-21,2,0.0,73.2
2025-08-21,3,0.0,72.3
2025-08-21,4,0.0,71.3
2025-08-21,5,0.0,70.3
2025-08-21,6,0.0,69.0
2025-08-21,7,0.0,67.6
2025-08-21,8,1.0,68.5
2025-08-21,9,85.0,71.6
2025-08-21,10,262.0,76.3
2025-08-21,11,366.0,79.3
2025-08-21,12,550.0,82.0
2025-08-21,13,590.0,83.8
2025-08-21,14,704.0,87.1
2025-08-21,15,836.0,90.5
2025-08-21,16,794.0,92.3
2025-08-21,17,730.0,93.0
2025-08-21,18,587.0,93.1
2025-08-21,19,452.0,92.4
2025-08-21,20,253.0,89.2
2025-08-21,21,83.0,83.7
2025-08-21,22,2.0,79.6
2025-08-21,23,0.0,77.5
2025-08-21,24,0.0,75.8
2025-08-22,1,0.0,75.0
2025-08-22,2,0.0,74.2
2025-08-22,3,0.0,73.4
2025-08-22,4,0.0,71.9
2025-08-22,5,0.0,70.4
2025-08-22,6,0.0,69.1
2025-08-22,7,0.0,68.0
2025-08-22,8,1.0,66.8
2025-08-22,9,81.0,69.3
2025-08-22,10,259.0,73.8
2025-08-22,11,439.0,78.8
2025-08-22,12,587.0,83.4
2025-08-22,13,718.0,86.6
2025-08-22,14,802.0,90.2
2025-08-22,15,846.0,92.9
2025-08-22,16,815.0,94.3
2025-08-22,17,688.0,93.3
2025-08-22,18,564.0,91.7
2025-08-22,19,384.0,90.1
2025-08-22,20,235.0,90.2
2025-08-22,21,80.0,84.3
2025-08-22,22,2.0,80.4
2025-08-22,23,0.0,78.4
2025-08-22,24,0.0,76.4
2025-08-23,1,0.0,74.5
2025-08-23,2,0.0,73.0
2025-08-23,3,0.0,71.0
2025-08-23,4,0.0,69.4
2025-08-23,5,0.0,70.1
2025-08-23,6,0.0,68.6
2025-08-23,7,0.0,67.6
2025-08-23,8,1.0,64.9
2025-08-23,9,81.0,66.4
2025-08-23,10,255.0,70.3
2025-08-23,11,435.0,75.5
2025-08-23,12,603.0,80.2
2025-08-23,13,744.0,84.7
2025-08-23,14,816.0,89.1
2025-08-23,15,780.0,91.8
2025-08-23,16,800.0,93.7
2025-08-23,17,735.0,94.4
2025-08-23,18,597.0,91.7
2025-08-23,19,393.0,91.0
2025-08-23,20,236.0,89.2
2025-08-23,21,72.0,83.0
2025-08-23,22,1.0,80.4
2025-08-23,23,0.0,79.8
2025-08-23,24,0.0,77.2
2025-08-24,1,0.0,74.8
2025-08-24,2,0.0,74.2
2025-08-24,3,0.0,72.1
2025-08-24,4,0.0,70.3
2025-08-24,5,0.0,69.6
2025-08-24,6,0.0,69.0
2025-08-24,7,0.0,67.6
2025-08-24,8,1.0,65.9
2025-08-24,9,56.0,69.4
2025-08-24,10,192.0,73.8
2025-08-24,11,349.0,77.4
2025-08-24,12,491.0,81.6
2025-08-24,13,650.0,83.8
2025-08-24,14,695.0,82.7
2025-08-24,15,687.0,81.1
2025-08-24,16,567.0,83.7
2025-08-24,17,622.0,82.0
2025-08-24,18,484.0,81.8
2025-08-24,19,357.0,80.4
2025-08-24,20,216.0,80.3
2025-08-24,21,71.0,75.9
2025-08-24,22,1.0,73.1
2025-08-24,23,0.0,72.1
2025-08-24,24,0.0,71.0
2025-08-25,1,0.0,70.3
2025-08-25,2,0.0,69.5
2025-08-25,3,0.0,67.7
2025-08-25,4,0.0,66.8
2025-08-25,5,0.0,66.4
2025-08-25,6,0.0,65.8
2025-08-25,7,0.0,64.7
2025-08-25,8,0.0,64.1
2025-08-25,9,52.0,65.5
2025-08-25,10,157.0,66.7
2025-08-25,11,346.0,69.5
2025-08-25,12,482.0,73.0
2025-08-25,13,696.0,76.4
2025-08-25,14,778.0,78.0
2025-08-25,15,759.0,80.0
2025-08-25,16,763.0,79.1
2025-08-25,17,661.0,80.6
2025-08-25,18,501.0,80.8
2025-08-25,19,280.0,79.1
2025-08-25,20,213.0,75.7
2025-08-25,21,59.0,72.7
2025-08-25,22,1.0,70.3
2025-08-25,23,0.0,69.5
2025-08-25,24,0.0,68.6
2025-08-26,1,0.0,67.6
2025-08-26,2,0.0,66.2
2025-08-26,3,0.0,65.2
2025-08-26,4,0.0,64.6
2025-08-26,5,0.0,63.6
2025-08-26,6,0.0,63.1
2025-08-26,7,0.0,62.2
2025-08-26,8,0.0,63.6
2025-08-26,9,56.0,64.6
2025-08-26,10,104.0,64.0
2025-08-26,11,151.0,66.5
2025-08-26,12,456.0,65.5
2025-08-26,13,120.0,64.1
2025-08-26,14,587.0,68.7
2025-08-26,15,741.0,73.0
2025-08-26,16,703.0,76.0
2025-08-26,17,661.0,75.8
2025-08-26,18,325.0,71.4
2025-08-26,19,162.0,68.3
2025-08-26,20,138.0,68.7
2025-08-26,21,43.0,66.8
2025-08-26,22,0.0,65.8
2025-08-26,23,0.0,65.5
2025-08-26,24,0.0,64.6
2025-08-27,1,0.0,62.9
2025-08-27,2,0.0,62.6
2025-08-27,3,0.0,61.9
2025-08-27,4,0.0,61.8
2025-08-27,5,0.0,61.0
2025-08-27,6,0.0,61.3
2025-08-27,7,0.0,61.2
2025-08-27,8,0.0,60.0
2025-08-27,9,16.0,60.8
2025-08-27,10,153.0,62.1
2025-08-27,11,253.0,64.2
2025-08-27,12,361.0,65.8
2025-08-27,13,275.0,66.1
2025-08-27,14,574.0,68.8
2025-08-27,15,652.0,71.7
2025-08-27,16,588.0,73.0
2025-08-27,17,679.0,73.8
2025-08-27,18,579.0,73.9
2025-08-27,19,334.0,67.8
2025-08-27,20,143.0,67.6
2025-08-27,21,52.0,63.5
2025-08-27,22,0.0,60.4
2025-08-27,23,0.0,60.4
2025-08-27,24,0.0,59.4
2025-08-28,1,0.0,58.9
2025-08-28,2,0.0,58.0
2025-08-28,3,0.0,57.6
2025-08-28,4,0.0,57.6
2025-08-28,5,0.0,57.8
2025-08-28,6,0.0,56.8
2025-08-28,7,0.0,56.1
2025-08-28,8,0.0,57.5
2025-08-28,9,36.0,57.9
2025-08-28,10,58.0,58.6
2025-08-28,11,161.0,60.0
2025-08-28,12,291.0,62.5
2025-08-28,13,691.0,67.1
2025-08-28,14,760.0,69.9
2025-08-28,15,801.0,71.7
2025-08-28,16,739.0,73.2
2025-08-28,17,636.0,74.3
2025-08-28,18,472.0,73.9
2025-08-28,19,286.0,69.4
2025-08-28,20,227.0,71.1
2025-08-28,21,63.0,67.7
2025-08-28,22,0.0,65.3
2025-08-28,23,0.0,64.0
2025-08-28,24,0.0,63.4
2025-08-29,1,0.0,62.5
2025-08-29,2,0.0,61.6
2025-08-29,3,0.0,60.9
2025-08-29,4,0.0,60.2
2025-08-29,5,0.0,59.4
2025-08-29,6,0.0,58.5
2025-08-29,7,0.0,57.6
2025-08-29,8,0.0,56.2
2025-08-29,9,67.0,59.0
2025-08-29,10,242.0,62.2
2025-08-29,11,434.0,66.2
2025-08-29,12,608.0,70.3
2025-08-29,13,748.0,73.7
2025-08-29,14,822.0,76.4
2025-08-29,15,829.0,77.8
2025-08-29,16,797.0,78.5
2025-08-29,17,676.0,78.7
2025-08-29,18,531.0,78.3
2025-08-29,19,396.0,77.9
2025-08-29,20,200.0,74.6
2025-08-29,21,53.0,70.8
2025-08-29,22,0.0,67.6
2025-08-29,23,0.0,65.5
2025-08-29,24,0.0,63.4
2025-08-30,1,0.0,62.4
2025-08-30,2,0.0,61.8
2025-08-30,3,0.0,61.3
2025-08-30,4,0.0,60.7
2025-08-30,5,0.0,59.8
2025-08-30,6,0.0,59.0
2025-08-30,7,0.0,58.7
2025-08-30,8,0.0,57.7
2025-08-30,9,64.0,59.7
2025-08-30,10,239.0,63.2
2025-08-30,11,432.0,66.7
2025-08-30,12,606.0,70.6
2025-08-30,13,747.0,73.9
2025-08-30,14,834.0,76.6
2025-08-30,15,842.0,78.6
2025-08-30,16,784.0,79.8
2025-08-30,17,727.0,80.3
2025-08-30,18,590.0,80.2
2025-08-30,19,421.0,79.3
2025-08-30,20,235.0,75.3
2025-08-30,21,60.0,70.3
2025-08-30,22,0.0,67.1
2025-08-30,23,0.0,65.0
2025-08-30,24,0.0,64.0
2025-08-31,1,0.0,63.5
2025-08-31,2,0.0,62.4
2025-08-31,3,0.0,60.9
2025-08-31,4,0.0,59.8
2025-08-31,5,0.0,58.5
2025-08-31,6,0.0,57.4
2025-08-31,7,0.0,56.8
2025-08-31,8,0.0,55.9
2025-08-31,9,66.0,57.7
2025-08-31,10,246.0,61.4
2025-08-31,11,443.0,66.0
2025-08-31,12,619.0,71.1
2025-08-31,13,756.0,75.0
2025-08-31,14,842.0,78.2
2025-08-31,15,869.0,80.8
2025-08-31,16,839.0,82.6
2025-08-31,17,749.0,83.4
2025-08-31,18,608.0,83.3
2025-08-31,19,428.0,82.0
2025-08-31,20,232.0,78.8
2025-08-31,21,57.0,73.0
2025-08-31,22,0.0,69.3
2025-08-31,23,0.0,67.9
2025-08-31,24,0.0,67.3
2025-09-01,1,0.0,66.2
2025-09-01,2,0.0,65.3
2025-09-01,3,0.0,64.4
2025-09-01,4,0.0,63.1
2025-09-01,5,0.0,62.1
2025-09-01,6,0.0,61.3
2025-09-01,7,0.0,60.4
2025-09-01,8,0.0,59.4
2025-09-01,9,61.0,61.2
2025-09-01,10,236.0,64.3
2025-09-01,11,430.0,68.5
2025-09-01,12,605.0,73.3
2025-09-01,13,741.0,77.4
2025-09-01,14,827.0,81.0
2025-09-01,15,859.0,83.5
2025-09-01,16,815.0,85.0
2025-09-01,17,720.0,85.6
2025-09-01,18,570.0,85.4
2025-09-01,19,414.0,84.5
2025-09-01,20,221.0,79.1
2025-09-01,21,52.0,73.9
2025-09-01,22,0.0,70.5
2025-09-01,23,0.0,69.0
2025-09-01,24,0.0,69.5
2025-09-02,1,0.0,67.3
2025-09-02,2,0.0,65.1
2025-09-02,3,0.0,64.0
2025-09-02,4,0.0,63.6
2025-09-02,5,0.0,64.9
2025-09-02,6,0.0,63.1
2025-09-02,7,0.0,61.4
2025-09-02,8,0.0,60.8
2025-09-02,9,59.0,62.5
2025-09-02,10,231.0,66.4
2025-09-02,11,424.0,71.1
2025-09-02,12,598.0,75.6
2025-09-02,13,735.0,79.8
2025-09-02,14,823.0,83.5
2025-09-02,15,854.0,86.3
2025-09-02,16,814.0,88.2
2025-09-02,17,721.0,88.8
2025-09-02,18,591.0,88.6
2025-09-02,19,413.0,87.3
2025-09-02,20,218.0,82.6
2025-09-02,21,49.0,76.8
2025-09-02,22,0.0,73.7
2025-09-02,23,0.0,70.7
2025-09-02,24,0.0,69.1
2025-09-03,1,0.0,68.5
2025-09-03,2,0.0,67.9
2025-09-03,3,0.0,67.0
2025-09-03,4,0.0,65.2
2025-09-03,5,0.0,63.6
2025-09-03,6,0.0,62.7
2025-09-03,7,0.0,62.1
2025-09-03,8,0.0,61.8
2025-09-03,9,56.0,62.9
2025-09-03,10,228.0,66.7
2025-09-03,11,425.0,71.0
2025-09-03,12,600.0,76.2
2025-09-03,13,737.0,80.7
2025-09-03,14,823.0,84.1
2025-09-03,15,831.0,86.6
2025-09-03,16,785.0,88.3
2025-09-03,17,639.0,89.1
2025-09-03,18,480.0,88.7
2025-09-03,19,342.0,87.4
2025-09-03,20,182.0,82.2
2025-09-03,21,44.0,77.1
2025-09-03,22,0.0,74.5
2025-09-03,23,0.0,72.4
2025-09-03,24,0.0,71.7
2025-09-04,1,0.0,70.4
2025-09-04,2,0.0,67.8
2025-09-04,3,0.0,65.8
2025-09-04,4,0.0,64.5
2025-09-04,5,0.0,64.2
2025-09-04,6,0.0,62.8
2025-09-04,7,0.0,61.3
2025-09-04,8,0.0,59.0
2025-09-04,9,52.0,61.4
2025-09-04,10,222.0,66.5
2025-09-04,11,407.0,70.9
2025-09-04,12,564.0,74.5
2025-09-04,13,708.0,77.7
2025-09-04,14,801.0,80.9
2025-09-04,15,821.0,82.9
2025-09-04,16,776.0,84.2
2025-09-04,17,660.0,84.0
2025-09-04,18,493.0,84.0
2025-09-04,19,369.0,83.7
2025-09-04,20,188.0,78.8
2025-09-04,21,40.0,73.7
2025-09-04,22,0.0,71.7
2025-09-04,23,0.0,70.1
2025-09-04,24,0.0,68.7
2025-09-05,1,0.0,67.1
2025-09-05,2,0.0,65.7
2025-09-05,3,0.0,64.2
2025-09-05,4,0.0,62.7
2025-09-05,5,0.0,61.8
2025-09-05,6,0.0,61.3
2025-09-05,7,0.0,60.5
2025-09-05,8,0.0,60.5
2025-09-05,9,50.0,62.7
2025-09-05,10,215.0,64.9
2025-09-05,11,406.0,68.5
2025-09-05,12,577.0,73.0
2025-09-05,13,710.0,77.5
2025-09-05,14,796.0,80.7
2025-09-05,15,756.0,77.5
2025-09-05,16,694.0,81.2
2025-09-05,17,490.0,78.3
2025-09-05,18,467.0,78.6
2025-09-05,19,373.0,78.2
2025-09-05,20,191.0,76.5
2025-09-05,21,38.0,71.8
2025-09-05,22,0.0,69.7
2025-09-05,23,0.0,68.2
2025-09-05,24,0.0,67.3
2025-09-06,1,0.0,65.9
2025-09-06,2,0.0,65.2
2025-09-06,3,0.0,63.1
2025-09-06,4,0.0,62.1
2025-09-06,5,0.0,60.5
2025-09-06,6,0.0,59.5
2025-09-06,7,0.0,59.5
2025-09-06,8,0.0,58.2
2025-09-06,9,48.0,60.1
2025-09-06,10,210.0,64.0
2025-09-06,11,396.0,68.4
2025-09-06,12,552.0,72.6
2025-09-06,13,677.0,76.5
2025-09-06,14,644.0,76.7
2025-09-06,15,501.0,73.9
2025-09-06,16,441.0,75.6
2025-09-06,17,522.0,76.2
2025-09-06,18,321.0,72.8
2025-09-06,19,260.0,72.1
2025-09-06,20,125.0,67.2
2025-09-06,21,30.0,64.4
2025-09-06,22,0.0,62.8
2025-09-06,23,0.0,62.0
2025-09-06,24,0.0,61.2
2025-09-07,1,0.0,60.6
2025-09-07,2,0.0,60.1
2025-09-07,3,0.0,59.5
2025-09-07,4,0.0,59.0
2025-09-07,5,0.0,58.3
2025-09-07,6,0.0,57.7
2025-09-07,7,0.0,56.8
2025-09-07,8,0.0,56.1
2025-09-07,9,44.0,58.1
2025-09-07,10,192.0,62.3
2025-09-07,11,379.0,65.8
2025-09-07,12,524.0,70.9
2025-09-07,13,647.0,74.2
2025-09-07,14,721.0,76.6
2025-09-07,15,796.0,80.5
2025-09-07,16,778.0,82.1
2025-09-07,17,684.0,82.5
2025-09-07,18,521.0,81.8
2025-09-07,19,361.0,80.5
2025-09-07,20,169.0,74.9
2025-09-07,21,29.0,66.8
2025-09-07,22,0.0,62.9
2025-09-07,23,0.0,61.9
2025-09-07,24,0.0,61.2
2025-09-08,1,0.0,62.6
2025-09-08,2,0.0,61.6
2025-09-08,3,0.0,60.6
2025-09-08,4,0.0,60.6
2025-09-08,5,0.0,60.4
2025-09-08,6,0.0,59.4
2025-09-08,7,0.0,58.2
2025-09-08,8,0.0,56.2
2025-09-08,9,41.0,57.2
2025-09-08,10,197.0,61.1
2025-09-08,11,396.0,65.8
2025-09-08,12,577.0,70.6
2025-09-08,13,712.0,74.7
2025-09-08,14,800.0,78.4
2025-09-08,15,826.0,81.2
2025-09-08,16,771.0,82.5
2025-09-08,17,665.0,82.7
2025-09-08,18,520.0,82.3
2025-09-08,19,376.0,81.1
2025-09-08,20,179.0,77.2
2025-09-08,21,31.0,72.2
2025-09-08,22,0.0,68.8
2025-09-08,23,0.0,64.6
2025-09-08,24,0.0,63.8
2025-09-09,1,0.0,64.2
2025-09-09,2,0.0,63.5
2025-09-09,3,0.0,62.2
2025-09-09,4,0.0,60.5
2025-09-09,5,0.0,58.2
2025-09-09,6,0.0,58.7
2025-09-09,7,0.0,59.9
2025-09-09,8,0.0,58.6
2025-09-09,9,39.0,59.4
2025-09-09,10,192.0,62.0
2025-09-09,11,376.0,66.7
2025-09-09,12,550.0,71.0
2025-09-09,13,689.0,75.5
2025-09-09,14,761.0,78.4
2025-09-09,15,721.0,82.7
2025-09-09,16,715.0,82.5
2025-09-09,17,681.0,83.5
2025-09-09,18,522.0,83.0
2025-09-09,19,338.0,81.9
2025-09-09,20,169.0,76.3
2025-09-09,21,28.0,72.2
2025-09-09,22,0.0,69.4
2025-09-09,23,0.0,67.3
2025-09-09,24,0.0,65.4
2025-09-10,1,0.0,65.4
2025-09-10,2,0.0,63.9
2025-09-10,3,0.0,62.1
2025-09-10,4,0.0,61.3
2025-09-10,5,0.0,60.2
2025-09-10,6,0.0,60.1
2025-09-10,7,0.0,59.1
2025-09-10,8,0.0,56.9
2025-09-10,9,39.0,58.7
2025-09-10,10,191.0,62.5
2025-09-10,11,394.0,67.3
2025-09-10,12,576.0,72.4
2025-09-10,13,711.0,77.7
2025-09-10,14,783.0,82.2
2025-09-10,15,797.0,82.9
2025-09-10,16,703.0,83.0
2025-09-10,17,608.0,82.9
2025-09-10,18,499.0,84.5
2025-09-10,19,288.0,81.7
2025-09-10,20,78.0,78.0
2025-09-10,21,19.0,73.0
2025-09-10,22,0.0,71.1
2025-09-10,23,0.0,68.2
2025-09-10,24,0.0,65.6
2025-09-11,1,0.0,62.5
2025-09-11,2,0.0,63.1
2025-09-11,3,0.0,61.8
2025-09-11,4,0.0,60.2
2025-09-11,5,0.0,57.7
2025-09-11,6,0.0,56.5
2025-09-11,7,0.0,55.7
2025-09-11,8,0.0,56.0
2025-09-11,9,39.0,59.2
2025-09-11,10,207.0,62.2
2025-09-11,11,401.0,67.6
2025-09-11,12,569.0,73.0
2025-09-11,13,704.0,76.3
2025-09-11,14,794.0,77.2
2025-09-11,15,818.0,78.2
2025-09-11,16,784.0,78.3
2025-09-11,17,694.0,78.0
2025-09-11,18,546.0,77.1
2025-09-11,19,361.0,75.7
2025-09-11,20,166.0,72.9
2025-09-11,21,22.0,68.5
2025-09-11,22,0.0,65.6
2025-09-11,23,0.0,63.0
2025-09-11,24,0.0,60.9
2025-09-12,1,0.0,58.6
2025-09-12,2,0.0,56.6
2025-09-12,3,0.0,55.4
2025-09-12,4,0.0,55.3
2025-09-12,5,0.0,54.6
2025-09-12,6,0.0,53.9
2025-09-12,7,0.0,53.6
2025-09-12,8,0.0,53.2
2025-09-12,9,39.0,54.2
2025-09-12,10,204.0,58.8
2025-09-12,11,377.0,64.5
2025-09-12,12,541.0,68.3
2025-09-12,13,653.0,71.2
2025-09-12,14,735.0,74.4
2025-09-12,15,749.0,73.5
2025-09-12,16,750.0,76.6
2025-09-12,17,622.0,77.1
2025-09-12,18,462.0,77.2
2025-09-12,19,295.0,75.7
2025-09-12,20,125.0,70.2
2025-09-12,21,15.0,64.9
2025-09-12,22,0.0,62.6
2025-09-12,23,0.0,60.6
2025-09-12,24,0.0,59.4
2025-09-13,1,0.0,58.7
2025-09-13,2,0.0,57.7
2025-09-13,3,0.0,56.8
2025-09-13,4,0.0,55.5
2025-09-13,5,0.0,54.6
2025-09-13,6,0.0,54.0
2025-09-13,7,0.0,53.3
2025-09-13,8,0.0,51.4
2025-09-13,9,30.0,52.8
2025-09-13,10,179.0,57.6
2025-09-13,11,384.0,62.6
2025-09-13,12,556.0,67.4
2025-09-13,13,691.0,71.2
2025-09-13,14,765.0,72.7
2025-09-13,15,758.0,73.4
2025-09-13,16,594.0,69.2
2025-09-13,17,488.0,70.3
2025-09-13,18,481.0,71.9
2025-09-13,19,340.0,71.2
2025-09-13,20,114.0,68.9
2025-09-13,21,17.0,64.0
2025-09-13,22,0.0,61.8
2025-09-13,23,0.0,60.0
2025-09-13,24,0.0,57.7
2025-09-14,1,0.0,56.7
2025-09-14,2,0.0,56.5
2025-09-14,3,0.0,55.6
2025-09-14,4,0.0,54.8
2025-09-14,5,0.0,54.3
2025-09-14,6,0.0,53.3
2025-09-14,7,0.0,52.3
2025-09-14,8,0.0,51.2
2025-09-14,9,35.0,52.8
2025-09-14,10,192.0,56.9
2025-09-14,11,380.0,61.4
2025-09-14,12,553.0,66.3
2025-09-14,13,683.0,70.4
2025-09-14,14,685.0,73.7
2025-09-14,15,669.0,75.9
2025-09-14,16,729.0,77.5
2025-09-14,17,666.0,78.4
2025-09-14,18,519.0,77.9
2025-09-14,19,346.0,76.6
2025-09-14,20,152.0,72.9
2025-09-14,21,16.0,68.5
2025-09-14,22,0.0,65.6
2025-09-14,23,0.0,63.2
2025-09-14,24,0.0,62.8
2025-09-15,1,0.0,57.4
2025-09-15,2,0.0,54.7
2025-09-15,3,0.0,55.2
2025-09-15,4,0.0,54.1
2025-09-15,5,0.0,54.1
2025-09-15,6,0.0,52.3
2025-09-15,7,0.0,52.3
2025-09-15,8,0.0,52.4
2025-09-15,9,33.0,53.1
2025-09-15,10,187.0,58.5
2025-09-15,11,360.0,62.5
2025-09-15,12,480.0,64.1
2025-09-15,13,605.0,65.2
2025-09-15,14,694.0,67.5
2025-09-15,15,720.0,69.3
2025-09-15,16,685.0,70.8
2025-09-15,17,644.0,72.6
2025-09-15,18,484.0,73.0
2025-09-15,19,274.0,73.0
2025-09-15,20,125.0,68.6
2025-09-15,21,14.0,62.7
2025-09-15,22,0.0,60.0
2025-09-15,23,0.0,57.5
2025-09-15,24,0.0,55.7
2025-09-16,1,0.0,54.9
2025-09-16,2,0.0,54.1
2025-09-16,3,0.0,53.7
2025-09-16,4,0.0,53.2
2025-09-16,5,0.0,52.0
2025-09-16,6,0.0,51.2
2025-09-16,7,0.0,50.6
2025-09-16,8,0.0,49.6
2025-09-16,9,32.0,50.5
2025-09-16,10,192.0,55.5
2025-09-16,11,386.0,60.4
2025-09-16,12,555.0,65.1
2025-09-16,13,683.0,69.0
2025-09-16,14,774.0,71.6
2025-09-16,15,796.0,73.3
2025-09-16,16,759.0,74.4
2025-09-16,17,664.0,74.8
2025-09-16,18,514.0,74.0
2025-09-16,19,333.0,72.9
2025-09-16,20,143.0,69.4
2025-09-16,21,13.0,63.4
2025-09-16,22,0.0,60.8
2025-09-16,23,0.0,58.7
2025-09-16,24,0.0,57.0
2025-09-17,1,0.0,55.9
2025-09-17,2,0.0,55.0
2025-09-17,3,0.0,54.4
2025-09-17,4,0.0,53.3
2025-09-17,5,0.0,52.6
2025-09-17,6,0.0,51.9
2025-09-17,7,0.0,51.3
2025-09-17,8,0.0,49.8
2025-09-17,9,30.0,50.9
2025-09-17,10,183.0,55.7
2025-09-17,11,371.0,59.9
2025-09-17,12,543.0,64.2
2025-09-17,13,677.0,68.0
2025-09-17,14,759.0,71.2
2025-09-17,15,788.0,73.3
2025-09-17,16,751.0,74.8
2025-09-17,17,651.0,75.9
2025-09-17,18,508.0,76.8
2025-09-17,19,348.0,77.5
2025-09-17,20,159.0,75.0
2025-09-17,21,14.0,68.8
2025-09-17,22,0.0,68.8
2025-09-17,23,0.0,68.6
2025-09-17,24,0.0,63.6
2025-09-18,1,0.0,61.0
2025-09-18,2,0.0,58.5
2025-09-18,3,0.0,53.2
2025-09-18,4,0.0,52.5
2025-09-18,5,0.0,49.5
2025-09-18,6,0.0,49.1
2025-09-18,7,0.0,49.6
2025-09-18,8,0.0,48.9
2025-09-18,9,33.0,52.6
2025-09-18,10,202.0,56.4
2025-09-18,11,401.0,63.0
2025-09-18,12,579.0,68.5
2025-09-18,13,716.0,71.7
2025-09-18,14,799.0,74.6
2025-09-18,15,822.0,78.2
2025-09-18,16,783.0,79.0
2025-09-18,17,687.0,78.7
2025-09-18,18,541.0,78.7
2025-09-18,19,359.0,78.1
2025-09-18,20,144.0,75.2
2025-09-18,21,11.0,72.5
2025-09-18,22,0.0,72.1
2025-09-18,23,0.0,71.1
2025-09-18,24,0.0,67.7
2025-09-19,1,0.0,64.0
2025-09-19,2,0.0,61.6
2025-09-19,3,0.0,57.6
2025-09-19,4,0.0,55.4
2025-09-19,5,0.0,54.4
2025-09-19,6,0.0,54.9
2025-09-19,7,0.0,55.3
2025-09-19,8,0.0,55.3
2025-09-19,9,22.0,57.0
2025-09-19,10,155.0,60.1
2025-09-19,11,312.0,65.2
2025-09-19,12,428.0,70.4
2025-09-19,13,494.0,72.6
2025-09-19,14,518.0,74.6
2025-09-19,15,597.0,77.5
2025-09-19,16,605.0,78.8
2025-09-19,17,554.0,78.8
2025-09-19,18,401.0,78.7
2025-09-19,19,242.0,78.5
2025-09-19,20,101.0,74.6
2025-09-19,21,6.0,71.4
2025-09-19,22,0.0,73.1
2025-09-19,23,0.0,73.9
2025-09-19,24,0.0,72.1
2025-09-20,1,0.0,70.5
2025-09-20,2,0.0,69.5
2025-09-20,3,0.0,64.3
2025-09-20,4,0.0,63.9
2025-09-20,5,0.0,63.7
2025-09-20,6,0.0,64.3
2025-09-20,7,0.0,64.2
2025-09-20,8,0.0,63.1
2025-09-20,9,26.0,63.7
2025-09-20,10,177.0,65.2
2025-09-20,11,341.0,68.7
2025-09-20,12,479.0,72.4
2025-09-20,13,543.0,74.1
2025-09-20,14,684.0,75.5
2025-09-20,15,682.0,79.8
2025-09-20,16,559.0,79.0
2025-09-20,17,400.0,74.4
2025-09-20,18,309.0,75.1
2025-09-20,19,184.0,74.3
2025-09-20,20,99.0,73.7
2025-09-20,21,7.0,67.4
2025-09-20,22,0.0,69.1
2025-09-20,23,0.0,68.7
2025-09-20,24,0.0,63.2
2025-09-21,1,0.0,62.9
2025-09-21,2,0.0,62.4
2025-09-21,3,0.0,60.5
2025-09-21,4,0.0,62.5
2025-09-21,5,0.0,61.6
2025-09-21,6,0.0,61.6
2025-09-21,7,0.0,60.3
2025-09-21,8,0.0,58.9
2025-09-21,9,21.0,58.0
2025-09-21,10,164.0,60.6
2025-09-21,11,345.0,62.3
2025-09-21,12,506.0,66.2
2025-09-21,13,627.0,68.8
2025-09-21,14,686.0,71.3
2025-09-21,15,712.0,75.0
2025-09-21,16,677.0,75.6
2025-09-21,17,573.0,74.9
2025-09-21,18,335.0,72.6
2025-09-21,19,241.0,72.4
2025-09-21,20,89.0,70.0
2025-09-21,21,5.0,62.2
2025-09-21,22,0.0,62.1
2025-09-21,23,0.0,61.4
2025-09-21,24,0.0,60.5
2025-09-22,1,0.0,61.5
2025-09-22,2,0.0,61.3
2025-09-22,3,0.0,57.6
2025-09-22,4,0.0,56.4
2025-09-22,5,0.0,51.8
2025-09-22,6,0.0,52.5
2025-09-22,7,0.0,52.6
2025-09-22,8,0.0,55.6
2025-09-22,9,18.0,57.0
2025-09-22,10,135.0,60.6
2025-09-22,11,323.0,62.7
2025-09-22,12,501.0,59.3
2025-09-22,13,558.0,62.8
2025-09-22,14,706.0,64.0
2025-09-22,15,717.0,65.3
2025-09-22,16,682.0,67.9
2025-09-22,17,624.0,68.7
2025-09-22,18,465.0,69.4
2025-09-22,19,298.0,68.9
2025-09-22,20,111.0,67.7
2025-09-22,21,6.0,62.3
2025-09-22,22,0.0,57.5
2025-09-22,23,0.0,58.1
2025-09-22,24,0.0,51.7
2025-09-23,1,0.0,50.5
2025-09-23,2,0.0,50.1
2025-09-23,3,0.0,46.7
2025-09-23,4,0.0,46.1
2025-09-23,5,0.0,42.4
2025-09-23,6,0.0,42.7
2025-09-23,7,0.0,43.8
2025-09-23,8,0.0,43.4
2025-09-23,9,24.0,47.0
2025-09-23,10,182.0,51.8
2025-09-23,11,378.0,55.3
2025-09-23,12,552.0,60.2
2025-09-23,13,688.0,63.0
2025-09-23,14,768.0,64.7
2025-09-23,15,741.0,67.8
2025-09-23,16,660.0,69.4
2025-09-23,17,628.0,72.3
2025-09-23,18,502.0,73.7
2025-09-23,19,320.0,73.9
2025-09-23,20,125.0,71.0
2025-09-23,21,5.0,64.1
2025-09-23,22,0.0,62.8
2025-09-23,23,0.0,64.7
2025-09-23,24,0.0,62.5
2025-09-24,1,0.0,59.7
2025-09-24,2,0.0,57.3
2025-09-24,3,0.0,54.2
2025-09-24,4,0.0,53.1
2025-09-24,5,0.0,48.5
2025-09-24,6,0.0,47.2
2025-09-24,7,0.0,46.9
2025-09-24,8,0.0,46.8
2025-09-24,9,23.0,49.9
2025-09-24,10,179.0,54.8
2025-09-24,11,375.0,61.1
2025-09-24,12,550.0,65.8
2025-09-24,13,685.0,68.1
2025-09-24,14,767.0,70.5
2025-09-24,15,787.0,74.1
2025-09-24,16,747.0,75.8
2025-09-24,17,648.0,76.9
2025-09-24,18,500.0,77.1
2025-09-24,19,316.0,77.1
2025-09-24,20,121.0,76.2
2025-09-24,21,4.0,69.6
2025-09-24,22,0.0,68.8
2025-09-24,23,0.0,68.8
2025-09-24,24,0.0,62.8
2025-09-25,1,0.0,62.2
2025-09-25,2,0.0,59.7
2025-09-25,3,0.0,55.5
2025-09-25,4,0.0,54.7
2025-09-25,5,0.0,49.9
2025-09-25,6,0.0,49.9
2025-09-25,7,0.0,50.1
2025-09-25,8,0.0,50.3
2025-09-25,9,21.0,52.3
2025-09-25,10,178.0,58.0
2025-09-25,11,374.0,62.8
2025-09-25,12,550.0,68.8
2025-09-25,13,685.0,71.7
2025-09-25,14,766.0,74.6
2025-09-25,15,786.0,79.6
2025-09-25,16,744.0,81.0
2025-09-25,17,643.0,81.3
2025-09-25,18,493.0,82.0
2025-09-25,19,309.0,81.9
2025-09-25,20,115.0,79.7
2025-09-25,21,3.0,77.4
2025-09-25,22,0.0,74.1
2025-09-25,23,0.0,72.9
2025-09-25,24,0.0,70.8
2025-09-26,1,0.0,70.6
2025-09-26,2,0.0,69.4
2025-09-26,3,0.0,67.8
2025-09-26,4,0.0,68.4
2025-09-26,5,0.0,63.1
2025-09-26,6,0.0,64.5
2025-09-26,7,0.0,65.7
2025-09-26,8,0.0,66.0
2025-09-26,9,12.0,66.1
2025-09-26,10,103.0,64.9
2025-09-26,11,289.0,67.0
2025-09-26,12,450.0,71.5
2025-09-26,13,583.0,73.8
2025-09-26,14,730.0,75.7
2025-09-26,15,757.0,77.9
2025-09-26,16,662.0,78.4
2025-09-26,17,595.0,79.3
2025-09-26,18,420.0,79.4
2025-09-26,19,267.0,79.4
2025-09-26,20,102.0,80.3
2025-09-26,21,2.0,74.2
2025-09-26,22,0.0,69.4
2025-09-26,23,0.0,66.2
2025-09-26,24,0.0,61.9
2025-09-27,1,0.0,61.7
2025-09-27,2,0.0,61.3
2025-09-27,3,0.0,56.4
2025-09-27,4,0.0,54.4
2025-09-27,5,0.0,51.5
2025-09-27,6,0.0,51.3
2025-09-27,7,0.0,51.2
2025-09-27,8,0.0,51.1
2025-09-27,9,18.0,52.4
2025-09-27,10,167.0,56.6
2025-09-27,11,359.0,63.1
2025-09-27,12,532.0,69.3
2025-09-27,13,664.0,72.4
2025-09-27,14,745.0,74.1
2025-09-27,15,760.0,78.3
2025-09-27,16,716.0,79.5
2025-09-27,17,608.0,81.1
2025-09-27,18,472.0,82.3
2025-09-27,19,285.0,81.9
2025-09-27,20,96.0,76.2
2025-09-27,21,2.0,72.7
2025-09-27,22,0.0,73.2
2025-09-27,23,0.0,71.7
2025-09-27,24,0.0,69.6
2025-09-28,1,0.0,72.1
2025-09-28,2,0.0,70.6
2025-09-28,3,0.0,67.8
2025-09-28,4,0.0,67.0
2025-09-28,5,0.0,64.2
2025-09-28,6,0.0,63.4
2025-09-28,7,0.0,63.5
2025-09-28,8,0.0,62.8
2025-09-28,9,12.0,61.7
2025-09-28,10,94.0,63.6
2025-09-28,11,244.0,64.1
2025-09-28,12,345.0,67.4
2025-09-28,13,464.0,67.4
2025-09-28,14,651.0,67.0
2025-09-28,15,642.0,68.4
2025-09-28,16,587.0,70.7
2025-09-28,17,515.0,74.8
2025-09-28,18,371.0,74.5
2025-09-28,19,227.0,74.7
2025-09-28,20,83.0,72.3
2025-09-28,21,1.0,69.3
2025-09-28,22,0.0,71.5
2025-09-28,23,0.0,69.9
2025-09-28,24,0.0,66.6
2025-09-29,1,0.0,65.8
2025-09-29,2,0.0,65.5
2025-09-29,3,0.0,62.4
2025-09-29,4,0.0,61.9
2025-09-29,5,0.0,59.3
2025-09-29,6,0.0,59.8
2025-09-29,7,0.0,59.5
2025-09-29,8,0.0,59.5
2025-09-29,9,14.0,59.2
2025-09-29,10,144.0,60.6
2025-09-29,11,332.0,66.9
2025-09-29,12,475.0,69.7
2025-09-29,13,596.0,71.6
2025-09-29,14,597.0,73.3
2025-09-29,15,672.0,74.5
2025-09-29,16,622.0,75.5
2025-09-29,17,515.0,74.8
2025-09-29,18,410.0,75.0
2025-09-29,19,241.0,74.0
2025-09-29,20,86.0,71.2
2025-09-29,21,1.0,68.9
2025-09-29,22,0.0,70.0
2025-09-29,23,0.0,68.7
2025-09-29,24,0.0,64.0
2025-09-30,1,0.0,62.5
2025-09-30,2,0.0,62.4
2025-09-30,3,0.0,63.1
2025-09-30,4,0.0,64.5
2025-09-30,5,0.0,61.1
2025-09-30,6,0.0,60.0
2025-09-30,7,0.0,59.0
2025-09-30,8,0.0,58.4
2025-09-30,9,8.0,58.4
2025-09-30,10,106.0,58.4
2025-09-30,11,234.0,57.8
2025-09-30,12,335.0,58.3
2025-09-30,13,324.0,58.9
2025-09-30,14,153.0,58.7
2025-09-30,15,417.0,59.8
2025-09-30,16,524.0,58.0
2025-09-30,17,329.0,59.9
2025-09-30,18,206.0,59.8
2025-09-30,19,180.0,58.6
2025-09-30,20,54.0,59.0
2025-09-30,21,0.0,54.4
2025-09-30,22,0.0,54.3
2025-09-30,23,0.0,54.0
2025-09-30,24,0.0,53.5
2025-10-01,1,0.0,54.4
2025-10-01,2,0.0,54.0
2025-10-01,3,0.0,53.6
2025-10-01,4,0.0,52.5
2025-10-01,5,0.0,50.6
2025-10-01,6,0.0,49.9
2025-10-01,7,0.0,49.7
2025-10-01,8,0.0,49.4
2025-10-01,9,11.0,51.8
2025-10-01,10,110.0,54.7
2025-10-01,11,278.0,57.1
2025-10-01,12,433.0,62.8
2025-10-01,13,591.0,65.2
2025-10-01,14,694.0,67.0
2025-10-01,15,673.0,69.4
2025-10-01,16,631.0,71.0
2025-10-01,17,538.0,70.9
2025-10-01,18,406.0,70.9
2025-10-01,19,219.0,69.9
2025-10-01,20,74.0,67.7
2025-10-01,21,0.0,66.1
2025-10-01,22,0.0,64.4
2025-10-01,23,0.0,65.1
2025-10-01,24,0.0,61.8
2025-10-02,1,0.0,59.1
2025-10-02,2,0.0,57.2
2025-10-02,3,0.0,53.5
2025-10-02,4,0.0,52.1
2025-10-02,5,0.0,49.9
2025-10-02,6,0.0,49.5
2025-10-02,7,0.0,49.8
2025-10-02,8,0.0,52.1
2025-10-02,9,12.0,56.2
2025-10-02,10,148.0,57.2
2025-10-02,11,335.0,61.5
2025-10-02,12,507.0,67.7
2025-10-02,13,614.0,69.7
2025-10-02,14,688.0,72.1
2025-10-02,15,728.0,75.6
2025-10-02,16,675.0,76.5
2025-10-02,17,568.0,76.3
2025-10-02,18,424.0,76.9
2025-10-02,19,252.0,76.0
2025-10-02,20,76.0,75.8
2025-10-02,21,0.0,70.7
2025-10-02,22,0.0,70.0
2025-10-02,23,0.0,67.4
2025-10-02,24,0.0,62.6
2025-10-03,1,0.0,59.9
2025-10-03,2,0.0,60.5
2025-10-03,3,0.0,62.0
2025-10-03,4,0.0,63.4
2025-10-03,5,0.0,60.7
2025-10-03,6,0.0,60.1
2025-10-03,7,0.0,60.8
2025-10-03,8,0.0,66.5
2025-10-03,9,9.0,62.2
2025-10-03,10,110.0,63.6
2025-10-03,11,266.0,63.4
2025-10-03,12,438.0,67.1
2025-10-03,13,529.0,69.0
2025-10-03,14,601.0,69.0
2025-10-03,15,659.0,72.0
2025-10-03,16,612.0,72.8
2025-10-03,17,506.0,72.9
2025-10-03,18,365.0,71.4
2025-10-03,19,177.0,69.7
2025-10-03,20,60.0,65.8
2025-10-03,21,0.0,62.7
2025-10-03,22,0.0,60.1
2025-10-03,23,0.0,59.9
2025-10-03,24,0.0,56.8
2025-10-04,1,0.0,56.6
2025-10-04,2,0.0,56.0
2025-10-04,3,0.0,52.3
2025-10-04,4,0.0,53.0
2025-10-04,5,0.0,51.8
2025-10-04,6,0.0,51.7
2025-10-04,7,0.0,51.1
2025-10-04,8,0.0,50.8
2025-10-04,9,3.0,49.4
2025-10-04,10,27.0,48.7
2025-10-04,11,45.0,48.1
2025-10-04,12,94.0,48.2
2025-10-04,13,232.0,49.2
2025-10-04,14,108.0,49.9
2025-10-04,15,68.0,50.8
2025-10-04,16,102.0,51.3
2025-10-04,17,105.0,47.8
2025-10-04,18,80.0,48.3
2025-10-04,19,48.0,48.8
2025-10-04,20,12.0,49.2
2025-10-04,21,0.0,48.8
2025-10-04,22,0.0,48.8
2025-10-04,23,0.0,49.0
2025-10-04,24,0.0,49.3
2025-10-05,1,0.0,49.0
2025-10-05,2,0.0,49.3
2025-10-05,3,0.0,47.9
2025-10-05,4,0.0,47.5
2025-10-05,5,0.0,47.1
2025-10-05,6,0.0,46.9
2025-10-05,7,0.0,47.2
2025-10-05,8,0.0,47.2
2025-10-05,9,4.0,46.7
2025-10-05,10,53.0,47.3
2025-10-05,11,126.0,48.2
2025-10-05,12,230.0,51.6
2025-10-05,13,309.0,52.0
2025-10-05,14,588.0,51.7
2025-10-05,15,564.0,52.6
2025-10-05,16,477.0,53.7
2025-10-05,17,485.0,53.8
2025-10-05,18,274.0,54.7
2025-10-05,19,192.0,55.3
2025-10-05,20,46.0,53.9
2025-10-05,21,0.0,48.9
2025-10-05,22,0.0,45.2
2025-10-05,23,0.0,44.2
2025-10-05,24,0.0,40.3
2025-10-06,1,0.0,39.7
2025-10-06,2,0.0,39.6
2025-10-06,3,0.0,36.3
2025-10-06,4,0.0,35.6
2025-10-06,5,0.0,34.1
2025-10-06,6,0.0,33.5
2025-10-06,7,0.0,34.7
2025-10-06,8,0.0,34.5
2025-10-06,9,8.0,36.6
2025-10-06,10,136.0,39.1
2025-10-06,11,322.0,42.6
2025-10-06,12,506.0,47.8
2025-10-06,13,642.0,50.8
2025-10-06,14,721.0,53.4
2025-10-06,15,712.0,57.4
2025-10-06,16,685.0,60.0
2025-10-06,17,588.0,60.8
2025-10-06,18,430.0,61.4
2025-10-06,19,248.0,61.1
2025-10-06,20,63.0,58.3
2025-10-06,21,0.0,51.7
2025-10-06,22,0.0,48.7
2025-10-06,23,0.0,46.5
2025-10-06,24,0.0,41.9
2025-10-07,1,0.0,40.3
2025-10-07,2,0.0,40.2
2025-10-07,3,0.0,38.0
2025-10-07,4,0.0,37.9
2025-10-07,5,0.0,36.4
2025-10-07,6,0.0,36.6
2025-10-07,7,0.0,35.9
2025-10-07,8,0.0,35.5
2025-10-07,9,8.0,37.2
2025-10-07,10,138.0,42.2
2025-10-07,11,331.0,48.1
2025-10-07,12,504.0,53.1
2025-10-07,13,635.0,55.4
2025-10-07,14,713.0,57.1
2025-10-07,15,730.0,61.2
2025-10-07,16,684.0,62.9
2025-10-07,17,579.0,64.0
2025-10-07,18,426.0,63.9
2025-10-07,19,240.0,64.2
2025-10-07,20,59.0,64.3
2025-10-07,21,0.0,57.4
2025-10-07,22,0.0,55.1
2025-10-07,23,0.0,53.0
2025-10-07,24,0.0,49.0
2025-10-08,1,0.0,48.4
2025-10-08,2,0.0,48.3
2025-10-08,3,0.0,45.6
2025-10-08,4,0.0,45.7
2025-10-08,5,0.0,44.2
2025-10-08,6,0.0,43.3
2025-10-08,7,0.0,41.1
2025-10-08,8,0.0,41.0
2025-10-08,9,7.0,41.6
2025-10-08,10,130.0,46.3
2025-10-08,11,318.0,51.2
2025-10-08,12,489.0,58.6
2025-10-08,13,620.0,60.2
2025-10-08,14,698.0,62.6
2025-10-08,15,714.0,67.0
2025-10-08,16,670.0,68.0
2025-10-08,17,568.0,67.8
2025-10-08,18,418.0,68.1
2025-10-08,19,214.0,65.2
2025-10-08,20,47.0,60.0
2025-10-08,21,0.0,57.5
2025-10-08,22,0.0,56.1
2025-10-08,23,0.0,54.1
2025-10-08,24,0.0,53.2
2025-10-09,1,0.0,51.9
2025-10-09,2,0.0,51.4
2025-10-09,3,0.0,49.6
2025-10-09,4,0.0,48.5
2025-10-09,5,0.0,48.1
2025-10-09,6,0.0,48.2
2025-10-09,7,0.0,48.8
2025-10-09,8,0.0,48.7
2025-10-09,9,6.0,49.2
2025-10-09,10,116.0,53.4
2025-10-09,11,295.0,57.9
2025-10-09,12,460.0,62.7
2025-10-09,13,582.0,66.8
2025-10-09,14,659.0,71.2
2025-10-09,15,682.0,73.9
2025-10-09,16,632.0,75.7
2025-10-09,17,526.0,76.0
2025-10-09,18,379.0,76.4
2025-10-09,19,203.0,72.9
2025-10-09,20,42.0,67.6
2025-10-09,21,0.0,65.5
2025-10-09,22,0.0,63.9
2025-10-09,23,0.0,62.2
2025-10-09,24,0.0,60.5
2025-10-10,1,0.0,58.1
2025-10-10,2,0.0,56.4
2025-10-10,3,0.0,54.4
2025-10-10,4,0.0,53.5
2025-10-10,5,0.0,52.9
2025-10-10,6,0.0,52.4
2025-10-10,7,0.0,53.0
2025-10-10,8,0.0,53.0
2025-10-10,9,3.0,52.0
2025-10-10,10,96.0,54.6
2025-10-10,11,278.0,59.5
2025-10-10,12,434.0,64.0
2025-10-10,13,556.0,70.1
2025-10-10,14,554.0,70.3
2025-10-10,15,631.0,71.2
2025-10-10,16,524.0,71.8
2025-10-10,17,449.0,71.0
2025-10-10,18,326.0,70.7
2025-10-10,19,181.0,69.7
2025-10-10,20,34.0,66.0
2025-10-10,21,0.0,61.8
2025-10-10,22,0.0,59.5
2025-10-10,23,0.0,57.7
2025-10-10,24,0.0,56.4
2025-10-11,1,0.0,57.7
2025-10-11,2,0.0,56.7
2025-10-11,3,0.0,55.9
2025-10-11,4,0.0,54.9
2025-10-11,5,0.0,53.8
2025-10-11,6,0.0,52.5
2025-10-11,7,0.0,52.4
2025-10-11,8,0.0,52.0
2025-10-11,9,4.0,52.0
2025-10-11,10,83.0,55.3
2025-10-11,11,219.0,58.2
2025-10-11,12,298.0,57.7
2025-10-11,13,223.0,62.2
2025-10-11,14,309.0,60.6
2025-10-11,15,311.0,58.6
2025-10-11,16,428.0,61.3
2025-10-11,17,332.0,58.6
2025-10-11,18,140.0,54.1
2025-10-11,19,21.0,44.7
2025-10-11,20,5.0,40.7
2025-10-11,21,0.0,38.7
2025-10-11,22,0.0,38.4
2025-10-11,23,0.0,38.6
2025-10-11,24,0.0,39.2
2025-10-12,1,0.0,38.2
2025-10-12,2,0.0,37.1
2025-10-12,3,0.0,37.0
2025-10-12,4,0.0,37.3
2025-10-12,5,0.0,38.5
2025-10-12,6,0.0,38.8
2025-10-12,7,0.0,33.4
2025-10-12,8,0.0,33.1
2025-10-12,9,4.0,34.0
2025-10-12,10,92.0,35.4
2025-10-12,11,257.0,39.2
2025-10-12,12,445.0,43.6
2025-10-12,13,534.0,46.4
2025-10-12,14,448.0,48.8
2025-10-12,15,513.0,50.5
2025-10-12,16,395.0,51.0
2025-10-12,17,359.0,52.0
2025-10-12,18,282.0,51.5
2025-10-12,19,176.0,49.3
2025-10-12,20,35.0,45.9
2025-10-12,21,0.0,43.8
2025-10-12,22,0.0,41.7
2025-10-12,23,0.0,40.5
2025-10-12,24,0.0,39.6
2025-10-13,1,0.0,38.2
2025-10-13,2,0.0,37.0
2025-10-13,3,0.0,36.3
2025-10-13,4,0.0,36.4
2025-10-13,5,0.0,36.3
2025-10-13,6,0.0,36.1
2025-10-13,7,0.0,36.1
2025-10-13,8,0.0,36.4
2025-10-13,9,3.0,36.8
2025-10-13,10,103.0,40.3
2025-10-13,11,270.0,43.9
2025-10-13,12,440.0,49.1
2025-10-13,13,572.0,52.2
2025-10-13,14,564.0,56.6
2025-10-13,15,651.0,60.6
2025-10-13,16,568.0,64.4
2025-10-13,17,448.0,63.9
2025-10-13,18,327.0,64.1
2025-10-13,19,167.0,59.9
2025-10-13,20,27.0,54.5
2025-10-13,21,0.0,51.4
2025-10-13,22,0.0,49.8
2025-10-13,23,0.0,50.2
2025-10-13,24,0.0,49.0
2025-10-14,1,0.0,46.9
2025-10-14,2,0.0,46.0
2025-10-14,3,0.0,45.1
2025-10-14,4,0.0,44.9
2025-10-14,5,0.0,44.8
2025-10-14,6,0.0,44.7
2025-10-14,7,0.0,48.7
2025-10-14,8,0.0,46.0
2025-10-14,9,2.0,45.4
2025-10-14,10,87.0,47.9
2025-10-14,11,250.0,52.8
2025-10-14,12,406.0,57.1
2025-10-14,13,537.0,61.3
2025-10-14,14,531.0,63.1
2025-10-14,15,518.0,63.3
2025-10-14,16,529.0,64.0
2025-10-14,17,418.0,64.2
2025-10-14,18,279.0,63.5
2025-10-14,19,143.0,60.2
2025-10-14,20,15.0,56.5
2025-10-14,21,0.0,53.1
2025-10-14,22,0.0,50.9
2025-10-14,23,0.0,49.3
2025-10-14,24,0.0,49.4
2025-10-15,1,0.0,48.0
2025-10-15,2,0.0,48.7
2025-10-15,3,0.0,47.5
2025-10-15,4,0.0,46.0
2025-10-15,5,0.0,46.1
2025-10-15,6,0.0,44.9
2025-10-15,7,0.0,44.5
2025-10-15,8,0.0,44.3
2025-10-15,9,2.0,43.8
2025-10-15,10,60.0,44.9
2025-10-15,11,236.0,48.7
2025-10-15,12,384.0,52.8
2025-10-15,13,479.0,55.2
2025-10-15,14,499.0,57.7
2025-10-15,15,428.0,57.0
2025-10-15,16,168.0,48.3
2025-10-15,17,216.0,52.3
2025-10-15,18,257.0,52.9
2025-10-15,19,127.0,51.4
2025-10-15,20,20.0,48.4
2025-10-15,21,0.0,45.6
2025-10-15,22,0.0,45.8
2025-10-15,23,0.0,45.3
2025-10-15,24,0.0,45.1
2025-10-16,1,0.0,45.1
2025-10-16,2,0.0,44.9
2025-10-16,3,0.0,44.0
2025-10-16,4,0.0,43.2
2025-10-16,5,0.0,43.6
2025-10-16,6,0.0,43.0
2025-10-16,7,0.0,41.9
2025-10-16,8,0.0,42.4
2025-10-16,9,1.0,43.0
2025-10-16,10,32.0,44.1
2025-10-16,11,93.0,45.1
2025-10-16,12,94.0,45.2
2025-10-16,13,66.0,46.1
2025-10-16,14,40.0,45.7
2025-10-16,15,34.0,45.8
2025-10-16,16,37.0,46.0
2025-10-16,17,9.0,45.1
2025-10-16,18,28.0,44.4
2025-10-16,19,76.0,46.3
2025-10-16,20,14.0,44.1
2025-10-16,21,0.0,43.8
2025-10-16,22,0.0,43.5
2025-10-16,23,0.0,42.1
2025-10-16,24,0.0,40.8
2025-10-17,1,0.0,40.8
2025-10-17,2,0.0,38.6
2025-10-17,3,0.0,38.3
2025-10-17,4,0.0,37.9
2025-10-17,5,0.0,37.7
2025-10-17,6,0.0,37.9
2025-10-17,7,0.0,37.8
2025-10-17,8,0.0,37.7
2025-10-17,9,1.0,37.8
2025-10-17,10,44.0,38.8
2025-10-17,11,132.0,40.9
2025-10-17,12,236.0,45.2
2025-10-17,13,356.0,50.0
2025-10-17,14,455.0,51.7
2025-10-17,15,564.0,53.6
2025-10-17,16,529.0,54.9
2025-10-17,17,421.0,54.6
2025-10-17,18,313.0,54.2
2025-10-17,19,163.0,51.8
2025-10-17,20,22.0,46.4
2025-10-17,21,0.0,44.2
2025-10-17,22,0.0,42.5
2025-10-17,23,0.0,41.3
2025-10-17,24,0.0,40.5
2025-10-18,1,0.0,40.9
2025-10-18,2,0.0,39.8
2025-10-18,3,0.0,39.8
2025-10-18,4,0.0,40.5
2025-10-18,5,0.0,39.5
2025-10-18,6,0.0,38.7
2025-10-18,7,0.0,38.0
2025-10-18,8,0.0,37.4
2025-10-18,9,1.0,36.9
2025-10-18,10,86.0,40.5
2025-10-18,11,254.0,47.5
2025-10-18,12,416.0,51.9
2025-10-18,13,547.0,55.6
2025-10-18,14,621.0,57.3
2025-10-18,15,635.0,58.1
2025-10-18,16,587.0,58.7
2025-10-18,17,482.0,58.9
2025-10-18,18,331.0,58.6
2025-10-18,19,156.0,55.5
2025-10-18,20,20.0,50.8
2025-10-18,21,0.0,48.9
2025-10-18,22,0.0,47.4
2025-10-18,23,0.0,46.0
2025-10-18,24,0.0,44.9
2025-10-19,1,0.0,43.9
2025-10-19,2,0.0,42.9
2025-10-19,3,0.0,42.0
2025-10-19,4,0.0,40.9
2025-10-19,5,0.0,40.6
2025-10-19,6,0.0,40.3
2025-10-19,7,0.0,38.7
2025-10-19,8,0.0,38.8
2025-10-19,9,1.0,39.6
2025-10-19,10,83.0,44.3
2025-10-19,11,250.0,49.2
2025-10-19,12,411.0,54.7
2025-10-19,13,533.0,59.7
2025-10-19,14,604.0,62.5
2025-10-19,15,616.0,64.3
2025-10-19,16,557.0,65.6
2025-10-19,17,457.0,65.1
2025-10-19,18,138.0,62.2
2025-10-19,19,38.0,51.6
2025-10-19,20,13.0,46.5
2025-10-19,21,0.0,44.2
2025-10-19,22,0.0,44.5
2025-10-19,23,0.0,44.3
2025-10-19,24,0.0,42.0
2025-10-20,1,0.0,40.6
2025-10-20,2,0.0,39.3
2025-10-20,3,0.0,37.1
2025-10-20,4,0.0,37.5
2025-10-20,5,0.0,36.6
2025-10-20,6,0.0,34.8
2025-10-20,7,0.0,39.0
2025-10-20,8,0.0,37.5
2025-10-20,9,1.0,35.6
2025-10-20,10,84.0,38.4
2025-10-20,11,252.0,43.6
2025-10-20,12,411.0,46.7
2025-10-20,13,548.0,48.6
2025-10-20,14,604.0,49.6
2025-10-20,15,593.0,50.5
2025-10-20,16,536.0,50.7
2025-10-20,17,455.0,50.5
2025-10-20,18,320.0,49.9
2025-10-20,19,150.0,47.6
2025-10-20,20,17.0,43.8
2025-10-20,21,0.0,41.9
2025-10-20,22,0.0,39.9
2025-10-20,23,0.0,38.8
2025-10-20,24,0.0,38.7
2025-10-21,1,0.0,37.9
2025-10-21,2,0.0,37.2
2025-10-21,3,0.0,36.5
2025-10-21,4,0.0,36.1
2025-10-21,5,0.0,35.3
2025-10-21,6,0.0,34.7
2025-10-21,7,0.0,34.4
2025-10-21,8,0.0,33.9
2025-10-21,9,1.0,33.5
2025-10-21,10,80.0,36.9
2025-10-21,11,253.0,41.5
2025-10-21,12,417.0,46.0
2025-10-21,13,542.0,50.0
2025-10-21,14,613.0,53.2
2025-10-21,15,626.0,54.9
2025-10-21,16,578.0,55.7
2025-10-21,17,473.0,55.9
2025-10-21,18,322.0,55.1
2025-10-21,19,148.0,52.3
2025-10-21,20,15.0,48.3
2025-10-21,21,0.0,45.9
2025-10-21,22,0.0,44.2
2025-10-21,23,0.0,43.3
2025-10-21,24,0.0,42.7
2025-10-22,1,0.0,41.1
2025-10-22,2,0.0,40.3
2025-10-22,3,0.0,38.9
2025-10-22,4,0.0,38.2
2025-10-22,5,0.0,37.6
2025-10-22,6,0.0,37.0
2025-10-22,7,0.0,37.1
2025-10-22,8,0.0,37.4
2025-10-22,9,0.0,36.9
2025-10-22,10,77.0,40.2
2025-10-22,11,246.0,45.1
2025-10-22,12,410.0,50.2
2025-10-22,13,534.0,54.7
2025-10-22,14,602.0,58.5
2025-10-22,15,618.0,61.3
2025-10-22,16,499.0,62.0
2025-10-22,17,288.0,60.7
2025-10-22,18,213.0,59.7
2025-10-22,19,115.0,56.5
2025-10-22,20,11.0,52.9
2025-10-22,21,0.0,50.6
2025-10-22,22,0.0,48.1
2025-10-22,23,0.0,47.1
2025-10-22,24,0.0,46.0
2025-10-23,1,0.0,44.2
2025-10-23,2,0.0,43.8
2025-10-23,3,0.0,44.2
2025-10-23,4,0.0,45.0
2025-10-23,5,0.0,43.5
2025-10-23,6,0.0,41.8
2025-10-23,7,0.0,42.0
2025-10-23,8,0.0,40.8
2025-10-23,9,0.0,40.7
2025-10-23,10,69.0,44.2
2025-10-23,11,217.0,49.2
2025-10-23,12,358.0,54.3
2025-10-23,13,508.0,58.6
2025-10-23,14,584.0,60.8
2025-10-23,15,597.0,62.5
2025-10-23,16,547.0,63.1
2025-10-23,17,449.0,62.5
2025-10-23,18,306.0,60.9
2025-10-23,19,137.0,56.8
2025-10-23,20,12.0,51.4
2025-10-23,21,0.0,48.4
2025-10-23,22,0.0,46.0
2025-10-23,23,0.0,44.0
2025-10-23,24,0.0,42.6
2025-10-24,1,0.0,42.5
2025-10-24,2,0.0,42.1
2025-10-24,3,0.0,41.1
2025-10-24,4,0.0,40.0
2025-10-24,5,0.0,39.9
2025-10-24,6,0.0,39.9
2025-10-24,7,0.0,39.2
2025-10-24,8,0.0,39.0
2025-10-24,9,0.0,38.3
2025-10-24,10,70.0,41.0
2025-10-24,11,236.0,45.9
2025-10-24,12,396.0,50.7
2025-10-24,13,518.0,54.8
2025-10-24,14,589.0,57.8
2025-10-24,15,601.0,59.8
2025-10-24,16,554.0,60.8
2025-10-24,17,450.0,60.8
2025-10-24,18,303.0,59.5
2025-10-24,19,133.0,54.9
2025-10-24,20,11.0,51.0
2025-10-24,21,0.0,49.2
2025-10-24,22,0.0,47.8
2025-10-24,23,0.0,46.9
2025-10-24,24,0.0,46.0
2025-10-25,1,0.0,44.2
2025-10-25,2,0.0,42.7
2025-10-25,3,0.0,41.7
2025-10-25,4,0.0,41.5
2025-10-25,5,0.0,41.4
2025-10-25,6,0.0,39.9
2025-10-25,7,0.0,38.0
2025-10-25,8,0.0,38.3
2025-10-25,9,0.0,39.0
2025-10-25,10,62.0,42.4
2025-10-25,11,223.0,46.9
2025-10-25,12,353.0,51.8
2025-10-25,13,447.0,56.0
2025-10-25,14,401.0,59.0
2025-10-25,15,376.0,60.8
2025-10-25,16,265.0,61.0
2025-10-25,17,198.0,61.3
2025-10-25,18,113.0,59.8
2025-10-25,19,38.0,56.7
2025-10-25,20,5.0,54.2
2025-10-25,21,0.0,51.9
2025-10-25,22,0.0,51.1
2025-10-25,23,0.0,50.7
2025-10-25,24,0.0,50.7
2025-10-26,1,0.0,48.1
2025-10-26,2,0.0,46.9
2025-10-26,3,0.0,46.2
2025-10-26,4,0.0,45.6
2025-10-26,5,0.0,43.7
2025-10-26,6,0.0,43.3
2025-10-26,7,0.0,43.9
2025-10-26,8,0.0,42.7
2025-10-26,9,0.0,41.9
2025-10-26,10,13.0,40.9
2025-10-26,11,88.0,41.7
2025-10-26,12,243.0,45.3
2025-10-26,13,169.0,46.2
2025-10-26,14,140.0,45.1
2025-10-26,15,83.0,44.3
2025-10-26,16,66.0,43.2
2025-10-26,17,44.0,41.6
2025-10-26,18,29.0,40.8
2025-10-26,19,35.0,41.1
2025-10-26,20,2.0,41.2
2025-10-26,21,0.0,39.7
2025-10-26,22,0.0,40.9
2025-10-26,23,0.0,40.8
2025-10-26,24,0.0,41.3
2025-10-27,1,0.0,40.9
2025-10-27,2,0.0,40.8
2025-10-27,3,0.0,39.1
2025-10-27,4,0.0,37.8
2025-10-27,5,0.0,37.7
2025-10-27,6,0.0,37.8
2025-10-27,7,0.0,37.1
2025-10-27,8,0.0,37.9
2025-10-27,9,0.0,38.7
2025-10-27,10,18.0,39.1
2025-10-27,11,175.0,40.2
2025-10-27,12,386.0,41.7
2025-10-27,13,493.0,42.6
2025-10-27,14,578.0,44.1
2025-10-27,15,599.0,45.1
2025-10-27,16,552.0,45.6
2025-10-27,17,449.0,45.1
2025-10-27,18,300.0,44.1
2025-10-27,19,126.0,41.2
2025-10-27,20,8.0,37.6
2025-10-27,21,0.0,35.9
2025-10-27,22,0.0,33.8
2025-10-27,23,0.0,32.2
2025-10-27,24,0.0,31.5
2025-10-28,1,0.0,30.0
2025-10-28,2,0.0,29.7
2025-10-28,3,0.0,29.3
2025-10-28,4,0.0,28.9
2025-10-28,5,0.0,28.2
2025-10-28,6,0.0,28.0
2025-10-28,7,0.0,26.8
2025-10-28,8,0.0,26.7
2025-10-28,9,0.0,26.7
2025-10-28,10,60.0,30.0
2025-10-28,11,225.0,35.3
2025-10-28,12,386.0,38.8
2025-10-28,13,508.0,41.5
2025-10-28,14,578.0,44.2
2025-10-28,15,588.0,45.7
2025-10-28,16,539.0,46.8
2025-10-28,17,435.0,47.2
2025-10-28,18,286.0,46.6
2025-10-28,19,117.0,43.3
2025-10-28,20,7.0,40.7
2025-10-28,21,0.0,39.2
2025-10-28,22,0.0,37.8
2025-10-28,23,0.0,36.6
2025-10-28,24,0.0,36.1
2025-10-29,1,0.0,34.8
2025-10-29,2,0.0,34.6
2025-10-29,3,0.0,34.1
2025-10-29,4,0.0,33.6
2025-10-29,5,0.0,33.5
2025-10-29,6,0.0,33.2
2025-10-29,7,0.0,33.0
2025-10-29,8,0.0,32.4
2025-10-29,9,0.0,32.3
2025-10-29,10,55.0,35.7
2025-10-29,11,214.0,40.7
2025-10-29,12,372.0,45.5
2025-10-29,13,486.0,49.1
2025-10-29,14,555.0,51.8
2025-10-29,15,551.0,53.3
2025-10-29,16,474.0,53.9
2025-10-29,17,366.0,53.6
2025-10-29,18,262.0,52.5
2025-10-29,19,112.0,51.1
2025-10-29,20,6.0,49.1
2025-10-29,21,0.0,47.1
2025-10-29,22,0.0,45.5
2025-10-29,23,0.0,43.7
2025-10-29,24,0.0,42.0
2025-10-30,1,0.0,39.4
2025-10-30,2,0.0,38.6
2025-10-30,3,0.0,36.3
2025-10-30,4,0.0,34.5
2025-10-30,5,0.0,33.3
2025-10-30,6,0.0,31.9
2025-10-30,7,0.0,30.7
2025-10-30,8,0.0,30.1
2025-10-30,9,0.0,29.4
2025-10-30,10,57.0,31.5
2025-10-30,11,226.0,39.7
2025-10-30,12,390.0,45.6
2025-10-30,13,515.0,49.2
2025-10-30,14,587.0,51.3
2025-10-30,15,600.0,52.9
2025-10-30,16,550.0,53.3
2025-10-30,17,441.0,53.1
2025-10-30,18,294.0,52.3
2025-10-30,19,121.0,51.1
2025-10-30,20,6.0,49.3
2025-10-30,21,0.0,47.4
2025-10-30,22,0.0,45.7
2025-10-30,23,0.0,44.1
2025-10-30,24,0.0,42.9
2025-10-31,1,0.0,41.9
2025-10-31,2,0.0,40.4
2025-10-31,3,0.0,38.5
2025-10-31,4,0.0,37.6
2025-10-31,5,0.0,36.9
2025-10-31,6,0.0,36.5
2025-10-31,7,0.0,36.6
2025-10-31,8,0.0,36.2
2025-10-31,9,0.0,34.7
2025-10-31,10,53.0,35.1
2025-10-31,11,220.0,41.8
2025-10-31,12,384.0,47.6
2025-10-31,13,509.0,51.1
2025-10-31,14,581.0,53.2
2025-10-31,15,594.0,54.7
2025-10-31,16,545.0,55.3
2025-10-31,17,440.0,55.2
2025-10-31,18,290.0,54.4
2025-10-31,19,113.0,52.9
2025-10-31,20,5.0,50.5
2025-10-31,21,0.0,49.0
2025-10-31,22,0.0,47.5
2025-10-31,23,0.0,46.4
2025-10-31,24,0.0,45.1
2025-11-01,1,0.0,44.1
2025-11-01,2,0.0,44.3
2025-11-01,3,0.0,43.7
2025-11-01,4,0.0,43.3
2025-11-01,5,0.0,42.9
2025-11-01,6,0.0,42.7
2025-11-01,7,0.0,42.5
2025-11-01,8,0.0,42.5
2025-11-01,9,0.0,42.7
2025-11-01,10,36.0,43.2
2025-11-01,11,166.0,44.6
2025-11-01,12,322.0,51.9
2025-11-01,13,444.0,55.3
2025-11-01,14,552.0,56.9
2025-11-01,15,565.0,58.1
2025-11-01,16,524.0,58.6
2025-11-01,17,423.0,58.5
2025-11-01,18,276.0,57.6
2025-11-01,19,110.0,56.1
2025-11-01,20,4.0,54.1
2025-11-01,21,0.0,52.8
2025-11-01,22,0.0,51.4
2025-11-01,23,0.0,50.2
2025-11-01,24,0.0,49.1
2025-11-02,1,0.0,48.4
2025-11-02,2,0.0,48.6
2025-11-02,3,0.0,48.7
2025-11-02,4,0.0,48.6
2025-11-02,5,0.0,48.4
2025-11-02,6,0.0,48.3
2025-11-02,7,0.0,47.6
2025-11-02,8,0.0,47.1
2025-11-02,9,0.0,46.6
2025-11-02,10,47.0,46.7
2025-11-02,11,208.0,50.0
2025-11-02,12,370.0,55.8
2025-11-02,13,490.0,59.2
2025-11-02,14,559.0,60.1
2025-11-02,15,560.0,61.1
2025-11-02,16,491.0,61.4
2025-11-02,17,387.0,61.4
2025-11-02,18,253.0,60.8
2025-11-02,19,101.0,59.6
2025-11-02,20,3.0,57.8
2025-11-02,21,0.0,55.6
2025-11-02,22,0.0,52.5
2025-11-02,23,0.0,47.7
2025-11-02,24,0.0,44.3
2025-11-03,1,0.0,43.5
2025-11-03,2,0.0,42.9
2025-11-03,3,0.0,40.7
2025-11-03,4,0.0,38.5
2025-11-03,5,0.0,36.5
2025-11-03,6,0.0,35.3
2025-11-03,7,0.0,35.6
2025-11-03,8,0.0,36.0
2025-11-03,9,0.0,36.4
2025-11-03,10,35.0,38.2
2025-11-03,11,176.0,45.7
2025-11-03,12,329.0,53.4
2025-11-03,13,473.0,58.6
2025-11-03,14,557.0,58.9
2025-11-03,15,569.0,59.5
2025-11-03,16,522.0,59.5
2025-11-03,17,420.0,59.2
2025-11-03,18,272.0,58.2
2025-11-03,19,104.0,56.2
2025-11-03,20,3.0,54.4
2025-11-03,21,0.0,53.1
2025-11-03,22,0.0,52.2
2025-11-03,23,0.0,51.6
2025-11-03,24,0.0,51.1
2025-11-04,1,0.0,50.8
2025-11-04,2,0.0,50.5
2025-11-04,3,0.0,50.4
2025-11-04,4,0.0,50.6
2025-11-04,5,0.0,50.6
2025-11-04,6,0.0,50.6
2025-11-04,7,0.0,50.9
2025-11-04,8,0.0,51.4
2025-11-04,9,0.0,51.2
2025-11-04,10,40.0,51.1
2025-11-04,11,182.0,52.7
2025-11-04,12,345.0,56.3
2025-11-04,13,442.0,58.3
2025-11-04,14,495.0,59.4
2025-11-04,15,501.0,60.3
2025-11-04,16,394.0,60.5
2025-11-04,17,262.0,60.0
2025-11-04,18,166.0,59.3
2025-11-04,19,66.0,58.3
2025-11-04,20,2.0,55.9
2025-11-04,21,0.0,52.0
2025-11-04,22,0.0,49.2
2025-11-04,23,0.0,46.4
2025-11-04,24,0.0,43.6
2025-11-05,1,0.0,41.0
2025-11-05,2,0.0,39.5
2025-11-05,3,0.0,38.6
2025-11-05,4,0.0,39.3
2025-11-05,5,0.0,39.5
2025-11-05,6,0.0,38.1
2025-11-05,7,0.0,37.3
2025-11-05,8,0.0,37.5
2025-11-05,9,0.0,38.2
2025-11-05,10,31.0,41.2
2025-11-05,11,138.0,47.6
2025-11-05,12,286.0,55.7
2025-11-05,13,430.0,61.2
2025-11-05,14,412.0,63.7
2025-11-05,15,391.0,64.6
2025-11-05,16,316.0,64.6
2025-11-05,17,221.0,63.8
2025-11-05,18,149.0,62.6
2025-11-05,19,45.0,59.7
2025-11-05,20,1.0,58.7
2025-11-05,21,0.0,59.6
2025-11-05,22,0.0,58.7
2025-11-05,23,0.0,52.9
2025-11-05,24,0.0,51.8
2025-11-06,1,0.0,49.5
2025-11-06,2,0.0,47.6
2025-11-06,3,0.0,46.9
2025-11-06,4,0.0,47.0
2025-11-06,5,0.0,44.7
2025-11-06,6,0.0,44.6
2025-11-06,7,0.0,47.0
2025-11-06,8,0.0,45.9
2025-11-06,9,0.0,44.2
2025-11-06,10,28.0,43.7
2025-11-06,11,167.0,45.2
2025-11-06,12,313.0,47.8
2025-11-06,13,409.0,49.9
2025-11-06,14,492.0,50.6
2025-11-06,15,399.0,51.0
2025-11-06,16,439.0,51.8
2025-11-06,17,346.0,51.8
2025-11-06,18,192.0,51.2
2025-11-06,19,85.0,50.4
2025-11-06,20,2.0,47.4
2025-11-06,21,0.0,44.6
2025-11-06,22,0.0,43.4
2025-11-06,23,0.0,43.4
2025-11-06,24,0.0,44.6
2025-11-07,1,0.0,44.8
2025-11-07,2,0.0,43.7
2025-11-07,3,0.0,43.3
2025-11-07,4,0.0,43.0
2025-11-07,5,0.0,43.0
2025-11-07,6,0.0,43.1
2025-11-07,7,0.0,43.6
2025-11-07,8,0.0,43.8
2025-11-07,9,0.0,42.1
2025-11-07,10,10.0,42.2
2025-11-07,11,61.0,44.8
2025-11-07,12,121.0,47.9
2025-11-07,13,196.0,49.5
2025-11-07,14,373.0,50.5
2025-11-07,15,417.0,52.0
2025-11-07,16,415.0,53.0
2025-11-07,17,303.0,52.7
2025-11-07,18,160.0,52.1
2025-11-07,19,52.0,51.1
2025-11-07,20,1.0,48.8
2025-11-07,21,0.0,45.8
2025-11-07,22,0.0,43.7
2025-11-07,23,0.0,43.8
2025-11-07,24,0.0,45.4
2025-11-08,1,0.0,44.3
2025-11-08,2,0.0,43.0
2025-11-08,3,0.0,41.8
2025-11-08,4,0.0,40.7
2025-11-08,5,0.0,39.4
2025-11-08,6,0.0,38.3
2025-11-08,7,0.0,37.3
2025-11-08,8,0.0,36.3
2025-11-08,9,0.0,35.2
2025-11-08,10,32.0,34.5
2025-11-08,11,182.0,37.1
2025-11-08,12,343.0,42.2
2025-11-08,13,465.0,44.8
2025-11-08,14,537.0,45.8
2025-11-08,15,550.0,47.4
2025-11-08,16,503.0,48.4
2025-11-08,17,398.0,48.6
2025-11-08,18,253.0,48.2
2025-11-08,19,88.0,47.1
2025-11-08,20,1.0,46.0
2025-11-08,21,0.0,44.6
2025-11-08,22,0.0,42.8
2025-11-08,23,0.0,41.2
2025-11-08,24,0.0,39.5
2025-11-09,1,0.0,38.2
2025-11-09,2,0.0,35.8
2025-11-09,3,0.0,33.9
2025-11-09,4,0.0,33.1
2025-11-09,5,0.0,32.2
2025-11-09,6,0.0,31.3
2025-11-09,7,0.0,30.7
2025-11-09,8,0.0,30.5
2025-11-09,9,0.0,30.5
2025-11-09,10,29.0,31.2
2025-11-09,11,177.0,37.7
2025-11-09,12,336.0,44.6
2025-11-09,13,457.0,48.3
2025-11-09,14,525.0,50.1
2025-11-09,15,536.0,51.8
2025-11-09,16,490.0,52.9
2025-11-09,17,389.0,53.1
2025-11-09,18,245.0,52.6
2025-11-09,19,83.0,51.1
2025-11-09,20,1.0,49.8
2025-11-09,21,0.0,47.6
2025-11-09,22,0.0,45.7
2025-11-09,23,0.0,44.1
2025-11-09,24,0.0,42.7
2025-11-10,1,0.0,41.5
2025-11-10,2,0.0,40.3
2025-11-10,3,0.0,39.5
2025-11-10,4,0.0,39.0
2025-11-10,5,0.0,38.8
2025-11-10,6,0.0,38.7
2025-11-10,7,0.0,38.5
2025-11-10,8,0.0,38.3
2025-11-10,9,0.0,37.9
2025-11-10,10,26.0,38.1
2025-11-10,11,159.0,42.0
2025-11-10,12,315.0,48.4
2025-11-10,13,436.0,52.0
2025-11-10,14,511.0,52.9
2025-11-10,15,516.0,54.5
2025-11-10,16,453.0,55.0
2025-11-10,17,341.0,54.9
2025-11-10,18,204.0,53.8
2025-11-10,19,66.0,51.9
2025-11-10,20,1.0,50.3
2025-11-10,21,0.0,48.9
2025-11-10,22,0.0,47.5
2025-11-10,23,0.0,46.5
2025-11-10,24,0.0,45.9
2025-11-11,1,0.0,45.6
2025-11-11,2,0.0,44.6
2025-11-11,3,0.0,44.2
2025-11-11,4,0.0,44.0
2025-11-11,5,0.0,44.0
2025-11-11,6,0.0,43.9
2025-11-11,7,0.0,43.5
2025-11-11,8,0.0,43.0
2025-11-11,9,0.0,42.6
2025-11-11,10,25.0,42.5
2025-11-11,11,162.0,45.0
2025-11-11,12,315.0,50.7
2025-11-11,13,441.0,54.4
2025-11-11,14,512.0,55.1
2025-11-11,15,525.0,56.5
2025-11-11,16,477.0,57.4
2025-11-11,17,377.0,57.4
2025-11-11,18,234.0,56.5
2025-11-11,19,76.0,54.7
2025-11-11,20,0.0,52.7
2025-11-11,21,0.0,50.9
2025-11-11,22,0.0,49.2
2025-11-11,23,0.0,47.8
2025-11-11,24,0.0,46.6
2025-11-12,1,0.0,44.7
2025-11-12,2,0.0,43.5
2025-11-12,3,0.0,41.4
2025-11-12,4,0.0,40.2
2025-11-12,5,0.0,39.1
2025-11-12,6,0.0,37.6
2025-11-12,7,0.0,37.1
2025-11-12,8,0.0,37.1
2025-11-12,9,0.0,37.2
2025-11-12,10,18.0,38.5
2025-11-12,11,139.0,43.9
2025-11-12,12,276.0,52.9
2025-11-12,13,415.0,57.9
2025-11-12,14,493.0,58.7
2025-11-12,15,446.0,59.5
2025-11-12,16,303.0,59.0
2025-11-12,17,200.0,58.2
2025-11-12,18,115.0,57.1
2025-11-12,19,43.0,55.1
2025-11-12,20,0.0,55.0
2025-11-12,21,0.0,53.9
2025-11-12,22,0.0,52.9
2025-11-12,23,0.0,52.0
2025-11-12,24,0.0,51.1
2025-11-13,1,0.0,50.4
2025-11-13,2,0.0,47.9
2025-11-13,3,0.0,47.5
2025-11-13,4,0.0,47.0
2025-11-13,5,0.0,46.4
2025-11-13,6,0.0,45.6
2025-11-13,7,0.0,44.8
2025-11-13,8,0.0,44.4
2025-11-13,9,0.0,44.1
2025-11-13,10,21.0,44.1
2025-11-13,11,150.0,47.4
2025-11-13,12,305.0,53.8
2025-11-13,13,428.0,58.3
2025-11-13,14,498.0,60.4
2025-11-13,15,513.0,61.6
2025-11-13,16,468.0,62.0
2025-11-13,17,369.0,61.9
2025-11-13,18,228.0,60.8
2025-11-13,19,71.0,58.3
2025-11-13,20,0.0,57.6
2025-11-13,21,0.0,57.2
2025-11-13,22,0.0,56.9
2025-11-13,23,0.0,56.5
2025-11-13,24,0.0,53.8
2025-11-14,1,0.0,51.6
2025-11-14,2,0.0,50.8
2025-11-14,3,0.0,48.4
2025-11-14,4,0.0,48.1
2025-11-14,5,0.0,48.5
2025-11-14,6,0.0,49.6
2025-11-14,7,0.0,50.4
2025-11-14,8,0.0,51.2
2025-11-14,9,0.0,51.4
2025-11-14,10,14.0,52.5
2025-11-14,11,98.0,52.4
2025-11-14,12,171.0,55.2
2025-11-14,13,232.0,59.0
2025-11-14,14,334.0,61.2
2025-11-14,15,320.0,61.2
2025-11-14,16,288.0,60.8
2025-11-14,17,308.0,61.0
2025-11-14,18,187.0,60.0
2025-11-14,19,63.0,58.1
2025-11-14,20,0.0,54.1
2025-11-14,21,0.0,52.3
2025-11-14,22,0.0,50.9
2025-11-14,23,0.0,51.1
2025-11-14,24,0.0,55.5
2025-11-15,1,0.0,54.4
2025-11-15,2,0.0,52.6
2025-11-15,3,0.0,51.9
2025-11-15,4,0.0,51.1
2025-11-15,5,0.0,50.6
2025-11-15,6,0.0,50.0
2025-11-15,7,0.0,49.4
2025-11-15,8,0.0,49.1
2025-11-15,9,0.0,48.4
2025-11-15,10,19.0,47.8
2025-11-15,11,150.0,49.3
2025-11-15,12,300.0,54.2
2025-11-15,13,414.0,57.3
2025-11-15,14,447.0,58.6
2025-11-15,15,471.0,60.0
2025-11-15,16,425.0,60.5
2025-11-15,17,319.0,60.3
2025-11-15,18,150.0,59.2
2025-11-15,19,44.0,57.3
2025-11-15,20,0.0,54.3
2025-11-15,21,0.0,52.2
2025-11-15,22,0.0,50.1
2025-11-15,23,0.0,47.8
2025-11-15,24,0.0,45.9
2025-11-16,1,0.0,44.6
2025-11-16,2,0.0,44.4
2025-11-16,3,0.0,43.8
2025-11-16,4,0.0,42.6
2025-11-16,5,0.0,40.9
2025-11-16,6,0.0,40.1
2025-11-16,7,0.0,39.9
2025-11-16,8,0.0,41.5
2025-11-16,9,0.0,43.5
2025-11-16,10,11.0,44.5
2025-11-16,11,79.0,46.6
2025-11-16,12,192.0,51.9
2025-11-16,13,318.0,55.1
2025-11-16,14,306.0,55.6
2025-11-16,15,364.0,56.2
2025-11-16,16,282.0,56.0
2025-11-16,17,228.0,55.4
2025-11-16,18,102.0,52.9
2025-11-16,19,24.0,49.5
2025-11-16,20,0.0,46.6
2025-11-16,21,0.0,44.6
2025-11-16,22,0.0,43.5
2025-11-16,23,0.0,42.7
2025-11-16,24,0.0,42.5
2025-11-17,1,0.0,42.5
2025-11-17,2,0.0,43.2
2025-11-17,3,0.0,43.3
2025-11-17,4,0.0,43.1
2025-11-17,5,0.0,43.0
2025-11-17,6,0.0,42.7
2025-11-17,7,0.0,42.1
2025-11-17,8,0.0,41.6
2025-11-17,9,0.0,41.3
2025-11-17,10,10.0,41.2
2025-11-17,11,67.0,43.2
2025-11-17,12,90.0,44.6
2025-11-17,13,100.0,45.3
2025-11-17,14,119.0,46.2
2025-11-17,15,119.0,46.5
2025-11-17,16,94.0,46.4
2025-11-17,17,144.0,46.8
2025-11-17,18,110.0,46.8
2025-11-17,19,39.0,46.2
2025-11-17,20,0.0,44.2
2025-11-17,21,0.0,42.6
2025-11-17,22,0.0,41.0
2025-11-17,23,0.0,39.2
2025-11-17,24,0.0,37.3
2025-11-18,1,0.0,35.7
2025-11-18,2,0.0,36.2
2025-11-18,3,0.0,35.1
2025-11-18,4,0.0,34.3
2025-11-18,5,0.0,33.9
2025-11-18,6,0.0,34.0
2025-11-18,7,0.0,34.4
2025-11-18,8,0.0,35.0
2025-11-18,9,0.0,34.8
2025-11-18,10,10.0,34.8
2025-11-18,11,87.0,38.9
2025-11-18,12,197.0,43.6
2025-11-18,13,308.0,47.4
2025-11-18,14,356.0,49.9
2025-11-18,15,370.0,51.1
2025-11-18,16,348.0,51.5
2025-11-18,17,275.0,51.3
2025-11-18,18,171.0,50.5
2025-11-18,19,54.0,49.5
2025-11-18,20,0.0,48.3
2025-11-18,21,0.0,46.6
2025-11-18,22,0.0,44.8
2025-11-18,23,0.0,43.0
2025-11-18,24,0.0,40.6
2025-11-19,1,0.0,38.8
2025-11-19,2,0.0,38.3
2025-11-19,3,0.0,37.1
2025-11-19,4,0.0,36.2
2025-11-19,5,0.0,36.3
2025-11-19,6,0.0,36.0
2025-11-19,7,0.0,35.9
2025-11-19,8,0.0,35.2
2025-11-19,9,0.0,34.4
2025-11-19,10,12.0,33.8
2025-11-19,11,124.0,38.8
2025-11-19,12,270.0,46.5
2025-11-19,13,378.0,49.9
2025-11-19,14,381.0,51.1
2025-11-19,15,351.0,50.9
2025-11-19,16,240.0,49.4
2025-11-19,17,181.0,48.3
2025-11-19,18,102.0,47.2
2025-11-19,19,34.0,46.3
2025-11-19,20,0.0,44.5
2025-11-19,21,0.0,42.6
2025-11-19,22,0.0,41.2
2025-11-19,23,0.0,39.1
2025-11-19,24,0.0,37.2
2025-11-20,1,0.0,35.5
2025-11-20,2,0.0,34.2
2025-11-20,3,0.0,33.2
2025-11-20,4,0.0,32.7
2025-11-20,5,0.0,32.0
2025-11-20,6,0.0,31.7
2025-11-20,7,0.0,31.3
2025-11-20,8,0.0,31.3
2025-11-20,9,0.0,31.3
2025-11-20,10,10.0,33.1
2025-11-20,11,101.0,37.4
2025-11-20,12,236.0,43.8
2025-11-20,13,339.0,47.0
2025-11-20,14,407.0,48.9
2025-11-20,15,400.0,49.6
2025-11-20,16,280.0,48.9
2025-11-20,17,176.0,47.0
2025-11-20,18,82.0,45.8
2025-11-20,19,22.0,44.6
2025-11-20,20,0.0,43.2
2025-11-20,21,0.0,42.0
2025-11-20,22,0.0,40.1
2025-11-20,23,0.0,38.3
2025-11-20,24,0.0,37.0
2025-11-21,1,0.0,35.9
2025-11-21,2,0.0,34.9
2025-11-21,3,0.0,34.0
2025-11-21,4,0.0,33.1
2025-11-21,5,0.0,32.9
2025-11-21,6,0.0,32.1
2025-11-21,7,0.0,31.7
2025-11-21,8,0.0,31.2
2025-11-21,9,0.0,30.9
2025-11-21,10,6.0,31.0
2025-11-21,11,62.0,33.7
2025-11-21,12,151.0,36.6
2025-11-21,13,248.0,40.6
2025-11-21,14,335.0,43.9
2025-11-21,15,391.0,46.3
2025-11-21,16,335.0,47.6
2025-11-21,17,256.0,48.0
2025-11-21,18,172.0,47.5
2025-11-21,19,57.0,45.9
2025-11-21,20,0.0,44.7
2025-11-21,21,0.0,43.3
2025-11-21,22,0.0,42.1
2025-11-21,23,0.0,41.0
2025-11-21,24,0.0,39.9
2025-11-22,1,0.0,38.9
2025-11-22,2,0.0,37.7
2025-11-22,3,0.0,36.3
2025-11-22,4,0.0,34.8
2025-11-22,5,0.0,33.4
2025-11-22,6,0.0,32.0
2025-11-22,7,0.0,31.0
2025-11-22,8,0.0,31.0
2025-11-22,9,0.0,30.5
2025-11-22,10,10.0,30.4
2025-11-22,11,115.0,34.5
2025-11-22,12,258.0,38.9
2025-11-22,13,399.0,43.1
2025-11-22,14,481.0,45.6
2025-11-22,15,495.0,47.5
2025-11-22,16,450.0,48.4
2025-11-22,17,350.0,48.6
2025-11-22,18,209.0,48.1
2025-11-22,19,55.0,46.1
2025-11-22,20,0.0,44.7
2025-11-22,21,0.0,42.6
2025-11-22,22,0.0,40.5
2025-11-22,23,0.0,38.6
2025-11-22,24,0.0,36.9
2025-11-23,1,0.0,35.2
2025-11-23,2,0.0,33.8
2025-11-23,3,0.0,31.2
2025-11-23,4,0.0,29.7
2025-11-23,5,0.0,29.0
2025-11-23,6,0.0,28.6
2025-11-23,7,0.0,28.5
2025-11-23,8,0.0,28.2
2025-11-23,9,0.0,28.2
2025-11-23,10,9.0,28.7
2025-11-23,11,127.0,33.2
2025-11-23,12,281.0,40.6
2025-11-23,13,402.0,44.7
2025-11-23,14,476.0,45.7
2025-11-23,15,489.0,46.7
2025-11-23,16,443.0,47.2
2025-11-23,17,346.0,46.9
2025-11-23,18,205.0,45.7
2025-11-23,19,52.0,43.6
2025-11-23,20,0.0,39.6
2025-11-23,21,0.0,39.9
2025-11-23,22,0.0,38.9
2025-11-23,23,0.0,37.8
2025-11-23,24,0.0,36.9
2025-11-24,1,0.0,36.3
2025-11-24,2,0.0,35.7
2025-11-24,3,0.0,35.1
2025-11-24,4,0.0,34.8
2025-11-24,5,0.0,32.8
2025-11-24,6,0.0,30.5
2025-11-24,7,0.0,30.2
2025-11-24,8,0.0,29.3
2025-11-24,9,0.0,29.7
2025-11-24,10,6.0,30.7
2025-11-24,11,66.0,34.1
2025-11-24,12,107.0,37.6
2025-11-24,13,102.0,39.2
2025-11-24,14,263.0,43.5
2025-11-24,15,149.0,43.5
2025-11-24,16,150.0,43.4
2025-11-24,17,202.0,43.7
2025-11-24,18,120.0,43.0
2025-11-24,19,36.0,41.4
2025-11-24,20,0.0,40.3
2025-11-24,21,0.0,39.6
2025-11-24,22,0.0,38.6
2025-11-24,23,0.0,38.9
2025-11-24,24,0.0,38.3
2025-11-25,1,0.0,37.0
2025-11-25,2,0.0,36.6
2025-11-25,3,0.0,35.7
2025-11-25,4,0.0,34.5
2025-11-25,5,0.0,33.1
2025-11-25,6,0.0,32.2
2025-11-25,7,0.0,31.3
2025-11-25,8,0.0,30.7
2025-11-25,9,0.0,30.0
2025-11-25,10,7.0,29.5
2025-11-25,11,106.0,29.9
2025-11-25,12,251.0,34.0
2025-11-25,13,382.0,36.7
2025-11-25,14,436.0,37.9
2025-11-25,15,483.0,39.2
2025-11-25,16,443.0,39.7
2025-11-25,17,344.0,39.4
2025-11-25,18,204.0,38.5
2025-11-25,19,52.0,36.1
2025-11-25,20,0.0,35.9
2025-11-25,21,0.0,34.9
2025-11-25,22,0.0,34.1
2025-11-25,23,0.0,33.6
2025-11-25,24,0.0,33.1
2025-11-26,1,0.0,33.1
2025-11-26,2,0.0,32.8
2025-11-26,3,0.0,34.0
2025-11-26,4,0.0,34.7
2025-11-26,5,0.0,34.5
2025-11-26,6,0.0,33.5
2025-11-26,7,0.0,34.7
2025-11-26,8,0.0,34.9
2025-11-26,9,0.0,35.0
2025-11-26,10,4.0,34.9
2025-11-26,11,60.0,35.9
2025-11-26,12,143.0,39.7
2025-11-26,13,231.0,42.3
2025-11-26,14,230.0,42.0
2025-11-26,15,257.0,42.6
2025-11-26,16,314.0,43.7
2025-11-26,17,235.0,43.6
2025-11-26,18,140.0,43.0
2025-11-26,19,41.0,41.1
2025-11-26,20,0.0,40.5
2025-11-26,21,0.0,39.4
2025-11-26,22,0.0,38.6
2025-11-26,23,0.0,37.9
2025-11-26,24,0.0,37.7
2025-11-27,1,0.0,37.7
2025-11-27,2,0.0,37.6
2025-11-27,3,0.0,37.9
2025-11-27,4,0.0,38.1
2025-11-27,5,0.0,38.3
2025-11-27,6,0.0,38.5
2025-11-27,7,0.0,38.4
2025-11-27,8,0.0,38.3
2025-11-27,9,0.0,38.2
2025-11-27,10,6.0,37.8
2025-11-27,11,108.0,39.2
2025-11-27,12,261.0,44.2
2025-11-27,13,375.0,47.8
2025-11-27,14,451.0,48.7
2025-11-27,15,468.0,49.6
2025-11-27,16,402.0,49.8
2025-11-27,17,298.0,49.3
2025-11-27,18,152.0,48.0
2025-11-27,19,37.0,45.7
2025-11-27,20,0.0,45.2
2025-11-27,21,0.0,43.7
2025-11-27,22,0.0,42.3
2025-11-27,23,0.0,41.1
2025-11-27,24,0.0,39.8
2025-11-28,1,0.0,39.3
2025-11-28,2,0.0,39.6
2025-11-28,3,0.0,40.0
2025-11-28,4,0.0,40.2
2025-11-28,5,0.0,40.3
2025-11-28,6,0.0,40.2
2025-11-28,7,0.0,40.1
2025-11-28,8,0.0,40.2
2025-11-28,9,0.0,40.1
2025-11-28,10,4.0,39.9
2025-11-28,11,84.0,40.5
2025-11-28,12,210.0,41.8
2025-11-28,13,285.0,45.0
2025-11-28,14,366.0,45.6
2025-11-28,15,338.0,46.3
2025-11-28,16,328.0,45.8
2025-11-28,17,237.0,44.8
2025-11-28,18,131.0,44.1
2025-11-28,19,32.0,42.7
2025-11-28,20,0.0,39.7
2025-11-28,21,0.0,38.2
2025-11-28,22,0.0,37.7
2025-11-28,23,0.0,38.5
2025-11-28,24,0.0,38.8
2025-11-29,1,0.0,37.9
2025-11-29,2,0.0,34.7
2025-11-29,3,0.0,32.1
2025-11-29,4,0.0,30.4
2025-11-29,5,0.0,29.1
2025-11-29,6,0.0,28.4
2025-11-29,7,0.0,28.0
2025-11-29,8,0.0,29.4
2025-11-29,9,0.0,30.8
2025-11-29,10,4.0,30.1
2025-11-29,11,97.0,30.3
2025-11-29,12,247.0,34.2
2025-11-29,13,364.0,36.5
2025-11-29,14,422.0,38.1
2025-11-29,15,442.0,39.4
2025-11-29,16,396.0,40.1
2025-11-29,17,330.0,40.3
2025-11-29,18,195.0,39.5
2025-11-29,19,44.0,38.4
2025-11-29,20,0.0,37.0
2025-11-29,21,0.0,35.5
2025-11-29,22,0.0,33.5
2025-11-29,23,0.0,33.1
2025-11-29,24,0.0,32.3
2025-11-30,1,0.0,32.0
2025-11-30,2,0.0,31.3
2025-11-30,3,0.0,31.3
2025-11-30,4,0.0,31.8
2025-11-30,5,0.0,31.9
2025-11-30,6,0.0,32.0
2025-11-30,7,0.0,31.9
2025-11-30,8,0.0,31.6
2025-11-30,9,0.0,31.2
2025-11-30,10,1.0,30.5
2025-11-30,11,29.0,31.1
2025-11-30,12,100.0,32.1
2025-11-30,13,238.0,33.8
2025-11-30,14,337.0,35.8
2025-11-30,15,299.0,36.7
2025-11-30,16,327.0,37.1
2025-11-30,17,281.0,36.8
2025-11-30,18,169.0,35.9
2025-11-30,19,44.0,33.9
2025-11-30,20,0.0,31.6
2025-11-30,21,0.0,29.2
2025-11-30,22,0.0,30.9
2025-11-30,23,0.0,29.7
2025-11-30,24,0.0,28.5
2025-12-01,1,0.0,27.6
2025-12-01,2,0.0,27.3
2025-12-01,3,0.0,26.4
2025-12-01,4,0.0,25.4
2025-12-01,5,0.0,25.0
2025-12-01,6,0.0,25.1
2025-12-01,7,0.0,25.0
2025-12-01,8,0.0,25.0
2025-12-01,9,0.0,24.6
2025-12-01,10,4.0,24.6
2025-12-01,11,99.0,26.6
2025-12-01,12,249.0,30.7
2025-12-01,13,361.0,33.2
2025-12-01,14,394.0,33.6
2025-12-01,15,358.0,34.3
2025-12-01,16,299.0,34.8
2025-12-01,17,240.0,34.4
2025-12-01,18,148.0,33.4
2025-12-01,19,35.0,31.9
2025-12-01,20,0.0,30.3
2025-12-01,21,0.0,28.7
2025-12-01,22,0.0,28.1
2025-12-01,23,0.0,28.4
2025-12-01,24,0.0,29.0
2025-12-02,1,0.0,29.5
2025-12-02,2,0.0,30.3
2025-12-02,3,0.0,30.4
2025-12-02,4,0.0,30.6
2025-12-02,5,0.0,30.5
2025-12-02,6,0.0,30.3
2025-12-02,7,0.0,30.1
2025-12-02,8,0.0,30.4
2025-12-02,9,0.0,31.1
2025-12-02,10,2.0,30.5
2025-12-02,11,49.0,32.4
2025-12-02,12,133.0,35.8
2025-12-02,13,234.0,37.6
2025-12-02,14,222.0,37.3
2025-12-02,15,241.0,37.6
2025-12-02,16,216.0,37.0
2025-12-02,17,128.0,35.9
2025-12-02,18,72.0,34.7
2025-12-02,19,21.0,33.4
2025-12-02,20,0.0,31.7
2025-12-02,21,0.0,31.8
2025-12-02,22,0.0,31.7
2025-12-02,23,0.0,31.1
2025-12-02,24,0.0,30.4
2025-12-03,1,0.0,30.0
2025-12-03,2,0.0,29.7
2025-12-03,3,0.0,29.5
2025-12-03,4,0.0,29.2
2025-12-03,5,0.0,28.6
2025-12-03,6,0.0,28.0
2025-12-03,7,0.0,27.7
2025-12-03,8,0.0,27.7
2025-12-03,9,0.0,28.2
2025-12-03,10,2.0,27.8
2025-12-03,11,82.0,29.5
2025-12-03,12,208.0,31.3
2025-12-03,13,325.0,33.4
2025-12-03,14,406.0,35.9
2025-12-03,15,425.0,36.8
2025-12-03,16,401.0,37.1
2025-12-03,17,289.0,36.4
2025-12-03,18,184.0,35.6
2025-12-03,19,45.0,33.4
2025-12-03,20,0.0,29.7
2025-12-03,21,0.0,28.8
2025-12-03,22,0.0,28.8
2025-12-03,23,0.0,27.7
2025-12-03,24,0.0,26.7
2025-12-04,1,0.0,26.2
2025-12-04,2,0.0,25.0
2025-12-04,3,0.0,25.1
2025-12-04,4,0.0,24.8
2025-12-04,5,0.0,24.9
2025-12-04,6,0.0,25.2
2025-12-04,7,0.0,25.2
2025-12-04,8,0.0,24.2
2025-12-04,9,0.0,25.0
2025-12-04,10,2.0,23.3
2025-12-04,11,79.0,26.6
2025-12-04,12,209.0,30.7
2025-12-04,13,263.0,32.6
2025-12-04,14,378.0,34.4
2025-12-04,15,292.0,34.9
2025-12-04,16,319.0,35.1
2025-12-04,17,254.0,34.9
2025-12-04,18,130.0,33.8
2025-12-04,19,28.0,32.5
2025-12-04,20,0.0,31.8
2025-12-04,21,0.0,31.3
2025-12-04,22,0.0,31.1
2025-12-04,23,0.0,31.2
2025-12-04,24,0.0,31.1
2025-12-05,1,0.0,31.3
2025-12-05,2,0.0,31.2
2025-12-05,3,0.0,31.4
2025-12-05,4,0.0,31.3
2025-12-05,5,0.0,31.1
2025-12-05,6,0.0,31.1
2025-12-05,7,0.0,31.0
2025-12-05,8,0.0,31.0
2025-12-05,9,0.0,31.0
2025-12-05,10,1.0,31.0
2025-12-05,11,26.0,31.5
2025-12-05,12,114.0,33.0
2025-12-05,13,181.0,34.5
2025-12-05,14,168.0,34.4
2025-12-05,15,203.0,34.9
2025-12-05,16,213.0,35.1
2025-12-05,17,121.0,34.9
2025-12-05,18,62.0,34.5
2025-12-05,19,13.0,34.0
2025-12-05,20,0.0,33.8
2025-12-05,21,0.0,33.8
2025-12-05,22,0.0,33.9
2025-12-05,23,0.0,34.2
2025-12-05,24,0.0,34.5
2025-12-06,1,0.0,34.9
2025-12-06,2,0.0,35.8
2025-12-06,3,0.0,36.0
2025-12-06,4,0.0,35.8
2025-12-06,5,0.0,35.7
2025-12-06,6,0.0,35.3
2025-12-06,7,0.0,33.8
2025-12-06,8,0.0,33.4
2025-12-06,9,0.0,33.5
2025-12-06,10,2.0,33.5
2025-12-06,11,87.0,34.8
2025-12-06,12,219.0,35.4
2025-12-06,13,332.0,35.9
2025-12-06,14,409.0,38.7
2025-12-06,15,433.0,38.8
2025-12-06,16,381.0,38.3
2025-12-06,17,291.0,37.6
2025-12-06,18,161.0,37.0
2025-12-06,19,42.0,36.5
2025-12-06,20,0.0,36.6
2025-12-06,21,0.0,37.1
2025-12-06,22,0.0,36.6
2025-12-06,23,0.0,35.1
2025-12-06,24,0.0,34.0
2025-12-07,1,0.0,33.1
2025-12-07,2,0.0,31.7
2025-12-07,3,0.0,30.9
2025-12-07,4,0.0,29.9
2025-12-07,5,0.0,29.2
2025-12-07,6,0.0,28.6
2025-12-07,7,0.0,27.2
2025-12-07,8,0.0,26.5
2025-12-07,9,0.0,26.0
2025-12-07,10,1.0,25.2
2025-12-07,11,69.0,22.8
2025-12-07,12,172.0,24.6
2025-12-07,13,289.0,29.9
2025-12-07,14,298.0,35.6
2025-12-07,15,325.0,36.5
2025-12-07,16,328.0,37.0
2025-12-07,17,240.0,37.1
2025-12-07,18,141.0,36.8
2025-12-07,19,30.0,36.7
2025-12-07,20,0.0,37.8
2025-12-07,21,0.0,37.6
2025-12-07,22,0.0,36.5
2025-12-07,23,0.0,36.5
2025-12-07,24,0.0,36.7
2025-12-08,1,0.0,38.1
2025-12-08,2,0.0,37.4
2025-12-08,3,0.0,37.6
2025-12-08,4,0.0,39.2
2025-12-08,5,0.0,38.7
2025-12-08,6,0.0,37.9
2025-12-08,7,0.0,37.5
2025-12-08,8,0.0,37.1
2025-12-08,9,0.0,36.5
2025-12-08,10,1.0,35.6
2025-12-08,11,72.0,35.3
2025-12-08,12,223.0,37.3
2025-12-08,13,313.0,39.4
2025-12-08,14,424.0,39.4
2025-12-08,15,418.0,38.9
2025-12-08,16,342.0,38.8
2025-12-08,17,258.0,38.6
2025-12-08,18,153.0,39.4
2025-12-08,19,39.0,38.0
2025-12-08,20,0.0,38.4
2025-12-08,21,0.0,38.9
2025-12-08,22,0.0,38.1
2025-12-08,23,0.0,37.4
2025-12-08,24,0.0,36.8
2025-12-09,1,0.0,36.6
2025-12-09,2,0.0,37.2
2025-12-09,3,0.0,37.4
2025-12-09,4,0.0,37.8
2025-12-09,5,0.0,38.0
2025-12-09,6,0.0,37.6
2025-12-09,7,0.0,37.2
2025-12-09,8,0.0,36.5
2025-12-09,9,0.0,34.8
2025-12-09,10,1.0,35.8
2025-12-09,11,62.0,37.4
2025-12-09,12,95.0,37.0
2025-12-09,13,135.0,38.4
2025-12-09,14,233.0,40.1
2025-12-09,15,254.0,40.6
2025-12-09,16,198.0,40.2
2025-12-09,17,90.0,40.1
2025-12-09,18,46.0,42.1
2025-12-09,19,8.0,43.9
2025-12-09,20,0.0,43.0
2025-12-09,21,0.0,42.3
2025-12-09,22,0.0,42.6
2025-12-09,23,0.0,42.5
2025-12-09,24,0.0,42.2
2025-12-10,1,0.0,42.1
2025-12-10,2,0.0,42.7
2025-12-10,3,0.0,42.7
2025-12-10,4,0.0,43.0
2025-12-10,5,0.0,41.8
2025-12-10,6,0.0,40.3
2025-12-10,7,0.0,40.3
2025-12-10,8,0.0,39.2
2025-12-10,9,0.0,38.5
2025-12-10,10,1.0,38.3
2025-12-10,11,56.0,39.1
2025-12-10,12,128.0,40.1
2025-12-10,13,207.0,41.0
2025-12-10,14,326.0,42.1
2025-12-10,15,393.0,43.2
2025-12-10,16,379.0,43.9
2025-12-10,17,310.0,43.8
2025-12-10,18,177.0,42.6
2025-12-10,19,33.0,45.4
2025-12-10,20,0.0,43.7
2025-12-10,21,0.0,42.4
2025-12-10,22,0.0,42.3
2025-12-10,23,0.0,40.7
2025-12-10,24,0.0,39.5
2025-12-11,1,0.0,39.3
2025-12-11,2,0.0,38.8
2025-12-11,3,0.0,38.1
2025-12-11,4,0.0,36.9
2025-12-11,5,0.0,35.5
2025-12-11,6,0.0,35.0
2025-12-11,7,0.0,34.5
2025-12-11,8,0.0,34.1
2025-12-11,9,0.0,33.1
2025-12-11,10,1.0,33.0
2025-12-11,11,62.0,36.1
2025-12-11,12,181.0,41.7
2025-12-11,13,291.0,46.6
2025-12-11,14,383.0,49.7
2025-12-11,15,420.0,52.0
2025-12-11,16,379.0,52.5
2025-12-11,17,297.0,51.8
2025-12-11,18,168.0,48.7
2025-12-11,19,38.0,43.0
2025-12-11,20,0.0,40.6
2025-12-11,21,0.0,38.8
2025-12-11,22,0.0,37.4
2025-12-11,23,0.0,35.9
2025-12-11,24,0.0,35.3
2025-12-12,1,0.0,34.9
2025-12-12,2,0.0,34.8
2025-12-12,3,0.0,34.3
2025-12-12,4,0.0,33.4
2025-12-12,5,0.0,33.7
2025-12-12,6,0.0,32.9
2025-12-12,7,0.0,32.6
2025-12-12,8,0.0,32.5
2025-12-12,9,0.0,32.4
2025-12-12,10,1.0,32.5
2025-12-12,11,70.0,37.1
2025-12-12,12,209.0,41.2
2025-12-12,13,330.0,45.1
2025-12-12,14,403.0,48.3
2025-12-12,15,422.0,49.6
2025-12-12,16,386.0,49.9
2025-12-12,17,303.0,49.7
2025-12-12,18,175.0,46.9
2025-12-12,19,40.0,40.5
2025-12-12,20,0.0,37.5
2025-12-12,21,0.0,35.6
2025-12-12,22,0.0,34.5
2025-12-12,23,0.0,33.4
2025-12-12,24,0.0,33.0
2025-12-13,1,0.0,32.1
2025-12-13,2,0.0,31.5
2025-12-13,3,0.0,31.6
2025-12-13,4,0.0,31.3
2025-12-13,5,0.0,31.4
2025-12-13,6,0.0,30.5
2025-12-13,7,0.0,29.6
2025-12-13,8,0.0,30.3
2025-12-13,9,0.0,30.1
2025-12-13,10,1.0,30.4
2025-12-13,11,71.0,34.4
2025-12-13,12,212.0,39.9
2025-12-13,13,333.0,43.8
2025-12-13,14,408.0,46.9
2025-12-13,15,429.0,48.7
2025-12-13,16,393.0,49.6
2025-12-13,17,306.0,49.4
2025-12-13,18,177.0,46.4
2025-12-13,19,41.0,42.4
2025-12-13,20,0.0,39.8
2025-12-13,21,0.0,37.6
2025-12-13,22,0.0,37.1
2025-12-13,23,0.0,37.4
2025-12-13,24,0.0,37.1
2025-12-14,1,0.0,36.6
2025-12-14,2,0.0,35.8
2025-12-14,3,0.0,34.8
2025-12-14,4,0.0,33.9
2025-12-14,5,0.0,33.5
2025-12-14,6,0.0,33.5
2025-12-14,7,0.0,33.6
2025-12-14,8,0.0,33.3
2025-12-14,9,0.0,32.0
2025-12-14,10,0.0,30.9
2025-12-14,11,71.0,34.5
2025-12-14,12,214.0,39.5
2025-12-14,13,336.0,43.7
2025-12-14,14,411.0,47.5
2025-12-14,15,429.0,49.1
2025-12-14,16,388.0,48.8
2025-12-14,17,303.0,47.0
2025-12-14,18,140.0,41.0
2025-12-14,19,30.0,37.9
2025-12-14,20,0.0,36.5
2025-12-14,21,0.0,34.5
2025-12-14,22,0.0,33.3
2025-12-14,23,0.0,32.5
2025-12-14,24,0.0,32.5
2025-12-15,1,0.0,32.7
2025-12-15,2,0.0,32.4
2025-12-15,3,0.0,31.8
2025-12-15,4,0.0,31.2
2025-12-15,5,0.0,30.7
2025-12-15,6,0.0,30.0
2025-12-15,7,0.0,29.8
2025-12-15,8,0.0,28.6
2025-12-15,9,0.0,28.5
2025-12-15,10,0.0,28.4
2025-12-15,11,70.0,32.5
2025-12-15,12,213.0,37.9
2025-12-15,13,336.0,41.8
2025-12-15,14,411.0,44.1
2025-12-15,15,433.0,45.9
2025-12-15,16,396.0,46.2
2025-12-15,17,308.0,45.1
2025-12-15,18,177.0,39.9
2025-12-15,19,40.0,35.2
2025-12-15,20,0.0,34.1
2025-12-15,21,0.0,33.0
2025-12-15,22,0.0,31.8
2025-12-15,23,0.0,34.0
2025-12-15,24,0.0,32.4
2025-12-16,1,0.0,34.8
2025-12-16,2,0.0,34.0
2025-12-16,3,0.0,30.8
2025-12-16,4,0.0,30.7
2025-12-16,5,0.0,29.8
2025-12-16,6,0.0,29.9
2025-12-16,7,0.0,32.4
2025-12-16,8,0.0,31.6
2025-12-16,9,0.0,31.3
2025-12-16,10,0.0,30.7
2025-12-16,11,31.0,35.7
2025-12-16,12,81.0,38.8
2025-12-16,13,208.0,43.0
2025-12-16,14,333.0,45.7
2025-12-16,15,390.0,46.6
2025-12-16,16,380.0,46.2
2025-12-16,17,288.0,45.3
2025-12-16,18,152.0,40.7
2025-12-16,19,30.0,37.0
2025-12-16,20,0.0,35.6
2025-12-16,21,0.0,34.4
2025-12-16,22,0.0,33.2
2025-12-16,23,0.0,33.1
2025-12-16,24,0.0,33.9
2025-12-17,1,0.0,34.4
2025-12-17,2,0.0,35.2
2025-12-17,3,0.0,35.3
2025-12-17,4,0.0,36.0
2025-12-17,5,0.0,35.9
2025-12-17,6,0.0,35.8
2025-12-17,7,0.0,34.7
2025-12-17,8,0.0,35.5
2025-12-17,9,0.0,35.5
2025-12-17,10,0.0,35.2
2025-12-17,11,21.0,36.6
2025-12-17,12,64.0,39.3
2025-12-17,13,120.0,44.7
2025-12-17,14,164.0,43.6
2025-12-17,15,68.0,42.5
2025-12-17,16,149.0,44.6
2025-12-17,17,225.0,46.1
2025-12-17,18,170.0,42.6
2025-12-17,19,39.0,38.4
2025-12-17,20,0.0,37.1
2025-12-17,21,0.0,34.9
2025-12-17,22,0.0,33.4
2025-12-17,23,0.0,30.7
2025-12-17,24,0.0,30.6
2025-12-18,1,0.0,31.0
2025-12-18,2,0.0,30.9
2025-12-18,3,0.0,30.3
2025-12-18,4,0.0,29.8
2025-12-18,5,0.0,29.7
2025-12-18,6,0.0,29.7
2025-12-18,7,0.0,27.9
2025-12-18,8,0.0,28.0
2025-12-18,9,0.0,27.1
2025-12-18,10,0.0,28.5
2025-12-18,11,47.0,30.0
2025-12-18,12,70.0,32.0
2025-12-18,13,105.0,34.5
2025-12-18,14,113.0,34.8
2025-12-18,15,93.0,34.8
2025-12-18,16,97.0,35.1
2025-12-18,17,52.0,34.1
2025-12-18,18,51.0,33.9
2025-12-18,19,7.0,32.1
2025-12-18,20,0.0,31.6
2025-12-18,21,0.0,31.3
2025-12-18,22,0.0,31.2
2025-12-18,23,0.0,30.7
2025-12-18,24,0.0,31.0
2025-12-19,1,0.0,31.0
2025-12-19,2,0.0,31.2
2025-12-19,3,0.0,31.0
2025-12-19,4,0.0,30.6
2025-12-19,5,0.0,31.3
2025-12-19,6,0.0,31.1
2025-12-19,7,0.0,32.8
2025-12-19,8,0.0,33.4
2025-12-19,9,0.0,35.1
2025-12-19,10,0.0,35.4
2025-12-19,11,9.0,36.7
2025-12-19,12,46.0,38.3
2025-12-19,13,51.0,41.3
2025-12-19,14,72.0,41.6
2025-12-19,15,117.0,42.9
2025-12-19,16,61.0,41.3
2025-12-19,17,46.0,39.7
2025-12-19,18,28.0,38.8
2025-12-19,19,6.0,38.8
2025-12-19,20,0.0,37.2
2025-12-19,21,0.0,37.6
2025-12-19,22,0.0,37.0
2025-12-19,23,0.0,36.0
2025-12-19,24,0.0,36.1
2025-12-20,1,0.0,37.0
2025-12-20,2,0.0,37.9
2025-12-20,3,0.0,36.3
2025-12-20,4,0.0,35.0
2025-12-20,5,0.0,34.1
2025-12-20,6,0.0,33.2
2025-12-20,7,0.0,34.3
2025-12-20,8,0.0,33.4
2025-12-20,9,0.0,32.3
2025-12-20,10,0.0,31.5
2025-12-20,11,52.0,34.4
2025-12-20,12,175.0,37.8
2025-12-20,13,232.0,39.7
2025-12-20,14,313.0,41.5
2025-12-20,15,360.0,43.3
2025-12-20,16,352.0,44.2
2025-12-20,17,279.0,44.4
2025-12-20,18,168.0,42.7
2025-12-20,19,41.0,38.8
2025-12-20,20,0.0,34.5
2025-12-20,21,0.0,33.8
2025-12-20,22,0.0,33.9
2025-12-20,23,0.0,34.7
2025-12-20,24,0.0,34.9
2025-12-21,1,0.0,34.3
2025-12-21,2,0.0,34.6
2025-12-21,3,0.0,34.2
2025-12-21,4,0.0,34.4
2025-12-21,5,0.0,34.5
2025-12-21,6,0.0,34.6
2025-12-21,7,0.0,34.8
2025-12-21,8,0.0,34.7
2025-12-21,9,0.0,35.0
2025-12-21,10,0.0,35.5
2025-12-21,11,18.0,36.4
2025-12-21,12,41.0,38.8
2025-12-21,13,104.0,43.4
2025-12-21,14,114.0,43.2
2025-12-21,15,97.0,42.8
2025-12-21,16,61.0,42.6
2025-12-21,17,67.0,43.8
2025-12-21,18,24.0,41.9
2025-12-21,19,14.0,44.0
2025-12-21,20,0.0,43.8
2025-12-21,21,0.0,42.6
2025-12-21,22,0.0,43.4
2025-12-21,23,0.0,44.0
2025-12-21,24,0.0,43.7
2025-12-22,1,0.0,43.1
2025-12-22,2,0.0,44.1
2025-12-22,3,0.0,43.7
2025-12-22,4,0.0,43.8
2025-12-22,5,0.0,43.4
2025-12-22,6,0.0,42.2
2025-12-22,7,0.0,43.6
2025-12-22,8,0.0,44.1
2025-12-22,9,0.0,43.3
2025-12-22,10,0.0,42.5
2025-12-22,11,8.0,42.5
2025-12-22,12,26.0,43.0
2025-12-22,13,43.0,45.2
2025-12-22,14,64.0,47.0
2025-12-22,15,137.0,50.1
2025-12-22,16,176.0,51.5
2025-12-22,17,164.0,50.9
2025-12-22,18,52.0,48.2
2025-12-22,19,8.0,47.2
2025-12-22,20,0.0,45.2
2025-12-22,21,0.0,45.1
2025-12-22,22,0.0,44.1
2025-12-22,23,0.0,44.1
2025-12-22,24,0.0,44.2
2025-12-23,1,0.0,45.1
2025-12-23,2,0.0,44.0
2025-12-23,3,0.0,42.4
2025-12-23,4,0.0,39.9
2025-12-23,5,0.0,39.7
2025-12-23,6,0.0,39.2
2025-12-23,7,0.0,39.4
2025-12-23,8,0.0,39.0
2025-12-23,9,0.0,38.8
2025-12-23,10,0.0,38.9
2025-12-23,11,26.0,41.0
2025-12-23,12,74.0,43.4
2025-12-23,13,175.0,46.6
2025-12-23,14,255.0,51.5
2025-12-23,15,284.0,54.0
2025-12-23,16,240.0,55.0
2025-12-23,17,157.0,53.9
2025-12-23,18,92.0,51.2
2025-12-23,19,25.0,47.7
2025-12-23,20,0.0,45.0
2025-12-23,21,0.0,44.9
2025-12-23,22,0.0,45.1
2025-12-23,23,0.0,44.2
2025-12-23,24,0.0,41.9
2025-12-24,1,0.0,40.8
2025-12-24,2,0.0,39.4
2025-12-24,3,0.0,39.3
2025-12-24,4,0.0,39.4
2025-12-24,5,0.0,40.0
2025-12-24,6,0.0,39.7
2025-12-24,7,0.0,39.6
2025-12-24,8,0.0,37.9
2025-12-24,9,0.0,37.3
2025-12-24,10,0.0,37.4
2025-12-24,11,39.0,40.6
2025-12-24,12,122.0,45.8
2025-12-24,13,162.0,49.3
2025-12-24,14,113.0,50.5
2025-12-24,15,121.0,51.3
2025-12-24,16,53.0,49.8
2025-12-24,17,54.0,49.6
2025-12-24,18,102.0,49.8
2025-12-24,19,17.0,46.0
2025-12-24,20,0.0,46.3
2025-12-24,21,0.0,46.7
2025-12-24,22,0.0,46.1
2025-12-24,23,0.0,45.5
2025-12-24,24,0.0,44.6
2025-12-25,1,0.0,44.5
2025-12-25,2,0.0,44.9
2025-12-25,3,0.0,44.0
2025-12-25,4,0.0,43.3
2025-12-25,5,0.0,43.6
2025-12-25,6,0.0,43.5
2025-12-25,7,0.0,44.1
2025-12-25,8,0.0,43.3
2025-12-25,9,0.0,43.1
2025-12-25,10,0.0,41.2
2025-12-25,11,20.0,40.6
2025-12-25,12,66.0,38.1
2025-12-25,13,91.0,44.4
2025-12-25,14,300.0,44.0
2025-12-25,15,353.0,45.3
2025-12-25,16,292.0,45.4
2025-12-25,17,238.0,44.9
2025-12-25,18,146.0,43.7
2025-12-25,19,43.0,41.2
2025-12-25,20,0.0,38.2
2025-12-25,21,0.0,37.9
2025-12-25,22,0.0,36.8
2025-12-25,23,0.0,35.7
2025-12-25,24,0.0,35.9
2025-12-26,1,0.0,34.7
2025-12-26,2,0.0,33.8
2025-12-26,3,0.0,33.3
2025-12-26,4,0.0,32.4
2025-12-26,5,0.0,32.5
2025-12-26,6,0.0,34.0
2025-12-26,7,0.0,35.9
2025-12-26,8,0.0,33.8
2025-12-26,9,0.0,35.2
2025-12-26,10,0.0,36.0
2025-12-26,11,32.0,36.2
2025-12-26,12,130.0,37.9
2025-12-26,13,199.0,40.5
2025-12-26,14,256.0,42.6
2025-12-26,15,146.0,43.5
2025-12-26,16,227.0,43.4
2025-12-26,17,223.0,43.1
2025-12-26,18,133.0,40.7
2025-12-26,19,32.0,35.2
2025-12-26,20,0.0,34.4
2025-12-26,21,0.0,34.1
2025-12-26,22,0.0,31.8
2025-12-26,23,0.0,31.6
2025-12-26,24,0.0,30.7
2025-12-27,1,0.0,31.2
2025-12-27,2,0.0,32.4
2025-12-27,3,0.0,32.2
2025-12-27,4,0.0,31.7
2025-12-27,5,0.0,31.2
2025-12-27,6,0.0,30.9
2025-12-27,7,0.0,30.8
2025-12-27,8,0.0,29.6
2025-12-27,9,0.0,27.5
2025-12-27,10,0.0,27.2
2025-12-27,11,53.0,28.8
2025-12-27,12,191.0,32.8
2025-12-27,13,322.0,36.4
2025-12-27,14,385.0,38.4
2025-12-27,15,421.0,38.9
2025-12-27,16,186.0,34.6
2025-12-27,17,148.0,32.8
2025-12-27,18,129.0,31.2
2025-12-27,19,51.0,28.4
2025-12-27,20,0.0,26.3
2025-12-27,21,0.0,28.8
2025-12-27,22,0.0,27.1
2025-12-27,23,0.0,27.1
2025-12-27,24,0.0,27.8
2025-12-28,1,0.0,27.2
2025-12-28,2,0.0,26.7
2025-12-28,3,0.0,25.9
2025-12-28,4,0.0,25.2
2025-12-28,5,0.0,23.8
2025-12-28,6,0.0,24.1
2025-12-28,7,0.0,23.5
2025-12-28,8,0.0,24.4
2025-12-28,9,0.0,24.4
2025-12-28,10,0.0,23.5
2025-12-28,11,40.0,24.3
2025-12-28,12,161.0,25.5
2025-12-28,13,299.0,26.9
2025-12-28,14,369.0,28.7
2025-12-28,15,390.0,29.9
2025-12-28,16,384.0,30.7
2025-12-28,17,311.0,30.8
2025-12-28,18,190.0,29.9
2025-12-28,19,54.0,26.1
2025-12-28,20,0.0,24.9
2025-12-28,21,0.0,24.3
2025-12-28,22,0.0,23.5
2025-12-28,23,0.0,22.5
2025-12-28,24,0.0,21.7
2025-12-29,1,0.0,21.3
2025-12-29,2,0.0,20.8
2025-12-29,3,0.0,20.7
2025-12-29,4,0.0,20.6
2025-12-29,5,0.0,20.4
2025-12-29,6,0.0,20.2
2025-12-29,7,0.0,20.0
2025-12-29,8,0.0,19.2
2025-12-29,9,0.0,19.0
2025-12-29,10,0.0,18.8
2025-12-29,11,52.0,20.4
2025-12-29,12,189.0,23.8
2025-12-29,13,314.0,27.1
2025-12-29,14,396.0,29.5
2025-12-29,15,425.0,32.1
2025-12-29,16,397.0,32.8
2025-12-29,17,316.0,32.9
2025-12-29,18,192.0,32.0
2025-12-29,19,55.0,28.5
2025-12-29,20,0.0,27.7
2025-12-29,21,0.0,26.8
2025-12-29,22,0.0,26.2
2025-12-29,23,0.0,25.6
2025-12-29,24,0.0,25.3
2025-12-30,1,0.0,23.8
2025-12-30,2,0.0,23.0
2025-12-30,3,0.0,22.8
2025-12-30,4,0.0,22.5
2025-12-30,5,0.0,21.7
2025-12-30,6,0.0,21.5
2025-12-30,7,0.0,20.8
2025-12-30,8,0.0,20.4
2025-12-30,9,0.0,21.0
2025-12-30,10,0.0,21.4
2025-12-30,11,51.0,24.2
2025-12-30,12,185.0,29.2
2025-12-30,13,308.0,32.3
2025-12-30,14,390.0,35.6
2025-12-30,15,419.0,38.0
2025-12-30,16,392.0,39.3
2025-12-30,17,313.0,39.7
2025-12-30,18,190.0,37.5
2025-12-30,19,55.0,32.6
2025-12-30,20,0.0,31.3
2025-12-30,21,0.0,30.1
2025-12-30,22,0.0,29.5
2025-12-30,23,0.0,29.1
2025-12-30,24,0.0,28.8
2025-12-31,1,0.0,27.1
2025-12-31,2,0.0,26.2
2025-12-31,3,0.0,25.4
2025-12-31,4,0.0,24.8
2025-12-31,5,0.0,24.5
2025-12-31,6,0.0,24.4
2025-12-31,7,0.0,23.3
2025-12-31,8,0.0,22.9
2025-12-31,9,0.0,22.9
2025-12-31,10,0.0,23.1
2025-12-31,11,50.0,26.6
2025-12-31,12,187.0,32.2
2025-12-31,13,313.0,36.7
2025-12-31,14,395.0,40.4
2025-12-31,15,421.0,41.8
2025-12-31,16,387.0,42.7
2025-12-31,17,310.0,42.3
2025-12-31,18,187.0,39.1
2025-12-31,19,50.0,34.3
2025-12-31,20,0.0,31.8
2025-12-31,21,0.0,31.1
2025-12-31,22,0.0,30.3
2025-12-31,23,0.0,29.1
2025-12-31,24,0.0,28.3
2026-01-01,1,0.0,26.8
2026-01-01,2,0.0,26.5
2026-01-01,3,0.0,27.2
2026-01-01,4,0.0,27.5
2026-01-01,5,0.0,28.9
2026-01-01,6,0.0,30.4
2026-01-01,7,0.0,31.0
2026-01-01,8,0.0,31.7
2026-01-01,9,0.0,31.8
2026-01-01,10,0.0,31.7
2026-01-01,11,9.0,32.1
2026-01-01,12,28.0,32.4
2026-01-01,13,62.0,33.3
2026-01-01,14,87.0,33.7
2026-01-01,15,121.0,34.0
2026-01-01,16,114.0,33.8
2026-01-01,17,90.0,33.6
2026-01-01,18,55.0,33.4
2026-01-01,19,15.0,33.6
2026-01-01,20,0.0,33.7
2026-01-01,21,0.0,33.8
2026-01-01,22,0.0,34.1
2026-01-01,23,0.0,34.3
2026-01-01,24,0.0,34.3
2026-01-02,1,0.0,34.6
2026-01-02,2,0.0,34.6
2026-01-02,3,0.0,34.6
2026-01-02,4,0.0,34.6
2026-01-02,5,0.0,34.6
2026-01-02,6,0.0,34.7
2026-01-02,7,0.0,34.6
2026-01-02,8,0.0,34.7
2026-01-02,9,0.0,34.7
2026-01-02,10,0.0,34.5
2026-01-02,11,9.0,34.5
2026-01-02,12,35.0,34.4
2026-01-02,13,66.0,35.5
2026-01-02,14,83.0,35.5
2026-01-02,15,110.0,35.8
2026-01-02,16,134.0,36.5
2026-01-02,17,130.0,38.1
2026-01-02,18,89.0,37.6
2026-01-02,19,30.0,36.5
2026-01-02,20,0.0,34.9
2026-01-02,21,0.0,33.4
2026-01-02,22,0.0,31.6
2026-01-02,23,0.0,30.7
2026-01-02,24,0.0,30.7
2026-01-03,1,0.0,31.4
2026-01-03,2,0.0,30.7
2026-01-03,3,0.0,29.8
2026-01-03,4,0.0,30.0
2026-01-03,5,0.0,30.1
2026-01-03,6,0.0,30.7
2026-01-03,7,0.0,30.6
2026-01-03,8,0.0,30.6
2026-01-03,9,0.0,30.8
2026-01-03,10,0.0,30.3
2026-01-03,11,36.0,32.0
2026-01-03,12,146.0,34.7
2026-01-03,13,252.0,38.5
2026-01-03,14,301.0,40.7
2026-01-03,15,314.0,43.4
2026-01-03,16,339.0,43.3
2026-01-03,17,252.0,43.4
2026-01-03,18,129.0,40.4
2026-01-03,19,37.0,36.9
2026-01-03,20,0.0,35.4
2026-01-03,21,0.0,35.4
2026-01-03,22,0.0,35.9
2026-01-03,23,0.0,35.6
2026-01-03,24,0.0,35.8
2026-01-04,1,0.0,35.2
2026-01-04,2,0.0,33.0
2026-01-04,3,0.0,31.3
2026-01-04,4,0.0,31.3
2026-01-04,5,0.0,29.7
2026-01-04,6,0.0,29.5
2026-01-04,7,0.0,33.3
2026-01-04,8,0.0,33.3
2026-01-04,9,0.0,34.1
2026-01-04,10,0.0,33.8
2026-01-04,11,28.0,33.3
2026-01-04,12,119.0,33.8
2026-01-04,13,158.0,34.8
2026-01-04,14,178.0,34.5
2026-01-04,15,238.0,35.2
2026-01-04,16,232.0,35.4
2026-01-04,17,134.0,34.5
2026-01-04,18,73.0,34.0
2026-01-04,19,28.0,35.6
2026-01-04,20,0.0,35.8
2026-01-04,21,0.0,35.3
2026-01-04,22,0.0,34.0
2026-01-04,23,0.0,35.1
2026-01-04,24,0.0,34.2
2026-01-05,1,0.0,35.2
2026-01-05,2,0.0,34.2
2026-01-05,3,0.0,32.8
2026-01-05,4,0.0,33.2
2026-01-05,5,0.0,31.8
2026-01-05,6,0.0,33.2
2026-01-05,7,0.0,32.4
2026-01-05,8,0.0,31.8
2026-01-05,9,0.0,33.6
2026-01-05,10,0.0,32.7
2026-01-05,11,28.0,33.9
2026-01-05,12,80.0,34.3
2026-01-05,13,172.0,33.8
2026-01-05,14,343.0,34.6
2026-01-05,15,372.0,35.6
2026-01-05,16,348.0,35.5
2026-01-05,17,282.0,36.1
2026-01-05,18,204.0,33.5
2026-01-05,19,72.0,31.5
2026-01-05,20,1.0,29.8
2026-01-05,21,0.0,28.0
2026-01-05,22,0.0,26.7
2026-01-05,23,0.0,25.1
2026-01-05,24,0.0,24.2
2026-01-06,1,0.0,25.4
2026-01-06,2,0.0,24.8
2026-01-06,3,0.0,23.5
2026-01-06,4,0.0,22.9
2026-01-06,5,0.0,23.6
2026-01-06,6,0.0,24.9
2026-01-06,7,0.0,23.5
2026-01-06,8,0.0,24.4
2026-01-06,9,0.0,24.2
2026-01-06,10,0.0,24.4
2026-01-06,11,55.0,26.4
2026-01-06,12,197.0,29.9
2026-01-06,13,334.0,34.7
2026-01-06,14,421.0,36.8
2026-01-06,15,455.0,38.6
2026-01-06,16,432.0,39.5
2026-01-06,17,349.0,39.1
2026-01-06,18,223.0,37.2
2026-01-06,19,76.0,34.3
2026-01-06,20,1.0,30.7
2026-01-06,21,0.0,28.9
2026-01-06,22,0.0,28.0
2026-01-06,23,0.0,27.6
2026-01-06,24,0.0,26.7
2026-01-07,1,0.0,27.9
2026-01-07,2,0.0,28.7
2026-01-07,3,0.0,28.1
2026-01-07,4,0.0,28.5
2026-01-07,5,0.0,26.4
2026-01-07,6,0.0,26.6
2026-01-07,7,0.0,27.6
2026-01-07,8,0.0,26.6
2026-01-07,9,0.0,26.8
2026-01-07,10,0.0,27.9
2026-01-07,11,31.0,30.4
2026-01-07,12,121.0,33.3
2026-01-07,13,236.0,36.3
2026-01-07,14,197.0,37.0
2026-01-07,15,353.0,37.8
2026-01-07,16,353.0,37.6
2026-01-07,17,228.0,36.9
2026-01-07,18,102.0,35.4
2026-01-07,19,29.0,33.9
2026-01-07,20,1.0,32.7
2026-01-07,21,0.0,31.4
2026-01-07,22,0.0,30.6
2026-01-07,23,0.0,29.6
2026-01-07,24,0.0,27.4
2026-01-08,1,0.0,28.4
2026-01-08,2,0.0,25.6
2026-01-08,3,0.0,24.6
2026-01-08,4,0.0,24.2
2026-01-08,5,0.0,25.0
2026-01-08,6,0.0,22.8
2026-01-08,7,0.0,25.3
2026-01-08,8,0.0,23.5
2026-01-08,9,0.0,23.1
2026-01-08,10,0.0,21.6
2026-01-08,11,42.0,23.0
2026-01-08,12,137.0,27.1
2026-01-08,13,172.0,29.8
2026-01-08,14,386.0,29.2
2026-01-08,15,353.0,28.4
2026-01-08,16,332.0,27.7
2026-01-08,17,287.0,27.1
2026-01-08,18,179.0,26.2
2026-01-08,19,60.0,24.8
2026-01-08,20,1.0,23.5
2026-01-08,21,0.0,22.3
2026-01-08,22,0.0,23.2
2026-01-08,23,0.0,21.6
2026-01-08,24,0.0,20.6
2026-01-09,1,0.0,21.2
2026-01-09,2,0.0,19.8
2026-01-09,3,0.0,17.5
2026-01-09,4,0.0,15.4
2026-01-09,5,0.0,14.0
2026-01-09,6,0.0,14.6
2026-01-09,7,0.0,13.6
2026-01-09,8,0.0,11.0
2026-01-09,9,0.0,11.0
2026-01-09,10,0.0,10.7
2026-01-09,11,46.0,11.0
2026-01-09,12,162.0,15.7
2026-01-09,13,239.0,21.1
2026-01-09,14,253.0,21.8
2026-01-09,15,263.0,23.2
2026-01-09,16,228.0,24.2
2026-01-09,17,176.0,24.9
2026-01-09,18,88.0,24.9
2026-01-09,19,28.0,25.0
2026-01-09,20,1.0,25.0
2026-01-09,21,0.0,24.6
2026-01-09,22,0.0,23.6
2026-01-09,23,0.0,23.5
2026-01-09,24,0.0,23.8
2026-01-10,1,0.0,24.4
2026-01-10,2,0.0,23.0
2026-01-10,3,0.0,21.3
2026-01-10,4,0.0,19.7
2026-01-10,5,0.0,17.4
2026-01-10,6,0.0,15.4
2026-01-10,7,0.0,11.2
2026-01-10,8,0.0,12.7
2026-01-10,9,0.0,13.1
2026-01-10,10,0.0,12.1
2026-01-10,11,46.0,12.4
2026-01-10,12,178.0,15.6
2026-01-10,13,310.0,19.0
2026-01-10,14,395.0,21.7
2026-01-10,15,437.0,24.4
2026-01-10,16,414.0,25.5
2026-01-10,17,338.0,26.2
2026-01-10,18,211.0,24.5
2026-01-10,19,74.0,21.4
2026-01-10,20,1.0,19.0
2026-01-10,21,0.0,17.8
2026-01-10,22,0.0,17.2
2026-01-10,23,0.0,16.9
2026-01-10,24,0.0,17.1
2026-01-11,1,0.0,16.7
2026-01-11,2,0.0,15.6
2026-01-11,3,0.0,15.5
2026-01-11,4,0.0,14.7
2026-01-11,5,0.0,14.9
2026-01-11,6,0.0,15.4
2026-01-11,7,0.0,15.5
2026-01-11,8,0.0,15.1
2026-01-11,9,0.0,14.4
2026-01-11,10,0.0,12.0
2026-01-11,11,45.0,14.7
2026-01-11,12,172.0,17.9
2026-01-11,13,300.0,22.3
2026-01-11,14,385.0,25.3
2026-01-11,15,422.0,27.7
2026-01-11,16,412.0,29.0
2026-01-11,17,341.0,29.7
2026-01-11,18,218.0,29.0
2026-01-11,19,79.0,26.2
2026-01-11,20,2.0,23.7
2026-01-11,21,0.0,21.8
2026-01-11,22,0.0,20.4
2026-01-11,23,0.0,19.7
2026-01-11,24,0.0,19.5
2026-01-12,1,0.0,20.3
2026-01-12,2,0.0,19.2
2026-01-12,3,0.0,17.8
2026-01-12,4,0.0,17.2
2026-01-12,5,0.0,17.1
2026-01-12,6,0.0,17.2
2026-01-12,7,0.0,17.3
2026-01-12,8,0.0,15.3
2026-01-12,9,0.0,14.6
2026-01-12,10,0.0,14.5
2026-01-12,11,51.0,16.9
2026-01-12,12,186.0,19.9
2026-01-12,13,323.0,24.9
2026-01-12,14,404.0,28.7
2026-01-12,15,442.0,30.7
2026-01-12,16,423.0,31.6
2026-01-12,17,339.0,32.4
2026-01-12,18,224.0,31.1
2026-01-12,19,83.0,28.6
2026-01-12,20,2.0,25.2
2026-01-12,21,0.0,23.1
2026-01-12,22,0.0,21.9
2026-01-12,23,0.0,21.7
2026-01-12,24,0.0,21.7
2026-01-13,1,0.0,21.9
2026-01-13,2,0.0,20.8
2026-01-13,3,0.0,19.8
2026-01-13,4,0.0,18.9
2026-01-13,5,0.0,18.2
2026-01-13,6,0.0,18.6
2026-01-13,7,0.0,19.5
2026-01-13,8,0.0,18.1
2026-01-13,9,0.0,17.4
2026-01-13,10,0.0,16.9
2026-01-13,11,53.0,19.9
2026-01-13,12,189.0,24.1
2026-01-13,13,324.0,28.4
2026-01-13,14,410.0,31.8
2026-01-13,15,457.0,33.7
2026-01-13,16,432.0,34.7
2026-01-13,17,355.0,34.5
2026-01-13,18,226.0,33.4
2026-01-13,19,72.0,32.7
2026-01-13,20,2.0,30.2
2026-01-13,21,0.0,28.3
2026-01-13,22,0.0,27.2
2026-01-13,23,0.0,26.9
2026-01-13,24,0.0,26.5
2026-01-14,1,0.0,26.6
2026-01-14,2,0.0,25.8
2026-01-14,3,0.0,25.1
2026-01-14,4,0.0,24.7
2026-01-14,5,0.0,24.7
2026-01-14,6,0.0,23.2
2026-01-14,7,0.0,20.3
2026-01-14,8,0.0,18.2
2026-01-14,9,0.0,17.8
2026-01-14,10,0.0,17.5
2026-01-14,11,53.0,19.5
2026-01-14,12,197.0,24.4
2026-01-14,13,335.0,29.0
2026-01-14,14,430.0,31.8
2026-01-14,15,466.0,34.3
2026-01-14,16,444.0,35.2
2026-01-14,17,365.0,35.5
2026-01-14,18,239.0,34.6
2026-01-14,19,91.0,33.0
2026-01-14,20,3.0,29.9
2026-01-14,21,0.0,28.5
2026-01-14,22,0.0,27.0
2026-01-14,23,0.0,25.8
2026-01-14,24,0.0,24.7
2026-01-15,1,0.0,23.5
2026-01-15,2,0.0,21.7
2026-01-15,3,0.0,20.7
2026-01-15,4,0.0,19.6
2026-01-15,5,0.0,20.4
2026-01-15,6,0.0,20.3
2026-01-15,7,0.0,18.6
2026-01-15,8,0.0,17.7
2026-01-15,9,0.0,17.8
2026-01-15,10,0.0,17.8
2026-01-15,11,58.0,20.8
2026-01-15,12,203.0,25.4
2026-01-15,13,340.0,32.1
2026-01-15,14,432.0,34.8
2026-01-15,15,470.0,37.4
2026-01-15,16,448.0,38.6
2026-01-15,17,369.0,39.1
2026-01-15,18,243.0,38.4
2026-01-15,19,94.0,35.2
2026-01-15,20,4.0,31.5
2026-01-15,21,0.0,28.2
2026-01-15,22,0.0,27.5
2026-01-15,23,0.0,25.6
2026-01-15,24,0.0,23.7
2026-01-16,1,0.0,23.2
2026-01-16,2,0.0,20.5
2026-01-16,3,0.0,20.2
2026-01-16,4,0.0,19.9
2026-01-16,5,0.0,19.0
2026-01-16,6,0.0,18.9
2026-01-16,7,0.0,17.9
2026-01-16,8,0.0,17.6
2026-01-16,9,0.0,18.1
2026-01-16,10,0.0,17.6
2026-01-16,11,48.0,19.0
2026-01-16,12,166.0,25.0
2026-01-16,13,290.0,32.2
2026-01-16,14,389.0,34.8
2026-01-16,15,445.0,37.8
2026-01-16,16,434.0,38.0
2026-01-16,17,362.0,38.5
2026-01-16,18,236.0,38.0
2026-01-16,19,92.0,33.1
2026-01-16,20,4.0,30.3
2026-01-16,21,0.0,28.7
2026-01-16,22,0.0,27.7
2026-01-16,23,0.0,27.1
2026-01-16,24,0.0,25.7
2026-01-17,1,0.0,25.7
2026-01-17,2,0.0,23.7
2026-01-17,3,0.0,22.5
2026-01-17,4,0.0,21.9
2026-01-17,5,0.0,21.9
2026-01-17,6,0.0,20.8
2026-01-17,7,0.0,20.7
2026-01-17,8,0.0,19.6
2026-01-17,9,0.0,18.4
2026-01-17,10,0.0,18.2
2026-01-17,11,49.0,19.9
2026-01-17,12,167.0,23.8
2026-01-17,13,289.0,28.1
2026-01-17,14,397.0,32.6
2026-01-17,15,445.0,35.0
2026-01-17,16,431.0,36.4
2026-01-17,17,355.0,36.9
2026-01-17,18,235.0,36.2
2026-01-17,19,93.0,32.0
2026-01-17,20,4.0,29.5
2026-01-17,21,0.0,28.0
2026-01-17,22,0.0,27.2
2026-01-17,23,0.0,26.6
2026-01-17,24,0.0,25.9
2026-01-18,1,0.0,24.5
2026-01-18,2,0.0,24.0
2026-01-18,3,0.0,23.7
2026-01-18,4,0.0,23.5
2026-01-18,5,0.0,22.8
2026-01-18,6,0.0,22.2
2026-01-18,7,0.0,19.7
2026-01-18,8,0.0,19.4
2026-01-18,9,0.0,19.4
2026-01-18,10,0.0,19.5
2026-01-18,11,60.0,23.3
2026-01-18,12,202.0,29.4
2026-01-18,13,335.0,33.7
2026-01-18,14,428.0,38.3
2026-01-18,15,468.0,40.9
2026-01-18,16,450.0,42.1
2026-01-18,17,372.0,42.4
2026-01-18,18,247.0,41.0
2026-01-18,19,101.0,37.0
2026-01-18,20,5.0,34.3
2026-01-18,21,0.0,31.8
2026-01-18,22,0.0,30.3
2026-01-18,23,0.0,29.7
2026-01-18,24,0.0,29.2
2026-01-19,1,0.0,29.5
2026-01-19,2,0.0,28.2
2026-01-19,3,0.0,27.1
2026-01-19,4,0.0,26.3
2026-01-19,5,0.0,25.7
2026-01-19,6,0.0,25.0
2026-01-19,7,0.0,23.2
2026-01-19,8,0.0,21.9
2026-01-19,9,0.0,20.3
2026-01-19,10,0.0,19.0
2026-01-19,11,62.0,21.9
2026-01-19,12,207.0,27.1
2026-01-19,13,339.0,32.5
2026-01-19,14,430.0,36.3
2026-01-19,15,479.0,38.5
2026-01-19,16,469.0,39.7
2026-01-19,17,392.0,39.8
2026-01-19,18,264.0,38.8
2026-01-19,19,110.0,33.6
2026-01-19,20,6.0,30.9
2026-01-19,21,0.0,28.9
2026-01-19,22,0.0,27.3
2026-01-19,23,0.0,26.3
2026-01-19,24,0.0,25.5
2026-01-20,1,0.0,24.3
2026-01-20,2,0.0,23.5
2026-01-20,3,0.0,22.9
2026-01-20,4,0.0,22.1
2026-01-20,5,0.0,21.6
2026-01-20,6,0.0,20.9
2026-01-20,7,0.0,17.9
2026-01-20,8,0.0,17.9
2026-01-20,9,0.0,18.2
2026-01-20,10,0.0,17.9
2026-01-20,11,63.0,21.4
2026-01-20,12,209.0,26.7
2026-01-20,13,326.0,31.6
2026-01-20,14,339.0,35.1
2026-01-20,15,395.0,37.1
2026-01-20,16,367.0,38.1
2026-01-20,17,345.0,38.9
2026-01-20,18,235.0,38.4
2026-01-20,19,105.0,34.4
2026-01-20,20,7.0,31.5
2026-01-20,21,0.0,29.6
2026-01-20,22,0.0,28.5
2026-01-20,23,0.0,28.2
2026-01-20,24,0.0,27.4
2026-01-21,1,0.0,26.9
2026-01-21,2,0.0,25.8
2026-01-21,3,0.0,25.2
2026-01-21,4,0.0,24.4
2026-01-21,5,0.0,23.5
2026-01-21,6,0.0,23.2
2026-01-21,7,0.0,19.2
2026-01-21,8,0.0,17.6
2026-01-21,9,0.0,17.6
2026-01-21,10,0.0,17.4
2026-01-21,11,66.0,20.9
2026-01-21,12,212.0,28.4
2026-01-21,13,340.0,33.1
2026-01-21,14,429.0,37.4
2026-01-21,15,472.0,39.8
2026-01-21,16,443.0,41.1
2026-01-21,17,380.0,41.3
2026-01-21,18,243.0,40.3
2026-02-11,19,177.0,45.8
2026-02-11,20,45.0,49.2
2026-02-11,21,0.0,46.4
2026-02-11,22,0.0,45.3
2026-02-11,23,0.0,43.7
2026-02-11,24,0.0,41.8
2026-02-12,1,0.0,39.6
2026-02-12,2,0.0,37.8
2026-02-12,3,0.0,36.4
2026-02-12,4,0.0,36.0
2026-02-12,5,0.0,34.7
2026-02-12,6,0.0,35.5
2026-02-12,7,0.0,36.0
2026-02-12,8,0.0,36.2
2026-02-12,9,0.0,36.2
2026-02-12,10,8.0,36.0
2026-02-12,11,109.0,37.3
2026-02-12,12,264.0,40.8
2026-02-12,13,389.0,42.8
2026-02-12,14,444.0,44.6
2026-02-12,15,433.0,45.5
2026-02-12,16,373.0,46.0
2026-02-12,17,315.0,45.8
2026-02-12,18,243.0,45.4
2026-02-12,19,129.0,43.2
2026-02-12,20,38.0,43.1
2026-02-12,21,0.0,40.3
2026-02-12,22,0.0,38.2
2026-02-12,23,0.0,37.3
2026-02-12,24,0.0,37.1
2026-02-13,1,0.0,37.3
2026-02-13,2,0.0,37.7
2026-02-13,3,0.0,34.9
2026-02-13,4,0.0,34.5
2026-02-13,5,0.0,34.0
2026-02-13,6,0.0,35.5
2026-02-13,7,0.0,35.3
2026-02-13,8,0.0,35.4
2026-02-13,9,0.0,35.4
2026-02-13,10,11.0,35.0
2026-02-13,11,129.0,36.3
2026-02-13,12,307.0,39.9
2026-02-13,13,425.0,40.3
2026-02-13,14,536.0,41.7
2026-02-13,15,526.0,44.5
2026-02-13,16,473.0,45.5
2026-02-13,17,302.0,46.6
2026-02-13,18,197.0,46.6
2026-02-13,19,81.0,45.8
2026-02-13,20,36.0,47.7
2026-02-13,21,0.0,44.1
2026-02-13,22,0.0,42.7
2026-02-13,23,0.0,43.3
2026-02-13,24,0.0,40.1
2026-02-14,1,0.0,38.0
2026-02-14,2,0.0,37.3
2026-02-14,3,0.0,34.3
2026-02-14,4,0.0,32.9
2026-02-14,5,0.0,32.5
2026-02-14,6,0.0,33.8
2026-02-14,7,0.0,33.7
2026-02-14,8,0.0,33.8
2026-02-14,9,0.0,34.3
2026-02-14,10,13.0,34.2
2026-02-14,11,146.0,35.2
2026-02-14,12,329.0,41.1
2026-02-14,13,476.0,42.5
2026-02-14,14,583.0,43.4
2026-02-14,15,616.0,47.3
2026-02-14,16,582.0,47.6
2026-02-14,17,511.0,48.1
2026-02-14,18,383.0,47.4
2026-02-14,19,188.0,46.3
2026-02-14,20,39.0,47.5
2026-02-14,21,0.0,46.1
2026-02-14,22,0.0,45.0
2026-02-14,23,0.0,44.5
2026-02-14,24,0.0,43.2
2026-02-15,1,0.0,42.1
2026-02-15,2,0.0,41.6
2026-02-15,3,0.0,40.1
2026-02-15,4,0.0,38.7
2026-02-15,5,0.0,36.3
2026-02-15,6,0.0,37.8
2026-02-15,7,0.0,38.3
2026-02-15,8,0.0,40.0
2026-02-15,9,0.0,40.5
2026-02-15,10,10.0,39.6
2026-02-15,11,93.0,40.6
2026-02-15,12,217.0,46.3
2026-02-15,13,335.0,47.7
2026-02-15,14,387.0,48.3
2026-02-15,15,446.0,50.5
2026-02-15,16,429.0,51.3
2026-02-15,17,435.0,51.8
2026-02-15,18,397.0,51.7
2026-02-15,19,241.0,50.9
2026-02-15,20,63.0,50.8
2026-02-15,21,0.0,49.2
2026-02-15,22,0.0,47.0
2026-02-15,23,0.0,46.3
2026-02-15,24,0.0,45.7
2026-02-16,1,0.0,46.0
2026-02-16,2,0.0,46.7
2026-02-16,3,0.0,45.0
2026-02-16,4,0.0,46.2
2026-02-16,5,0.0,46.9
2026-02-16,6,0.0,46.4
2026-02-16,7,0.0,46.6
2026-02-16,8,0.0,45.8
2026-02-16,9,0.0,46.4
2026-02-16,10,17.0,44.5
2026-02-16,11,160.0,44.5
2026-02-16,12,340.0,48.7
2026-02-16,13,492.0,50.6
2026-02-16,14,596.0,51.8
2026-02-16,15,637.0,54.6
2026-02-16,16,571.0,54.9
2026-02-16,17,528.0,54.5
2026-02-16,18,412.0,54.8
2026-02-16,19,236.0,54.9
2026-02-16,20,55.0,53.3
2026-02-16,21,0.0,53.0
2026-02-16,22,0.0,51.3
2026-02-16,23,0.0,50.4
2026-02-16,24,0.0,48.3
2026-02-17,1,0.0,45.6
2026-02-17,2,0.0,47.2
2026-02-17,3,0.0,44.4
2026-02-17,4,0.0,43.2
2026-02-17,5,0.0,38.4
2026-02-17,6,0.0,37.4
2026-02-17,7,0.0,37.3
2026-02-17,8,0.0,37.7
2026-02-17,9,0.0,36.9
2026-02-17,10,5.0,38.1
2026-02-17,11,70.0,38.1
2026-02-17,12,155.0,35.8
2026-02-17,13,324.0,36.9
2026-02-17,14,531.0,37.1
2026-02-17,15,541.0,38.6
2026-02-17,16,542.0,40.3
2026-02-17,17,407.0,40.9
2026-02-17,18,366.0,39.2
2026-02-17,19,169.0,38.2
2026-02-17,20,42.0,37.7
2026-02-17,21,0.0,35.4
2026-02-17,22,0.0,33.3
2026-02-17,23,0.0,34.1
2026-02-17,24,0.0,34.4
2026-02-18,1,0.0,36.5
2026-02-18,2,0.0,37.6
2026-02-18,3,0.0,37.7
2026-02-18,4,0.0,36.9
2026-02-18,5,0.0,35.7
2026-02-18,6,0.0,35.8
2026-02-18,7,0.0,35.5
2026-02-18,8,0.0,33.4
2026-02-18,9,0.0,33.0
2026-02-18,10,4.0,32.6
2026-02-18,11,24.0,31.8
2026-02-18,12,128.0,31.0
2026-02-18,13,178.0,30.6
2026-02-18,14,238.0,29.6
2026-02-18,15,367.0,28.3
2026-02-18,16,408.0,28.3
2026-02-18,17,385.0,28.3
2026-02-18,18,330.0,28.4
2026-02-18,19,187.0,27.2
2026-02-18,20,61.0,25.5
2026-02-18,21,0.0,24.7
2026-02-18,22,0.0,24.0
2026-02-18,23,0.0,24.3
2026-02-18,24,0.0,23.5
2026-02-19,1,0.0,21.4
2026-02-19,2,0.0,19.2
2026-02-19,3,0.0,15.3
2026-02-19,4,0.0,13.6
2026-02-19,5,0.0,12.3
2026-02-19,6,0.0,12.4
2026-02-19,7,0.0,8.9
2026-02-19,8,0.0,6.0
2026-02-19,9,0.0,4.1
2026-02-19,10,22.0,4.1
2026-02-19,11,193.0,8.2
2026-02-19,12,384.0,13.6
2026-02-19,13,537.0,19.2
2026-02-19,14,587.0,22.9
2026-02-19,15,674.0,25.7
2026-02-19,16,597.0,26.8
2026-02-19,17,527.0,27.6
2026-02-19,18,408.0,28.1
2026-02-19,19,245.0,28.5
2026-02-19,20,79.0,27.3
2026-02-19,21,0.0,22.1
2026-02-19,22,0.0,19.3
2026-02-19,23,0.0,16.5
2026-02-19,24,0.0,14.2
2026-02-20,1,0.0,14.4
2026-02-20,2,0.0,13.3
2026-02-20,3,0.0,11.9
2026-02-20,4,0.0,9.5
2026-02-20,5,0.0,10.9
2026-02-20,6,0.0,10.3
2026-02-20,7,0.0,9.9
2026-02-20,8,0.0,9.2
2026-02-20,9,0.0,9.1
2026-02-20,10,22.0,10.7
2026-02-20,11,174.0,12.5
2026-02-20,12,360.0,16.3
2026-02-20,13,535.0,18.7
2026-02-20,14,658.0,21.2
2026-02-20,15,706.0,25.9
2026-02-20,16,661.0,27.9
2026-02-20,17,583.0,29.4
2026-02-20,18,418.0,30.3
2026-02-20,19,264.0,30.0
2026-02-20,20,69.0,29.7
2026-02-20,21,0.0,30.5
2026-02-20,22,0.0,30.0
2026-02-20,23,0.0,29.4
2026-02-20,24,0.0,26.8
2026-02-21,1,0.0,24.0
2026-02-21,2,0.0,23.0
2026-02-21,3,0.0,21.4
2026-02-21,4,0.0,20.2
2026-02-21,5,0.0,19.6
2026-02-21,6,0.0,19.3
2026-02-21,7,0.0,19.5
2026-02-21,8,0.0,17.1
2026-02-21,9,0.0,12.4
2026-02-21,10,30.0,14.0
2026-02-21,11,198.0,17.2
2026-02-21,12,382.0,21.3
2026-02-21,13,553.0,25.3
2026-02-21,14,664.0,29.3
2026-02-21,15,711.0,32.7
2026-02-21,16,696.0,33.8
2026-02-21,17,617.0,34.9
2026-02-21,18,477.0,36.4
2026-02-21,19,295.0,37.4
2026-02-21,20,93.0,36.1
2026-02-21,21,0.0,31.0
2026-02-21,22,0.0,28.4
2026-02-21,23,0.0,26.5
2026-02-21,24,0.0,22.6
2026-02-22,1,0.0,20.2
2026-02-22,2,0.0,19.4
2026-02-22,3,0.0,18.1
2026-02-22,4,0.0,15.0
2026-02-22,5,0.0,16.8
2026-02-22,6,0.0,18.2
2026-02-22,7,0.0,17.7
2026-02-22,8,0.0,17.0
2026-02-22,9,0.0,14.8
2026-02-22,10,34.0,15.3
2026-02-22,11,213.0,18.0
2026-02-22,12,403.0,26.7
2026-02-22,13,561.0,31.8
2026-02-22,14,667.0,35.0
2026-02-22,15,714.0,39.9
2026-02-22,16,696.0,41.2
2026-02-22,17,614.0,41.8
2026-02-22,18,477.0,43.2
2026-02-22,19,297.0,43.3
2026-02-22,20,100.0,42.2
2026-02-22,21,1.0,37.7
2026-02-22,22,0.0,33.0
2026-02-22,23,0.0,30.4
2026-02-22,24,0.0,28.3
2026-02-23,1,0.0,27.1
2026-02-23,2,0.0,25.3
2026-02-23,3,0.0,22.2
2026-02-23,4,0.0,21.3
2026-02-23,5,0.0,21.0
2026-02-23,6,0.0,20.4
2026-02-23,7,0.0,20.4
2026-02-23,8,0.0,19.3
2026-02-23,9,0.0,20.3
2026-02-23,10,37.0,22.2
2026-02-23,11,211.0,24.5
2026-02-23,12,403.0,31.9
2026-02-23,13,554.0,37.3
2026-02-23,14,639.0,41.9
2026-02-23,15,663.0,44.0
2026-02-23,16,632.0,44.5
2026-02-23,17,556.0,42.4
2026-02-23,18,413.0,42.6
2026-02-23,19,247.0,46.2
2026-02-23,20,91.0,47.7
2026-02-23,21,1.0,45.8
2026-02-23,22,0.0,44.5
2026-02-23,23,0.0,43.2
2026-02-23,24,0.0,40.6
2026-02-24,1,0.0,37.6
2026-02-24,2,0.0,33.7
2026-02-24,3,0.0,34.3
2026-02-24,4,0.0,33.1
2026-02-24,5,0.0,39.8
2026-02-24,6,0.0,41.5
2026-02-24,7,0.0,40.4
2026-02-24,8,0.0,40.9
2026-02-24,9,0.0,41.8
2026-02-24,10,7.0,41.7
2026-02-24,11,42.0,41.0
2026-02-24,12,69.0,41.8
2026-02-24,13,146.0,41.7
2026-02-24,14,228.0,41.4
2026-02-24,15,185.0,41.9
2026-02-24,16,145.0,41.8
2026-02-24,17,141.0,44.2
2026-02-24,18,102.0,42.7
2026-02-24,19,66.0,43.2
2026-02-24,20,22.0,44.0
2026-02-24,21,0.0,43.3
2026-02-24,22,0.0,42.9
2026-02-24,23,0.0,42.7
2026-02-24,24,0.0,42.5
2026-02-25,1,0.0,41.8
2026-02-25,2,0.0,41.5
2026-02-25,3,0.0,41.6
2026-02-25,4,0.0,41.4
2026-02-25,5,0.0,41.4
2026-02-25,6,0.0,40.8
2026-02-25,7,0.0,40.5
2026-02-25,8,0.0,40.7
2026-02-25,9,0.0,41.6
2026-02-25,10,12.0,41.3
2026-02-25,11,56.0,41.9
2026-02-25,12,155.0,44.7
2026-02-25,13,255.0,47.2
2026-02-25,14,442.0,46.7
2026-02-25,15,337.0,49.8
2026-02-25,16,314.0,51.1
2026-02-25,17,288.0,46.2
2026-02-25,18,278.0,45.9
2026-02-25,19,140.0,49.8
2026-02-25,20,70.0,49.3
2026-02-25,21,1.0,46.8
2026-02-25,22,0.0,45.0
2026-02-25,23,0.0,44.5
2026-02-25,24,0.0,42.2
2026-02-26,1,0.0,41.6
2026-02-26,2,0.0,39.1
2026-02-26,3,0.0,35.3
2026-02-26,4,0.0,36.4
2026-02-26,5,0.0,35.4
2026-02-26,6,0.0,36.0
2026-02-26,7,0.0,35.4
2026-02-26,8,0.0,33.3
2026-02-26,9,0.0,32.4
2026-02-26,10,32.0,34.4
2026-02-26,11,175.0,38.9
2026-02-26,12,361.0,43.5
2026-02-26,13,491.0,46.6
2026-02-26,14,631.0,48.3
2026-02-26,15,605.0,49.9
2026-02-26,16,492.0,51.1
2026-02-26,17,388.0,52.3
2026-02-26,18,323.0,52.8
2026-02-26,19,247.0,53.1
2026-02-26,20,103.0,46.0
2026-02-26,21,2.0,43.2
2026-02-26,22,0.0,43.4
2026-02-26,23,0.0,46.5
2026-02-26,24,0.0,44.5
2026-02-27,1,0.0,42.7
2026-02-27,2,0.0,38.4
2026-02-27,3,0.0,36.0
2026-02-27,4,0.0,34.0
2026-02-27,5,0.0,31.5
2026-02-27,6,0.0,32.6
2026-02-27,7,0.0,32.4
2026-02-27,8,0.0,33.0
2026-02-27,9,0.0,34.1
2026-02-27,10,42.0,35.9
2026-02-27,11,195.0,39.7
2026-02-27,12,381.0,46.3
2026-02-27,13,540.0,49.5
2026-02-27,14,659.0,51.6
2026-02-27,15,707.0,54.9
2026-02-27,16,690.0,57.2
2026-02-27,17,577.0,57.6
2026-02-27,18,440.0,57.9
2026-02-27,19,251.0,57.2
2026-02-27,20,102.0,53.2
2026-02-27,21,2.0,52.4
2026-02-27,22,0.0,52.1
2026-02-27,23,0.0,50.6
2026-02-27,24,0.0,44.5
2026-02-28,1,0.0,41.2
2026-02-28,2,0.0,39.0
2026-02-28,3,0.0,35.9
2026-02-28,4,0.0,34.8
2026-02-28,5,0.0,31.8
2026-02-28,6,0.0,31.9
2026-02-28,7,0.0,31.9
2026-02-28,8,0.0,31.7
2026-02-28,9,0.0,31.8
2026-02-28,10,49.0,35.6
2026-02-28,11,212.0,39.8
2026-02-28,12,361.0,47.8
2026-02-28,13,501.0,49.9
2026-02-28,14,547.0,52.8
2026-02-28,15,572.0,55.3
2026-02-28,16,525.0,55.1
2026-02-28,17,446.0,54.9
2026-02-28,18,256.0,54.7
2026-02-28,19,112.0,52.0
2026-02-28,20,27.0,54.4
2026-02-28,21,1.0,53.0
2026-02-28,22,0.0,52.9
2026-02-28,23,0.0,52.3
2026-02-28,24,0.0,51.7
2026-03-01,1,0.0,49.9
2026-03-01,2,0.0,47.9
2026-03-01,3,0.0,47.0
2026-03-01,4,0.0,44.7
2026-03-01,5,0.0,45.7
2026-03-01,6,0.0,46.5
2026-03-01,7,0.0,45.6
2026-03-01,8,0.0,45.0
2026-03-01,9,0.0,44.5
2026-03-01,10,24.0,45.3
2026-03-01,11,111.0,45.2
2026-03-01,12,178.0,47.4
2026-03-01,13,296.0,47.7
2026-03-01,14,506.0,47.9
2026-03-01,15,461.0,50.4
2026-03-01,16,370.0,52.3
2026-03-01,17,362.0,54.8
2026-03-01,18,243.0,55.3
2026-03-01,19,179.0,54.8
2026-03-01,20,58.0,56.6
2026-03-01,21,2.0,53.7
2026-03-01,22,0.0,51.8
2026-03-01,23,0.0,49.8
2026-03-01,24,0.0,45.8
2026-03-02,1,0.0,46.4
2026-03-02,2,0.0,46.3
2026-03-02,3,0.0,44.8
2026-03-02,4,0.0,45.4
2026-03-02,5,0.0,43.9
2026-03-02,6,0.0,42.4
2026-03-02,7,0.0,42.0
2026-03-02,8,0.0,41.3
2026-03-02,9,0.0,41.1
2026-03-02,10,40.0,42.7
2026-03-02,11,156.0,43.6
2026-03-02,12,206.0,44.8
2026-03-02,13,247.0,45.2
2026-03-02,14,173.0,45.4
2026-03-02,15,143.0,45.2
2026-03-02,16,72.0,44.1
2026-03-02,17,69.0,42.1
2026-03-02,18,40.0,38.6
2026-03-02,19,25.0,38.4
2026-03-02,20,8.0,38.9
2026-03-02,21,0.0,38.3
2026-03-02,22,0.0,37.6
2026-03-02,23,0.0,38.1
2026-03-02,24,0.0,37.6
2026-03-03,1,0.0,38.3
2026-03-03,2,0.0,38.8
2026-03-03,3,0.0,37.7
2026-03-03,4,0.0,38.0
2026-03-03,5,0.0,36.2
2026-03-03,6,0.0,38.0
2026-03-03,7,0.0,38.1
2026-03-03,8,0.0,37.8
2026-03-03,9,0.0,38.1
2026-03-03,10,27.0,38.6
2026-03-03,11,112.0,40.6
2026-03-03,12,260.0,41.9
2026-03-03,13,361.0,43.8
2026-03-03,14,581.0,46.4
2026-03-03,15,648.0,49.0
2026-03-03,16,667.0,50.7
2026-03-03,17,600.0,52.4
2026-03-03,18,491.0,53.5
2026-03-03,19,321.0,53.5
2026-03-03,20,125.0,51.0
2026-03-03,21,5.0,47.2
2026-03-03,22,0.0,45.4
2026-03-03,23,0.0,43.9
2026-03-03,24,0.0,41.3
2026-03-04,1,0.0,39.6
2026-03-04,2,0.0,38.1
2026-03-04,3,0.0,35.1
2026-03-04,4,0.0,32.2
2026-03-04,5,0.0,29.6
2026-03-04,6,0.0,29.1
2026-03-04,7,0.0,28.6
2026-03-04,8,0.0,31.2
2026-03-04,9,0.0,32.8
2026-03-04,10,49.0,35.8
2026-03-04,11,180.0,38.5
2026-03-04,12,324.0,41.6
2026-03-04,13,485.0,44.2
2026-03-04,14,652.0,46.5
2026-03-04,15,720.0,50.6
2026-03-04,16,709.0,52.6
2026-03-04,17,588.0,53.1
2026-03-04,18,458.0,52.8
2026-03-04,19,213.0,53.4
2026-03-04,20,81.0,49.5
2026-03-04,21,3.0,46.8
2026-03-04,22,0.0,42.3
2026-03-04,23,0.0,41.3
2026-03-04,24,0.0,36.9
2026-03-05,1,0.0,34.8
2026-03-05,2,0.0,34.6
2026-03-05,3,0.0,34.3
2026-03-05,4,0.0,33.1
2026-03-05,5,0.0,31.4
2026-03-05,6,0.0,31.3
2026-03-05,7,0.0,32.3
2026-03-05,8,0.0,29.8
2026-03-05,9,0.0,29.9
2026-03-05,10,43.0,31.0
2026-03-05,11,173.0,34.0
2026-03-05,12,267.0,36.9
2026-03-05,13,192.0,38.8
2026-03-05,14,243.0,37.6
2026-03-05,15,427.0,38.5
2026-03-05,16,330.0,38.6
2026-03-05,17,395.0,39.2
2026-03-05,18,266.0,38.1
2026-03-05,19,157.0,38.1
2026-03-05,20,55.0,36.8
2026-03-05,21,3.0,35.0
2026-03-05,22,0.0,34.2
2026-03-05,23,0.0,32.6
2026-03-05,24,0.0,32.7
2026-03-06,1,0.0,34.0
2026-03-06,2,0.0,32.4
2026-03-06,3,0.0,32.6
2026-03-06,4,0.0,31.9
2026-03-06,5,0.0,31.3
2026-03-06,6,0.0,30.2
2026-03-06,7,0.0,30.0
2026-03-06,8,0.0,29.0
2026-03-06,9,0.0,28.0
2026-03-06,10,46.0,29.8
2026-03-06,11,148.0,32.5
2026-03-06,12,285.0,34.6
2026-03-06,13,459.0,36.8
2026-03-06,14,569.0,38.8
2026-03-06,15,584.0,39.7
2026-03-06,16,514.0,40.6
2026-03-06,17,500.0,40.3
2026-03-06,18,378.0,40.3
2026-03-06,19,212.0,40.8
2026-03-06,20,101.0,38.3
2026-03-06,21,5.0,34.3
2026-03-06,22,0.0,32.9
2026-03-06,23,0.0,31.7
2026-03-06,24,0.0,30.4
2026-03-07,1,0.0,30.9
2026-03-07,2,0.0,31.4
2026-03-07,3,0.0,31.9
2026-03-07,4,0.0,30.5
2026-03-07,5,0.0,29.5
2026-03-07,6,0.0,28.3
2026-03-07,7,0.0,28.1
2026-03-07,8,0.0,27.9
2026-03-07,9,0.0,27.2
2026-03-07,10,63.0,30.7
2026-03-07,11,232.0,34.8
2026-03-07,12,407.0,38.2
2026-03-07,13,551.0,41.9
2026-03-07,14,555.0,43.8
2026-03-07,15,468.0,44.9
2026-03-07,16,501.0,46.9
2026-03-07,17,299.0,46.4
2026-03-07,18,284.0,45.8
2026-03-07,19,154.0,44.6
2026-03-07,20,63.0,42.8
2026-03-07,21,3.0,40.9
2026-03-07,22,0.0,40.1
2026-03-07,23,0.0,39.0
2026-03-07,24,0.0,38.8
2026-03-08,1,0.0,38.8
2026-03-08,2,0.0,38.0
2026-03-08,3,0.0,36.0
2026-03-08,4,0.0,34.8
2026-03-08,5,0.0,35.1
2026-03-08,6,0.0,35.2
2026-03-08,7,0.0,35.6
2026-03-08,8,0.0,35.6
2026-03-08,9,0.0,34.4
2026-03-08,10,60.0,35.7
2026-03-08,11,218.0,41.5
2026-03-08,12,385.0,46.0
2026-03-08,13,538.0,50.2
2026-03-08,14,660.0,52.4
2026-03-08,15,626.0,54.2
2026-03-08,16,619.0,55.3
2026-03-08,17,560.0,54.4
2026-03-08,18,465.0,53.8
2026-03-08,19,296.0,53.2
2026-03-08,20,119.0,50.0
2026-03-08,21,7.0,44.7
2026-03-08,22,0.0,42.0
2026-03-08,23,0.0,40.6
2026-03-08,24,0.0,39.7
2026-03-09,1,0.0,39.6
2026-03-09,2,0.0,38.4
2026-03-09,3,0.0,37.2
2026-03-09,4,0.0,36.7
2026-03-09,5,0.0,35.6
2026-03-09,6,0.0,34.6
2026-03-09,7,0.0,35.4
2026-03-09,8,0.0,36.0
2026-03-09,9,0.0,34.2
2026-03-09,10,76.0,37.2
2026-03-09,11,254.0,44.8
2026-03-09,12,430.0,50.7
2026-03-09,13,545.0,56.5
2026-03-09,14,655.0,59.1
2026-03-09,15,721.0,61.3
2026-03-09,16,665.0,62.4
2026-03-09,17,546.0,62.1
2026-03-09,18,452.0,61.3
2026-03-09,19,255.0,62.1
2026-03-09,20,116.0,57.7
2026-03-09,21,7.0,50.8
2026-03-09,22,0.0,47.7
2026-03-09,23,0.0,42.8
2026-03-09,24,0.0,40.0
2026-03-10,1,0.0,39.9
2026-03-10,2,0.0,38.7
2026-03-10,3,0.0,36.7
2026-03-10,4,0.0,35.4
2026-03-10,5,0.0,33.9
2026-03-10,6,0.0,32.3
2026-03-10,7,0.0,35.1
2026-03-10,8,0.0,36.7
2026-03-10,9,0.0,35.1
2026-03-10,10,65.0,37.1
2026-03-10,11,210.0,42.0
2026-03-10,12,276.0,42.7
2026-03-10,13,281.0,40.6
2026-03-10,14,333.0,41.8
2026-03-10,15,308.0,41.4
2026-03-10,16,277.0,40.3
2026-03-10,17,203.0,38.7
2026-03-10,18,131.0,37.7
2026-03-10,19,102.0,36.1
2026-03-10,20,62.0,35.8
2026-03-10,21,6.0,34.1
2026-03-10,22,0.0,32.6
2026-03-10,23,0.0,29.8
2026-03-10,24,0.0,27.7
2026-03-11,1,0.0,26.6
2026-03-11,2,0.0,26.2
2026-03-11,3,0.0,25.9
2026-03-11,4,0.0,25.6
2026-03-11,5,0.0,25.5
2026-03-11,6,0.0,25.2
2026-03-11,7,0.0,26.1
2026-03-11,8,0.0,25.6
2026-03-11,9,1.0,25.3
2026-03-11,10,85.0,29.4
2026-03-11,11,267.0,33.8
2026-03-11,12,447.0,37.4
2026-03-11,13,594.0,39.8
2026-03-11,14,694.0,42.4
2026-03-11,15,708.0,44.7
2026-03-11,16,633.0,45.9
2026-03-11,17,554.0,46.6
2026-03-11,18,453.0,45.5
2026-03-11,19,304.0,44.3
2026-03-11,20,115.0,41.9
2026-03-11,21,8.0,37.6
2026-03-11,22,0.0,35.1
2026-03-11,23,0.0,34.5
2026-03-11,24,0.0,34.1
2026-03-12,1,0.0,33.4
2026-03-12,2,0.0,33.2
2026-03-12,3,0.0,34.4
2026-03-12,4,0.0,34.8
2026-03-12,5,0.0,34.7
2026-03-12,6,0.0,34.6
2026-03-12,7,0.0,36.9
2026-03-12,8,0.0,35.7
2026-03-12,9,1.0,35.1
2026-03-12,10,67.0,38.0
2026-03-12,11,235.0,44.8
2026-03-12,12,436.0,50.5
2026-03-12,13,577.0,55.5
2026-03-12,14,663.0,58.6
2026-03-12,15,715.0,61.3
2026-03-12,16,557.0,62.3
2026-03-12,17,335.0,62.1
2026-03-12,18,293.0,62.1
2026-03-12,19,210.0,58.9
2026-03-12,20,56.0,54.9
2026-03-12,21,2.0,52.3
2026-03-12,22,0.0,50.1
2026-03-12,23,0.0,46.3
2026-03-12,24,0.0,44.3
2026-03-13,1,0.0,42.9
2026-03-13,2,0.0,42.3
2026-03-13,3,0.0,40.8
2026-03-13,4,0.0,40.2
2026-03-13,5,0.0,39.5
2026-03-13,6,0.0,39.0
2026-03-13,7,0.0,39.2
2026-03-13,8,0.0,38.9
2026-03-13,9,2.0,38.1
2026-03-13,10,79.0,41.8
2026-03-13,11,266.0,50.1
2026-03-13,12,451.0,56.0
2026-03-13,13,599.0,60.4
2026-03-13,14,691.0,62.9
2026-03-13,15,723.0,64.9
2026-03-13,16,714.0,64.9
2026-03-13,17,627.0,64.8
2026-03-13,18,501.0,64.2
2026-03-13,19,295.0,64.4
2026-03-13,20,125.0,60.4
2026-03-13,21,8.0,54.1
2026-03-13,22,0.0,51.9
2026-03-13,23,0.0,48.9
2026-03-13,24,0.0,46.9
2026-03-14,1,0.0,46.8
2026-03-14,2,0.0,47.3
2026-03-14,3,0.0,46.4
2026-03-14,4,0.0,44.4
2026-03-14,5,0.0,42.7
2026-03-14,6,0.0,41.1
2026-03-14,7,0.0,40.5
2026-03-14,8,0.0,39.7
2026-03-14,9,1.0,39.7
2026-03-14,10,21.0,41.5
2026-03-14,11,49.0,45.1
2026-03-14,12,75.0,46.6
2026-03-14,13,99.0,51.0
2026-03-14,14,239.0,54.1
2026-03-14,15,375.0,58.2
2026-03-14,16,279.0,56.7
2026-03-14,17,176.0,54.7
2026-03-14,18,279.0,55.1
2026-03-14,19,218.0,56.9
2026-03-14,20,133.0,54.4
2026-03-14,21,11.0,47.6
2026-03-14,22,0.0,45.1
2026-03-14,23,0.0,43.3
2026-03-14,24,0.0,40.0
2026-03-15,1,0.0,35.5
2026-03-15,2,0.0,33.0
2026-03-15,3,0.0,31.6
2026-03-15,4,0.0,29.8
2026-03-15,5,0.0,26.8
2026-03-15,6,0.0,26.0
2026-03-15,7,0.0,25.6
2026-03-15,8,0.0,25.7
2026-03-15,9,3.0,26.0
2026-03-15,10,94.0,29.1
2026-03-15,11,269.0,31.6
2026-03-15,12,458.0,34.0
2026-03-15,13,598.0,35.9
2026-03-15,14,703.0,37.8
2026-03-15,15,725.0,38.9
2026-03-15,16,692.0,40.4
2026-03-15,17,643.0,41.8
2026-03-15,18,495.0,42.4
2026-03-15,19,325.0,42.4
2026-03-15,20,140.0,40.8
2026-03-15,21,12.0,37.2
2026-03-15,22,0.0,35.9
2026-03-15,23,0.0,34.2
2026-03-15,24,0.0,33.6
2026-03-16,1,0.0,33.3
2026-03-16,2,0.0,32.5
2026-03-16,3,0.0,32.8
2026-03-16,4,0.0,33.3
2026-03-16,5,0.0,34.3
2026-03-16,6,0.0,34.3
2026-03-16,7,0.0,34.0
2026-03-16,8,0.0,34.2
2026-03-16,9,2.0,34.2
2026-03-16,10,40.0,36.8
2026-03-16,11,208.0,40.4
2026-03-16,12,295.0,43.1
2026-03-16,13,380.0,46.4
2026-03-16,14,641.0,50.3
2026-03-16,15,706.0,53.2
2026-03-16,16,680.0,55.2
2026-03-16,17,583.0,57.0
2026-03-16,18,480.0,57.7
2026-03-16,19,279.0,55.2
2026-03-16,20,114.0,51.9
2026-03-16,21,12.0,48.0
2026-03-16,22,0.0,45.5
2026-03-16,23,0.0,44.1
2026-03-16,24,0.0,41.7
2026-03-17,1,0.0,39.7
2026-03-17,2,0.0,39.4
2026-03-17,3,0.0,38.3
2026-03-17,4,0.0,37.3
2026-03-17,5,0.0,36.1
2026-03-17,6,0.0,35.4
2026-03-17,7,0.0,33.9
2026-03-17,8,0.0,33.9
2026-03-17,9,5.0,33.9
2026-03-17,10,115.0,39.6
2026-03-17,11,306.0,47.1
2026-03-17,12,490.0,53.2
2026-03-17,13,637.0,59.5
2026-03-17,14,729.0,63.2
2026-03-17,15,759.0,66.3
2026-03-17,16,744.0,68.6
2026-03-17,17,661.0,70.0
2026-03-17,18,502.0,69.6
2026-03-17,19,325.0,69.2
2026-03-17,20,151.0,64.8
2026-03-17,21,15.0,57.5
2026-03-17,22,0.0,53.5
2026-03-17,23,0.0,51.4
2026-03-17,24,0.0,49.9
2026-03-18,1,0.0,48.7
2026-03-18,2,0.0,46.7
2026-03-18,3,0.0,45.2
2026-03-18,4,0.0,44.2
2026-03-18,5,0.0,42.9
2026-03-18,6,0.0,42.0
2026-03-18,7,0.0,40.4
2026-03-18,8,0.0,40.2
2026-03-18,9,6.0,40.6
2026-03-18,10,121.0,46.4
2026-03-18,11,313.0,54.2
2026-03-18,12,498.0,60.4
2026-03-18,13,647.0,66.7
2026-03-18,14,746.0,70.8
2026-03-18,15,784.0,73.3
2026-03-18,16,759.0,74.9
2026-03-18,17,675.0,76.1
2026-03-18,18,537.0,76.5
2026-03-18,19,359.0,76.0
2026-03-18,20,164.0,69.4
2026-03-18,21,18.0,62.5
2026-03-18,22,0.0,59.7
2026-03-18,23,0.0,57.7
2026-03-18,24,0.0,56.7
2026-03-19,1,0.0,54.2
2026-03-19,2,0.0,51.4
2026-03-19,3,0.0,50.6
2026-03-19,4,0.0,49.7
2026-03-19,5,0.0,48.9
2026-03-19,6,0.0,48.4
2026-03-19,7,0.0,46.5
2026-03-19,8,0.0,46.0
2026-03-19,9,7.0,46.4
2026-03-19,10,126.0,52.5
2026-03-19,11,319.0,58.8
2026-03-19,12,504.0,65.0
2026-03-19,13,653.0,70.4
2026-03-19,14,751.0,74.3
2026-03-19,15,789.0,76.6
2026-03-19,16,763.0,78.3
2026-03-19,17,676.0,79.3
2026-03-19,18,537.0,79.3
2026-03-19,19,358.0,78.7
2026-03-19,20,165.0,72.6
2026-03-19,21,19.0,66.3
2026-03-19,22,0.0,62.7
2026-03-19,23,0.0,59.9
2026-03-19,24,0.0,57.2
2026-03-20,1,0.0,55.0
2026-03-20,2,0.0,53.2
2026-03-20,3,0.0,52.2
2026-03-20,4,0.0,50.9
2026-03-20,5,0.0,50.3
2026-03-20,6,0.0,49.9
2026-03-20,7,0.0,49.6
2026-03-20,8,0.0,48.2
2026-03-20,9,8.0,47.4
2026-03-20,10,130.0,52.2
2026-03-20,11,323.0,58.7
2026-03-20,12,508.0,64.7
2026-03-20,13,656.0,69.9
2026-03-20,14,755.0,74.4
2026-03-20,15,794.0,77.1
2026-03-20,16,769.0,78.6
2026-03-20,17,682.0,79.2
2026-03-20,18,542.0,78.9
2026-03-20,19,364.0,78.4
2026-03-20,20,169.0,73.8
2026-03-20,21,20.0,66.6
2026-03-20,22,0.0,63.6
2026-03-20,23,0.0,62.2
2026-03-20,24,0.0,60.7
2026-03-21,1,0.0,58.0
2026-03-21,2,0.0,56.3
2026-03-21,3,0.0,54.9
2026-03-21,4,0.0,53.5
2026-03-21,5,0.0,52.0
2026-03-21,6,0.0,50.1
2026-03-21,7,0.0,49.5
2026-03-21,8,0.0,47.7
2026-03-21,9,9.0,46.9
2026-03-21,10,133.0,53.3
2026-03-21,11,322.0,59.9
2026-03-21,12,501.0,65.8
2026-03-21,13,653.0,71.2
2026-03-21,14,715.0,74.2
2026-03-21,15,690.0,76.4
2026-03-21,16,659.0,78.8
2026-03-21,17,532.0,78.4
2026-03-21,18,468.0,74.8
2026-03-21,19,264.0,72.3
2026-03-21,20,96.0,69.2
2026-03-21,21,14.0,64.3
2026-03-21,22,0.0,59.7
2026-03-21,23,0.0,57.3
2026-03-21,24,0.0,55.9
2026-03-22,1,0.0,53.7
2026-03-22,2,0.0,54.2
2026-03-22,3,0.0,52.6
2026-03-22,4,0.0,49.6
2026-03-22,5,0.0,48.0
2026-03-22,6,0.0,46.1
2026-03-22,7,0.0,44.5
2026-03-22,8,0.0,43.3
2026-03-22,9,11.0,42.8
2026-03-22,10,144.0,48.1
2026-03-22,11,342.0,52.0
2026-03-22,12,532.0,55.2
2026-03-22,13,684.0,59.1
2026-03-22,14,788.0,61.7
2026-03-22,15,816.0,63.9
2026-03-22,16,792.0,65.1
2026-03-22,17,624.0,65.3
2026-03-22,18,425.0,64.9
2026-03-22,19,241.0,63.2
2026-03-22,20,103.0,60.9
2026-03-22,21,15.0,57.3
2026-03-22,22,0.0,53.9
2026-03-22,23,0.0,50.5
2026-03-22,24,0.0,47.8
2026-03-23,1,0.0,46.9
2026-03-23,2,0.0,46.5
2026-03-23,3,0.0,46.3
2026-03-23,4,0.0,45.5
2026-03-23,5,0.0,46.8
2026-03-23,6,0.0,46.0
2026-03-23,7,0.0,46.4
2026-03-23,8,0.0,46.2
2026-03-23,9,5.0,46.8
2026-03-23,10,79.0,49.7
2026-03-23,11,208.0,54.6
2026-03-23,12,361.0,58.6
2026-03-23,13,488.0,60.4
2026-03-23,14,666.0,64.8
2026-03-23,15,690.0,66.9
2026-03-23,16,614.0,67.7
2026-03-23,17,610.0,68.8
2026-03-23,18,480.0,68.9
2026-03-23,19,351.0,68.2
2026-03-23,20,171.0,64.9
2026-03-23,21,23.0,59.6
2026-03-23,22,0.0,57.0
2026-03-23,23,0.0,55.3
2026-03-23,24,0.0,54.4
2026-03-24,1,0.0,53.1
2026-03-24,2,0.0,51.4
2026-03-24,3,0.0,49.6
2026-03-24,4,0.0,48.6
2026-03-24,5,0.0,47.5
2026-03-24,6,0.0,46.2
2026-03-24,7,0.0,44.8
2026-03-24,8,0.0,45.3
2026-03-24,9,12.0,46.1
2026-03-24,10,125.0,51.8
2026-03-24,11,270.0,58.0
2026-03-24,12,474.0,64.1
2026-03-24,13,618.0,69.4
2026-03-24,14,714.0,72.8
2026-03-24,15,730.0,75.1
2026-03-24,16,650.0,75.9
2026-03-24,17,568.0,75.7
2026-03-24,18,440.0,74.9
2026-03-24,19,363.0,76.6
2026-03-24,20,167.0,74.1
2026-03-24,21,23.0,67.5
2026-03-24,22,0.0,62.8
2026-03-24,23,0.0,60.3
2026-03-24,24,0.0,57.5
2026-03-25,1,0.0,55.8
2026-03-25,2,0.0,54.5
2026-03-25,3,0.0,53.1
2026-03-25,4,0.0,51.1
2026-03-25,5,0.0,49.6
2026-03-25,6,0.0,48.6
2026-03-25,7,0.0,46.4
2026-03-25,8,0.0,46.2
2026-03-25,9,16.0,47.1
2026-03-25,10,155.0,53.5
2026-03-25,11,350.0,61.2
2026-03-25,12,532.0,66.6
2026-03-25,13,681.0,72.7
2026-03-25,14,777.0,76.5
2026-03-25,15,811.0,78.5
2026-03-25,16,785.0,80.2
2026-03-25,17,698.0,81.0
2026-03-25,18,556.0,80.1
2026-03-25,19,374.0,79.3
2026-03-25,20,180.0,75.6
2026-03-25,21,26.0,69.2
2026-03-25,22,0.0,65.0
2026-03-25,23,0.0,61.6
2026-03-25,24,0.0,59.1
2026-03-26,1,0.0,57.3
2026-03-26,2,0.0,55.4
2026-03-26,3,0.0,52.9
2026-03-26,4,0.0,50.5
2026-03-26,5,0.0,48.6
2026-03-26,6,0.0,48.8
2026-03-26,7,0.0,51.1
2026-03-26,8,0.0,49.5
2026-03-26,9,17.0,47.5
2026-03-26,10,154.0,49.5
2026-03-26,11,345.0,52.6
2026-03-26,12,524.0,54.8
2026-03-26,13,656.0,57.5
2026-03-26,14,771.0,58.9
2026-03-26,15,819.0,59.5
2026-03-26,16,807.0,59.0
2026-03-26,17,719.0,57.6
2026-03-26,18,579.0,56.5
2026-03-26,19,396.0,56.0
2026-03-26,20,197.0,53.4
2026-03-26,21,31.0,48.4
2026-03-26,22,0.0,45.7
2026-03-26,23,0.0,43.3
2026-03-26,24,0.0,41.8
2026-03-27,1,0.0,41.1
2026-03-27,2,0.0,40.4
2026-03-27,3,0.0,39.2
2026-03-27,4,0.0,37.7
2026-03-27,5,0.0,36.8
2026-03-27,6,0.0,36.0
2026-03-27,7,0.0,34.2
2026-03-27,8,0.0,34.0
2026-03-27,9,18.0,34.8
2026-03-27,10,147.0,40.0
2026-03-27,11,322.0,45.2
2026-03-27,12,509.0,50.5
2026-03-27,13,663.0,54.6
2026-03-27,14,780.0,58.5
2026-03-27,15,827.0,61.4
2026-03-27,16,801.0,63.6
2026-03-27,17,689.0,64.7
2026-03-27,18,526.0,65.0
2026-03-27,19,346.0,64.9
2026-03-27,20,158.0,63.2
2026-03-27,21,28.0,58.8
2026-03-27,22,0.0,55.9
2026-03-27,23,0.0,53.8
2026-03-27,24,0.0,52.8
2026-03-28,1,0.0,50.2
2026-03-28,2,0.0,48.4
2026-03-28,3,0.0,47.3
2026-03-28,4,0.0,46.0
2026-03-28,5,0.0,45.8
2026-03-28,6,0.0,45.0
2026-03-28,7,0.0,42.9
2026-03-28,8,0.0,42.1
2026-03-28,9,20.0,42.9
2026-03-28,10,161.0,48.5
2026-03-28,11,365.0,54.9
2026-03-28,12,541.0,60.4
2026-03-28,13,695.0,64.4
2026-03-28,14,791.0,67.8
2026-03-28,15,828.0,70.0
2026-03-28,16,792.0,71.5
2026-03-28,17,702.0,72.6
2026-03-28,18,569.0,73.3
2026-03-28,19,393.0,73.3
2026-03-28,20,197.0,69.5
2026-03-28,21,33.0,61.7
2026-03-28,22,0.0,58.8
2026-03-28,23,0.0,57.1
2026-03-28,24,0.0,55.7
2026-03-29,1,0.0,53.2
2026-03-29,2,0.0,50.7
2026-03-29,3,0.0,48.5
2026-03-29,4,0.0,47.0
2026-03-29,5,0.0,46.1
2026-03-29,6,0.0,46.9
2026-03-29,7,0.0,46.4
2026-03-29,8,0.0,45.1
2026-03-29,9,24.0,45.5
2026-03-29,10,174.0,50.6
2026-03-29,11,368.0,56.9
2026-03-29,12,548.0,61.9
2026-03-29,13,696.0,66.6
2026-03-29,14,790.0,69.7
2026-03-29,15,823.0,72.0
2026-03-29,16,793.0,73.4
2026-03-29,17,714.0,73.5
2026-03-29,18,575.0,72.5
2026-03-29,19,396.0,71.7
2026-03-29,20,196.0,69.1
2026-03-29,21,33.0,63.4
2026-03-29,22,0.0,58.9
2026-03-29,23,0.0,56.2
2026-03-29,24,0.0,54.4
2026-03-30,1,0.0,54.2
2026-03-30,2,0.0,52.2
2026-03-30,3,0.0,51.4
2026-03-30,4,0.0,50.1
2026-03-30,5,0.0,49.6
2026-03-30,6,0.0,48.9
2026-03-30,7,0.0,47.0
2026-03-30,8,0.0,47.7
2026-03-30,9,23.0,47.9
2026-03-30,10,168.0,53.4
2026-03-30,11,375.0,60.1
2026-03-30,12,554.0,64.9
2026-03-30,13,658.0,68.5
2026-03-30,14,755.0,70.9
2026-03-30,15,749.0,70.7
2026-03-30,16,730.0,71.8
2026-03-30,17,608.0,70.9
2026-03-30,18,443.0,70.0
2026-03-30,19,285.0,67.8
2026-03-30,20,133.0,65.9
2026-03-30,21,30.0,61.2
2026-03-30,22,0.0,59.0
2026-03-30,23,0.0,56.8
2026-03-30,24,0.0,52.6
2026-03-31,1,0.0,54.2
2026-03-31,2,0.0,54.0
2026-03-31,3,0.0,52.3
2026-03-31,4,0.0,51.3
2026-03-31,5,0.0,49.7
2026-03-31,6,0.0,48.7
2026-03-31,7,0.0,48.7
2026-03-31,8,0.0,47.8
2026-03-31,9,8.0,47.5
2026-03-31,10,62.0,49.2
2026-03-31,11,191.0,52.3
2026-03-31,12,336.0,56.1
2026-03-31,13,407.0,60.1
2026-03-31,14,548.0,62.3
2026-03-31,15,374.0,61.3
2026-03-31,16,548.0,62.8
2026-03-31,17,611.0,64.6
2026-03-31,18,391.0,63.7
2026-03-31,19,152.0,62.8
2026-03-31,20,89.0,57.2
2026-03-31,21,13.0,53.2
2026-03-31,22,0.0,49.6
2026-03-31,23,0.0,48.5
2026-03-31,24,0.0,47.5
2026-04-01,1,0.0,47.8
2026-04-01,2,0.0,47.0
2026-04-01,3,0.0,45.1
2026-04-01,4,0.0,44.6
2026-04-01,5,0.0,44.2
2026-04-01,6,0.0,44.4
2026-04-01,7,0.0,45.2
2026-04-01,8,0.0,44.8
2026-04-01,9,12.0,44.9
2026-04-01,10,71.0,46.3
2026-04-01,11,172.0,48.0
2026-04-01,12,259.0,50.1
2026-04-01,13,296.0,52.3
2026-04-01,14,412.0,51.4
2026-04-01,15,644.0,53.7
2026-04-01,16,676.0,56.5
2026-04-01,17,581.0,58.4
2026-04-01,18,428.0,52.2
2026-04-01,19,260.0,54.4
2026-04-01,20,116.0,49.4
2026-04-01,21,14.0,45.7
2026-04-01,22,0.0,45.2
2026-04-01,23,0.0,45.1
2026-04-01,24,0.0,43.8
2026-04-02,1,0.0,42.2
2026-04-02,2,0.0,39.7
2026-04-02,3,0.0,37.3
2026-04-02,4,0.0,37.7
2026-04-02,5,0.0,38.7
2026-04-02,6,0.0,40.0
2026-04-02,7,0.0,41.1
2026-04-02,8,0.0,39.8
2026-04-02,9,15.0,39.9
2026-04-02,10,59.0,39.8
2026-04-02,11,178.0,38.7
2026-04-02,12,99.0,37.7
2026-04-02,13,89.0,36.6
2026-04-02,14,148.0,36.2
2026-04-02,15,182.0,35.9
2026-04-02,16,209.0,36.9
2026-04-02,17,421.0,39.5
2026-04-02,18,351.0,40.5
2026-04-02,19,329.0,39.5
2026-04-02,20,168.0,38.6
2026-04-02,21,36.0,35.3
2026-04-02,22,0.0,32.2
2026-04-02,23,0.0,30.5
2026-04-02,24,0.0,32.0
2026-04-03,1,0.0,30.5
2026-04-03,2,0.0,29.7
2026-04-03,3,0.0,29.4
2026-04-03,4,0.0,29.8
2026-04-03,5,0.0,29.6
2026-04-03,6,0.0,28.6
2026-04-03,7,0.0,29.3
2026-04-03,8,0.0,28.8
2026-04-03,9,30.0,29.8
2026-04-03,10,170.0,34.3
2026-04-03,11,333.0,37.3
2026-04-03,12,461.0,40.0
2026-04-03,13,498.0,41.1
2026-04-03,14,352.0,42.9
2026-04-03,15,358.0,44.3
2026-04-03,16,352.0,46.0
2026-04-03,17,285.0,46.8
2026-04-03,18,220.0,47.0
2026-04-03,19,179.0,45.8
2026-04-03,20,125.0,44.4
2026-04-03,21,24.0,41.1
2026-04-03,22,0.0,40.6
2026-04-03,23,0.0,39.4
2026-04-03,24,0.0,37.4
2026-04-04,1,0.0,37.1
2026-04-04,2,0.0,36.2
2026-04-04,3,0.0,35.7
2026-04-04,4,0.0,35.3
2026-04-04,5,0.0,34.3
2026-04-04,6,0.0,33.2
2026-04-04,7,0.0,32.5
2026-04-04,8,0.0,31.8
2026-04-04,9,39.0,33.4
2026-04-04,10,204.0,37.9
2026-04-04,11,404.0,42.6
2026-04-04,12,586.0,46.9
2026-04-04,13,730.0,49.5
2026-04-04,14,823.0,52.3
2026-04-04,15,858.0,54.3
2026-04-04,16,825.0,55.7
2026-04-04,17,732.0,56.8
2026-04-04,18,590.0,57.1
2026-04-04,19,406.0,56.5
2026-04-04,20,215.0,54.8
2026-04-04,21,46.0,49.2
2026-04-04,22,0.0,47.3
2026-04-04,23,0.0,45.4
2026-04-04,24,0.0,44.0
2026-04-05,1,0.0,42.7
2026-04-05,2,0.0,41.7
2026-04-05,3,0.0,40.6
2026-04-05,4,0.0,39.5
2026-04-05,5,0.0,38.1
2026-04-05,6,0.0,37.7
2026-04-05,7,0.0,36.5
2026-04-05,8,0.0,35.7
2026-04-05,9,43.0,36.9
2026-04-05,10,215.0,41.5
2026-04-05,11,414.0,46.9
2026-04-05,12,598.0,52.3
2026-04-05,13,744.0,56.8
2026-04-05,14,836.0,60.5
2026-04-05,15,870.0,62.9
2026-04-05,16,818.0,64.5
2026-04-05,17,717.0,64.9
2026-04-05,18,595.0,64.5
2026-04-05,19,409.0,63.4
2026-04-05,20,214.0,60.1
2026-04-05,21,46.0,55.1
2026-04-05,22,0.0,52.7
2026-04-05,23,0.0,50.5
2026-04-05,24,0.0,48.9
2026-04-06,1,0.0,47.9
2026-04-06,2,0.0,47.1
2026-04-06,3,0.0,45.4
2026-04-06,4,0.0,43.5
2026-04-06,5,0.0,42.4
2026-04-06,6,0.0,41.1
2026-04-06,7,0.0,39.8
2026-04-06,8,0.0,39.7
2026-04-06,9,46.0,41.5
2026-04-06,10,214.0,46.8
2026-04-06,11,415.0,52.9
2026-04-06,12,600.0,58.2
2026-04-06,13,741.0,61.8
2026-04-06,14,832.0,65.3
2026-04-06,15,861.0,67.3
2026-04-06,16,756.0,68.3
2026-04-06,17,690.0,69.4
2026-04-06,18,587.0,69.5
2026-04-06,19,405.0,69.0
2026-04-06,20,214.0,65.0
2026-04-06,21,46.0,59.1
2026-04-06,22,0.0,56.0
2026-04-06,23,0.0,54.2
2026-04-06,24,0.0,52.8
2026-04-07,1,0.0,51.1
2026-04-07,2,0.0,49.0
2026-04-07,3,0.0,46.6
2026-04-07,4,0.0,45.4
2026-04-07,5,0.0,44.3
2026-04-07,6,0.0,43.1
2026-04-07,7,0.0,41.5
2026-04-07,8,0.0,40.6
2026-04-07,9,48.0,44.2
2026-04-07,10,220.0,51.1
2026-04-07,11,418.0,56.7
2026-04-07,12,597.0,61.0
2026-04-07,13,737.0,65.7
2026-04-07,14,735.0,66.4
2026-04-07,15,694.0,68.5
2026-04-07,16,683.0,69.4
2026-04-07,17,570.0,69.5
2026-04-07,18,554.0,69.6
2026-04-07,19,359.0,68.9
2026-04-07,20,199.0,66.9
2026-04-07,21,50.0,60.2
2026-04-07,22,0.0,56.6
2026-04-07,23,0.0,54.1
2026-04-07,24,0.0,52.8
2026-04-08,1,0.0,52.0
2026-04-08,2,0.0,50.8
2026-04-08,3,0.0,49.0
2026-04-08,4,0.0,48.1
2026-04-08,5,0.0,47.5
2026-04-08,6,0.0,46.9
2026-04-08,7,0.0,46.0
2026-04-08,8,0.0,44.2
2026-04-08,9,51.0,47.0
2026-04-08,10,225.0,53.5
2026-04-08,11,424.0,59.0
2026-04-08,12,605.0,63.1
2026-04-08,13,743.0,65.4
2026-04-08,14,842.0,66.4
2026-04-08,15,870.0,67.7
2026-04-08,16,839.0,69.2
2026-04-08,17,745.0,69.7
2026-04-08,18,602.0,69.4
2026-04-08,19,419.0,70.3
2026-04-08,20,196.0,66.7
2026-04-08,21,49.0,60.5
2026-04-08,22,0.0,56.5
2026-04-08,23,0.0,54.0
2026-04-08,24,0.0,52.9
2026-04-09,1,0.0,52.7
2026-04-09,2,0.0,52.5
2026-04-09,3,0.0,50.3
2026-04-09,4,0.0,49.4
2026-04-09,5,0.0,49.6
2026-04-09,6,0.0,48.3
2026-04-09,7,0.0,46.4
2026-04-09,8,0.0,45.2
2026-04-09,9,54.0,47.0
2026-04-09,10,228.0,51.9
2026-04-09,11,419.0,56.9
2026-04-09,12,605.0,61.6
2026-04-09,13,749.0,64.8
2026-04-09,14,810.0,67.7
2026-04-09,15,843.0,69.5
2026-04-09,16,806.0,70.5
2026-04-09,17,655.0,70.9
2026-04-09,18,567.0,70.3
2026-04-09,19,333.0,69.6
2026-04-09,20,185.0,65.8
2026-04-09,21,51.0,58.8
2026-04-09,22,0.0,56.0
2026-04-09,23,0.0,54.0
2026-04-09,24,0.0,53.3
2026-04-10,1,0.0,52.3
2026-04-10,2,0.0,51.2
2026-04-10,3,0.0,51.2
2026-04-10,4,0.0,49.9
2026-04-10,5,0.0,47.8
2026-04-10,6,0.0,47.9
2026-04-10,7,0.0,47.6
2026-04-10,8,0.0,47.6
2026-04-10,9,51.0,49.2
2026-04-10,10,177.0,52.5
2026-04-10,11,351.0,57.6
2026-04-10,12,527.0,62.8
2026-04-10,13,688.0,67.6
2026-04-10,14,808.0,72.8
2026-04-10,15,719.0,72.5
2026-04-10,16,766.0,73.2
2026-04-10,17,667.0,72.9
2026-04-10,18,582.0,73.8
2026-04-10,19,408.0,72.5
2026-04-10,20,230.0,69.2
2026-04-10,21,57.0,61.7
2026-04-10,22,0.0,59.4
2026-04-10,23,0.0,56.6
2026-04-10,24,0.0,54.3
2026-04-11,1,0.0,54.0
2026-04-11,2,0.0,52.8
2026-04-11,3,0.0,51.1
2026-04-11,4,0.0,49.3
2026-04-11,5,0.0,48.0
2026-04-11,6,0.0,47.4
2026-04-11,7,0.0,48.2
2026-04-11,8,0.0,47.2
2026-04-11,9,43.0,48.7
2026-04-11,10,174.0,51.6
2026-04-11,11,313.0,55.9
2026-04-11,12,500.0,57.4
2026-04-11,13,534.0,60.5
2026-04-11,14,502.0,54.4
2026-04-11,15,606.0,58.5
2026-04-11,16,464.0,52.1
2026-04-11,17,522.0,55.3
2026-04-11,18,457.0,56.7
2026-04-11,19,422.0,53.3
2026-04-11,20,219.0,55.0
2026-04-11,21,58.0,51.4
2026-04-11,22,0.0,49.8
2026-04-11,23,0.0,47.1
2026-04-11,24,0.0,45.0
2026-04-12,1,0.0,44.3
2026-04-12,2,0.0,43.6
2026-04-12,3,0.0,42.7
2026-04-12,4,0.0,41.9
2026-04-12,5,0.0,41.4
2026-04-12,6,0.0,40.8
2026-04-12,7,0.0,39.7
2026-04-12,8,0.0,39.2
2026-04-12,9,61.0,42.0
2026-04-12,10,220.0,46.4
2026-04-12,11,347.0,51.2
2026-04-12,12,515.0,58.0
2026-04-12,13,669.0,59.9
2026-04-12,14,471.0,55.6
2026-04-12,15,560.0,59.7
2026-04-12,16,469.0,54.8
2026-04-12,17,666.0,58.9
2026-04-12,18,614.0,59.6
2026-04-12,19,394.0,57.6
2026-04-12,20,204.0,55.5
2026-04-12,21,41.0,51.7
2026-04-12,22,0.0,47.4
2026-04-12,23,0.0,45.9
2026-04-12,24,0.0,43.4
2026-04-13,1,0.0,37.8
2026-04-13,2,0.0,38.6
2026-04-13,3,0.0,38.3
2026-04-13,4,0.0,38.7
2026-04-13,5,0.0,38.3
2026-04-13,6,0.0,35.7
2026-04-13,7,0.0,37.6
2026-04-13,8,0.0,37.6
2026-04-13,9,37.0,37.9
2026-04-13,10,147.0,39.8
2026-04-13,11,300.0,42.7
2026-04-13,12,329.0,45.7
2026-04-13,13,244.0,44.2
2026-04-13,14,661.0,49.3
2026-04-13,15,869.0,52.3
2026-04-13,16,806.0,53.3
2026-04-13,17,665.0,53.5
2026-04-13,18,581.0,53.4
2026-04-13,19,407.0,52.7
2026-04-13,20,216.0,51.6
2026-04-13,21,57.0,47.8
2026-04-13,22,0.0,45.9
2026-04-13,23,0.0,44.1
2026-04-13,24,0.0,41.1
2026-04-14,1,0.0,39.7
2026-04-14,2,0.0,38.7
2026-04-14,3,0.0,38.0
2026-04-14,4,0.0,37.1
2026-04-14,5,0.0,36.4
2026-04-14,6,0.0,35.8
2026-04-14,7,0.0,36.2
2026-04-14,8,0.0,34.7
2026-04-14,9,72.0,38.1
2026-04-14,10,253.0,42.1
2026-04-14,11,457.0,45.7
2026-04-14,12,611.0,49.2
2026-04-14,13,607.0,50.5
2026-04-14,14,590.0,52.3
2026-04-14,15,462.0,52.5
2026-04-14,16,557.0,52.6
2026-04-14,17,523.0,53.0
2026-04-14,18,513.0,54.0
2026-04-14,19,344.0,53.8
2026-04-14,20,170.0,52.9
2026-04-14,21,44.0,49.6
2026-04-14,22,0.0,46.0
2026-04-14,23,0.0,43.9
2026-04-14,24,0.0,42.4
2026-04-15,1,0.0,41.9
2026-04-15,2,0.0,40.6
2026-04-15,3,0.0,39.5
2026-04-15,4,0.0,38.4
2026-04-15,5,0.0,37.3
2026-04-15,6,0.0,37.0
2026-04-15,7,0.0,36.8
2026-04-15,8,1.0,36.5
2026-04-15,9,68.0,40.8
2026-04-15,10,195.0,45.6
2026-04-15,11,303.0,49.9
2026-04-15,12,460.0,55.0
2026-04-15,13,635.0,58.8
2026-04-15,14,726.0,61.1
2026-04-15,15,319.0,58.7
2026-04-15,16,313.0,59.3
2026-04-15,17,364.0,58.5
2026-04-15,18,296.0,59.0
2026-05-06,19,511.0,64.5
2026-05-06,20,311.0,63.1
2026-05-06,21,123.0,58.9
2026-05-06,22,9.0,54.6
2026-05-06,23,0.0,51.9
2026-05-06,24,0.0,50.2
2026-05-07,1,0.0,47.4
2026-05-07,2,0.0,46.3
2026-05-07,3,0.0,45.3
2026-05-07,4,0.0,44.8
2026-05-07,5,0.0,44.2
2026-05-07,6,0.0,45.7
2026-05-07,7,0.0,45.2
2026-05-07,8,17.0,46.0
2026-05-07,9,137.0,50.1
2026-05-07,10,318.0,54.9
2026-05-07,11,485.0,59.4
2026-05-07,12,641.0,63.8
2026-05-07,13,806.0,66.7
2026-05-07,14,802.0,69.1
2026-05-07,15,656.0,70.3
2026-05-07,16,485.0,69.4
2026-05-07,17,476.0,70.3
2026-05-07,18,471.0,72.5
2026-05-07,19,459.0,72.3
2026-05-07,20,313.0,70.1
2026-05-07,21,125.0,65.4
2026-05-07,22,10.0,60.5
2026-05-07,23,0.0,57.3
2026-05-07,24,0.0,54.2
2026-05-08,1,0.0,53.9
2026-05-08,2,0.0,52.6
2026-05-08,3,0.0,50.4
2026-05-08,4,0.0,48.6
2026-05-08,5,0.0,47.5
2026-05-08,6,0.0,46.9
2026-05-08,7,0.0,47.5
2026-05-08,8,19.0,49.6
2026-05-08,9,156.0,54.6
2026-05-08,10,335.0,59.6
2026-05-08,11,534.0,64.0
2026-05-08,12,709.0,66.9
2026-05-08,13,840.0,68.5
2026-05-08,14,920.0,70.6
2026-05-08,15,944.0,72.4
2026-05-08,16,910.0,73.9
2026-05-08,17,820.0,76.1
2026-05-08,18,677.0,76.0
2026-05-08,19,446.0,74.6
2026-05-08,20,299.0,73.5
2026-05-08,21,116.0,68.6
2026-05-08,22,10.0,63.6
2026-05-08,23,0.0,61.2
2026-05-08,24,0.0,58.6
2026-05-09,1,0.0,57.8
2026-05-09,2,0.0,56.8
2026-05-09,3,0.0,53.3
2026-05-09,4,0.0,50.3
2026-05-09,5,0.0,48.2
2026-05-09,6,0.0,46.6
2026-05-09,7,0.0,45.4
2026-05-09,8,20.0,46.8
2026-05-09,9,145.0,51.8
2026-05-09,10,324.0,57.4
2026-05-09,11,538.0,61.4
2026-05-09,12,728.0,64.0
2026-05-09,13,862.0,65.8
2026-05-09,14,944.0,67.5
2026-05-09,15,971.0,69.4
2026-05-09,16,937.0,70.7
2026-05-09,17,844.0,71.7
2026-05-09,18,701.0,71.4
2026-05-09,19,524.0,70.6
2026-05-09,20,326.0,69.0
2026-05-09,21,135.0,62.9
2026-05-09,22,12.0,59.1
2026-05-09,23,0.0,56.0
2026-05-09,24,0.0,54.1
2026-05-10,1,0.0,53.9
2026-05-10,2,0.0,53.4
2026-05-10,3,0.0,52.9
2026-05-10,4,0.0,50.7
2026-05-10,5,0.0,48.7
2026-05-10,6,0.0,47.0
2026-05-10,7,0.0,45.3
2026-05-10,8,24.0,46.4
2026-05-10,9,167.0,49.8
2026-05-10,10,362.0,54.6
2026-05-10,11,558.0,59.6
2026-05-10,12,729.0,65.0
2026-05-10,13,861.0,70.5
2026-05-10,14,936.0,72.8
2026-05-10,15,969.0,74.3
2026-05-10,16,936.0,75.6
2026-05-10,17,846.0,76.3
2026-05-10,18,707.0,76.6
2026-05-10,19,531.0,75.8
2026-05-10,20,333.0,73.3
2026-05-10,21,140.0,66.2
2026-05-10,22,13.0,62.0
2026-05-10,23,0.0,60.4
2026-05-10,24,0.0,58.9
2026-05-11,1,0.0,55.9
2026-05-11,2,0.0,53.3
2026-05-11,3,0.0,52.3
2026-05-11,4,0.0,51.2
2026-05-11,5,0.0,50.7
2026-05-11,6,0.0,49.3
2026-05-11,7,0.0,47.1
2026-05-11,8,25.0,47.9
2026-05-11,9,170.0,53.2
2026-05-11,10,366.0,59.7
2026-05-11,11,559.0,66.0
2026-05-11,12,729.0,71.5
2026-05-11,13,857.0,76.2
2026-05-11,14,935.0,79.4
2026-05-11,15,957.0,82.3
2026-05-11,16,921.0,84.0
2026-05-11,17,817.0,84.3
2026-05-11,18,690.0,84.0
2026-05-11,19,500.0,83.8
2026-05-11,20,261.0,79.8
2026-05-11,21,124.0,72.7
2026-05-11,22,12.0,67.2
2026-05-11,23,0.0,65.4
2026-05-11,24,0.0,63.1
2026-05-12,1,0.0,63.3
2026-05-12,2,0.0,61.9
2026-05-12,3,0.0,62.0
2026-05-12,4,0.0,61.3
2026-05-12,5,0.0,60.4
2026-05-12,6,0.0,59.9
2026-05-12,7,0.0,56.1
2026-05-12,8,30.0,57.1
2026-05-12,9,188.0,61.1
2026-05-12,10,387.0,66.2
2026-05-12,11,578.0,70.8
2026-05-12,12,748.0,75.0
2026-05-12,13,877.0,78.2
2026-05-12,14,963.0,81.5
2026-05-12,15,997.0,83.5
2026-05-12,16,938.0,84.3
2026-05-12,17,817.0,84.5
2026-05-12,18,695.0,84.4
2026-05-12,19,542.0,85.1
2026-05-12,20,352.0,81.2
2026-05-12,21,155.0,74.9
2026-05-12,22,17.0,69.7
2026-05-12,23,0.0,66.9
2026-05-12,24,0.0,65.8
2026-05-13,1,0.0,66.9
2026-05-13,2,0.0,65.0
2026-05-13,3,0.0,63.7
2026-05-13,4,0.0,62.5
2026-05-13,5,0.0,61.1
2026-05-13,6,0.0,59.5
2026-05-13,7,0.0,56.6
2026-05-13,8,33.0,57.4
2026-05-13,9,194.0,61.5
2026-05-13,10,391.0,67.3
2026-05-13,11,576.0,73.0
2026-05-13,12,697.0,80.7
2026-05-13,13,768.0,82.0
2026-05-13,14,848.0,83.1
2026-05-13,15,737.0,82.0
2026-05-13,16,868.0,81.1
2026-05-13,17,808.0,83.3
2026-05-13,18,561.0,82.4
2026-05-13,19,491.0,78.8
2026-05-13,20,334.0,79.5
2026-05-13,21,141.0,74.3
2026-05-13,22,15.0,65.8
2026-05-13,23,0.0,62.8
2026-05-13,24,0.0,59.5
2026-05-14,1,0.0,55.9
2026-05-14,2,0.0,54.2
2026-05-14,3,0.0,51.0
2026-05-14,4,0.0,49.4
2026-05-14,5,0.0,48.4
2026-05-14,6,0.0,46.2
2026-05-14,7,0.0,43.7
2026-05-14,8,35.0,45.4
2026-05-14,9,202.0,51.0
2026-05-14,10,406.0,55.1
2026-05-14,11,604.0,58.2
2026-05-14,12,776.0,61.3
2026-05-14,13,907.0,62.9
2026-05-14,14,985.0,65.8
2026-05-14,15,1006.0,67.8
2026-05-14,16,970.0,69.4
2026-05-14,17,878.0,70.3
2026-05-14,18,740.0,69.9
2026-05-14,19,565.0,69.6
2026-05-14,20,365.0,68.6
2026-05-14,21,166.0,65.8
2026-05-14,22,20.0,60.5
2026-05-14,23,0.0,58.9
2026-05-14,24,0.0,57.1
2026-05-15,1,0.0,55.9
2026-05-15,2,0.0,53.8
2026-05-15,3,0.0,52.7
2026-05-15,4,0.0,51.8
2026-05-15,5,0.0,51.2
2026-05-15,6,0.0,50.9
2026-05-15,7,0.0,49.4
2026-05-15,8,36.0,50.5
2026-05-15,9,201.0,55.0
2026-05-15,10,402.0,60.1
2026-05-15,11,598.0,63.7
2026-05-15,12,769.0,66.4
2026-05-15,13,900.0,68.0
2026-05-15,14,978.0,69.8
2026-05-15,15,1002.0,71.2
2026-05-15,16,964.0,72.3
2026-05-15,17,832.0,72.9
2026-05-15,18,737.0,74.4
2026-05-15,19,539.0,74.4
2026-05-15,20,342.0,71.3
2026-05-15,21,168.0,66.1
2026-05-15,22,21.0,60.1
2026-05-15,23,0.0,56.5
2026-05-15,24,0.0,53.5
2026-05-16,1,0.0,51.7
2026-05-16,2,0.0,50.1
2026-05-16,3,0.0,48.9
2026-05-16,4,0.0,47.7
2026-05-16,5,0.0,46.6
2026-05-16,6,0.0,46.7
2026-05-16,7,0.0,46.0
2026-05-16,8,35.0,47.4
2026-05-16,9,180.0,52.0
2026-05-16,10,366.0,57.1
2026-05-16,11,518.0,61.3
2026-05-16,12,590.0,64.0
2026-05-16,13,659.0,65.4
2026-05-16,14,708.0,66.5
2026-05-16,15,717.0,66.8
2026-05-16,16,753.0,67.0
2026-05-16,17,680.0,66.4
2026-05-16,18,593.0,65.9
2026-05-16,19,385.0,63.4
2026-05-16,20,283.0,61.1
2026-05-16,21,151.0,58.3
2026-05-16,22,18.0,55.4
2026-05-16,23,0.0,52.1
2026-05-16,24,0.0,49.5
2026-05-17,1,0.0,45.2
2026-05-17,2,0.0,44.0
2026-05-17,3,0.0,42.6
2026-05-17,4,0.0,41.2
2026-05-17,5,0.0,40.3
2026-05-17,6,0.0,40.2
2026-05-17,7,0.0,39.3
2026-05-17,8,25.0,40.3
2026-05-17,9,133.0,43.2
2026-05-17,10,264.0,45.1
2026-05-17,11,383.0,46.5
2026-05-17,12,501.0,48.3
2026-05-17,13,491.0,47.2
2026-05-17,14,552.0,49.0
2026-05-17,15,660.0,51.2
2026-05-17,16,345.0,49.1
2026-05-17,17,295.0,47.5
2026-05-17,18,234.0,46.9
2026-05-17,19,290.0,46.3
2026-05-17,20,199.0,46.9
2026-05-17,21,111.0,47.3
2026-05-17,22,10.0,46.8
2026-05-17,23,0.0,46.4
2026-05-17,24,0.0,46.3
2026-05-18,1,0.0,44.6
2026-05-18,2,0.0,43.4
2026-05-18,3,0.0,42.0
2026-05-18,4,0.0,40.6
2026-05-18,5,0.0,39.7
2026-05-18,6,0.0,38.9
2026-05-18,7,0.0,39.0
2026-05-18,8,18.0,38.7
2026-05-18,9,113.0,40.2
2026-05-18,10,225.0,41.7
2026-05-18,11,348.0,43.6
2026-05-18,12,549.0,46.5
2026-05-18,13,751.0,50.6
2026-05-18,14,578.0,51.0
2026-05-18,15,616.0,51.4
2026-05-18,16,673.0,52.4
2026-05-18,17,618.0,52.8
2026-05-18,18,522.0,52.9
2026-05-18,19,381.0,51.5
2026-05-18,20,332.0,50.5
2026-05-18,21,131.0,48.4
2026-05-18,22,20.0,44.9
2026-05-18,23,0.0,42.6
2026-05-18,24,0.0,41.5
2026-05-19,1,0.0,42.1
2026-05-19,2,0.0,41.5
2026-05-19,3,0.0,40.6
2026-05-19,4,0.0,40.2
2026-05-19,5,0.0,39.1
2026-05-19,6,0.0,37.9
2026-05-19,7,0.0,36.3
2026-05-19,8,43.0,37.7
2026-05-19,9,216.0,41.2
2026-05-19,10,418.0,45.2
2026-05-19,11,614.0,49.4
2026-05-19,12,769.0,52.7
2026-05-19,13,902.0,55.0
2026-05-19,14,986.0,56.9
2026-05-19,15,944.0,58.5
2026-05-19,16,815.0,59.2
2026-05-19,17,732.0,59.8
2026-05-19,18,634.0,60.5
2026-05-19,19,426.0,60.1
2026-05-19,20,249.0,57.6
2026-05-19,21,117.0,54.4
2026-05-19,22,18.0,50.5
2026-05-19,23,0.0,48.8
2026-05-19,24,0.0,48.5
2026-05-20,1,0.0,48.9
2026-05-20,2,0.0,48.2
2026-05-20,3,0.0,46.7
2026-05-20,4,0.0,45.2
2026-05-20,5,0.0,43.7
2026-05-20,6,0.0,42.6
2026-05-20,7,0.0,42.2
2026-05-20,8,43.0,44.1
2026-05-20,9,185.0,47.4
2026-05-20,10,323.0,50.5
2026-05-20,11,542.0,55.1
2026-05-20,12,761.0,59.7
2026-05-20,13,798.0,61.7
2026-05-20,14,801.0,63.0
2026-05-20,15,733.0,64.4
2026-05-20,16,815.0,67.3
2026-05-20,17,683.0,67.6
2026-05-20,18,520.0,67.0
2026-05-20,19,416.0,66.1
2026-05-20,20,181.0,65.1
2026-05-20,21,69.0,62.6
2026-05-20,22,13.0,60.1
2026-05-20,23,0.0,57.3
2026-05-20,24,0.0,54.2
2026-05-21,1,0.0,53.2
2026-05-21,2,0.0,50.3
2026-05-21,3,0.0,47.7
2026-05-21,4,0.0,46.6
2026-05-21,5,0.0,44.9
2026-05-21,6,0.0,44.2
2026-05-21,7,0.0,45.1
2026-05-21,8,42.0,46.8
2026-05-21,9,205.0,51.5
2026-05-21,10,407.0,56.8
2026-05-21,11,577.0,59.9
2026-05-21,12,717.0,60.2
2026-05-21,13,796.0,60.0
2026-05-21,14,830.0,61.4
2026-05-21,15,702.0,62.8
2026-05-21,16,596.0,62.2
2026-05-21,17,473.0,61.4
2026-05-21,18,512.0,63.6
2026-05-21,19,444.0,63.1
2026-05-21,20,312.0,62.3
2026-05-21,21,173.0,59.5
2026-05-21,22,28.0,54.2
2026-05-21,23,0.0,50.9
2026-05-21,24,0.0,47.8
2026-05-22,1,0.0,46.4
2026-05-22,2,0.0,45.5
2026-05-22,3,0.0,44.2
2026-05-22,4,0.0,44.0
2026-05-22,5,0.0,42.5
2026-05-22,6,0.0,41.4
2026-05-22,7,0.0,40.5
2026-05-22,8,43.0,42.4
2026-05-22,9,201.0,46.3
2026-05-22,10,407.0,50.7
2026-05-22,11,587.0,54.9
2026-05-22,12,724.0,58.6
2026-05-22,13,842.0,61.3
2026-05-22,14,894.0,65.0
2026-05-22,15,896.0,66.7
2026-05-22,16,973.0,68.4
2026-05-22,17,870.0,68.9
2026-05-22,18,615.0,68.7
2026-05-22,19,534.0,69.8
2026-05-22,20,362.0,67.3
2026-05-22,21,179.0,63.3
2026-05-22,22,28.0,57.3
2026-05-22,23,0.0,54.6
2026-05-22,24,0.0,53.7
2026-05-23,1,0.0,55.0
2026-05-23,2,0.0,53.9
2026-05-23,3,0.0,52.6
2026-05-23,4,0.0,51.1
2026-05-23,5,0.0,49.2
2026-05-23,6,0.0,48.0
2026-05-23,7,0.0,46.7
2026-05-23,8,44.0,48.3
2026-05-23,9,215.0,52.7
2026-05-23,10,416.0,58.0
2026-05-23,11,610.0,62.6
2026-05-23,12,775.0,67.1
2026-05-23,13,902.0,72.1
2026-05-23,14,880.0,75.2
2026-05-23,15,786.0,77.1
2026-05-23,16,740.0,77.0
2026-05-23,17,689.0,76.9
2026-05-23,18,599.0,76.4
2026-05-23,19,433.0,76.4
2026-05-23,20,295.0,75.3
2026-05-23,21,139.0,71.4
2026-05-23,22,26.0,66.6
2026-05-23,23,0.0,63.9
2026-05-23,24,0.0,61.1
2026-05-24,1,0.0,62.3
2026-05-24,2,0.0,62.3
2026-05-24,3,0.0,61.7
2026-05-24,4,0.0,60.3
2026-05-24,5,0.0,58.5
2026-05-24,6,0.0,57.5
2026-05-24,7,0.0,56.2
2026-05-24,8,41.0,59.2
2026-05-24,9,166.0,62.6
2026-05-24,10,399.0,67.6
2026-05-24,11,564.0,72.0
2026-05-24,12,727.0,76.1
2026-05-24,13,884.0,80.5
2026-05-24,14,927.0,83.3
2026-05-24,15,872.0,74.1
2026-05-24,16,543.0,75.9
2026-05-24,17,623.0,76.1
2026-05-24,18,590.0,76.6
2026-05-24,19,457.0,79.3
2026-05-24,20,350.0,77.2
2026-05-24,21,160.0,73.0
2026-05-24,22,27.0,67.6
2026-05-24,23,0.0,65.8
2026-05-24,24,0.0,64.4
2026-05-25,1,0.0,64.0
2026-05-25,2,0.0,61.7
2026-05-25,3,0.0,59.8
2026-05-25,4,0.0,58.2
2026-05-25,5,0.0,57.6
2026-05-25,6,0.0,56.8
2026-05-25,7,0.0,55.8
2026-05-25,8,46.0,57.1
2026-05-25,9,216.0,60.8
2026-05-25,10,408.0,65.1
2026-05-25,11,604.0,70.3
2026-05-25,12,774.0,75.1
2026-05-25,13,906.0,78.0
2026-05-25,14,975.0,80.2
2026-05-25,15,844.0,81.3
2026-05-25,16,921.0,83.2
2026-05-25,17,884.0,83.9
2026-05-25,18,710.0,83.8
2026-05-25,19,565.0,79.9
2026-05-25,20,338.0,78.3
2026-05-25,21,163.0,74.5
2026-05-25,22,32.0,68.5
2026-05-25,23,0.0,66.4
2026-05-25,24,0.0,66.1
2026-05-26,1,0.0,66.7
2026-05-26,2,0.0,65.0
2026-05-26,3,0.0,62.2
2026-05-26,4,0.0,61.2
2026-05-26,5,0.0,60.5
2026-05-26,6,0.0,60.8
2026-05-26,7,0.0,59.4
2026-05-26,8,11.0,58.6
2026-05-26,9,61.0,59.4
2026-05-26,10,119.0,60.0
2026-05-26,11,258.0,61.6
2026-05-26,12,399.0,61.8
2026-05-26,13,409.0,62.8
2026-05-26,14,612.0,66.0
2026-05-26,15,951.0,71.2
2026-05-26,16,900.0,72.7
2026-05-26,17,787.0,74.3
2026-05-26,18,724.0,76.4
2026-05-26,19,546.0,73.5
2026-05-26,20,284.0,72.9
2026-05-26,21,126.0,68.3
2026-05-26,22,32.0,64.1
2026-05-26,23,0.0,62.0
2026-05-26,24,0.0,60.8
2026-05-27,1,0.0,60.6
2026-05-27,2,0.0,58.4
2026-05-27,3,0.0,56.5
2026-05-27,4,0.0,55.3
2026-05-27,5,0.0,54.7
2026-05-27,6,0.0,54.4
2026-05-27,7,0.0,54.4
2026-05-27,8,46.0,56.1
2026-05-27,9,217.0,59.9
2026-05-27,10,412.0,64.9
2026-05-27,11,609.0,69.7
2026-05-27,12,708.0,74.4
2026-05-27,13,834.0,77.1
2026-05-27,14,934.0,78.0
2026-05-27,15,861.0,79.6
2026-05-27,16,843.0,81.7
2026-05-27,17,767.0,79.6
2026-05-27,18,655.0,80.2
2026-05-27,19,502.0,79.4
2026-05-27,20,339.0,78.7
2026-05-27,21,185.0,75.3
2026-05-27,22,35.0,70.2
2026-05-27,23,0.0,67.5
2026-05-27,24,0.0,64.3
2026-05-28,1,0.0,63.8
2026-05-28,2,0.0,61.5
2026-05-28,3,0.0,59.7
2026-05-28,4,0.0,58.6
2026-05-28,5,0.0,58.6
2026-05-28,6,0.0,58.0
2026-05-28,7,0.0,55.4
2026-05-28,8,53.0,56.5
2026-05-28,9,216.0,60.4
2026-05-28,10,416.0,66.6
2026-05-28,11,611.0,72.0
2026-05-28,12,771.0,75.1
2026-05-28,13,903.0,77.5
2026-05-28,14,985.0,79.5
2026-05-28,15,971.0,80.8
2026-05-28,16,895.0,81.1
2026-05-28,17,674.0,81.5
2026-05-28,18,707.0,80.5
2026-05-28,19,563.0,80.0
2026-05-28,20,350.0,78.6
2026-05-28,21,184.0,76.4
2026-05-28,22,36.0,70.9
2026-05-28,23,0.0,68.3
2026-05-28,24,0.0,65.8
2026-05-29,1,0.0,64.4
2026-05-29,2,0.0,62.4
2026-05-29,3,0.0,61.2
2026-05-29,4,0.0,59.9
2026-05-29,5,0.0,58.2
2026-05-29,6,0.0,55.5
2026-05-29,7,0.0,53.8
2026-05-29,8,54.0,55.8
2026-05-29,9,223.0,60.4
2026-05-29,10,418.0,65.2
2026-05-29,11,608.0,69.6
2026-05-29,12,776.0,73.1
2026-05-29,13,905.0,75.2
2026-05-29,14,924.0,76.4
2026-05-29,15,958.0,77.7
2026-05-29,16,879.0,77.6
2026-05-29,17,769.0,77.6
2026-05-29,18,559.0,76.2
2026-05-29,19,423.0,73.3
2026-05-29,20,314.0,72.7
2026-05-29,21,108.0,70.5
2026-05-29,22,22.0,67.7
2026-05-29,23,0.0,58.6
2026-05-29,24,0.0,55.9
2026-05-30,1,0.0,55.4
2026-05-30,2,0.0,54.2
2026-05-30,3,0.0,53.6
2026-05-30,4,0.0,53.0
2026-05-30,5,0.0,52.8
2026-05-30,6,0.0,52.9
2026-05-30,7,0.0,51.6
2026-05-30,8,13.0,51.3
2026-05-30,9,43.0,51.3
2026-05-30,10,98.0,52.2
2026-05-30,11,111.0,52.7
2026-05-30,12,94.0,52.0
2026-05-30,13,108.0,52.3
2026-05-30,14,227.0,53.6
2026-05-30,15,195.0,54.1
2026-05-30,16,287.0,55.1
2026-05-30,17,313.0,55.0
2026-05-30,18,458.0,56.9
2026-05-30,19,420.0,58.0
2026-05-30,20,269.0,58.2
2026-05-30,21,138.0,57.2
2026-05-30,22,28.0,55.0
2026-05-30,23,0.0,54.2
2026-05-30,24,0.0,53.2
2026-05-31,1,0.0,51.2
2026-05-31,2,0.0,49.6
2026-05-31,3,0.0,49.2
2026-05-31,4,0.0,48.9
2026-05-31,5,0.0,47.9
2026-05-31,6,0.0,47.1
2026-05-31,7,0.0,47.1
2026-05-31,8,56.0,49.6
2026-05-31,9,226.0,54.2
2026-05-31,10,417.0,57.8
2026-05-31,11,612.0,60.9
2026-05-31,12,754.0,63.3
2026-05-31,13,880.0,64.9
2026-05-31,14,906.0,65.9
2026-05-31,15,904.0,67.6
2026-05-31,16,896.0,68.4
2026-05-31,17,838.0,69.8
2026-05-31,18,752.0,70.3
2026-05-31,19,589.0,69.6
2026-05-31,20,400.0,68.6
2026-05-31,21,203.0,64.9
2026-05-31,22,41.0,58.9
2026-05-31,23,0.0,55.7
2026-05-31,24,0.0,54.7
2026-06-01,1,0.0,54.0
2026-06-01,2,0.0,53.2
2026-06-01,3,0.0,53.2
2026-06-01,4,0.0,53.1
2026-06-01,5,0.0,52.4
2026-06-01,6,0.0,50.9
2026-06-01,7,0.0,48.6
2026-06-01,8,50.0,51.2
2026-06-01,9,190.0,54.7
2026-06-01,10,357.0,56.3
2026-06-01,11,504.0,59.5
2026-06-01,12,717.0,64.7
2026-06-01,13,903.0,67.6
2026-06-01,14,898.0,70.3
2026-06-01,15,927.0,72.2
2026-06-01,16,914.0,73.9
2026-06-01,17,772.0,74.2
2026-06-01,18,676.0,75.0
2026-06-01,19,501.0,74.5
2026-06-01,20,368.0,72.3
2026-06-01,21,188.0,67.8
2026-06-01,22,42.0,61.3
2026-06-01,23,0.0,59.1
2026-06-01,24,0.0,57.6
2026-06-02,1,0.0,55.9
2026-06-02,2,0.0,55.0
2026-06-02,3,0.0,54.6
2026-06-02,4,0.0,53.5
2026-06-02,5,0.0,52.3
2026-06-02,6,0.0,51.6
2026-06-02,7,0.0,50.0
2026-06-02,8,55.0,52.2
2026-06-02,9,222.0,56.5
2026-06-02,10,423.0,60.4
2026-06-02,11,620.0,64.8
2026-06-02,12,787.0,68.7
2026-06-02,13,918.0,71.2
2026-06-02,14,1001.0,73.6
2026-06-02,15,1017.0,75.6
2026-06-02,16,969.0,77.2
2026-06-02,17,863.0,78.3
2026-06-02,18,744.0,79.1
2026-06-02,19,587.0,78.9
2026-06-02,20,369.0,75.4
2026-06-02,21,189.0,69.6
2026-06-02,22,41.0,63.7
2026-06-02,23,0.0,61.9
2026-06-02,24,0.0,59.4
2026-06-03,1,0.0,59.0
2026-06-03,2,0.0,58.6
2026-06-03,3,0.0,58.0
2026-06-03,4,0.0,56.8
2026-06-03,5,0.0,55.6
2026-06-03,6,0.0,54.6
2026-06-03,7,0.0,53.2
2026-06-03,8,59.0,55.2
2026-06-03,9,230.0,59.4
2026-06-03,10,427.0,64.2
2026-06-03,11,618.0,69.0
2026-06-03,12,784.0,73.5
2026-06-03,13,916.0,76.6
2026-06-03,14,993.0,79.4
2026-06-03,15,951.0,81.6
2026-06-03,16,932.0,84.0
2026-06-03,17,816.0,85.5
2026-06-03,18,714.0,85.2
2026-06-03,19,609.0,83.7
2026-06-03,20,301.0,82.0
2026-06-03,21,133.0,77.9
2026-06-03,22,24.0,73.8
2026-06-03,23,0.0,67.9
2026-06-03,24,0.0,65.3
2026-06-04,1,0.0,64.7
2026-06-04,2,0.0,65.0
2026-06-04,3,0.0,64.2
2026-06-04,4,0.0,63.1
2026-06-04,5,0.0,62.6
2026-06-04,6,0.0,61.3
2026-06-04,7,0.0,57.4
2026-06-04,8,59.0,60.1
2026-06-04,9,229.0,65.4
2026-06-04,10,424.0,70.3
2026-06-04,11,611.0,74.0
2026-06-04,12,775.0,76.6
2026-06-04,13,900.0,77.9
2026-06-04,14,977.0,81.1
2026-06-04,15,892.0,82.2
2026-06-04,16,826.0,82.7
2026-06-04,17,749.0,83.7
2026-06-04,18,679.0,82.6
2026-06-04,19,584.0,82.6
2026-06-04,20,401.0,80.2
2026-06-04,21,206.0,75.3
2026-06-04,22,45.0,69.6
2026-06-04,23,0.0,66.1
2026-06-04,24,0.0,63.8
2026-06-05,1,0.0,62.2
2026-06-05,2,0.0,60.8
2026-06-05,3,0.0,60.0
2026-06-05,4,0.0,59.2
2026-06-05,5,0.0,57.7
2026-06-05,6,0.0,56.5
2026-06-05,7,0.0,55.3
2026-06-05,8,60.0,57.1
2026-06-05,9,232.0,60.5
2026-06-05,10,427.0,65.0
2026-06-05,11,617.0,69.3
2026-06-05,12,781.0,73.1
2026-06-05,13,909.0,76.6
2026-06-05,14,990.0,79.4
2026-06-05,15,1016.0,81.7
2026-06-05,16,984.0,83.9
2026-06-05,17,898.0,85.6
2026-06-05,18,767.0,86.0
2026-06-05,19,600.0,85.4
2026-06-05,20,409.0,83.9
2026-06-05,21,213.0,78.7
2026-06-05,22,45.0,73.8
2026-06-05,23,0.0,72.1
2026-06-05,24,0.0,69.9
2026-06-06,1,0.0,69.0
2026-06-06,2,0.0,68.3
2026-06-06,3,0.0,65.9
2026-06-06,4,0.0,65.4
2026-06-06,5,0.0,64.4
2026-06-06,6,0.0,63.3
2026-06-06,7,0.0,60.8
2026-06-06,8,52.0,61.8
2026-06-06,9,220.0,66.7
2026-06-06,10,420.0,71.8
2026-06-06,11,611.0,77.6
2026-06-06,12,776.0,83.8
2026-06-06,13,908.0,87.3
2026-06-06,14,989.0,88.8
2026-06-06,15,990.0,89.6
2026-06-06,16,990.0,90.3
2026-06-06,17,889.0,89.9
2026-06-06,18,664.0,88.1
2026-06-06,19,538.0,85.5
2026-06-06,20,367.0,81.1
2026-06-06,21,147.0,78.2
2026-06-06,22,35.0,72.4
2026-06-06,23,0.0,70.4
2026-06-06,24,0.0,67.8
2026-06-07,1,0.0,66.8
2026-06-07,2,0.0,64.2
2026-06-07,3,0.0,62.9
2026-06-07,4,0.0,61.3
2026-06-07,5,0.0,59.0
2026-06-07,6,0.0,58.5
2026-06-07,7,0.0,58.6
2026-06-07,8,47.0,60.8
2026-06-07,9,168.0,64.7
2026-06-07,10,315.0,65.8
2026-06-07,11,451.0,66.3
2026-06-07,12,505.0,67.0
2026-06-07,13,579.0,67.2
2026-06-07,14,794.0,69.3
2026-06-07,15,996.0,71.9
2026-06-07,16,982.0,73.7
2026-06-07,17,900.0,73.4
2026-06-07,18,768.0,72.1
2026-06-07,19,601.0,71.2
2026-06-07,20,412.0,68.3
2026-06-07,21,217.0,64.9
2026-06-07,22,50.0,61.3
2026-06-07,23,0.0,58.3
2026-06-07,24,0.0,55.6
2026-06-08,1,0.0,53.2
2026-06-08,2,0.0,52.1
2026-06-08,3,0.0,51.2
2026-06-08,4,0.0,49.9
2026-06-08,5,0.0,49.3
2026-06-08,6,0.0,49.2
2026-06-08,7,0.0,47.7
2026-06-08,8,49.0,50.7
2026-06-08,9,206.0,54.4
2026-06-08,10,399.0,58.5
2026-06-08,11,558.0,62.4
2026-06-08,12,632.0,65.5
2026-06-08,13,803.0,67.5
2026-06-08,14,873.0,71.7
2026-06-08,15,976.0,75.7
2026-06-08,16,978.0,78.1
2026-06-08,17,895.0,79.5
2026-06-08,18,762.0,80.0
2026-06-08,19,582.0,79.3
2026-06-08,20,334.0,78.2
2026-06-08,21,156.0,75.7
2026-06-08,22,30.0,71.2
2026-06-08,23,0.0,68.5
2026-06-08,24,0.0,67.3
2026-06-09,1,0.0,70.5
2026-06-09,2,0.0,69.8
2026-06-09,3,0.0,65.1
2026-06-09,4,0.0,62.2
2026-06-09,5,0.0,60.0
2026-06-09,6,0.0,58.2
2026-06-09,7,0.0,57.9
2026-06-09,8,22.0,58.4
2026-06-09,9,91.0,59.3
2026-06-09,10,177.0,59.8
2026-06-09,11,278.0,60.7
2026-06-09,12,452.0,59.5
2026-06-09,13,520.0,64.7
2026-06-09,14,901.0,68.9
2026-06-09,15,781.0,67.0
2026-06-09,16,865.0,70.4
2026-06-09,17,793.0,72.6
2026-06-09,18,616.0,72.6
2026-06-09,19,393.0,72.5
2026-06-09,20,309.0,71.0
2026-06-09,21,195.0,69.4
2026-06-09,22,40.0,64.8
2026-06-09,23,0.0,62.0
2026-06-09,24,0.0,59.4
2026-06-10,1,0.0,56.3
2026-06-10,2,0.0,54.5
2026-06-10,3,0.0,53.2
2026-06-10,4,0.0,51.7
2026-06-10,5,0.0,50.6
2026-06-10,6,0.0,49.6
2026-06-10,7,0.0,47.7
2026-06-10,8,62.0,50.6
2026-06-10,9,232.0,57.1
2026-06-10,10,428.0,61.3
2026-06-10,11,617.0,64.7
2026-06-10,12,761.0,66.6
2026-06-10,13,914.0,68.4
2026-06-10,14,998.0,70.0
2026-06-10,15,1023.0,70.6
2026-06-10,16,991.0,72.2
2026-06-10,17,859.0,72.9
2026-06-10,18,752.0,72.8
2026-06-10,19,556.0,73.0
2026-06-10,20,413.0,67.4
2026-06-10,21,218.0,62.4
2026-06-10,22,53.0,58.7
2026-06-10,23,0.0,57.0
2026-06-10,24,0.0,55.6
2026-06-11,1,0.0,51.7
2026-06-11,2,0.0,50.1
2026-06-11,3,0.0,47.5
2026-06-11,4,0.0,45.9
2026-06-11,5,0.0,45.1
2026-06-11,6,0.0,44.6
2026-06-11,7,0.0,43.3
2026-06-11,8,65.0,46.4
2026-06-11,9,239.0,50.0
2026-06-11,10,438.0,53.3
2026-06-11,11,631.0,56.9
2026-06-11,12,799.0,60.3
2026-06-11,13,929.0,62.6
2026-06-11,14,1008.0,66.2
2026-06-11,15,1035.0,68.7
2026-06-11,16,1005.0,70.6
2026-06-11,17,920.0,72.0
2026-06-11,18,785.0,72.4
2026-06-11,19,604.0,72.0
2026-06-11,20,409.0,71.5
2026-06-11,21,220.0,70.0
2026-06-11,22,56.0,64.9
2026-06-11,23,0.0,62.2
2026-06-11,24,0.0,60.2
2026-06-12,1,0.0,58.6
2026-06-12,2,0.0,57.3
2026-06-12,3,0.0,56.2
2026-06-12,4,0.0,55.1
2026-06-12,5,0.0,53.5
2026-06-12,6,0.0,52.2
2026-06-12,7,0.0,50.3
2026-06-12,8,64.0,52.5
2026-06-12,9,236.0,57.0
2026-06-12,10,434.0,61.3
2026-06-12,11,625.0,66.1
2026-06-12,12,791.0,70.1
2026-06-12,13,919.0,73.7
2026-06-12,14,999.0,76.8
2026-06-12,15,1024.0,79.3
2026-06-12,16,994.0,81.0
2026-06-12,17,911.0,81.4
2026-06-12,18,780.0,81.2
2026-06-12,19,611.0,81.6
2026-06-12,20,420.0,80.8
2026-06-12,21,223.0,78.0
2026-06-12,22,55.0,72.6
2026-06-12,23,0.0,69.5
2026-06-12,24,0.0,67.0
2026-06-13,1,0.0,65.2
2026-06-13,2,0.0,64.0
2026-06-13,3,0.0,62.2
2026-06-13,4,0.0,60.0
2026-06-13,5,0.0,57.1
2026-06-13,6,0.0,55.9
2026-06-13,7,0.0,54.9
2026-06-13,8,63.0,57.5
2026-06-13,9,233.0,62.5
2026-06-13,10,428.0,66.5
2026-06-13,11,617.0,70.0
2026-06-13,12,782.0,73.1
2026-06-13,13,909.0,75.1
2026-06-13,14,990.0,77.5
2026-06-13,15,1017.0,79.6
2026-06-13,16,986.0,81.1
2026-06-13,17,901.0,82.0
2026-06-13,18,771.0,82.0
2026-06-13,19,604.0,81.2
2026-06-13,20,415.0,79.4
2026-06-13,21,221.0,76.1
2026-06-13,22,55.0,69.9
2026-06-13,23,0.0,65.8
2026-06-13,24,0.0,63.0
2026-06-14,1,0.0,60.8
2026-06-14,2,0.0,58.8
2026-06-14,3,0.0,57.7
2026-06-14,4,0.0,57.4
2026-06-14,5,0.0,55.4
2026-06-14,6,0.0,53.6
2026-06-14,7,0.0,52.3
2026-06-14,8,63.0,54.4
2026-06-14,9,233.0,58.2
2026-06-14,10,429.0,62.0
2026-06-14,11,619.0,65.7
2026-06-14,12,784.0,69.8
2026-06-14,13,912.0,73.7
2026-06-14,14,993.0,77.5
2026-06-14,15,1022.0,79.7
2026-06-14,16,994.0,81.3
2026-06-14,17,909.0,82.1
2026-06-14,18,777.0,82.0
2026-06-14,19,607.0,80.1
2026-06-14,20,414.0,77.1
2026-06-14,21,210.0,74.9
2026-06-14,22,46.0,70.5
2026-06-14,23,0.0,68.6
2026-06-14,24,0.0,64.9
2026-06-15,1,0.0,61.9
2026-06-15,2,0.0,59.4
2026-06-15,3,0.0,58.1
2026-06-15,4,0.0,57.7
2026-06-15,5,0.0,57.2
2026-06-15,6,0.0,56.4
2026-06-15,7,0.0,54.5
2026-06-15,8,62.0,56.8
2026-06-15,9,231.0,62.1
2026-06-15,10,425.0,66.4
2026-06-15,11,615.0,70.9
2026-06-15,12,781.0,75.1
2026-06-15,13,910.0,78.4
2026-06-15,14,990.0,81.2
2026-06-15,15,1015.0,83.1
2026-06-15,16,986.0,84.7
2026-06-15,17,903.0,85.8
2026-06-15,18,772.0,86.4
2026-06-15,19,606.0,86.3
2026-06-15,20,414.0,84.9
2026-06-15,21,215.0,81.4
2026-06-15,22,49.0,75.6
2026-06-15,23,0.0,72.9
2026-06-15,24,0.0,69.9
2026-06-16,1,0.0,68.1
2026-06-16,2,0.0,67.0
2026-06-16,3,0.0,65.8
2026-06-16,4,0.0,65.5
2026-06-16,5,0.0,63.5
2026-06-16,6,0.0,61.5
2026-06-16,7,0.0,59.0
2026-06-16,8,55.0,61.7
2026-06-16,9,225.0,67.3
2026-06-16,10,420.0,73.0
2026-06-16,11,609.0,77.5
2026-06-16,12,766.0,80.7
2026-06-16,13,895.0,82.9
2026-06-16,14,974.0,85.7
2026-06-16,15,1004.0,88.1
2026-06-16,16,978.0,89.6
2026-06-16,17,896.0,90.2
2026-06-16,18,767.0,90.2
2026-06-16,19,601.0,90.6
2026-06-16,20,413.0,89.9
2026-06-16,21,221.0,87.9
2026-06-16,22,57.0,81.1
2026-06-16,23,0.0,77.6
2026-06-16,24,0.0,75.7
2026-06-17,1,0.0,73.6
2026-06-17,2,0.0,71.6
2026-06-17,3,0.0,68.5
2026-06-17,4,0.0,66.1
2026-06-17,5,0.0,64.0
2026-06-17,6,0.0,62.6
2026-06-17,7,0.0,60.3
2026-06-17,8,62.0,64.0
2026-06-17,9,232.0,71.2
2026-06-17,10,428.0,77.2
2026-06-17,11,617.0,79.9
2026-06-17,12,784.0,81.8
2026-06-17,13,917.0,82.8
2026-06-17,14,1000.0,84.7
2026-06-17,15,1028.0,86.5
2026-06-17,16,1001.0,87.6
2026-06-17,17,920.0,88.4
2026-06-17,18,792.0,88.2
2026-06-17,19,623.0,87.3
2026-06-17,20,431.0,85.3
2026-06-17,21,233.0,82.0
2026-06-17,22,61.0,76.6
2026-06-17,23,0.0,72.5
2026-06-17,24,0.0,69.8
2026-06-18,1,0.0,67.6
2026-06-18,2,0.0,65.5
2026-06-18,3,0.0,62.6
2026-06-18,4,0.0,60.4
2026-06-18,5,0.0,58.4
2026-06-18,6,0.0,56.8
2026-06-18,7,0.0,56.0
2026-06-18,8,63.0,58.8
2026-06-18,9,233.0,63.8
2026-06-18,10,427.0,68.2
2026-06-18,11,615.0,71.9
2026-06-18,12,778.0,75.2
2026-06-18,13,904.0,76.3
2026-06-18,14,987.0,80.0
2026-06-18,15,1011.0,82.6
2026-06-18,16,977.0,84.8
2026-06-18,17,883.0,86.1
2026-06-18,18,733.0,86.5
2026-06-18,19,591.0,86.1
2026-06-18,20,340.0,84.9
2026-06-18,21,181.0,82.3
2026-06-18,22,54.0,75.6
2026-06-18,23,0.0,73.0
2026-06-18,24,0.0,70.4
2026-06-19,1,0.0,68.9
2026-06-19,2,0.0,66.7
2026-06-19,3,0.0,65.5
2026-06-19,4,0.0,64.3
2026-06-19,5,0.0,62.7
2026-06-19,6,0.0,61.3
2026-06-19,7,0.0,61.6
2026-06-19,8,60.0,62.9
2026-06-19,9,221.0,66.7
2026-06-19,10,422.0,72.1
2026-06-19,11,611.0,76.6
2026-06-19,12,776.0,81.1
2026-06-19,13,900.0,84.5
2026-06-19,14,887.0,87.8
2026-06-19,15,822.0,89.3
2026-06-19,16,961.0,91.7
2026-06-19,17,898.0,92.8
2026-06-19,18,768.0,92.8
2026-06-19,19,601.0,92.2
2026-06-19,20,404.0,91.2
2026-06-19,21,225.0,88.0
2026-06-19,22,36.0,82.1
2026-06-19,23,0.0,77.9
2026-06-19,24,0.0,75.1
2026-06-20,1,0.0,72.8
2026-06-20,2,0.0,72.6
2026-06-20,3,0.0,72.0
2026-06-20,4,0.0,69.2
2026-06-20,5,0.0,66.9
2026-06-20,6,0.0,66.7
2026-06-20,7,0.0,66.5
2026-06-20,8,52.0,67.6
2026-06-20,9,204.0,72.2
2026-06-20,10,393.0,76.6
2026-06-20,11,459.0,78.0
2026-06-20,12,765.0,80.0
2026-06-20,13,650.0,78.5
2026-06-20,14,866.0,80.4
2026-06-20,15,896.0,82.9
2026-06-20,16,895.0,84.2
2026-06-20,17,686.0,83.7
2026-06-20,18,406.0,77.8
2026-06-20,19,421.0,67.3
2026-06-20,20,277.0,69.7
2026-06-20,21,201.0,69.7
2026-06-20,22,55.0,68.0
2026-06-20,23,0.0,65.6
2026-06-20,24,0.0,64.1
2026-06-21,1,0.0,62.8
2026-06-21,2,0.0,62.0
2026-06-21,3,0.0,60.9
2026-06-21,4,0.0,59.4
2026-06-21,5,0.0,58.0
2026-06-21,6,0.0,57.0
2026-06-21,7,0.0,56.4
2026-06-21,8,57.0,59.0
2026-06-21,9,219.0,62.6
2026-06-21,10,410.0,66.2
2026-06-21,11,596.0,70.1
2026-06-21,12,763.0,73.8
2026-06-21,13,887.0,75.1
2026-06-21,14,950.0,78.8
2026-06-21,15,975.0,80.5
2026-06-21,16,936.0,82.2
2026-06-21,17,848.0,82.9
2026-06-21,18,661.0,82.3
2026-06-21,19,553.0,82.4
2026-06-21,20,390.0,81.8
2026-06-21,21,215.0,80.5
2026-06-21,22,59.0,74.8
2026-06-21,23,0.0,70.6
2026-06-21,24,0.0,67.9
2026-06-22,1,0.0,66.7
2026-06-22,2,0.0,65.7
2026-06-22,3,0.0,64.9
2026-06-22,4,0.0,64.0
2026-06-22,5,0.0,62.3
2026-06-22,6,0.0,61.3
2026-06-22,7,0.0,59.3
2026-06-22,8,55.0,61.8
2026-06-22,9,205.0,66.1
2026-06-22,10,405.0,70.4
2026-06-22,11,598.0,75.3
2026-06-22,12,765.0,79.7
2026-06-22,13,898.0,81.9
2026-06-22,14,974.0,84.6
2026-06-22,15,988.0,86.6
2026-06-22,16,951.0,88.7
2026-06-22,17,891.0,89.6
2026-06-22,18,766.0,89.2
2026-06-22,19,601.0,89.8
2026-06-22,20,414.0,85.7
2026-06-22,21,222.0,82.0
2026-06-22,22,59.0,76.6
2026-06-22,23,0.0,73.5
2026-06-22,24,0.0,70.5
2026-06-23,1,0.0,69.7
2026-06-23,2,0.0,68.0
2026-06-23,3,0.0,67.2
2026-06-23,4,0.0,66.3
2026-06-23,5,0.0,64.9
2026-06-23,6,0.0,63.8
2026-06-23,7,0.0,61.9
2026-06-23,8,46.0,64.0
2026-06-23,9,180.0,68.5
2026-06-23,10,411.0,74.0
2026-06-23,11,577.0,78.2
2026-06-23,12,760.0,82.0
2026-06-23,13,892.0,84.8
2026-06-23,14,974.0,88.3
2026-06-23,15,1003.0,90.6
2026-06-23,16,967.0,91.9
2026-06-23,17,846.0,92.2
2026-06-23,18,718.0,92.5
2026-06-23,19,554.0,92.5
2026-06-23,20,365.0,91.1
2026-06-23,21,203.0,88.3
2026-06-23,22,49.0,82.7
2026-06-23,23,0.0,78.1
2026-06-23,24,0.0,73.6
2026-06-24,1,0.0,73.0
2026-06-24,2,0.0,71.7
2026-06-24,3,0.0,70.3
2026-06-24,4,0.0,70.1
2026-06-24,5,0.0,68.3
2026-06-24,6,0.0,66.2
2026-06-24,7,0.0,64.9
2026-06-24,8,51.0,66.2
2026-06-24,9,219.0,69.7
2026-06-24,10,420.0,74.9
2026-06-24,11,604.0,80.3
2026-06-24,12,765.0,86.0
2026-06-24,13,889.0,90.1
2026-06-24,14,972.0,92.8
2026-06-24,15,888.0,92.4
2026-06-24,16,627.0,88.4
2026-06-24,17,685.0,90.3
2026-06-24,18,614.0,90.8
2026-06-24,19,421.0,88.5
2026-06-24,20,245.0,88.2
2026-06-24,21,146.0,84.7
2026-06-24,22,35.0,75.1
2026-06-24,23,0.0,72.9
2026-06-24,24,0.0,72.5
2026-06-25,1,0.0,66.8
2026-06-25,2,0.0,65.3
2026-06-25,3,0.0,64.3
2026-06-25,4,0.0,63.7
2026-06-25,5,0.0,62.3
2026-06-25,6,0.0,61.5
2026-06-25,7,0.0,59.1
2026-06-25,8,53.0,61.9
2026-06-25,9,203.0,66.7
2026-06-25,10,398.0,71.6
2026-06-25,11,578.0,74.0
2026-06-25,12,740.0,77.0
2026-06-25,13,766.0,74.7
2026-06-25,14,808.0,79.9
2026-06-25,15,665.0,76.7
2026-06-25,16,635.0,78.5
2026-06-25,17,746.0,80.7
2026-06-25,18,694.0,82.0
2026-06-25,19,492.0,87.0
2026-06-25,20,289.0,78.4
2026-06-25,21,169.0,75.2
2026-06-25,22,57.0,71.8
2026-06-25,23,0.0,68.5
2026-06-25,24,0.0,67.1
2026-06-26,1,0.0,68.3
2026-06-26,2,0.0,68.3
2026-06-26,3,0.0,67.2
2026-06-26,4,0.0,65.3
2026-06-26,5,0.0,64.4
2026-06-26,6,0.0,64.1
2026-06-26,7,0.0,62.2
2026-06-26,8,55.0,63.4
2026-06-26,9,215.0,68.2
2026-06-26,10,403.0,74.8
2026-06-26,11,591.0,82.6
2026-06-26,12,745.0,85.6
2026-06-26,13,869.0,88.3
2026-06-26,14,927.0,90.9
2026-06-26,15,951.0,91.9
2026-06-26,16,941.0,92.5
2026-06-26,17,867.0,93.7
2026-06-26,18,749.0,93.7
2026-06-26,19,532.0,78.2
2026-06-26,20,296.0,72.3
2026-06-26,21,136.0,71.5
2026-06-26,22,39.0,68.9
2026-06-26,23,0.0,67.0
2026-06-26,24,0.0,64.7
2026-06-27,1,0.0,62.6
2026-06-27,2,0.0,63.1
2026-06-27,3,0.0,61.3
2026-06-27,4,0.0,59.5
2026-06-27,5,0.0,58.0
2026-06-27,6,0.0,57.9
2026-06-27,7,0.0,57.0
2026-06-27,8,20.0,57.7
2026-06-27,9,149.0,59.5
2026-06-27,10,370.0,63.0
2026-06-27,11,542.0,63.3
2026-06-27,12,582.0,61.3
2026-06-27,13,775.0,68.6
2026-06-27,14,625.0,59.7
2026-06-27,15,495.0,60.4
2026-06-27,16,711.0,64.0
2026-06-27,17,825.0,69.0
2026-06-27,18,693.0,69.4
2026-06-27,19,477.0,63.8
2026-06-27,20,368.0,61.3
2026-06-27,21,189.0,59.3
2026-06-27,22,56.0,56.1
2026-06-27,23,0.0,54.6
2026-06-27,24,0.0,54.7
2026-06-28,1,0.0,54.1
2026-06-28,2,0.0,52.0
2026-06-28,3,0.0,51.9
2026-06-28,4,0.0,50.5
2026-06-28,5,0.0,49.5
2026-06-28,6,0.0,48.2
2026-06-28,7,0.0,46.9
2026-06-28,8,43.0,48.8
2026-06-28,9,183.0,52.3
2026-06-28,10,385.0,54.9
2026-06-28,11,589.0,57.3
2026-06-28,12,726.0,58.9
2026-06-28,13,834.0,60.0
2026-06-28,14,949.0,62.5
2026-06-28,15,905.0,64.0
2026-06-28,16,950.0,65.5
2026-06-28,17,786.0,64.5
2026-06-28,18,697.0,64.0
2026-06-28,19,535.0,63.1
2026-06-28,20,355.0,60.5
2026-06-28,21,219.0,59.5
2026-06-28,22,59.0,56.0
2026-06-28,23,0.0,54.3
2026-06-28,24,0.0,51.5
2026-06-29,1,0.0,50.2
2026-06-29,2,0.0,49.7
2026-06-29,3,0.0,49.0
2026-06-29,4,0.0,47.4
2026-06-29,5,0.0,46.8
2026-06-29,6,0.0,46.2
2026-06-29,7,0.0,44.2
2026-06-29,8,42.0,47.1
2026-06-29,9,139.0,50.0
2026-06-29,10,239.0,52.5
2026-06-29,11,429.0,56.9
2026-06-29,12,358.0,58.2
2026-06-29,13,383.0,59.1
2026-06-29,14,358.0,60.7
2026-06-29,15,333.0,62.3
2026-06-29,16,324.0,63.1
2026-06-29,17,283.0,63.7
2026-06-29,18,271.0,64.7
2026-06-29,19,346.0,66.8
2026-06-29,20,248.0,67.8
2026-06-29,21,185.0,66.3
2026-06-29,22,57.0,60.2
2026-06-29,23,0.0,58.6
2026-06-29,24,0.0,56.0
